{"specializari": {"MATEMATICA-INFORMATICA": 106, "FILOLOGIE": 65}, "limba_moderna": {"LIMBA ENGLEZA": 166, "LIMBA FRANCEZA": 5}, "limba_materna": {"LIMBA ROMANA": 171}, "promotie_anterioara": {"NU": 166, "DA": 5}, "materii": {"LIMBA ROMANA": {"medie": 7.787719298245614, "reusita": 99.41520467836257, "cnt": 171}, "GENERAL": {"medie": 8.293567251461985, "reusita": 95.32163742690058, "cnt": 171}, "MATEMATICA MATE-INFO": {"medie": 8.467924528301884, "reusita": 99.05660377358491, "cnt": 106}, "INFORMATICA MI C/C++": {"medie": 7.07608695652174, "reusita": 86.95652173913044, "cnt": 23}, "GEOGRAFIE": {"medie": 9.145081967213113, "reusita": 100.0, "cnt": 61}, "ANATOMIE SI FIZIOLOGIE UMANA, GENETICA SI ECOLOGIE UMANA": {"medie": 8.837142857142858, "reusita": 100.0, "cnt": 35}, "ISTORIE": {"medie": 8.629230769230771, "reusita": 100.0, "cnt": 65}, "FIZICA TEO": {"medie": 8.620270270270268, "reusita": 97.2972972972973, "cnt": 37}, "SOCIOLOGIE": {"medie": 9.5, "reusita": 100.0, "cnt": 1}, "ECONOMIE": {"medie": 8.4, "reusita": 100.0, "cnt": 3}, "CHIMIE ORGANICA TEO NIVEL I/II": {"medie": 7.958333333333333, "reusita": 100.0, "cnt": 6}, "CHIMIE ANORGANICA TEO NIVEL I/II": {"medie": 6.62, "reusita": 100.0, "cnt": 5}}, "nume": "COLEGIUL NATIONAL \"CONSTANTIN CARABELLA\" TARGOVISTE\tD\u00e2mbovi\u021ba"}