{"specializari": {"MATEMATICA-INFORMATICA": 28, "TEHNICIAN ELECTROMECANIC": 11, "TEHNICIAN TRANSPORTURI": 6, "FILOLOGIE": 32, "STIINTE SOCIALE": 34, "STIINTE ALE NATURII": 54, "TEHNICIAN IN TURISM": 44, "TEHNICIAN IN INSTALATII ELECTRICE": 1, "TEHNICIAN IN GASTRONOMIE": 27, "TEHNICIAN OPERATOR TEHNICA DE CALCUL": 17, "TEHNICIAN DESIGNER VESTIMENTAR": 10, "TEHNICIAN IN AUTOMATIZARI": 1}, "limba_moderna": {"LIMBA ENGLEZA": 226, "LIMBA FRANCEZA": 39}, "limba_materna": {"LIMBA ROMANA": 265}, "promotie_anterioara": {"NU": 249, "DA": 16}, "materii": {"LIMBA ROMANA": {"medie": 6.5948863636363635, "reusita": 92.83018867924528, "cnt": 265}, "MATEMATICA TEHN": {"medie": 5.720689655172415, "reusita": 73.50427350427351, "cnt": 117}, "BIOLOGIE VEGETALA SI ANIMALA": {"medie": 5.428260869565219, "reusita": 63.04347826086957, "cnt": 46}, "GENERAL": {"medie": 6.831743002544529, "reusita": 72.83018867924528, "cnt": 265}, "MATEMATICA MATE-INFO": {"medie": 7.423214285714285, "reusita": 100.0, "cnt": 28}, "INFORMATICA MI C/C++": {"medie": 8.433333333333332, "reusita": 100.0, "cnt": 3}, "GEOGRAFIE": {"medie": 7.253225806451612, "reusita": 90.32258064516128, "cnt": 31}, "FIZICA TEH": {"medie": 5.933333333333334, "reusita": 100.0, "cnt": 3}, "ANATOMIE SI FIZIOLOGIE UMANA, GENETICA SI ECOLOGIE UMANA": {"medie": 8.181111111111111, "reusita": 100.0, "cnt": 45}, "ISTORIE": {"medie": 6.805468750000001, "reusita": 92.42424242424242, "cnt": 66}, "FIZICA TEO": {"medie": 8.5, "reusita": 100.0, "cnt": 1}, "MATEMATICA ST-NAT": {"medie": 7.866666666666667, "reusita": 98.14814814814815, "cnt": 54}, "LOGICA, ARGUMENTARE SI COMUNICARE": {"medie": 7.795673076923075, "reusita": 91.50943396226415, "cnt": 106}, "CHIMIE ANORGANICA TEO NIVEL I/II": {"medie": 7.033333333333334, "reusita": 100.0, "cnt": 30}}, "nume": "COLEGIUL TEHNIC \"MIHAI BACESCU\" FALTICENI\tSuceava"}