{"specializari": {"MATEMATICA-INFORMATICA": 127, "STIINTE ALE NATURII": 63, "STIINTE SOCIALE": 65, "FILOLOGIE": 59}, "limba_moderna": {"LIMBA FRANCEZA": 28, "LIMBA ENGLEZA": 285, "LIMBA GERMANA MODERNA": 1}, "limba_materna": {"LIMBA ROMANA": 314}, "promotie_anterioara": {"NU": 314}, "materii": {"LIMBA ROMANA": {"medie": 8.675878594249196, "reusita": 99.68152866242038, "cnt": 314}, "BIOLOGIE VEGETALA SI ANIMALA": {"medie": 9.009375, "reusita": 100.0, "cnt": 16}, "GENERAL": {"medie": 9.128807241746532, "reusita": 99.36305732484077, "cnt": 314}, "MATEMATICA MATE-INFO": {"medie": 9.519047619047619, "reusita": 99.21259842519686, "cnt": 127}, "INFORMATICA MI C/C++": {"medie": 9.268571428571429, "reusita": 97.22222222222221, "cnt": 36}, "GEOGRAFIE": {"medie": 9.269512195121953, "reusita": 100.0, "cnt": 82}, "ANATOMIE SI FIZIOLOGIE UMANA, GENETICA SI ECOLOGIE UMANA": {"medie": 8.6, "reusita": 100.0, "cnt": 1}, "ISTORIE": {"medie": 9.486290322580645, "reusita": 100.0, "cnt": 124}, "FIZICA TEO": {"medie": 8.996666666666668, "reusita": 98.66666666666667, "cnt": 75}, "MATEMATICA ST-NAT": {"medie": 9.496825396825399, "reusita": 100.0, "cnt": 63}, "LOGICA, ARGUMENTARE SI COMUNICARE": {"medie": 9.344642857142858, "reusita": 100.0, "cnt": 28}, "SOCIOLOGIE": {"medie": 9.4, "reusita": 100.0, "cnt": 1}, "PSIHOLOGIE": {"medie": 9.741666666666667, "reusita": 100.0, "cnt": 6}, "ECONOMIE": {"medie": 9.057142857142855, "reusita": 100.0, "cnt": 7}, "CHIMIE ORGANICA TEO NIVEL I/II": {"medie": 9.314516129032262, "reusita": 100.0, "cnt": 62}}, "nume": "COLEGIUL NATIONAL \"B. P. HASDEU\" MUNICIPIUL BUZAU\tBuz\u0103u"}