{"specializari": {"FILOLOGIE": 58, "STIINTE SOCIALE": 63, "STIINTE ALE NATURII": 51, "MATEMATICA-INFORMATICA": 21}, "limba_moderna": {"LIMBA ENGLEZA": 191, "LIMBA FRANCEZA": 2}, "limba_materna": {"LIMBA ROMANA": 193}, "promotie_anterioara": {"NU": 187, "DA": 6}, "materii": {"LIMBA ROMANA": {"medie": 7.386125654450262, "reusita": 91.19170984455958, "cnt": 193}, "GENERAL": {"medie": 7.907017543859651, "reusita": 84.97409326424871, "cnt": 193}, "MATEMATICA MATE-INFO": {"medie": 8.519047619047619, "reusita": 100.0, "cnt": 21}, "INFORMATICA MI C/C++": {"medie": 8.587500000000002, "reusita": 100.0, "cnt": 8}, "GEOGRAFIE": {"medie": 8.197014925373136, "reusita": 94.11764705882352, "cnt": 68}, "ANATOMIE SI FIZIOLOGIE UMANA, GENETICA SI ECOLOGIE UMANA": {"medie": 8.314893617021276, "reusita": 97.87234042553192, "cnt": 47}, "ISTORIE": {"medie": 7.297478991596636, "reusita": 91.73553719008265, "cnt": 121}, "FIZICA TEO": {"medie": 6.85, "reusita": 75.0, "cnt": 4}, "MATEMATICA ST-NAT": {"medie": 9.130000000000003, "reusita": 96.07843137254902, "cnt": 51}, "LOGICA, ARGUMENTARE SI COMUNICARE": {"medie": 8.93974358974359, "reusita": 100.0, "cnt": 39}, "SOCIOLOGIE": {"medie": 8.031818181818181, "reusita": 91.66666666666666, "cnt": 12}, "PSIHOLOGIE": {"medie": 6.3, "reusita": 100.0, "cnt": 1}, "CHIMIE ORGANICA TEO NIVEL I/II": {"medie": 9.127272727272727, "reusita": 100.0, "cnt": 11}, "CHIMIE ANORGANICA TEO NIVEL I/II": {"medie": 9.8, "reusita": 100.0, "cnt": 1}, "FILOSOFIE": {"medie": 6.55, "reusita": 100.0, "cnt": 1}, "INFORMATICA SN C/C++": {"medie": 8.5, "reusita": 100.0, "cnt": 1}}, "nume": "COLEGIUL NATIONAL \"GRIGORE GHICA\" DOROHOI\tBoto\u0219ani"}