{"specializari": {"FILOLOGIE": 69, "STIINTE ALE NATURII": 37, "MATEMATICA-INFORMATICA": 28}, "limba_moderna": {"LIMBA ENGLEZA": 105, "LIMBA GERMANA MODERNA": 15, "LIMBA FRANCEZA": 14}, "limba_materna": {"LIMBA ROMANA": 134}, "promotie_anterioara": {"NU": 122, "DA": 12}, "materii": {"LIMBA ROMANA": {"medie": 7.705263157894739, "reusita": 98.50746268656717, "cnt": 134}, "BIOLOGIE VEGETALA SI ANIMALA": {"medie": 5.4, "reusita": 100.0, "cnt": 1}, "GENERAL": {"medie": 7.983712121212117, "reusita": 88.05970149253731, "cnt": 134}, "MATEMATICA MATE-INFO": {"medie": 7.098214285714286, "reusita": 89.28571428571429, "cnt": 28}, "INFORMATICA MI C/C++": {"medie": 8.191666666666668, "reusita": 91.66666666666666, "cnt": 12}, "GEOGRAFIE": {"medie": 7.6863636363636365, "reusita": 91.30434782608695, "cnt": 23}, "ANATOMIE SI FIZIOLOGIE UMANA, GENETICA SI ECOLOGIE UMANA": {"medie": 8.367307692307694, "reusita": 100.0, "cnt": 52}, "ISTORIE": {"medie": 8.338235294117649, "reusita": 98.55072463768117, "cnt": 69}, "MATEMATICA ST-NAT": {"medie": 7.833783783783784, "reusita": 97.2972972972973, "cnt": 37}, "LOGICA, ARGUMENTARE SI COMUNICARE": {"medie": 8.562195121951218, "reusita": 97.5609756097561, "cnt": 41}, "SOCIOLOGIE": {"medie": 9.55, "reusita": 100.0, "cnt": 2}, "PSIHOLOGIE": {"medie": 6.35, "reusita": 100.0, "cnt": 1}, "ECONOMIE": {"medie": 7.8500000000000005, "reusita": 100.0, "cnt": 2}}, "nume": "COLEGIUL NATIONAL \"ONISIFOR GHIBU\" ORADEA\tBihor"}