{"specializari": {"TEHNICIAN DE TELECOMUNICATII": 63, "TEHNICIAN IN ACTIVITATI DE POSTA": 32, "TEHNICIAN OPERATOR TEHNICA DE CALCUL": 31, "TEHNICIAN ELECTRONIST": 3}, "limba_moderna": {"LIMBA ENGLEZA": 127, "LIMBA FRANCEZA": 2}, "limba_materna": {"LIMBA ROMANA": 129}, "promotie_anterioara": {"NU": 113, "DA": 16}, "materii": {"LIMBA ROMANA": {"medie": 7.1222656250000025, "reusita": 97.67441860465115, "cnt": 129}, "MATEMATICA TEHN": {"medie": 8.156250000000004, "reusita": 97.67441860465115, "cnt": 129}, "BIOLOGIE VEGETALA SI ANIMALA": {"medie": 6.637254901960783, "reusita": 77.35849056603774, "cnt": 53}, "GENERAL": {"medie": 7.4336021505376335, "reusita": 81.3953488372093, "cnt": 129}, "GEOGRAFIE": {"medie": 7.5854166666666645, "reusita": 100.0, "cnt": 24}, "FIZICA TEH": {"medie": 6.452941176470588, "reusita": 77.77777777777779, "cnt": 18}, "CHIMIE ANORGANICA TEH NIVEL I/II": {"medie": 7.003846153846153, "reusita": 92.3076923076923, "cnt": 26}, "LOGICA, ARGUMENTARE SI COMUNICARE": {"medie": 7.5125, "reusita": 100.0, "cnt": 8}}, "nume": "COLEGIUL TEHNIC DE COMUNICATII \"AUGUSTIN MAIOR\" CLUJ-NAPOCA\tCluj"}