{"specializari": {"STIINTE ALE NATURII": 31, "FILOLOGIE": 62, "MATEMATICA-INFORMATICA": 47, "INVATATOR - EDUCATOARE": 29, "STIINTE SOCIALE": 30}, "limba_moderna": {"LIMBA ENGLEZA": 189, "LIMBA FRANCEZA": 5, "LIMBA GERMANA MODERNA": 5}, "limba_materna": {"LIMBA ROMANA": 199}, "promotie_anterioara": {"NU": 193, "DA": 6}, "materii": {"LIMBA ROMANA": {"medie": 7.561557788944723, "reusita": 98.49246231155779, "cnt": 199}, "BIOLOGIE VEGETALA SI ANIMALA": {"medie": 9.0, "reusita": 100.0, "cnt": 1}, "GENERAL": {"medie": 8.00761421319797, "reusita": 93.46733668341709, "cnt": 199}, "MATEMATICA MATE-INFO": {"medie": 7.573404255319147, "reusita": 97.87234042553192, "cnt": 47}, "INFORMATICA MI C/C++": {"medie": 7.491176470588236, "reusita": 100.0, "cnt": 17}, "INFORMATICA MI PASCAL": {"medie": 8.343333333333334, "reusita": 100.0, "cnt": 15}, "MATEMATICA PED": {"medie": 7.47142857142857, "reusita": 93.10344827586206, "cnt": 29}, "GEOGRAFIE": {"medie": 8.616814159292037, "reusita": 98.26086956521739, "cnt": 115}, "ANATOMIE SI FIZIOLOGIE UMANA, GENETICA SI ECOLOGIE UMANA": {"medie": 8.343181818181817, "reusita": 97.72727272727273, "cnt": 44}, "ISTORIE": {"medie": 8.213043478260872, "reusita": 100.0, "cnt": 92}, "MATEMATICA ST-NAT": {"medie": 8.774193548387098, "reusita": 100.0, "cnt": 31}, "LOGICA, ARGUMENTARE SI COMUNICARE": {"medie": 5.683333333333333, "reusita": 66.66666666666666, "cnt": 3}, "PSIHOLOGIE": {"medie": 8.024999999999999, "reusita": 100.0, "cnt": 2}, "CHIMIE ORGANICA TEO NIVEL I/II": {"medie": 7.25, "reusita": 100.0, "cnt": 1}, "FILOSOFIE": {"medie": 6.7, "reusita": 100.0, "cnt": 1}}, "nume": "COLEGIUL NATIONAL \"IOAN SLAVICI\" SATU MARE\tSatu-Mare"}