{"specializari": {"STIINTE ALE NATURII": 63, "MATEMATICA-INFORMATICA": 21, "FILOLOGIE": 34, "STIINTE SOCIALE": 31}, "limba_moderna": {"LIMBA ENGLEZA": 134, "LIMBA ITALIANA": 12, "LIMBA SPANIOLA": 1, "LIMBA FRANCEZA": 2}, "limba_materna": {"LIMBA ROMANA": 149}, "promotie_anterioara": {"NU": 148, "DA": 1}, "materii": {"LIMBA ROMANA": {"medie": 8.177702702702703, "reusita": 99.32885906040269, "cnt": 149}, "GENERAL": {"medie": 8.532319819819818, "reusita": 99.32885906040269, "cnt": 149}, "MATEMATICA MATE-INFO": {"medie": 8.747619047619047, "reusita": 100.0, "cnt": 21}, "INFORMATICA MI C/C++": {"medie": 7.972727272727272, "reusita": 100.0, "cnt": 11}, "GEOGRAFIE": {"medie": 9.04107142857143, "reusita": 100.0, "cnt": 28}, "ANATOMIE SI FIZIOLOGIE UMANA, GENETICA SI ECOLOGIE UMANA": {"medie": 9.01063829787234, "reusita": 100.0, "cnt": 47}, "ISTORIE": {"medie": 8.182031250000001, "reusita": 98.46153846153847, "cnt": 65}, "FIZICA TEO": {"medie": 8.416666666666666, "reusita": 100.0, "cnt": 6}, "MATEMATICA ST-NAT": {"medie": 9.028571428571428, "reusita": 100.0, "cnt": 63}, "LOGICA, ARGUMENTARE SI COMUNICARE": {"medie": 8.527999999999999, "reusita": 100.0, "cnt": 25}, "SOCIOLOGIE": {"medie": 8.849999999999998, "reusita": 90.9090909090909, "cnt": 11}, "CHIMIE ORGANICA TEO NIVEL I/II": {"medie": 9.307692307692308, "reusita": 100.0, "cnt": 13}, "FILOSOFIE": {"medie": 7.8, "reusita": 100.0, "cnt": 1}, "INFORMATICA SN C/C++": {"medie": 8.078571428571427, "reusita": 100.0, "cnt": 7}}, "nume": "COLEGIUL NATIONAL \"GARABET IBRAILEANU\", IASI\tIa\u0219i"}