{"specializari": {"FILOLOGIE": 77, "MATEMATICA-INFORMATICA": 31, "STIINTE ALE NATURII": 83, "STIINTE SOCIALE": 29}, "limba_moderna": {"LIMBA ENGLEZA": 129, "LIMBA FRANCEZA": 88, "LIMBA RUSA": 3}, "limba_materna": {"LIMBA ROMANA": 220}, "promotie_anterioara": {"NU": 219, "DA": 1}, "materii": {"LIMBA ROMANA": {"medie": 8.391474654377879, "reusita": 98.63636363636363, "cnt": 220}, "GENERAL": {"medie": 8.560445468509982, "reusita": 97.72727272727273, "cnt": 220}, "MATEMATICA MATE-INFO": {"medie": 9.17258064516129, "reusita": 100.0, "cnt": 31}, "INFORMATICA MI C/C++": {"medie": 9.441176470588236, "reusita": 100.0, "cnt": 17}, "GEOGRAFIE": {"medie": 8.777380952380954, "reusita": 97.67441860465115, "cnt": 43}, "ANATOMIE SI FIZIOLOGIE UMANA, GENETICA SI ECOLOGIE UMANA": {"medie": 9.030666666666665, "reusita": 100.0, "cnt": 75}, "ISTORIE": {"medie": 7.976213592233008, "reusita": 97.16981132075472, "cnt": 106}, "FIZICA TEO": {"medie": 8.725000000000001, "reusita": 100.0, "cnt": 2}, "MATEMATICA ST-NAT": {"medie": 8.866265060240963, "reusita": 100.0, "cnt": 83}, "LOGICA, ARGUMENTARE SI COMUNICARE": {"medie": 8.311666666666664, "reusita": 95.16129032258065, "cnt": 62}, "ECONOMIE": {"medie": 8.5, "reusita": 100.0, "cnt": 1}, "CHIMIE ORGANICA TEO NIVEL I/II": {"medie": 9.049999999999999, "reusita": 100.0, "cnt": 11}, "CHIMIE ANORGANICA TEO NIVEL I/II": {"medie": 8.825, "reusita": 100.0, "cnt": 6}, "INFORMATICA SN C/C++": {"medie": 8.833333333333334, "reusita": 100.0, "cnt": 3}}, "nume": "COLEGIUL NATIONAL \"MIHAIL SADOVEANU\", PASCANI\tIa\u0219i"}