{"specializari": {"LICEU CU PROGRAM SPORTIV": 29, "MATEMATICA-INFORMATICA": 82, "STIINTE ALE NATURII": 93, "FILOLOGIE": 39, "STIINTE SOCIALE": 38}, "limba_moderna": {"LIMBA ENGLEZA": 266, "LIMBA FRANCEZA": 13, "LIMBA GERMANA MODERNA": 2}, "limba_materna": {"LIMBA ROMANA": 281}, "promotie_anterioara": {"NU": 277, "DA": 4}, "materii": {"LIMBA ROMANA": {"medie": 8.197500000000005, "reusita": 99.28825622775801, "cnt": 281}, "BIOLOGIE VEGETALA SI ANIMALA": {"medie": 7.879411764705882, "reusita": 100.0, "cnt": 17}, "GENERAL": {"medie": 8.420059523809519, "reusita": 97.86476868327402, "cnt": 281}, "MATEMATICA MATE-INFO": {"medie": 8.848780487804873, "reusita": 100.0, "cnt": 82}, "INFORMATICA MI C/C++": {"medie": 8.774074074074074, "reusita": 98.18181818181819, "cnt": 55}, "GEOGRAFIE": {"medie": 8.328333333333335, "reusita": 100.0, "cnt": 60}, "ANATOMIE SI FIZIOLOGIE UMANA, GENETICA SI ECOLOGIE UMANA": {"medie": 9.075454545454548, "reusita": 100.0, "cnt": 55}, "ISTORIE": {"medie": 7.67075471698113, "reusita": 100.0, "cnt": 106}, "FIZICA TEO": {"medie": 8.321052631578949, "reusita": 97.36842105263158, "cnt": 38}, "MATEMATICA ST-NAT": {"medie": 9.06559139784946, "reusita": 100.0, "cnt": 93}, "LOGICA, ARGUMENTARE SI COMUNICARE": {"medie": 9.358333333333333, "reusita": 100.0, "cnt": 6}, "SOCIOLOGIE": {"medie": 8.257407407407408, "reusita": 100.0, "cnt": 27}, "PSIHOLOGIE": {"medie": 8.45, "reusita": 100.0, "cnt": 7}, "ECONOMIE": {"medie": 9.100000000000001, "reusita": 100.0, "cnt": 2}, "CHIMIE ORGANICA TEO NIVEL I/II": {"medie": 8.825, "reusita": 100.0, "cnt": 10}, "FILOSOFIE": {"medie": 8.600000000000001, "reusita": 100.0, "cnt": 4}}, "nume": "COLEGIUL NATIONAL MIRCEA CEL BATRAN, MUN. RM. VALCEA\tV\u00e2lcea"}