{"specializari": {"STIINTE SOCIALE": 62, "FILOLOGIE": 68, "MATEMATICA-INFORMATICA": 60, "STIINTE ALE NATURII": 31}, "limba_moderna": {"LIMBA ENGLEZA": 203, "LIMBA FRANCEZA": 18}, "limba_materna": {"LIMBA ROMANA": 221}, "promotie_anterioara": {"NU": 187, "DA": 34}, "materii": {"LIMBA ROMANA": {"medie": 6.94770642201835, "reusita": 92.3076923076923, "cnt": 221}, "GENERAL": {"medie": 7.343501529051985, "reusita": 78.73303167420815, "cnt": 221}, "MATEMATICA MATE-INFO": {"medie": 8.004999999999997, "reusita": 96.66666666666667, "cnt": 60}, "INFORMATICA MI C/C++": {"medie": 9.375, "reusita": 100.0, "cnt": 6}, "GEOGRAFIE": {"medie": 7.455737704918031, "reusita": 94.35483870967742, "cnt": 124}, "ANATOMIE SI FIZIOLOGIE UMANA, GENETICA SI ECOLOGIE UMANA": {"medie": 8.300602409638556, "reusita": 98.79518072289156, "cnt": 83}, "ISTORIE": {"medie": 6.889062499999998, "reusita": 95.38461538461539, "cnt": 130}, "FIZICA TEO": {"medie": 9.6, "reusita": 100.0, "cnt": 2}, "MATEMATICA ST-NAT": {"medie": 6.949999999999999, "reusita": 83.87096774193549, "cnt": 31}, "LOGICA, ARGUMENTARE SI COMUNICARE": {"medie": 7.925000000000001, "reusita": 75.0, "cnt": 4}, "FILOSOFIE": {"medie": 7.95, "reusita": 100.0, "cnt": 2}}, "nume": "COLEGIUL NATIONAL \"SAMUIL VULCAN\" BEIUS\tBihor"}