{"specializari": {"MATEMATICA-INFORMATICA": 26, "STIINTE SOCIALE": 32, "STIINTE ALE NATURII": 56, "TEHNICIAN IN ACTIVITATI ECONOMICE": 25, "FILOLOGIE": 33}, "limba_moderna": {"LIMBA ENGLEZA": 164, "LIMBA FRANCEZA": 8}, "limba_materna": {"LIMBA ROMANA": 172}, "promotie_anterioara": {"NU": 161, "DA": 11}, "materii": {"LIMBA ROMANA": {"medie": 7.5061403508771924, "reusita": 97.67441860465115, "cnt": 172}, "MATEMATICA TEHN": {"medie": 7.941999999999999, "reusita": 100.0, "cnt": 25}, "GENERAL": {"medie": 7.772745098039218, "reusita": 87.20930232558139, "cnt": 172}, "MATEMATICA MATE-INFO": {"medie": 8.757692307692308, "reusita": 100.0, "cnt": 26}, "INFORMATICA MI C/C++": {"medie": 8.083333333333334, "reusita": 100.0, "cnt": 15}, "GEOGRAFIE": {"medie": 8.207142857142857, "reusita": 97.95918367346938, "cnt": 49}, "ANATOMIE SI FIZIOLOGIE UMANA, GENETICA SI ECOLOGIE UMANA": {"medie": 7.48421052631579, "reusita": 89.65517241379311, "cnt": 58}, "ISTORIE": {"medie": 7.372307692307693, "reusita": 98.46153846153847, "cnt": 65}, "FIZICA TEO": {"medie": 8.6, "reusita": 100.0, "cnt": 3}, "MATEMATICA ST-NAT": {"medie": 7.412727272727272, "reusita": 92.85714285714286, "cnt": 56}, "LOGICA, ARGUMENTARE SI COMUNICARE": {"medie": 9.3, "reusita": 100.0, "cnt": 2}, "SOCIOLOGIE": {"medie": 8.800000000000002, "reusita": 100.0, "cnt": 35}, "PSIHOLOGIE": {"medie": 9.1, "reusita": 100.0, "cnt": 2}, "CHIMIE ORGANICA TEO NIVEL I/II": {"medie": 7.2, "reusita": 100.0, "cnt": 1}, "CHIMIE ANORGANICA TEO NIVEL I/II": {"medie": 8.11, "reusita": 100.0, "cnt": 5}, "FILOSOFIE": {"medie": 7.449999999999999, "reusita": 100.0, "cnt": 2}}, "nume": "COLEGIUL NATIONAL \"PETRU RARES\" BECLEAN\tBistri\u021ba-N\u0103s\u0103ud"}