{"specializari": {"FILOLOGIE": 40, "MATEMATICA-INFORMATICA": 57, "STIINTE ALE NATURII": 97}, "limba_moderna": {"LIMBA ENGLEZA": 177, "LIMBA FRANCEZA": 16, "LIMBA GERMANA MODERNA": 1}, "limba_materna": {"LIMBA ROMANA": 194}, "promotie_anterioara": {"NU": 174, "DA": 20}, "materii": {"LIMBA ROMANA": {"medie": 7.08141361256544, "reusita": 94.84536082474226, "cnt": 194}, "BIOLOGIE VEGETALA SI ANIMALA": {"medie": 6.616666666666667, "reusita": 66.66666666666666, "cnt": 3}, "GENERAL": {"medie": 7.226950354609927, "reusita": 78.35051546391753, "cnt": 194}, "MATEMATICA MATE-INFO": {"medie": 5.964285714285714, "reusita": 84.21052631578947, "cnt": 57}, "INFORMATICA MI C/C++": {"medie": 6.9511111111111115, "reusita": 91.11111111111111, "cnt": 45}, "GEOGRAFIE": {"medie": 8.004545454545454, "reusita": 100.0, "cnt": 22}, "ANATOMIE SI FIZIOLOGIE UMANA, GENETICA SI ECOLOGIE UMANA": {"medie": 7.8818181818181845, "reusita": 95.09803921568627, "cnt": 102}, "ISTORIE": {"medie": 7.85125, "reusita": 97.5, "cnt": 40}, "FIZICA TEO": {"medie": 7.4, "reusita": 100.0, "cnt": 1}, "MATEMATICA ST-NAT": {"medie": 6.877127659574465, "reusita": 85.56701030927834, "cnt": 97}, "LOGICA, ARGUMENTARE SI COMUNICARE": {"medie": 8.472222222222221, "reusita": 100.0, "cnt": 18}, "CHIMIE ORGANICA TEO NIVEL I/II": {"medie": 8.683333333333332, "reusita": 100.0, "cnt": 3}}, "nume": "COLEGIUL NATIONAL DE INFORMATICA \"SPIRU HARET\" SUCEAVA\tSuceava"}