{"specializari": {"STIINTE SOCIALE": 32, "INVATATOR - EDUCATOARE": 50, "FILOLOGIE": 34, "STIINTE ALE NATURII": 28, "MATEMATICA-INFORMATICA": 3}, "limba_moderna": {"LIMBA ENGLEZA": 126, "LIMBA FRANCEZA": 21}, "limba_materna": {"LIMBA ROMANA": 147}, "promotie_anterioara": {"NU": 139, "DA": 8}, "materii": {"LIMBA ROMANA": {"medie": 7.155782312925169, "reusita": 98.63945578231292, "cnt": 147}, "BIOLOGIE VEGETALA SI ANIMALA": {"medie": 7.263636363636365, "reusita": 83.33333333333334, "cnt": 12}, "GENERAL": {"medie": 7.793949771689497, "reusita": 94.5578231292517, "cnt": 147}, "MATEMATICA MATE-INFO": {"medie": 5.816666666666666, "reusita": 66.66666666666666, "cnt": 3}, "MATEMATICA PED": {"medie": 8.591000000000005, "reusita": 96.0, "cnt": 50}, "GEOGRAFIE": {"medie": 8.563291139240508, "reusita": 100.0, "cnt": 79}, "ANATOMIE SI FIZIOLOGIE UMANA, GENETICA SI ECOLOGIE UMANA": {"medie": 8.278571428571428, "reusita": 100.0, "cnt": 7}, "ISTORIE": {"medie": 7.625000000000001, "reusita": 98.48484848484848, "cnt": 66}, "FIZICA TEO": {"medie": 7.416666666666667, "reusita": 100.0, "cnt": 3}, "MATEMATICA ST-NAT": {"medie": 8.0125, "reusita": 100.0, "cnt": 28}, "LOGICA, ARGUMENTARE SI COMUNICARE": {"medie": 7.9105263157894745, "reusita": 94.73684210526315, "cnt": 19}, "SOCIOLOGIE": {"medie": 7.370833333333333, "reusita": 91.66666666666666, "cnt": 12}, "PSIHOLOGIE": {"medie": 7.399999999999999, "reusita": 100.0, "cnt": 6}, "CHIMIE ORGANICA TEO NIVEL I/II": {"medie": 8.57857142857143, "reusita": 100.0, "cnt": 7}, "INFORMATICA SN C/C++": {"medie": 8.525, "reusita": 100.0, "cnt": 2}}, "nume": "COLEGIUL NATIONAL PEDAGOGIC \"DUMITRU PANAITESCU PERPESSICIUS\"\tBr\u0103ila"}