{"specializari": {"TEHNICIAN IN ACTIVITATI DE COMERT": 19, "TEHNICIAN IN ACTIVITATI ECONOMICE": 72, "MATEMATICA-INFORMATICA": 6, "TEHNICIAN IN GASTRONOMIE": 3, "TEHNICIAN IN TURISM": 21}, "limba_moderna": {"LIMBA ENGLEZA": 119, "LIMBA FRANCEZA": 2}, "limba_materna": {"LIMBA ROMANA": 121}, "promotie_anterioara": {"NU": 100, "DA": 21}, "materii": {"LIMBA ROMANA": {"medie": 6.559243697478988, "reusita": 90.9090909090909, "cnt": 121}, "MATEMATICA TEHN": {"medie": 6.920796460176989, "reusita": 87.82608695652175, "cnt": 115}, "BIOLOGIE VEGETALA SI ANIMALA": {"medie": 6.1899999999999995, "reusita": 100.0, "cnt": 5}, "GENERAL": {"medie": 6.8893162393162415, "reusita": 72.72727272727273, "cnt": 121}, "MATEMATICA MATE-INFO": {"medie": 5.241666666666666, "reusita": 100.0, "cnt": 6}, "INFORMATICA MI PASCAL": {"medie": 6.3, "reusita": 100.0, "cnt": 1}, "GEOGRAFIE": {"medie": 7.590229885057472, "reusita": 94.44444444444444, "cnt": 90}, "PSIHOLOGIE": {"medie": 5.544444444444443, "reusita": 72.22222222222221, "cnt": 18}, "ECONOMIE": {"medie": 6.607142857142857, "reusita": 85.71428571428571, "cnt": 7}}, "nume": "COLEGIUL ECONOMIC CALARASI\tC\u0103l\u0103ra\u0219i"}