{"specializari": {"MUZICA": 50, "ARTE PLASTICE SI DECORATIVE": 85, "ARHITECTURA, ARTE AMBIENTALE SI DESIGN": 30, "COREGRAFIE": 21, "ARTA ACTORULUI": 25}, "limba_moderna": {"LIMBA ENGLEZA": 199, "LIMBA GERMANA MODERNA": 2, "LIMBA ITALIANA": 8, "LIMBA FRANCEZA": 2}, "limba_materna": {"LIMBA ROMANA": 211}, "promotie_anterioara": {"NU": 193, "DA": 18}, "materii": {"LIMBA ROMANA": {"medie": 7.19425837320574, "reusita": 94.3127962085308, "cnt": 211}, "GENERAL": {"medie": 7.4971153846153875, "reusita": 82.93838862559242, "cnt": 211}, "GEOGRAFIE": {"medie": 7.8456395348837225, "reusita": 97.10982658959537, "cnt": 173}, "ISTORIE": {"medie": 7.388516746411485, "reusita": 96.6824644549763, "cnt": 211}, "LOGICA, ARGUMENTARE SI COMUNICARE": {"medie": 8.211538461538462, "reusita": 92.5925925925926, "cnt": 27}, "PSIHOLOGIE": {"medie": 8.321428571428571, "reusita": 100.0, "cnt": 7}, "FILOSOFIE": {"medie": 7.9, "reusita": 100.0, "cnt": 4}}, "nume": "COLEGIUL NATIONAL DE ARTA \"OCTAV BANCILA\", IASI\tIa\u0219i"}