{"specializari": {"STIINTE ALE NATURII": 67, "FILOLOGIE": 63, "MATEMATICA-INFORMATICA": 111, "STIINTE SOCIALE": 68}, "limba_moderna": {"LIMBA ENGLEZA": 274, "LIMBA FRANCEZA": 35}, "limba_materna": {"LIMBA ROMANA": 309}, "promotie_anterioara": {"NU": 306, "DA": 3}, "materii": {"LIMBA ROMANA": {"medie": 9.101623376623387, "reusita": 99.35275080906149, "cnt": 309}, "BIOLOGIE VEGETALA SI ANIMALA": {"medie": 8.935294117647057, "reusita": 100.0, "cnt": 17}, "GENERAL": {"medie": 9.179653679653677, "reusita": 98.70550161812298, "cnt": 309}, "MATEMATICA MATE-INFO": {"medie": 9.20590909090909, "reusita": 99.09909909909909, "cnt": 111}, "INFORMATICA MI C/C++": {"medie": 8.995454545454546, "reusita": 100.0, "cnt": 22}, "GEOGRAFIE": {"medie": 9.07755102040816, "reusita": 100.0, "cnt": 49}, "ANATOMIE SI FIZIOLOGIE UMANA, GENETICA SI ECOLOGIE UMANA": {"medie": 9.519696969696971, "reusita": 100.0, "cnt": 33}, "ISTORIE": {"medie": 9.31412213740458, "reusita": 100.0, "cnt": 131}, "FIZICA TEO": {"medie": 8.884285714285712, "reusita": 97.1830985915493, "cnt": 71}, "MATEMATICA ST-NAT": {"medie": 9.561194029850745, "reusita": 100.0, "cnt": 67}, "LOGICA, ARGUMENTARE SI COMUNICARE": {"medie": 9.656521739130437, "reusita": 100.0, "cnt": 46}, "SOCIOLOGIE": {"medie": 9.228571428571428, "reusita": 100.0, "cnt": 14}, "PSIHOLOGIE": {"medie": 9.299999999999999, "reusita": 100.0, "cnt": 7}, "ECONOMIE": {"medie": 8.253571428571428, "reusita": 92.85714285714286, "cnt": 14}, "CHIMIE ORGANICA TEO NIVEL I/II": {"medie": 8.8671875, "reusita": 100.0, "cnt": 32}, "CHIMIE ANORGANICA TEO NIVEL I/II": {"medie": 9.6, "reusita": 100.0, "cnt": 2}, "FILOSOFIE": {"medie": 9.6, "reusita": 100.0, "cnt": 1}, "INFORMATICA SN C/C++": {"medie": 8.05, "reusita": 100.0, "cnt": 1}}, "nume": "COLEGIUL NATIONAL \"ZINCA GOLESCU\" PITESTI\tArge\u0219"}