{"specializari": {"FILOLOGIE": 58, "MATEMATICA-INFORMATICA": 26, "STIINTE ALE NATURII": 17}, "limba_moderna": {"LIMBA ENGLEZA": 95, "LIMBA FRANCEZA": 6}, "limba_materna": {"LIMBA ROMANA": 101}, "promotie_anterioara": {"NU": 86, "DA": 15}, "materii": {"LIMBA ROMANA": {"medie": 7.058080808080809, "reusita": 86.13861386138613, "cnt": 101}, "BIOLOGIE VEGETALA SI ANIMALA": {"medie": 6.907142857142858, "reusita": 73.33333333333333, "cnt": 15}, "GENERAL": {"medie": 7.119528619528621, "reusita": 69.3069306930693, "cnt": 101}, "MATEMATICA MATE-INFO": {"medie": 8.459615384615383, "reusita": 96.15384615384616, "cnt": 26}, "INFORMATICA MI C/C++": {"medie": 8.411538461538463, "reusita": 100.0, "cnt": 13}, "GEOGRAFIE": {"medie": 6.889090909090909, "reusita": 85.71428571428571, "cnt": 56}, "ANATOMIE SI FIZIOLOGIE UMANA, GENETICA SI ECOLOGIE UMANA": {"medie": 8.083333333333334, "reusita": 100.0, "cnt": 15}, "ISTORIE": {"medie": 6.83859649122807, "reusita": 93.10344827586206, "cnt": 58}, "MATEMATICA ST-NAT": {"medie": 5.1187499999999995, "reusita": 52.94117647058824, "cnt": 17}, "PSIHOLOGIE": {"medie": 8.95, "reusita": 100.0, "cnt": 2}}, "nume": "COLEGIUL NATIONAL \"AVRAM IANCU\" STEI\tBihor"}