{"specializari": {"MATEMATICA-INFORMATICA": 58, "STIINTE ALE NATURII": 73, "STIINTE SOCIALE": 28, "FILOLOGIE": 54}, "limba_moderna": {"LIMBA FRANCEZA": 23, "LIMBA ENGLEZA": 182, "LIMBA GERMANA MODERNA": 8}, "limba_materna": {"LIMBA ROMANA": 198, "LIMBA GERMANA": 15}, "promotie_anterioara": {"NU": 210, "DA": 3}, "materii": {"LIMBA ROMANA": {"medie": 8.785211267605629, "reusita": 100.0, "cnt": 213}, "GENERAL": {"medie": 8.912617370892013, "reusita": 98.12206572769952, "cnt": 213}, "MATEMATICA MATE-INFO": {"medie": 9.19137931034483, "reusita": 100.0, "cnt": 58}, "INFORMATICA MI C/C++": {"medie": 8.595238095238095, "reusita": 97.61904761904762, "cnt": 42}, "GEOGRAFIE": {"medie": 9.078301886792454, "reusita": 100.0, "cnt": 53}, "ANATOMIE SI FIZIOLOGIE UMANA, GENETICA SI ECOLOGIE UMANA": {"medie": 9.259420289855074, "reusita": 100.0, "cnt": 69}, "ISTORIE": {"medie": 8.866463414634145, "reusita": 100.0, "cnt": 82}, "FIZICA TEO": {"medie": 9.05, "reusita": 100.0, "cnt": 2}, "MATEMATICA ST-NAT": {"medie": 8.68150684931507, "reusita": 98.63013698630137, "cnt": 73}, "LOGICA, ARGUMENTARE SI COMUNICARE": {"medie": 9.507142857142856, "reusita": 100.0, "cnt": 14}, "SOCIOLOGIE": {"medie": 9.141666666666667, "reusita": 100.0, "cnt": 6}, "PSIHOLOGIE": {"medie": 9.205555555555556, "reusita": 100.0, "cnt": 9}, "CHIMIE ORGANICA TEO NIVEL I/II": {"medie": 8.923333333333336, "reusita": 100.0, "cnt": 15}, "LIMBA GERMANA": {"medie": 8.4, "reusita": 100.0, "cnt": 15}, "INFORMATICA SN C/C++": {"medie": 8.583333333333334, "reusita": 100.0, "cnt": 3}}, "nume": "COLEGIUL NATIONAL \"LIVIU REBREANU\" BISTRITA\tBistri\u021ba-N\u0103s\u0103ud"}