{"specializari": {"MATEMATICA-INFORMATICA": 26, "STIINTE SOCIALE": 42, "FILOLOGIE": 29}, "limba_moderna": {"LIMBA ENGLEZA": 94, "LIMBA FRANCEZA": 3}, "limba_materna": {"LIMBA ROMANA": 89, "LIMBA GERMANA": 8}, "promotie_anterioara": {"NU": 90, "DA": 7}, "materii": {"LIMBA ROMANA": {"medie": 6.977368421052633, "reusita": 92.78350515463917, "cnt": 97}, "BIOLOGIE VEGETALA SI ANIMALA": {"medie": 5.632352941176471, "reusita": 88.23529411764706, "cnt": 17}, "GENERAL": {"medie": 7.03151595744681, "reusita": 76.28865979381443, "cnt": 97}, "MATEMATICA MATE-INFO": {"medie": 5.326923076923076, "reusita": 69.23076923076923, "cnt": 26}, "INFORMATICA MI C/C++": {"medie": 5.866666666666666, "reusita": 83.33333333333334, "cnt": 6}, "GEOGRAFIE": {"medie": 8.291911764705883, "reusita": 95.71428571428572, "cnt": 70}, "ANATOMIE SI FIZIOLOGIE UMANA, GENETICA SI ECOLOGIE UMANA": {"medie": 5.975, "reusita": 100.0, "cnt": 2}, "ISTORIE": {"medie": 6.8963768115942035, "reusita": 97.1830985915493, "cnt": 71}, "SOCIOLOGIE": {"medie": 8.5, "reusita": 100.0, "cnt": 1}, "CHIMIE ANORGANICA TEO NIVEL I/II": {"medie": 8.65, "reusita": 100.0, "cnt": 1}, "LIMBA GERMANA": {"medie": 8.08125, "reusita": 100.0, "cnt": 8}}, "nume": "COLEGIUL NATIONAL \"DOAMNA STANCA\" FAGARAS\tBra\u0219ov"}