{"specializari": {"FILOLOGIE": 60, "MATEMATICA-INFORMATICA": 128, "STIINTE ALE NATURII": 3}, "limba_moderna": {"LIMBA ENGLEZA": 188, "LIMBA FRANCEZA": 3}, "limba_materna": {"LIMBA ROMANA": 191}, "promotie_anterioara": {"DA": 11, "NU": 180}, "materii": {"LIMBA ROMANA": {"medie": 7.401842105263155, "reusita": 95.81151832460732, "cnt": 191}, "BIOLOGIE VEGETALA SI ANIMALA": {"medie": 7.904901960784314, "reusita": 92.3076923076923, "cnt": 52}, "GENERAL": {"medie": 7.6227192982456184, "reusita": 79.05759162303664, "cnt": 191}, "MATEMATICA MATE-INFO": {"medie": 7.165354330708663, "reusita": 82.03125, "cnt": 128}, "GEOGRAFIE": {"medie": 8.396250000000002, "reusita": 95.0, "cnt": 40}, "ANATOMIE SI FIZIOLOGIE UMANA, GENETICA SI ECOLOGIE UMANA": {"medie": 8.352631578947367, "reusita": 100.0, "cnt": 57}, "ISTORIE": {"medie": 7.098333333333334, "reusita": 95.0, "cnt": 60}, "FIZICA TEO": {"medie": 8.8, "reusita": 100.0, "cnt": 19}, "MATEMATICA ST-NAT": {"medie": 3.6666666666666665, "reusita": 66.66666666666666, "cnt": 3}, "SOCIOLOGIE": {"medie": 8.912500000000001, "reusita": 100.0, "cnt": 8}, "PSIHOLOGIE": {"medie": 9.7, "reusita": 100.0, "cnt": 2}, "ECONOMIE": {"medie": 9.137500000000003, "reusita": 100.0, "cnt": 8}, "CHIMIE ORGANICA TEO NIVEL I/II": {"medie": 9.383333333333335, "reusita": 100.0, "cnt": 3}, "FILOSOFIE": {"medie": 8.725, "reusita": 100.0, "cnt": 2}}, "nume": "COLEGIUL NATIONAL \"ALEXANDRU IOAN CUZA\" ALEXANDRIA\tTeleorman"}