{"specializari": {"MATEMATICA-INFORMATICA": 102, "FILOLOGIE": 86, "STIINTE SOCIALE": 39, "STIINTE ALE NATURII": 2}, "limba_moderna": {"LIMBA ENGLEZA": 194, "LIMBA ITALIANA": 32, "LIMBA FRANCEZA": 3}, "limba_materna": {"LIMBA ROMANA": 229}, "promotie_anterioara": {"NU": 203, "DA": 26}, "materii": {"LIMBA ROMANA": {"medie": 7.176535087719297, "reusita": 98.2532751091703, "cnt": 229}, "BIOLOGIE VEGETALA SI ANIMALA": {"medie": 6.87, "reusita": 100.0, "cnt": 5}, "GENERAL": {"medie": 7.666592592592595, "reusita": 89.95633187772926, "cnt": 229}, "MATEMATICA MATE-INFO": {"medie": 7.741499999999999, "reusita": 97.05882352941177, "cnt": 102}, "INFORMATICA MI C/C++": {"medie": 6.6578125, "reusita": 90.625, "cnt": 32}, "GEOGRAFIE": {"medie": 8.782142857142858, "reusita": 98.24561403508771, "cnt": 57}, "ANATOMIE SI FIZIOLOGIE UMANA, GENETICA SI ECOLOGIE UMANA": {"medie": 7.803999999999999, "reusita": 96.15384615384616, "cnt": 26}, "ISTORIE": {"medie": 7.869999999999997, "reusita": 97.6, "cnt": 125}, "FIZICA TEO": {"medie": 8.117187500000002, "reusita": 100.0, "cnt": 32}, "MATEMATICA ST-NAT": {"medie": 5.475, "reusita": 50.0, "cnt": 2}, "LOGICA, ARGUMENTARE SI COMUNICARE": {"medie": 8.588709677419356, "reusita": 96.875, "cnt": 32}, "SOCIOLOGIE": {"medie": 7.300000000000001, "reusita": 100.0, "cnt": 21}, "PSIHOLOGIE": {"medie": 8.719999999999999, "reusita": 100.0, "cnt": 10}, "ECONOMIE": {"medie": 7.2, "reusita": 100.0, "cnt": 5}, "CHIMIE ORGANICA TEO NIVEL I/II": {"medie": 7.424999999999999, "reusita": 100.0, "cnt": 8}, "INFORMATICA SN C/C++": {"medie": 5.5, "reusita": 100.0, "cnt": 1}}, "nume": "COLEGIUL NATIONAL \"ION NECULCE\"\tBucure\u0219ti"}