{"specializari": {"TEHNICIAN IN ACTIVITATI ECONOMICE": 18, "TEHNICIAN IN TURISM": 18, "STIINTE ALE NATURII": 17, "MATEMATICA-INFORMATICA": 13}, "limba_moderna": {"LIMBA ENGLEZA": 63, "LIMBA GERMANA MODERNA": 3}, "limba_materna": {"LIMBA MAGHIARA": 66}, "promotie_anterioara": {"NU": 54, "DA": 12}, "materii": {"LIMBA ROMANA": {"medie": 6.635384615384615, "reusita": 90.9090909090909, "cnt": 66}, "MATEMATICA TEHN": {"medie": 6.359999999999999, "reusita": 80.55555555555556, "cnt": 36}, "BIOLOGIE VEGETALA SI ANIMALA": {"medie": 8.166666666666666, "reusita": 100.0, "cnt": 3}, "GENERAL": {"medie": 7.341406249999999, "reusita": 75.75757575757575, "cnt": 66}, "MATEMATICA MATE-INFO": {"medie": 7.0249999999999995, "reusita": 84.61538461538461, "cnt": 13}, "INFORMATICA MI C/C++": {"medie": 7.442857142857142, "reusita": 100.0, "cnt": 7}, "GEOGRAFIE": {"medie": 7.660937500000002, "reusita": 100.0, "cnt": 32}, "ANATOMIE SI FIZIOLOGIE UMANA, GENETICA SI ECOLOGIE UMANA": {"medie": 9.110526315789475, "reusita": 100.0, "cnt": 19}, "MATEMATICA ST-NAT": {"medie": 7.811764705882354, "reusita": 100.0, "cnt": 17}, "PSIHOLOGIE": {"medie": 5.566666666666666, "reusita": 75.0, "cnt": 4}, "LIMBA MAGHIARA (REAL)": {"medie": 7.774615384615386, "reusita": 98.48484848484848, "cnt": 66}, "CHIMIE ORGANICA TEO NIVEL I/II": {"medie": 10.0, "reusita": 100.0, "cnt": 1}}, "nume": "COLEGIUL\"CSIKY GERGELY\" ARAD\tArad"}