{"specializari": {"MATEMATICA-INFORMATICA": 125, "FILOLOGIE": 73, "STIINTE ALE NATURII": 28}, "limba_moderna": {"LIMBA ENGLEZA": 216, "LIMBA FRANCEZA": 10}, "limba_materna": {"LIMBA ROMANA": 226}, "promotie_anterioara": {"NU": 213, "DA": 13}, "materii": {"LIMBA ROMANA": {"medie": 8.105803571428568, "reusita": 98.67256637168141, "cnt": 226}, "BIOLOGIE VEGETALA SI ANIMALA": {"medie": 7.3354430379746836, "reusita": 93.67088607594937, "cnt": 79}, "GENERAL": {"medie": 8.157217261904764, "reusita": 92.03539823008849, "cnt": 226}, "MATEMATICA MATE-INFO": {"medie": 7.8767999999999985, "reusita": 94.39999999999999, "cnt": 125}, "INFORMATICA MI C/C++": {"medie": 8.0125, "reusita": 100.0, "cnt": 4}, "INFORMATICA MI PASCAL": {"medie": 7.7299999999999995, "reusita": 90.0, "cnt": 10}, "GEOGRAFIE": {"medie": 8.959999999999999, "reusita": 100.0, "cnt": 25}, "ANATOMIE SI FIZIOLOGIE UMANA, GENETICA SI ECOLOGIE UMANA": {"medie": 8.292857142857143, "reusita": 85.71428571428571, "cnt": 7}, "ISTORIE": {"medie": 8.502777777777775, "reusita": 98.63013698630137, "cnt": 73}, "FIZICA TEO": {"medie": 8.22741935483871, "reusita": 96.7741935483871, "cnt": 31}, "MATEMATICA ST-NAT": {"medie": 8.603571428571428, "reusita": 100.0, "cnt": 28}, "LOGICA, ARGUMENTARE SI COMUNICARE": {"medie": 7.35, "reusita": 100.0, "cnt": 2}, "SOCIOLOGIE": {"medie": 8.648717948717948, "reusita": 100.0, "cnt": 39}, "PSIHOLOGIE": {"medie": 9.8, "reusita": 100.0, "cnt": 1}, "ECONOMIE": {"medie": 8.558333333333332, "reusita": 100.0, "cnt": 6}, "CHIMIE ORGANICA TEO NIVEL I/II": {"medie": 9.27727272727273, "reusita": 100.0, "cnt": 22}}, "nume": "COLEGIUL NATIONAL \"BARBU STIRBEI\" CALARASI\tC\u0103l\u0103ra\u0219i"}