{"specializari": {"MATEMATICA-INFORMATICA": 122, "STIINTE ALE NATURII": 38, "STIINTE SOCIALE": 33, "FILOLOGIE": 31}, "limba_moderna": {"LIMBA ENGLEZA": 195, "LIMBA FRANCEZA": 28, "LIMBA GERMANA MODERNA": 1}, "limba_materna": {"LIMBA ROMANA": 224}, "promotie_anterioara": {"DA": 27, "NU": 197}, "materii": {"LIMBA ROMANA": {"medie": 7.296428571428571, "reusita": 96.875, "cnt": 224}, "BIOLOGIE VEGETALA SI ANIMALA": {"medie": 6.87563025210084, "reusita": 85.12396694214877, "cnt": 121}, "GENERAL": {"medie": 7.331735159817347, "reusita": 76.33928571428571, "cnt": 224}, "MATEMATICA MATE-INFO": {"medie": 7.437704918032787, "reusita": 88.52459016393442, "cnt": 122}, "INFORMATICA MI C/C++": {"medie": 8.991666666666667, "reusita": 100.0, "cnt": 6}, "GEOGRAFIE": {"medie": 8.397500000000003, "reusita": 100.0, "cnt": 60}, "ANATOMIE SI FIZIOLOGIE UMANA, GENETICA SI ECOLOGIE UMANA": {"medie": 8.21875, "reusita": 88.23529411764706, "cnt": 17}, "ISTORIE": {"medie": 7.30546875, "reusita": 96.875, "cnt": 64}, "FIZICA TEO": {"medie": 7.45, "reusita": 86.66666666666667, "cnt": 15}, "MATEMATICA ST-NAT": {"medie": 5.714285714285712, "reusita": 65.78947368421053, "cnt": 38}, "PSIHOLOGIE": {"medie": 8.55, "reusita": 100.0, "cnt": 1}, "ECONOMIE": {"medie": 6.516666666666667, "reusita": 100.0, "cnt": 3}, "CHIMIE ORGANICA TEO NIVEL I/II": {"medie": 9.6, "reusita": 100.0, "cnt": 1}}, "nume": "COLEGIUL NATIONAL \"VLADIMIR STREINU\" GAESTI\tD\u00e2mbovi\u021ba"}