{"specializari": {"TEHNICIAN IN ACTIVITATI ECONOMICE": 186, "MATEMATICA-INFORMATICA": 1, "TEHNICIAN IN TURISM": 60}, "limba_moderna": {"LIMBA ENGLEZA": 242, "LIMBA FRANCEZA": 1, "LIMBA SPANIOLA": 4}, "limba_materna": {"LIMBA ROMANA": 247}, "promotie_anterioara": {"NU": 237, "DA": 10}, "materii": {"LIMBA ROMANA": {"medie": 6.6445344129554655, "reusita": 97.97570850202429, "cnt": 247}, "MATEMATICA TEHN": {"medie": 7.713469387755101, "reusita": 95.9349593495935, "cnt": 246}, "BIOLOGIE VEGETALA SI ANIMALA": {"medie": 6.0, "reusita": 100.0, "cnt": 1}, "GENERAL": {"medie": 7.454965986394557, "reusita": 89.47368421052632, "cnt": 247}, "MATEMATICA MATE-INFO": {"medie": 3.35, "reusita": 0.0, "cnt": 1}, "GEOGRAFIE": {"medie": 8.421243523316063, "reusita": 99.48186528497409, "cnt": 193}, "LOGICA, ARGUMENTARE SI COMUNICARE": {"medie": 6.8999999999999995, "reusita": 75.0, "cnt": 4}, "PSIHOLOGIE": {"medie": 7.224999999999999, "reusita": 100.0, "cnt": 12}, "ECONOMIE": {"medie": 6.256944444444445, "reusita": 83.78378378378379, "cnt": 37}}, "nume": "COLEGIUL ECONOMIC \"A.D.XENOPOL\"\tBucure\u0219ti"}