{"specializari": {"STIINTE ALE NATURII": 30, "INVATATOR - EDUCATOARE": 29, "ORGANIZATOR BANQUETING": 1, "TEHNICIAN IN TURISM": 28}, "limba_moderna": {"LIMBA ENGLEZA": 88}, "limba_materna": {"LIMBA MAGHIARA": 88}, "promotie_anterioara": {"NU": 82, "DA": 6}, "materii": {"LIMBA ROMANA": {"medie": 6.835795454545451, "reusita": 87.5, "cnt": 88}, "MATEMATICA TEHN": {"medie": 6.225862068965514, "reusita": 86.20689655172413, "cnt": 29}, "GENERAL": {"medie": 7.401308139534882, "reusita": 73.86363636363636, "cnt": 88}, "MATEMATICA PED": {"medie": 7.222413793103448, "reusita": 82.75862068965517, "cnt": 29}, "GEOGRAFIE": {"medie": 6.721428571428571, "reusita": 84.48275862068965, "cnt": 58}, "ANATOMIE SI FIZIOLOGIE UMANA, GENETICA SI ECOLOGIE UMANA": {"medie": 9.380769230769234, "reusita": 100.0, "cnt": 26}, "FIZICA TEO": {"medie": 4.35, "reusita": 0.0, "cnt": 1}, "MATEMATICA ST-NAT": {"medie": 8.748333333333333, "reusita": 100.0, "cnt": 30}, "LIMBA MAGHIARA (REAL)": {"medie": 7.472881355932205, "reusita": 98.30508474576271, "cnt": 59}, "CHIMIE ORGANICA TEO NIVEL I/II": {"medie": 8.866666666666667, "reusita": 100.0, "cnt": 3}, "LIMBA MAGHIARA (UMAN)": {"medie": 7.875862068965515, "reusita": 96.55172413793103, "cnt": 29}}, "nume": "COLEGIUL NATIONAL \"BETHLEN GABOR\" AIUD\tAlba"}