{"specializari": {"MATEMATICA-INFORMATICA": 153, "FILOLOGIE": 84, "STIINTE ALE NATURII": 63}, "limba_moderna": {"LIMBA ENGLEZA": 271, "LIMBA FRANCEZA": 28, "LIMBA GERMANA MODERNA": 1}, "limba_materna": {"LIMBA ROMANA": 300}, "promotie_anterioara": {"NU": 299, "DA": 1}, "materii": {"LIMBA ROMANA": {"medie": 8.648666666666658, "reusita": 100.0, "cnt": 300}, "BIOLOGIE VEGETALA SI ANIMALA": {"medie": 8.968918918918922, "reusita": 100.0, "cnt": 37}, "GENERAL": {"medie": 8.742865105908589, "reusita": 98.66666666666667, "cnt": 300}, "MATEMATICA MATE-INFO": {"medie": 8.987171052631574, "reusita": 99.34640522875817, "cnt": 153}, "INFORMATICA MI C/C++": {"medie": 8.502564102564103, "reusita": 100.0, "cnt": 39}, "GEOGRAFIE": {"medie": 9.542857142857143, "reusita": 100.0, "cnt": 7}, "ANATOMIE SI FIZIOLOGIE UMANA, GENETICA SI ECOLOGIE UMANA": {"medie": 8.861538461538462, "reusita": 100.0, "cnt": 13}, "ISTORIE": {"medie": 8.655952380952378, "reusita": 100.0, "cnt": 84}, "FIZICA TEO": {"medie": 8.271830985915495, "reusita": 98.59154929577466, "cnt": 71}, "MATEMATICA ST-NAT": {"medie": 9.304761904761904, "reusita": 100.0, "cnt": 63}, "LOGICA, ARGUMENTARE SI COMUNICARE": {"medie": 8.524637681159422, "reusita": 97.10144927536231, "cnt": 69}, "PSIHOLOGIE": {"medie": 9.92, "reusita": 100.0, "cnt": 5}, "ECONOMIE": {"medie": 7.833333333333333, "reusita": 100.0, "cnt": 3}, "CHIMIE ORGANICA TEO NIVEL I/II": {"medie": 8.92142857142857, "reusita": 100.0, "cnt": 49}, "CHIMIE ANORGANICA TEO NIVEL I/II": {"medie": 6.883333333333333, "reusita": 100.0, "cnt": 3}, "INFORMATICA SN C/C++": {"medie": 7.3999999999999995, "reusita": 100.0, "cnt": 4}}, "nume": "COLEGIUL NATIONAL \"ION LUCA CARAGIALE\", MUNICIPIUL PLOIESTI\tPrahova"}