{"specializari": {"MUZICA": 49}, "limba_moderna": {"LIMBA ENGLEZA": 49}, "limba_materna": {"LIMBA ROMANA": 49}, "promotie_anterioara": {"NU": 45, "DA": 4}, "materii": {"LIMBA ROMANA": {"medie": 6.592857142857143, "reusita": 91.83673469387756, "cnt": 49}, "GENERAL": {"medie": 7.409374999999998, "reusita": 81.63265306122449, "cnt": 49}, "GEOGRAFIE": {"medie": 8.288297872340427, "reusita": 97.91666666666666, "cnt": 48}, "ISTORIE": {"medie": 7.172448979591835, "reusita": 91.83673469387756, "cnt": 49}, "LOGICA, ARGUMENTARE SI COMUNICARE": {"medie": 9.8, "reusita": 100.0, "cnt": 1}}, "nume": "COLEGIUL NATIONAL DE MUZICA \"GEORGE ENESCU\"\tBucure\u0219ti"}