{"specializari": {"MATEMATICA-INFORMATICA": 22, "STIINTE ALE NATURII": 33, "FILOLOGIE": 30}, "limba_moderna": {"LIMBA GERMANA MODERNA": 7, "LIMBA FRANCEZA": 2, "LIMBA ENGLEZA": 75, "LIMBA SPANIOLA": 1}, "limba_materna": {"LIMBA ROMANA": 85}, "promotie_anterioara": {"NU": 64, "DA": 21}, "materii": {"LIMBA ROMANA": {"medie": 6.763529411764704, "reusita": 96.47058823529412, "cnt": 85}, "BIOLOGIE VEGETALA SI ANIMALA": {"medie": 6.4958333333333345, "reusita": 76.92307692307693, "cnt": 26}, "GENERAL": {"medie": 6.80548523206751, "reusita": 69.41176470588235, "cnt": 85}, "MATEMATICA MATE-INFO": {"medie": 5.955, "reusita": 72.72727272727273, "cnt": 22}, "INFORMATICA MI C/C++": {"medie": 7.0, "reusita": 100.0, "cnt": 11}, "GEOGRAFIE": {"medie": 8.011904761904761, "reusita": 100.0, "cnt": 21}, "ANATOMIE SI FIZIOLOGIE UMANA, GENETICA SI ECOLOGIE UMANA": {"medie": 6.573529411764706, "reusita": 83.33333333333334, "cnt": 18}, "ISTORIE": {"medie": 7.163333333333333, "reusita": 96.66666666666667, "cnt": 30}, "MATEMATICA ST-NAT": {"medie": 5.851666666666668, "reusita": 69.6969696969697, "cnt": 33}, "LOGICA, ARGUMENTARE SI COMUNICARE": {"medie": 7.738888888888891, "reusita": 88.88888888888889, "cnt": 9}}, "nume": "COLEGIUL NATIONAL \"MIRCEA ELIADE\" RESITA\tCara\u0219-Severin"}