{"specializari": {"MATEMATICA-INFORMATICA": 124, "STIINTE ALE NATURII": 31, "FILOLOGIE": 66, "STIINTE SOCIALE": 33}, "limba_moderna": {"LIMBA ENGLEZA": 215, "LIMBA FRANCEZA": 39}, "limba_materna": {"LIMBA ROMANA": 254}, "promotie_anterioara": {"NU": 246, "DA": 8}, "materii": {"LIMBA ROMANA": {"medie": 8.295078740157479, "reusita": 100.0, "cnt": 254}, "BIOLOGIE VEGETALA SI ANIMALA": {"medie": 7.85, "reusita": 100.0, "cnt": 11}, "GENERAL": {"medie": 8.362204724409448, "reusita": 97.24409448818898, "cnt": 254}, "MATEMATICA MATE-INFO": {"medie": 8.511290322580644, "reusita": 99.19354838709677, "cnt": 124}, "INFORMATICA MI C/C++": {"medie": 8.805000000000001, "reusita": 100.0, "cnt": 20}, "GEOGRAFIE": {"medie": 9.056451612903228, "reusita": 96.7741935483871, "cnt": 31}, "ANATOMIE SI FIZIOLOGIE UMANA, GENETICA SI ECOLOGIE UMANA": {"medie": 8.417361111111111, "reusita": 100.0, "cnt": 72}, "ISTORIE": {"medie": 7.795959595959595, "reusita": 98.98989898989899, "cnt": 99}, "FIZICA TEO": {"medie": 7.961538461538461, "reusita": 100.0, "cnt": 13}, "MATEMATICA ST-NAT": {"medie": 8.68225806451613, "reusita": 96.7741935483871, "cnt": 31}, "LOGICA, ARGUMENTARE SI COMUNICARE": {"medie": 8.50793650793651, "reusita": 98.4126984126984, "cnt": 63}, "PSIHOLOGIE": {"medie": 8.366666666666667, "reusita": 100.0, "cnt": 3}, "CHIMIE ORGANICA TEO NIVEL I/II": {"medie": 9.345, "reusita": 100.0, "cnt": 10}, "CHIMIE ANORGANICA TEO NIVEL I/II": {"medie": 8.575862068965519, "reusita": 100.0, "cnt": 29}, "FILOSOFIE": {"medie": 6.35, "reusita": 100.0, "cnt": 2}}, "nume": "COLEGIUL NATIONAL \"NICU GANE\" FALTICENI\tSuceava"}