{"specializari": {"MATEMATICA-INFORMATICA": 33, "TEHNICIAN IN ACTIVITATI ECONOMICE": 30, "STIINTE ALE NATURII": 36, "FILOLOGIE": 29, "STIINTE SOCIALE": 55}, "limba_moderna": {"LIMBA ENGLEZA": 173, "LIMBA FRANCEZA": 10}, "limba_materna": {"LIMBA ROMANA": 183}, "promotie_anterioara": {"NU": 176, "DA": 7}, "materii": {"LIMBA ROMANA": {"medie": 7.566666666666667, "reusita": 99.4535519125683, "cnt": 183}, "MATEMATICA TEHN": {"medie": 8.77586206896552, "reusita": 96.66666666666667, "cnt": 30}, "GENERAL": {"medie": 7.906959706959708, "reusita": 92.89617486338798, "cnt": 183}, "MATEMATICA MATE-INFO": {"medie": 8.986363636363636, "reusita": 96.96969696969697, "cnt": 33}, "INFORMATICA MI C/C++": {"medie": 9.24, "reusita": 100.0, "cnt": 5}, "GEOGRAFIE": {"medie": 8.974418604651163, "reusita": 100.0, "cnt": 43}, "ANATOMIE SI FIZIOLOGIE UMANA, GENETICA SI ECOLOGIE UMANA": {"medie": 8.43, "reusita": 96.66666666666667, "cnt": 30}, "ISTORIE": {"medie": 6.867261904761908, "reusita": 100.0, "cnt": 84}, "FIZICA TEO": {"medie": 7.7666666666666675, "reusita": 100.0, "cnt": 18}, "MATEMATICA ST-NAT": {"medie": 8.024999999999999, "reusita": 100.0, "cnt": 36}, "LOGICA, ARGUMENTARE SI COMUNICARE": {"medie": 8.450000000000003, "reusita": 97.14285714285714, "cnt": 70}, "PSIHOLOGIE": {"medie": 9.7, "reusita": 100.0, "cnt": 1}, "CHIMIE ORGANICA TEO NIVEL I/II": {"medie": 10.0, "reusita": 100.0, "cnt": 1}, "CHIMIE ANORGANICA TEO NIVEL I/II": {"medie": 6.390000000000001, "reusita": 80.0, "cnt": 15}}, "nume": "COLEGIUL NATIONAL \"STEFAN CEL MARE\", HARLAU\tIa\u0219i"}