{"specializari": {"MATEMATICA-INFORMATICA": 54, "STIINTE ALE NATURII": 63, "FILOLOGIE": 31, "STIINTE SOCIALE": 32}, "limba_moderna": {"LIMBA ENGLEZA": 147, "LIMBA FRANCEZA": 33}, "limba_materna": {"LIMBA ROMANA": 180}, "promotie_anterioara": {"NU": 171, "DA": 9}, "materii": {"LIMBA ROMANA": {"medie": 7.716111111111112, "reusita": 97.77777777777777, "cnt": 180}, "GENERAL": {"medie": 8.125092592592585, "reusita": 90.55555555555556, "cnt": 180}, "MATEMATICA MATE-INFO": {"medie": 9.052777777777775, "reusita": 98.14814814814815, "cnt": 54}, "INFORMATICA MI C/C++": {"medie": 7.733333333333332, "reusita": 100.0, "cnt": 3}, "GEOGRAFIE": {"medie": 8.61176470588235, "reusita": 98.0392156862745, "cnt": 51}, "ANATOMIE SI FIZIOLOGIE UMANA, GENETICA SI ECOLOGIE UMANA": {"medie": 8.282474226804124, "reusita": 98.96907216494846, "cnt": 97}, "ISTORIE": {"medie": 8.33015873015873, "reusita": 96.82539682539682, "cnt": 63}, "FIZICA TEO": {"medie": 9.273529411764706, "reusita": 100.0, "cnt": 17}, "MATEMATICA ST-NAT": {"medie": 7.371428571428571, "reusita": 93.65079365079364, "cnt": 63}, "SOCIOLOGIE": {"medie": 8.449999999999998, "reusita": 100.0, "cnt": 9}, "PSIHOLOGIE": {"medie": 7.033333333333334, "reusita": 100.0, "cnt": 3}}, "nume": "COLEGIUL NATIONAL\"GRIGORE MOISIL\" URZICENI\tIalomi\u021ba"}