{"specializari": {"MATEMATICA-INFORMATICA": 40, "FILOLOGIE": 72, "STIINTE ALE NATURII": 42, "STIINTE SOCIALE": 45}, "limba_moderna": {"LIMBA ENGLEZA": 178, "LIMBA FRANCEZA": 21}, "limba_materna": {"LIMBA ROMANA": 199}, "promotie_anterioara": {"NU": 176, "DA": 23}, "materii": {"LIMBA ROMANA": {"medie": 6.337948717948716, "reusita": 85.92964824120602, "cnt": 199}, "BIOLOGIE VEGETALA SI ANIMALA": {"medie": 5.875, "reusita": 100.0, "cnt": 2}, "GENERAL": {"medie": 6.853812056737588, "reusita": 70.35175879396985, "cnt": 199}, "MATEMATICA MATE-INFO": {"medie": 8.221794871794872, "reusita": 92.5, "cnt": 40}, "GEOGRAFIE": {"medie": 7.1925, "reusita": 95.23809523809523, "cnt": 21}, "ANATOMIE SI FIZIOLOGIE UMANA, GENETICA SI ECOLOGIE UMANA": {"medie": 6.3031250000000005, "reusita": 62.857142857142854, "cnt": 35}, "ISTORIE": {"medie": 6.6026086956521715, "reusita": 88.88888888888889, "cnt": 117}, "FIZICA TEO": {"medie": 7.65, "reusita": 78.57142857142857, "cnt": 14}, "MATEMATICA ST-NAT": {"medie": 5.814473684210527, "reusita": 59.523809523809526, "cnt": 42}, "LOGICA, ARGUMENTARE SI COMUNICARE": {"medie": 7.5445121951219525, "reusita": 90.58823529411765, "cnt": 85}, "SOCIOLOGIE": {"medie": 7.433333333333333, "reusita": 100.0, "cnt": 6}, "PSIHOLOGIE": {"medie": 6.266666666666667, "reusita": 66.66666666666666, "cnt": 3}, "ECONOMIE": {"medie": 9.55, "reusita": 100.0, "cnt": 2}, "CHIMIE ORGANICA TEO NIVEL I/II": {"medie": 8.123684210526315, "reusita": 100.0, "cnt": 19}, "CHIMIE ANORGANICA TEO NIVEL I/II": {"medie": 6.454545454545454, "reusita": 83.33333333333334, "cnt": 12}}, "nume": "COLEGIUL NATIONAL \"ION LUCA CARAGIALE\" MORENI\tD\u00e2mbovi\u021ba"}