{"specializari": {"STIINTE SOCIALE": 38, "MATEMATICA-INFORMATICA": 47, "STIINTE ALE NATURII": 70, "FILOLOGIE": 35, "INVATATOR - EDUCATOARE": 28}, "limba_moderna": {"LIMBA ENGLEZA": 203, "LIMBA FRANCEZA": 15}, "limba_materna": {"LIMBA ROMANA": 218}, "promotie_anterioara": {"NU": 210, "DA": 8}, "materii": {"LIMBA ROMANA": {"medie": 7.855990783410137, "reusita": 99.08256880733946, "cnt": 218}, "BIOLOGIE VEGETALA SI ANIMALA": {"medie": 7.3, "reusita": 100.0, "cnt": 1}, "GENERAL": {"medie": 8.106172839506172, "reusita": 92.66055045871559, "cnt": 218}, "MATEMATICA MATE-INFO": {"medie": 7.606382978723402, "reusita": 93.61702127659575, "cnt": 47}, "INFORMATICA MI C/C++": {"medie": 7.265384615384615, "reusita": 100.0, "cnt": 13}, "MATEMATICA PED": {"medie": 9.31607142857143, "reusita": 100.0, "cnt": 28}, "GEOGRAFIE": {"medie": 8.076, "reusita": 100.0, "cnt": 25}, "ANATOMIE SI FIZIOLOGIE UMANA, GENETICA SI ECOLOGIE UMANA": {"medie": 8.796212121212116, "reusita": 98.48484848484848, "cnt": 66}, "ISTORIE": {"medie": 7.278767123287668, "reusita": 98.63013698630137, "cnt": 73}, "FIZICA TEO": {"medie": 6.280555555555555, "reusita": 83.33333333333334, "cnt": 18}, "MATEMATICA ST-NAT": {"medie": 8.62173913043478, "reusita": 97.14285714285714, "cnt": 70}, "LOGICA, ARGUMENTARE SI COMUNICARE": {"medie": 8.911206896551727, "reusita": 98.27586206896551, "cnt": 58}, "SOCIOLOGIE": {"medie": 9.094117647058823, "reusita": 100.0, "cnt": 17}, "PSIHOLOGIE": {"medie": 9.15, "reusita": 100.0, "cnt": 1}, "CHIMIE ORGANICA TEO NIVEL I/II": {"medie": 8.057142857142857, "reusita": 100.0, "cnt": 7}, "CHIMIE ANORGANICA TEO NIVEL I/II": {"medie": 7.866666666666668, "reusita": 100.0, "cnt": 9}, "INFORMATICA SN C/C++": {"medie": 6.833333333333333, "reusita": 100.0, "cnt": 3}}, "nume": "COLEGIUL NATIONAL PEDAGOGIC \"STEFAN CEL MARE\" BACAU\tBac\u0103u"}