{"specializari": {"FILOLOGIE": 104, "MATEMATICA-INFORMATICA": 45, "STIINTE ALE NATURII": 62, "STIINTE SOCIALE": 37}, "limba_moderna": {"LIMBA ENGLEZA": 228, "LIMBA FRANCEZA": 20}, "limba_materna": {"LIMBA ROMANA": 248}, "promotie_anterioara": {"NU": 236, "DA": 12}, "materii": {"LIMBA ROMANA": {"medie": 7.6014285714285705, "reusita": 95.96774193548387, "cnt": 248}, "GENERAL": {"medie": 8.049314128943763, "reusita": 92.74193548387096, "cnt": 248}, "MATEMATICA MATE-INFO": {"medie": 8.964444444444446, "reusita": 100.0, "cnt": 45}, "INFORMATICA MI C/C++": {"medie": 8.119444444444445, "reusita": 100.0, "cnt": 18}, "GEOGRAFIE": {"medie": 8.231746031746031, "reusita": 100.0, "cnt": 63}, "ANATOMIE SI FIZIOLOGIE UMANA, GENETICA SI ECOLOGIE UMANA": {"medie": 7.846296296296295, "reusita": 96.36363636363636, "cnt": 55}, "ISTORIE": {"medie": 8.2136690647482, "reusita": 98.58156028368793, "cnt": 141}, "FIZICA TEO": {"medie": 8.11923076923077, "reusita": 100.0, "cnt": 26}, "MATEMATICA ST-NAT": {"medie": 8.330833333333334, "reusita": 93.54838709677419, "cnt": 62}, "LOGICA, ARGUMENTARE SI COMUNICARE": {"medie": 8.348717948717946, "reusita": 97.43589743589743, "cnt": 39}, "SOCIOLOGIE": {"medie": 7.951724137931034, "reusita": 93.54838709677419, "cnt": 31}, "PSIHOLOGIE": {"medie": 8.14, "reusita": 100.0, "cnt": 5}, "ECONOMIE": {"medie": 7.75, "reusita": 100.0, "cnt": 3}, "CHIMIE ORGANICA TEO NIVEL I/II": {"medie": 8.621428571428572, "reusita": 100.0, "cnt": 7}, "INFORMATICA SN C/C++": {"medie": 8.6, "reusita": 100.0, "cnt": 1}}, "nume": "COLEGIUL NATIONAL \"GIB MIHAESCU\" DRAGASANI\tV\u00e2lcea"}