{"specializari": {"FILOLOGIE": 124, "MATEMATICA-INFORMATICA": 38, "INVATATOR - EDUCATOARE": 78}, "limba_moderna": {"LIMBA ENGLEZA": 187, "LIMBA FRANCEZA": 53}, "limba_materna": {"LIMBA ROMANA": 240}, "promotie_anterioara": {"NU": 222, "DA": 18}, "materii": {"LIMBA ROMANA": {"medie": 7.221218487394957, "reusita": 95.41666666666667, "cnt": 240}, "BIOLOGIE VEGETALA SI ANIMALA": {"medie": 7.665625000000001, "reusita": 94.11764705882352, "cnt": 17}, "GENERAL": {"medie": 7.549578059071733, "reusita": 86.25, "cnt": 240}, "MATEMATICA MATE-INFO": {"medie": 7.011111111111112, "reusita": 89.47368421052632, "cnt": 38}, "INFORMATICA MI C/C++": {"medie": 6.341666666666666, "reusita": 83.33333333333334, "cnt": 6}, "MATEMATICA PED": {"medie": 7.507051282051282, "reusita": 85.8974358974359, "cnt": 78}, "GEOGRAFIE": {"medie": 8.239444444444445, "reusita": 97.79005524861878, "cnt": 181}, "ANATOMIE SI FIZIOLOGIE UMANA, GENETICA SI ECOLOGIE UMANA": {"medie": 8.0, "reusita": 100.0, "cnt": 3}, "ISTORIE": {"medie": 7.175203252032518, "reusita": 95.16129032258065, "cnt": 124}, "FIZICA TEO": {"medie": 8.308333333333334, "reusita": 100.0, "cnt": 12}, "LOGICA, ARGUMENTARE SI COMUNICARE": {"medie": 8.625, "reusita": 100.0, "cnt": 2}, "SOCIOLOGIE": {"medie": 7.4, "reusita": 100.0, "cnt": 2}, "PSIHOLOGIE": {"medie": 8.455555555555556, "reusita": 100.0, "cnt": 9}, "ECONOMIE": {"medie": 8.571428571428573, "reusita": 100.0, "cnt": 7}, "FILOSOFIE": {"medie": 8.75, "reusita": 100.0, "cnt": 1}}, "nume": "COLEGIUL NATIONAL PEDAGOGIC \"MIRCEA SCARLAT\" ALEXANDRIA\tTeleorman"}