{"specializari": {"MATEMATICA-INFORMATICA": 54, "STIINTE ALE NATURII": 22, "FILOLOGIE": 61, "STIINTE SOCIALE": 34}, "limba_moderna": {"LIMBA ENGLEZA": 149, "LIMBA FRANCEZA": 5, "LIMBA ITALIANA": 17}, "limba_materna": {"LIMBA ROMANA": 171}, "promotie_anterioara": {"NU": 162, "DA": 9}, "materii": {"LIMBA ROMANA": {"medie": 7.722023809523809, "reusita": 97.07602339181285, "cnt": 171}, "GENERAL": {"medie": 7.911706349206345, "reusita": 88.30409356725146, "cnt": 171}, "MATEMATICA MATE-INFO": {"medie": 8.791666666666666, "reusita": 98.14814814814815, "cnt": 54}, "INFORMATICA MI C/C++": {"medie": 6.137499999999999, "reusita": 100.0, "cnt": 4}, "GEOGRAFIE": {"medie": 8.632417582417581, "reusita": 97.82608695652173, "cnt": 92}, "ANATOMIE SI FIZIOLOGIE UMANA, GENETICA SI ECOLOGIE UMANA": {"medie": 7.891666666666666, "reusita": 87.75510204081633, "cnt": 49}, "ISTORIE": {"medie": 7.553723404255323, "reusita": 97.89473684210527, "cnt": 95}, "FIZICA TEO": {"medie": 8.440000000000001, "reusita": 100.0, "cnt": 15}, "MATEMATICA ST-NAT": {"medie": 5.204761904761905, "reusita": 54.54545454545454, "cnt": 22}, "PSIHOLOGIE": {"medie": 8.6, "reusita": 100.0, "cnt": 1}, "ECONOMIE": {"medie": 9.4, "reusita": 100.0, "cnt": 1}, "CHIMIE ORGANICA TEO NIVEL I/II": {"medie": 9.22, "reusita": 100.0, "cnt": 5}, "CHIMIE ANORGANICA TEO NIVEL I/II": {"medie": 6.466666666666666, "reusita": 66.66666666666666, "cnt": 3}, "FILOSOFIE": {"medie": 9.1, "reusita": 100.0, "cnt": 1}}, "nume": "COLEGIUL NATIONAL \"NICOLAE TITULESCU\" PUCIOASA\tD\u00e2mbovi\u021ba"}