{"specializari": {"MATEMATICA-INFORMATICA": 82, "FILOLOGIE": 40, "STIINTE SOCIALE": 40, "STIINTE ALE NATURII": 19}, "limba_moderna": {"LIMBA ENGLEZA": 167, "LIMBA FRANCEZA": 12, "LIMBA GERMANA MODERNA": 1, "LIMBA SPANIOLA": 1}, "limba_materna": {"LIMBA ROMANA": 181}, "promotie_anterioara": {"NU": 169, "DA": 12}, "materii": {"LIMBA ROMANA": {"medie": 8.05111111111111, "reusita": 98.89502762430939, "cnt": 181}, "BIOLOGIE VEGETALA SI ANIMALA": {"medie": 8.4, "reusita": 100.0, "cnt": 1}, "GENERAL": {"medie": 8.038268156424582, "reusita": 91.16022099447514, "cnt": 181}, "MATEMATICA MATE-INFO": {"medie": 8.411585365853659, "reusita": 95.1219512195122, "cnt": 82}, "INFORMATICA MI C/C++": {"medie": 8.892857142857142, "reusita": 100.0, "cnt": 7}, "GEOGRAFIE": {"medie": 8.299999999999999, "reusita": 96.0, "cnt": 25}, "ANATOMIE SI FIZIOLOGIE UMANA, GENETICA SI ECOLOGIE UMANA": {"medie": 7.595121951219513, "reusita": 95.23809523809523, "cnt": 42}, "ISTORIE": {"medie": 7.406250000000003, "reusita": 98.75, "cnt": 80}, "FIZICA TEO": {"medie": 8.548809523809526, "reusita": 100.0, "cnt": 42}, "MATEMATICA ST-NAT": {"medie": 6.708333333333334, "reusita": 78.94736842105263, "cnt": 19}, "LOGICA, ARGUMENTARE SI COMUNICARE": {"medie": 8.248571428571429, "reusita": 97.14285714285714, "cnt": 35}, "SOCIOLOGIE": {"medie": 8.485000000000001, "reusita": 100.0, "cnt": 10}, "PSIHOLOGIE": {"medie": 7.699999999999999, "reusita": 100.0, "cnt": 2}, "ECONOMIE": {"medie": 8.556249999999999, "reusita": 100.0, "cnt": 8}, "CHIMIE ORGANICA TEO NIVEL I/II": {"medie": 8.527777777777779, "reusita": 100.0, "cnt": 9}}, "nume": "COLEGIUL NATIONAL \"TRAIAN\"\tMehedin\u021bi"}