{"specializari": {"INVATATOR - EDUCATOARE": 56, "FILOLOGIE": 96, "STIINTE ALE NATURII": 66, "MATEMATICA-INFORMATICA": 62}, "limba_moderna": {"LIMBA ENGLEZA": 260, "LIMBA FRANCEZA": 20}, "limba_materna": {"LIMBA ROMANA": 280}, "promotie_anterioara": {"NU": 277, "DA": 3}, "materii": {"LIMBA ROMANA": {"medie": 8.013082437275987, "reusita": 98.92857142857143, "cnt": 280}, "BIOLOGIE VEGETALA SI ANIMALA": {"medie": 9.3, "reusita": 50.0, "cnt": 2}, "GENERAL": {"medie": 8.428399518652222, "reusita": 95.0, "cnt": 280}, "MATEMATICA MATE-INFO": {"medie": 8.31774193548387, "reusita": 95.16129032258065, "cnt": 62}, "INFORMATICA MI C/C++": {"medie": 9.127777777777776, "reusita": 100.0, "cnt": 18}, "MATEMATICA PED": {"medie": 9.155454545454544, "reusita": 98.21428571428571, "cnt": 56}, "GEOGRAFIE": {"medie": 9.450000000000003, "reusita": 98.93617021276596, "cnt": 94}, "ANATOMIE SI FIZIOLOGIE UMANA, GENETICA SI ECOLOGIE UMANA": {"medie": 8.570454545454545, "reusita": 98.86363636363636, "cnt": 88}, "ISTORIE": {"medie": 7.576562500000002, "reusita": 96.875, "cnt": 96}, "FIZICA TEO": {"medie": 7.961538461538461, "reusita": 100.0, "cnt": 13}, "MATEMATICA ST-NAT": {"medie": 8.753787878787877, "reusita": 98.48484848484848, "cnt": 66}, "LOGICA, ARGUMENTARE SI COMUNICARE": {"medie": 8.696296296296298, "reusita": 94.54545454545455, "cnt": 55}, "PSIHOLOGIE": {"medie": 7.8, "reusita": 100.0, "cnt": 3}, "CHIMIE ORGANICA TEO NIVEL I/II": {"medie": 9.020000000000001, "reusita": 100.0, "cnt": 5}, "INFORMATICA SN C/C++": {"medie": 9.0, "reusita": 100.0, "cnt": 2}}, "nume": "COLEGIUL NATIONAL PEDAGOGIC \"STEFAN VELOVAN\" CRAIOVA\tDolj"}