{"specializari": {"FILOLOGIE": 17}, "limba_moderna": {"LIMBA ENGLEZA": 17}, "limba_materna": {"LIMBA ROMANA": 17}, "promotie_anterioara": {"DA": 6, "NU": 11}, "materii": {"LIMBA ROMANA": {"medie": 5.413333333333332, "reusita": 58.82352941176471, "cnt": 17}, "GENERAL": {"medie": 6.343333333333334, "reusita": 41.17647058823529, "cnt": 17}, "GEOGRAFIE": {"medie": 7.25625, "reusita": 88.23529411764706, "cnt": 17}, "ISTORIE": {"medie": 6.300000000000001, "reusita": 88.23529411764706, "cnt": 17}}, "nume": "LICEUL TEORETIC \"GEORGE POP DE BASESTI\" ULMENI\tMaramure\u0219"}