{"specializari": {"STIINTE ALE NATURII": 34, "STIINTE SOCIALE": 31, "MATEMATICA-INFORMATICA": 12, "FILOLOGIE": 34}, "limba_moderna": {"LIMBA ENGLEZA": 107, "LIMBA FRANCEZA": 4}, "limba_materna": {"LIMBA ROMANA": 111}, "promotie_anterioara": {"NU": 94, "DA": 17}, "materii": {"LIMBA ROMANA": {"medie": 7.539189189189189, "reusita": 99.09909909909909, "cnt": 111}, "BIOLOGIE VEGETALA SI ANIMALA": {"medie": 8.8, "reusita": 100.0, "cnt": 1}, "GENERAL": {"medie": 7.508858858858855, "reusita": 82.88288288288288, "cnt": 111}, "MATEMATICA MATE-INFO": {"medie": 5.045833333333333, "reusita": 66.66666666666666, "cnt": 12}, "INFORMATICA MI C/C++": {"medie": 6.65, "reusita": 100.0, "cnt": 1}, "GEOGRAFIE": {"medie": 8.12179487179487, "reusita": 94.87179487179486, "cnt": 39}, "ANATOMIE SI FIZIOLOGIE UMANA, GENETICA SI ECOLOGIE UMANA": {"medie": 7.497368421052631, "reusita": 78.94736842105263, "cnt": 19}, "ISTORIE": {"medie": 6.933846153846154, "reusita": 100.0, "cnt": 65}, "FIZICA TEO": {"medie": 7.216666666666666, "reusita": 100.0, "cnt": 6}, "MATEMATICA ST-NAT": {"medie": 8.311764705882354, "reusita": 91.17647058823529, "cnt": 34}, "LOGICA, ARGUMENTARE SI COMUNICARE": {"medie": 8.133333333333335, "reusita": 100.0, "cnt": 24}, "PSIHOLOGIE": {"medie": 6.75, "reusita": 100.0, "cnt": 2}, "CHIMIE ORGANICA TEO NIVEL I/II": {"medie": 8.635714285714286, "reusita": 100.0, "cnt": 7}, "CHIMIE ANORGANICA TEO NIVEL I/II": {"medie": 6.887499999999999, "reusita": 100.0, "cnt": 12}}, "nume": "LICEUL TEORETIC \"GHEORGHE MUNTEANU MURGOCI\" MACIN\tTulcea"}