{"specializari": {"LICEU CU PROGRAM SPORTIV": 46}, "limba_moderna": {"LIMBA ENGLEZA": 40, "LIMBA FRANCEZA": 6}, "limba_materna": {"LIMBA ROMANA": 46}, "promotie_anterioara": {"NU": 35, "DA": 11}, "materii": {"LIMBA ROMANA": {"medie": 6.473170731707317, "reusita": 82.6086956521739, "cnt": 46}, "GENERAL": {"medie": 6.264634146341464, "reusita": 52.17391304347826, "cnt": 46}, "GEOGRAFIE": {"medie": 6.655555555555555, "reusita": 88.88888888888889, "cnt": 9}, "ISTORIE": {"medie": 5.797560975609756, "reusita": 78.26086956521739, "cnt": 46}, "LOGICA, ARGUMENTARE SI COMUNICARE": {"medie": 6.475757575757576, "reusita": 64.86486486486487, "cnt": 37}}, "nume": "LICEUL CU PROGRAM SPORTIV CAMPULUNG\tArge\u0219"}