{"specializari": {"LICEU CU PROGRAM SPORTIV": 85}, "limba_moderna": {"LIMBA ENGLEZA": 85}, "limba_materna": {"LIMBA ROMANA": 85}, "promotie_anterioara": {"DA": 14, "NU": 71}, "materii": {"LIMBA ROMANA": {"medie": 5.2518987341772165, "reusita": 58.82352941176471, "cnt": 85}, "GENERAL": {"medie": 5.9597402597402604, "reusita": 43.529411764705884, "cnt": 85}, "GEOGRAFIE": {"medie": 6.780392156862747, "reusita": 78.18181818181819, "cnt": 55}, "ISTORIE": {"medie": 6.145512820512819, "reusita": 77.64705882352942, "cnt": 85}, "LOGICA, ARGUMENTARE SI COMUNICARE": {"medie": 5.857692307692308, "reusita": 62.06896551724138, "cnt": 29}, "PSIHOLOGIE": {"medie": 7.0, "reusita": 100.0, "cnt": 1}}, "nume": "LICEUL CU PROGRAM SPORTIV, MUNICIPIUL PIATRA-NEAMT\tNeam\u021b"}