{"specializari": {"MATEMATICA-INFORMATICA": 54, "STIINTE ALE NATURII": 44, "FILOLOGIE": 71}, "limba_moderna": {"LIMBA ENGLEZA": 138, "LIMBA GERMANA MODERNA": 29, "LIMBA SPANIOLA": 1, "LIMBA FRANCEZA": 1}, "limba_materna": {"LIMBA MAGHIARA": 89, "LIMBA ROMANA": 80}, "promotie_anterioara": {"NU": 161, "DA": 8}, "materii": {"LIMBA ROMANA": {"medie": 6.944082840236687, "reusita": 92.89940828402366, "cnt": 169}, "GENERAL": {"medie": 7.992874753451677, "reusita": 90.53254437869822, "cnt": 169}, "MATEMATICA MATE-INFO": {"medie": 8.759259259259256, "reusita": 100.0, "cnt": 54}, "INFORMATICA MI PASCAL": {"medie": 9.034615384615385, "reusita": 100.0, "cnt": 26}, "GEOGRAFIE": {"medie": 7.513513513513513, "reusita": 97.2972972972973, "cnt": 37}, "ANATOMIE SI FIZIOLOGIE UMANA, GENETICA SI ECOLOGIE UMANA": {"medie": 8.515384615384615, "reusita": 100.0, "cnt": 52}, "ISTORIE": {"medie": 8.042253521126758, "reusita": 100.0, "cnt": 71}, "MATEMATICA ST-NAT": {"medie": 9.122727272727273, "reusita": 100.0, "cnt": 44}, "SOCIOLOGIE": {"medie": 9.8, "reusita": 100.0, "cnt": 1}, "PSIHOLOGIE": {"medie": 8.575, "reusita": 100.0, "cnt": 4}, "LIMBA MAGHIARA (REAL)": {"medie": 9.000961538461539, "reusita": 100.0, "cnt": 52}, "CHIMIE ORGANICA TEO NIVEL I/II": {"medie": 8.58235294117647, "reusita": 100.0, "cnt": 17}, "FILOSOFIE": {"medie": 6.93793103448276, "reusita": 100.0, "cnt": 29}, "LIMBA MAGHIARA (UMAN)": {"medie": 7.932432432432431, "reusita": 100.0, "cnt": 37}, "INFORMATICA SN PASCAL": {"medie": 8.799999999999999, "reusita": 100.0, "cnt": 3}}, "nume": "LICEUL TEORETIC CAREI\tSatu-Mare"}