{"specializari": {"STIINTE SOCIALE": 42, "STIINTE ALE NATURII": 39, "MATEMATICA-INFORMATICA": 48, "FILOLOGIE": 59}, "limba_moderna": {"LIMBA ENGLEZA": 184, "LIMBA FRANCEZA": 4}, "limba_materna": {"LIMBA ROMANA": 188}, "promotie_anterioara": {"NU": 151, "DA": 37}, "materii": {"LIMBA ROMANA": {"medie": 6.323224043715844, "reusita": 90.95744680851064, "cnt": 188}, "BIOLOGIE VEGETALA SI ANIMALA": {"medie": 5.6717391304347835, "reusita": 66.66666666666666, "cnt": 24}, "GENERAL": {"medie": 6.819429097605894, "reusita": 67.02127659574468, "cnt": 188}, "MATEMATICA MATE-INFO": {"medie": 6.2414893617021265, "reusita": 83.33333333333334, "cnt": 48}, "INFORMATICA MI C/C++": {"medie": 5.753333333333333, "reusita": 73.33333333333333, "cnt": 15}, "GEOGRAFIE": {"medie": 7.853246753246754, "reusita": 92.5, "cnt": 80}, "ANATOMIE SI FIZIOLOGIE UMANA, GENETICA SI ECOLOGIE UMANA": {"medie": 7.010714285714287, "reusita": 85.71428571428571, "cnt": 42}, "ISTORIE": {"medie": 7.165306122448979, "reusita": 93.06930693069307, "cnt": 101}, "FIZICA TEO": {"medie": 7.2700000000000005, "reusita": 100.0, "cnt": 5}, "MATEMATICA ST-NAT": {"medie": 6.867948717948717, "reusita": 84.61538461538461, "cnt": 39}, "SOCIOLOGIE": {"medie": 7.804545454545454, "reusita": 100.0, "cnt": 11}, "PSIHOLOGIE": {"medie": 7.421428571428572, "reusita": 100.0, "cnt": 7}, "ECONOMIE": {"medie": 7.45, "reusita": 100.0, "cnt": 1}, "FILOSOFIE": {"medie": 7.15, "reusita": 100.0, "cnt": 2}, "INFORMATICA SN C/C++": {"medie": 9.0, "reusita": 100.0, "cnt": 1}}, "nume": "LICEUL TEORETIC \"DIMITRIE BOLINTINEANU\"\tBucure\u0219ti"}