{"specializari": {"STIINTE SOCIALE": 37, "MATEMATICA-INFORMATICA": 34, "FILOLOGIE": 74}, "limba_moderna": {"LIMBA ENGLEZA": 141, "LIMBA FRANCEZA": 4}, "limba_materna": {"LIMBA ROMANA": 145}, "promotie_anterioara": {"DA": 27, "NU": 118}, "materii": {"LIMBA ROMANA": {"medie": 6.611619718309861, "reusita": 81.37931034482759, "cnt": 145}, "BIOLOGIE VEGETALA SI ANIMALA": {"medie": 7.8999999999999995, "reusita": 100.0, "cnt": 4}, "GENERAL": {"medie": 6.891371158392431, "reusita": 62.06896551724138, "cnt": 145}, "MATEMATICA MATE-INFO": {"medie": 8.37272727272727, "reusita": 94.11764705882352, "cnt": 34}, "GEOGRAFIE": {"medie": 7.218831168831171, "reusita": 89.87341772151899, "cnt": 79}, "ANATOMIE SI FIZIOLOGIE UMANA, GENETICA SI ECOLOGIE UMANA": {"medie": 8.95357142857143, "reusita": 93.10344827586206, "cnt": 29}, "ISTORIE": {"medie": 5.738636363636363, "reusita": 75.67567567567568, "cnt": 111}, "FIZICA TEO": {"medie": 7.85, "reusita": 100.0, "cnt": 1}, "SOCIOLOGIE": {"medie": 7.654687499999999, "reusita": 96.875, "cnt": 32}}, "nume": "LICEUL TEORETIC \"CONSTANTIN BRANCOVEANU\" DABULENI\tDolj"}