{"specializari": {"FILOLOGIE": 27}, "limba_moderna": {"LIMBA ENGLEZA": 16, "LIMBA FRANCEZA": 11}, "limba_materna": {"LIMBA ROMANA": 27}, "promotie_anterioara": {"NU": 23, "DA": 4}, "materii": {"LIMBA ROMANA": {"medie": 4.499999999999999, "reusita": 11.11111111111111, "cnt": 27}, "GENERAL": {"medie": 5.819999999999999, "reusita": 7.4074074074074066, "cnt": 27}, "GEOGRAFIE": {"medie": 7.910000000000001, "reusita": 18.51851851851852, "cnt": 27}, "ISTORIE": {"medie": 5.05, "reusita": 14.814814814814813, "cnt": 27}}, "nume": "LICEUL TEORETIC \"GEORGE POP DE BASESTI\" TARGU LAPUS\tMaramure\u0219"}