{"specializari": {"STIINTE ALE NATURII": 37}, "limba_moderna": {"LIMBA ENGLEZA": 37}, "limba_materna": {"LIMBA ROMANA": 37}, "promotie_anterioara": {"DA": 7, "NU": 30}, "materii": {"LIMBA ROMANA": {"medie": 6.487142857142858, "reusita": 81.08108108108108, "cnt": 37}, "GENERAL": {"medie": 5.863809523809523, "reusita": 45.94594594594595, "cnt": 37}, "ANATOMIE SI FIZIOLOGIE UMANA, GENETICA SI ECOLOGIE UMANA": {"medie": 5.718571428571427, "reusita": 62.16216216216216, "cnt": 37}, "MATEMATICA ST-NAT": {"medie": 5.3791666666666655, "reusita": 62.16216216216216, "cnt": 37}}, "nume": "LICEUL TEORETIC VIRGIL IERUNCA, COM. LADESTI\tV\u00e2lcea"}