{"specializari": {"TEOLOGIE ROMANO-CATOLICA": 17}, "limba_moderna": {"LIMBA ENGLEZA": 17}, "limba_materna": {"LIMBA MAGHIARA": 17}, "promotie_anterioara": {"NU": 15, "DA": 2}, "materii": {"LIMBA ROMANA": {"medie": 5.576470588235295, "reusita": 76.47058823529412, "cnt": 17}, "GENERAL": {"medie": 6.371323529411765, "reusita": 64.70588235294117, "cnt": 17}, "GEOGRAFIE": {"medie": 6.7029411764705875, "reusita": 88.23529411764706, "cnt": 17}, "ISTORIE": {"medie": 6.31764705882353, "reusita": 94.11764705882352, "cnt": 17}, "LIMBA MAGHIARA (REAL)": {"medie": 6.888235294117647, "reusita": 94.11764705882352, "cnt": 17}}, "nume": "LICEUL TEOLOGIC ROMANO-CATOLIC \"GROF MAJLATH GUSZTAV KAROLY\" ALBA IULIA\tAlba"}