{"specializari": {"FILOLOGIE": 37, "TEHNICIAN IN ACTIVITATI ECONOMICE": 30, "TEHNICIAN IN GASTRONOMIE": 21, "STIINTE ALE NATURII": 38, "MATEMATICA-INFORMATICA": 26, "TEHNICIAN ELECTROMECANIC": 3, "TEHNICIAN IN PRELUCRAREA LEMNULUI": 12}, "limba_moderna": {"LIMBA ENGLEZA": 162, "LIMBA FRANCEZA": 5}, "limba_materna": {"LIMBA ROMANA": 167}, "promotie_anterioara": {"NU": 140, "DA": 27}, "materii": {"LIMBA ROMANA": {"medie": 6.025937499999999, "reusita": 73.65269461077844, "cnt": 167}, "MATEMATICA TEHN": {"medie": 3.1543103448275867, "reusita": 27.27272727272727, "cnt": 66}, "BIOLOGIE VEGETALA SI ANIMALA": {"medie": 2.2818181818181817, "reusita": 6.666666666666667, "cnt": 15}, "GENERAL": {"medie": 6.257172995780589, "reusita": 56.287425149700596, "cnt": 167}, "MATEMATICA MATE-INFO": {"medie": 8.209615384615384, "reusita": 96.15384615384616, "cnt": 26}, "INFORMATICA MI C/C++": {"medie": 8.65, "reusita": 100.0, "cnt": 4}, "GEOGRAFIE": {"medie": 6.434939759036145, "reusita": 79.76190476190477, "cnt": 84}, "ANATOMIE SI FIZIOLOGIE UMANA, GENETICA SI ECOLOGIE UMANA": {"medie": 7.495454545454544, "reusita": 93.18181818181817, "cnt": 44}, "ISTORIE": {"medie": 7.474324324324325, "reusita": 100.0, "cnt": 37}, "FIZICA TEO": {"medie": 8.835, "reusita": 100.0, "cnt": 10}, "MATEMATICA ST-NAT": {"medie": 7.4644736842105255, "reusita": 89.47368421052632, "cnt": 38}, "LOGICA, ARGUMENTARE SI COMUNICARE": {"medie": 6.3875, "reusita": 75.0, "cnt": 4}, "CHIMIE ORGANICA TEO NIVEL I/II": {"medie": 7.133333333333334, "reusita": 100.0, "cnt": 6}}, "nume": "LICEUL TEORETIC SEBIS\tArad"}