{"specializari": {"TEHNICIAN IN INSTALATII ELECTRICE": 29, "STIINTE ALE NATURII": 69, "MATEMATICA-INFORMATICA": 24, "TEHNICIAN MECATRONIST": 17, "TEHNICIAN MECANIC PENTRU INTRETINERE SI REPARATII": 2, "TEHNICIAN IN INDUSTRIA TEXTILA": 3, "FILOLOGIE": 27, "ARTA ACTORULUI": 1}, "limba_moderna": {"LIMBA ENGLEZA": 169, "LIMBA FRANCEZA": 3}, "limba_materna": {"LIMBA ROMANA": 148, "LIMBA MAGHIARA": 24}, "promotie_anterioara": {"NU": 136, "DA": 36}, "materii": {"LIMBA ROMANA": {"medie": 6.987724550898203, "reusita": 89.53488372093024, "cnt": 172}, "MATEMATICA TEHN": {"medie": 5.3, "reusita": 66.66666666666666, "cnt": 51}, "BIOLOGIE VEGETALA SI ANIMALA": {"medie": 4.097435897435899, "reusita": 27.27272727272727, "cnt": 44}, "GENERAL": {"medie": 6.808535353535357, "reusita": 59.30232558139535, "cnt": 172}, "MATEMATICA MATE-INFO": {"medie": 7.579166666666665, "reusita": 91.66666666666666, "cnt": 24}, "INFORMATICA MI C/C++": {"medie": 6.488888888888889, "reusita": 77.77777777777779, "cnt": 9}, "GEOGRAFIE": {"medie": 6.4, "reusita": 100.0, "cnt": 1}, "FIZICA TEH": {"medie": 5.865, "reusita": 80.0, "cnt": 10}, "ANATOMIE SI FIZIOLOGIE UMANA, GENETICA SI ECOLOGIE UMANA": {"medie": 7.826666666666668, "reusita": 95.0, "cnt": 60}, "ISTORIE": {"medie": 7.761111111111112, "reusita": 89.28571428571429, "cnt": 28}, "FIZICA TEO": {"medie": 7.578571428571428, "reusita": 71.42857142857143, "cnt": 7}, "MATEMATICA ST-NAT": {"medie": 6.963235294117645, "reusita": 85.5072463768116, "cnt": 69}, "LOGICA, ARGUMENTARE SI COMUNICARE": {"medie": 8.50576923076923, "reusita": 92.5925925925926, "cnt": 27}, "LIMBA MAGHIARA (REAL)": {"medie": 6.41875, "reusita": 87.5, "cnt": 24}, "CHIMIE ORGANICA TEO NIVEL I/II": {"medie": 7.490909090909091, "reusita": 81.81818181818183, "cnt": 11}, "CHIMIE ANORGANICA TEO NIVEL I/II": {"medie": 2.15, "reusita": 0.0, "cnt": 1}, "INFORMATICA SN C/C++": {"medie": 8.825, "reusita": 100.0, "cnt": 2}}, "nume": "LICEUL TEHNOLOGIC NR.1 LUDUS\tMure\u0219"}