{"specializari": {"TEHNICIAN OPERATOR TEHNICA DE CALCUL": 94, "MATEMATICA-INFORMATICA": 36}, "limba_moderna": {"LIMBA ENGLEZA": 130}, "limba_materna": {"LIMBA ROMANA": 130}, "promotie_anterioara": {"DA": 44, "NU": 86}, "materii": {"LIMBA ROMANA": {"medie": 5.802777777777776, "reusita": 84.61538461538461, "cnt": 130}, "MATEMATICA TEHN": {"medie": 6.1755555555555555, "reusita": 77.6595744680851, "cnt": 94}, "BIOLOGIE VEGETALA SI ANIMALA": {"medie": 5.047340425531914, "reusita": 59.0, "cnt": 100}, "GENERAL": {"medie": 5.70460704607046, "reusita": 43.84615384615385, "cnt": 130}, "MATEMATICA MATE-INFO": {"medie": 5.462857142857144, "reusita": 75.0, "cnt": 36}, "INFORMATICA MI C/C++": {"medie": 5.4923076923076914, "reusita": 76.92307692307693, "cnt": 13}, "FIZICA TEH": {"medie": 5.4125, "reusita": 75.0, "cnt": 4}, "ANATOMIE SI FIZIOLOGIE UMANA, GENETICA SI ECOLOGIE UMANA": {"medie": 6.8999999999999995, "reusita": 91.66666666666666, "cnt": 12}, "CHIMIE ORGANICA TEH NIVEL I/II": {"medie": 5.4, "reusita": 100.0, "cnt": 1}}, "nume": "LICEUL NATIONAL DE INFORMATICA ARAD\tArad"}