{"specializari": {"ARTE PLASTICE SI DECORATIVE": 164}, "limba_moderna": {"LIMBA ENGLEZA": 164}, "limba_materna": {"LIMBA ROMANA": 164}, "promotie_anterioara": {"NU": 145, "DA": 19}, "materii": {"LIMBA ROMANA": {"medie": 6.934662576687119, "reusita": 93.90243902439023, "cnt": 164}, "GENERAL": {"medie": 7.372567287784682, "reusita": 81.70731707317073, "cnt": 164}, "GEOGRAFIE": {"medie": 7.7678947368421065, "reusita": 93.6842105263158, "cnt": 95}, "ISTORIE": {"medie": 7.317791411042944, "reusita": 95.1219512195122, "cnt": 164}, "LOGICA, ARGUMENTARE SI COMUNICARE": {"medie": 7.971568627450981, "reusita": 90.38461538461539, "cnt": 52}, "PSIHOLOGIE": {"medie": 7.696428571428572, "reusita": 93.33333333333333, "cnt": 15}, "ECONOMIE": {"medie": 8.25, "reusita": 100.0, "cnt": 1}, "FILOSOFIE": {"medie": 6.4, "reusita": 100.0, "cnt": 1}}, "nume": "LICEUL DE ARTE PLASTICE \"NICOLAE TONITZA\"\tBucure\u0219ti"}