{"specializari": {"STIINTE ALE NATURII": 18, "FILOLOGIE": 21}, "limba_moderna": {"LIMBA ENGLEZA": 26, "LIMBA FRANCEZA": 13}, "limba_materna": {"LIMBA ROMANA": 39}, "promotie_anterioara": {"NU": 33, "DA": 6}, "materii": {"LIMBA ROMANA": {"medie": 6.643243243243245, "reusita": 87.17948717948718, "cnt": 39}, "GENERAL": {"medie": 7.38963963963964, "reusita": 76.92307692307693, "cnt": 39}, "GEOGRAFIE": {"medie": 7.938888888888889, "reusita": 90.0, "cnt": 20}, "ANATOMIE SI FIZIOLOGIE UMANA, GENETICA SI ECOLOGIE UMANA": {"medie": 8.456249999999999, "reusita": 100.0, "cnt": 8}, "ISTORIE": {"medie": 6.255263157894737, "reusita": 85.71428571428571, "cnt": 21}, "FIZICA TEO": {"medie": 6.716666666666666, "reusita": 66.66666666666666, "cnt": 3}, "MATEMATICA ST-NAT": {"medie": 8.86111111111111, "reusita": 94.44444444444444, "cnt": 18}, "LOGICA, ARGUMENTARE SI COMUNICARE": {"medie": 9.4, "reusita": 100.0, "cnt": 1}, "CHIMIE ORGANICA TEO NIVEL I/II": {"medie": 10.0, "reusita": 100.0, "cnt": 1}, "INFORMATICA SN C/C++": {"medie": 7.666666666666668, "reusita": 100.0, "cnt": 6}}, "nume": "LICEUL TEORETIC \"BOGDAN VODA\", HALAUCESTI\tIa\u0219i"}