{"specializari": {"LICEU CU PROGRAM SPORTIV": 69}, "limba_moderna": {"LIMBA ENGLEZA": 69}, "limba_materna": {"LIMBA ROMANA": 69}, "promotie_anterioara": {"NU": 58, "DA": 11}, "materii": {"LIMBA ROMANA": {"medie": 5.9125, "reusita": 82.6086956521739, "cnt": 69}, "GENERAL": {"medie": 6.409677419354838, "reusita": 63.76811594202898, "cnt": 69}, "GEOGRAFIE": {"medie": 7.017307692307692, "reusita": 82.75862068965517, "cnt": 29}, "ISTORIE": {"medie": 6.007812500000001, "reusita": 85.5072463768116, "cnt": 69}, "LOGICA, ARGUMENTARE SI COMUNICARE": {"medie": 7.408108108108107, "reusita": 80.0, "cnt": 40}}, "nume": "LICEUL CU PROGRAM SPORTIV, MUN. VASLUI\tVaslui"}