{"specializari": {"TEHNICIAN IN ACTIVITATI ECONOMICE": 24, "COAFOR STILIST": 3, "ORGANIZATOR BANQUETING": 1}, "limba_moderna": {"LIMBA ENGLEZA": 28}, "limba_materna": {"LIMBA ROMANA": 28}, "promotie_anterioara": {"NU": 18, "DA": 10}, "materii": {"LIMBA ROMANA": {"medie": 5.417391304347827, "reusita": 64.28571428571429, "cnt": 28}, "MATEMATICA TEHN": {"medie": 5.265909090909091, "reusita": 60.71428571428571, "cnt": 28}, "GENERAL": {"medie": 5.669166666666667, "reusita": 32.142857142857146, "cnt": 28}, "GEOGRAFIE": {"medie": 5.759090909090909, "reusita": 53.57142857142857, "cnt": 28}}, "nume": "LICEUL TEHNOLOGIC UCECOM \"SPIRU HARET\" TIMISOARA\tTimi\u0219"}