{"specializari": {"FILOLOGIE": 29, "MATEMATICA-INFORMATICA": 57, "STIINTE ALE NATURII": 61}, "limba_moderna": {"LIMBA ENGLEZA": 128, "LIMBA FRANCEZA": 19}, "limba_materna": {"LIMBA ROMANA": 147}, "promotie_anterioara": {"NU": 144, "DA": 3}, "materii": {"LIMBA ROMANA": {"medie": 7.682312925170069, "reusita": 98.63945578231292, "cnt": 147}, "GENERAL": {"medie": 8.041954022988508, "reusita": 94.5578231292517, "cnt": 147}, "MATEMATICA MATE-INFO": {"medie": 7.791071428571427, "reusita": 96.49122807017544, "cnt": 57}, "INFORMATICA MI C/C++": {"medie": 7.970588235294118, "reusita": 100.0, "cnt": 17}, "GEOGRAFIE": {"medie": 8.507894736842106, "reusita": 100.0, "cnt": 19}, "ANATOMIE SI FIZIOLOGIE UMANA, GENETICA SI ECOLOGIE UMANA": {"medie": 8.70235294117647, "reusita": 98.83720930232558, "cnt": 86}, "ISTORIE": {"medie": 7.877586206896552, "reusita": 96.55172413793103, "cnt": 29}, "FIZICA TEO": {"medie": 6.738888888888888, "reusita": 100.0, "cnt": 9}, "MATEMATICA ST-NAT": {"medie": 8.231666666666667, "reusita": 96.72131147540983, "cnt": 61}, "LOGICA, ARGUMENTARE SI COMUNICARE": {"medie": 8.31, "reusita": 100.0, "cnt": 10}, "CHIMIE ORGANICA TEO NIVEL I/II": {"medie": 7.050000000000001, "reusita": 100.0, "cnt": 4}, "CHIMIE ANORGANICA TEO NIVEL I/II": {"medie": 7.15, "reusita": 100.0, "cnt": 2}}, "nume": "LICEUL TEORETIC \"DECEBAL\" CONSTANTA\tConstan\u021ba"}