{"specializari": {"FILOLOGIE": 53, "STIINTE SOCIALE": 29, "STIINTE ALE NATURII": 29, "MATEMATICA-INFORMATICA": 24}, "limba_moderna": {"LIMBA ENGLEZA": 124, "LIMBA FRANCEZA": 11}, "limba_materna": {"LIMBA ROMANA": 135}, "promotie_anterioara": {"NU": 126, "DA": 9}, "materii": {"LIMBA ROMANA": {"medie": 7.760074626865673, "reusita": 95.55555555555556, "cnt": 135}, "BIOLOGIE VEGETALA SI ANIMALA": {"medie": 9.5, "reusita": 100.0, "cnt": 1}, "GENERAL": {"medie": 7.591417910447763, "reusita": 84.44444444444444, "cnt": 135}, "MATEMATICA MATE-INFO": {"medie": 6.464583333333334, "reusita": 91.66666666666666, "cnt": 24}, "GEOGRAFIE": {"medie": 8.170930232558137, "reusita": 97.72727272727273, "cnt": 44}, "ANATOMIE SI FIZIOLOGIE UMANA, GENETICA SI ECOLOGIE UMANA": {"medie": 7.637, "reusita": 94.0, "cnt": 50}, "ISTORIE": {"medie": 7.396296296296298, "reusita": 96.34146341463415, "cnt": 82}, "FIZICA TEO": {"medie": 7.7, "reusita": 100.0, "cnt": 2}, "MATEMATICA ST-NAT": {"medie": 7.146551724137932, "reusita": 79.3103448275862, "cnt": 29}, "LOGICA, ARGUMENTARE SI COMUNICARE": {"medie": 7.589062499999999, "reusita": 93.75, "cnt": 32}, "SOCIOLOGIE": {"medie": 8.129999999999999, "reusita": 100.0, "cnt": 5}, "PSIHOLOGIE": {"medie": 8.8, "reusita": 100.0, "cnt": 1}}, "nume": "LICEUL TEORETIC \"TUDOR ARGHEZI\" CRAIOVA\tDolj"}