{"specializari": {"TEHNICIAN MECANIC PENTRU INTRETINERE SI REPARATII": 1, "TEHNICIAN ELECTROTEHNIST": 24, "MATEMATICA-INFORMATICA": 37, "TEHNICIAN ELECTRONIST": 1}, "limba_moderna": {"LIMBA ENGLEZA": 56, "LIMBA FRANCEZA": 7}, "limba_materna": {"LIMBA ROMANA": 63}, "promotie_anterioara": {"DA": 27, "NU": 36}, "materii": {"LIMBA ROMANA": {"medie": 5.690384615384616, "reusita": 65.07936507936508, "cnt": 63}, "MATEMATICA TEHN": {"medie": 5.1527777777777795, "reusita": 53.84615384615385, "cnt": 26}, "BIOLOGIE VEGETALA SI ANIMALA": {"medie": 5.958333333333335, "reusita": 71.42857142857143, "cnt": 14}, "GENERAL": {"medie": 5.371180555555555, "reusita": 20.634920634920633, "cnt": 63}, "MATEMATICA MATE-INFO": {"medie": 4.5661764705882355, "reusita": 48.64864864864865, "cnt": 37}, "ANATOMIE SI FIZIOLOGIE UMANA, GENETICA SI ECOLOGIE UMANA": {"medie": 4.775806451612904, "reusita": 38.095238095238095, "cnt": 42}, "CHIMIE ANORGANICA TEO NIVEL I/II": {"medie": 7.3500000000000005, "reusita": 85.71428571428571, "cnt": 7}}, "nume": "LICEUL TEHNOLOGIC NR.1 SUNCUIUS\tBihor"}