{"specializari": {"FILOLOGIE": 28, "TEHNICIAN IN INDUSTRIA TEXTILA": 19, "MATEMATICA-INFORMATICA": 38, "TEHNICIAN OPERATOR TEHNICA DE CALCUL": 32, "TEHNICIAN IN PRELUCRAREA LEMNULUI": 15, "TEHNICIAN IN CONSTRUCTII SI LUCRARI PUBLICE": 4}, "limba_moderna": {"LIMBA ENGLEZA": 126, "LIMBA FRANCEZA": 10}, "limba_materna": {"LIMBA MAGHIARA": 49, "LIMBA ROMANA": 87}, "promotie_anterioara": {"NU": 115, "DA": 21}, "materii": {"LIMBA ROMANA": {"medie": 5.8872950819672125, "reusita": 68.38235294117648, "cnt": 136}, "MATEMATICA TEHN": {"medie": 3.979310344827587, "reusita": 35.714285714285715, "cnt": 70}, "BIOLOGIE VEGETALA SI ANIMALA": {"medie": 4.621093749999999, "reusita": 33.33333333333333, "cnt": 78}, "GENERAL": {"medie": 6.016176470588234, "reusita": 38.970588235294116, "cnt": 136}, "MATEMATICA MATE-INFO": {"medie": 7.08108108108108, "reusita": 84.21052631578947, "cnt": 38}, "INFORMATICA MI C/C++": {"medie": 9.095, "reusita": 100.0, "cnt": 10}, "GEOGRAFIE": {"medie": 6.372727272727272, "reusita": 73.91304347826086, "cnt": 23}, "ANATOMIE SI FIZIOLOGIE UMANA, GENETICA SI ECOLOGIE UMANA": {"medie": 8.971052631578948, "reusita": 95.0, "cnt": 20}, "ISTORIE": {"medie": 6.774074074074075, "reusita": 78.57142857142857, "cnt": 28}, "SOCIOLOGIE": {"medie": 8.0, "reusita": 100.0, "cnt": 2}, "PSIHOLOGIE": {"medie": 7.633333333333333, "reusita": 100.0, "cnt": 3}, "LIMBA MAGHIARA (REAL)": {"medie": 6.720588235294117, "reusita": 77.14285714285715, "cnt": 35}, "LIMBA MAGHIARA (UMAN)": {"medie": 6.9071428571428575, "reusita": 100.0, "cnt": 14}}, "nume": "LICEUL TEHNOLOGIC \"GHEORGHE POP DE BASESTI\" CEHU SILVANIEI\tS\u0103laj"}