{"specializari": {"TEHNICIAN OPERATOR TEHNICA DE CALCUL": 23, "TEHNICIAN IN GASTRONOMIE": 17, "LICEU CU PROGRAM SPORTIV": 41}, "limba_moderna": {"LIMBA ENGLEZA": 65, "LIMBA SPANIOLA": 16}, "limba_materna": {"LIMBA ROMANA": 81}, "promotie_anterioara": {"DA": 43, "NU": 38}, "materii": {"LIMBA ROMANA": {"medie": 4.895205479452056, "reusita": 58.0246913580247, "cnt": 81}, "MATEMATICA TEHN": {"medie": 5.0815789473684205, "reusita": 65.0, "cnt": 40}, "BIOLOGIE VEGETALA SI ANIMALA": {"medie": 4.597619047619048, "reusita": 43.47826086956522, "cnt": 23}, "GENERAL": {"medie": 5.337037037037037, "reusita": 22.22222222222222, "cnt": 81}, "GEOGRAFIE": {"medie": 6.65090909090909, "reusita": 93.10344827586206, "cnt": 58}, "ISTORIE": {"medie": 4.944871794871794, "reusita": 63.41463414634146, "cnt": 41}}, "nume": "LICEUL TEHNOLOGIC \"DOAMNA CHIAJNA\" ROSU - CHIAJNA\tIlfov"}