{"specializari": {"TEHNICIAN IN AGRICULTURA": 13, "STIINTE ALE NATURII": 38, "STIINTE SOCIALE": 29, "TEHNICIAN IN PRELUCRAREA LEMNULUI": 2, "TEHNICIAN ECOLOG SI PROTECTIA CALITATII MEDIULUI": 32, "TEHNICIAN VETERINAR": 1}, "limba_moderna": {"LIMBA ENGLEZA": 107, "LIMBA FRANCEZA": 8}, "limba_materna": {"LIMBA ROMANA": 115}, "promotie_anterioara": {"NU": 110, "DA": 5}, "materii": {"LIMBA ROMANA": {"medie": 6.189090909090912, "reusita": 75.65217391304347, "cnt": 115}, "MATEMATICA TEHN": {"medie": 4.990909090909091, "reusita": 52.083333333333336, "cnt": 48}, "GENERAL": {"medie": 6.569003115264796, "reusita": 59.130434782608695, "cnt": 115}, "FIZICA TEH": {"medie": 4.716666666666666, "reusita": 50.0, "cnt": 6}, "ANATOMIE SI FIZIOLOGIE UMANA, GENETICA SI ECOLOGIE UMANA": {"medie": 6.7534246575342465, "reusita": 70.88607594936708, "cnt": 79}, "ISTORIE": {"medie": 7.077777777777777, "reusita": 93.10344827586206, "cnt": 29}, "FIZICA TEO": {"medie": 9.35, "reusita": 100.0, "cnt": 1}, "MATEMATICA ST-NAT": {"medie": 7.695833333333334, "reusita": 86.8421052631579, "cnt": 38}, "LOGICA, ARGUMENTARE SI COMUNICARE": {"medie": 8.185185185185183, "reusita": 86.20689655172413, "cnt": 29}}, "nume": "LICEUL TEHNOLOGIC \"NICOLAE BALCESCU\" FLAMANZI\tBoto\u0219ani"}