{"specializari": {"TEHNICIAN TRANSPORTURI": 3, "LICEU CU PROGRAM SPORTIV": 12, "TEHNICIAN ELECTRICIAN/ELECTRONIST AUTO": 3}, "limba_moderna": {"LIMBA ENGLEZA": 18}, "limba_materna": {"LIMBA ROMANA": 18}, "promotie_anterioara": {"NU": 12, "DA": 6}, "materii": {"LIMBA ROMANA": {"medie": 4.058333333333334, "reusita": 44.44444444444444, "cnt": 18}, "MATEMATICA TEHN": {"medie": 5.26, "reusita": 66.66666666666666, "cnt": 6}, "BIOLOGIE VEGETALA SI ANIMALA": {"medie": 4.4750000000000005, "reusita": 40.0, "cnt": 5}, "GENERAL": {"medie": 4.991176470588235, "reusita": 16.666666666666664, "cnt": 18}, "GEOGRAFIE": {"medie": 5.954166666666667, "reusita": 83.33333333333334, "cnt": 12}, "FIZICA TEH": {"medie": 2.7, "reusita": 0.0, "cnt": 1}, "ISTORIE": {"medie": 5.370833333333333, "reusita": 66.66666666666666, "cnt": 12}}, "nume": "LICEUL TEHNOLOGIC TRANSPORTURI AUTO CALARASI\tC\u0103l\u0103ra\u0219i"}