{"specializari": {"STIINTE ALE NATURII": 20, "TEOLOGIE UNITARIANA": 28}, "limba_moderna": {"LIMBA ENGLEZA": 40, "LIMBA GERMANA MODERNA": 8}, "limba_materna": {"LIMBA MAGHIARA": 48}, "promotie_anterioara": {"NU": 38, "DA": 10}, "materii": {"LIMBA ROMANA": {"medie": 4.863829787234043, "reusita": 64.58333333333334, "cnt": 48}, "BIOLOGIE VEGETALA SI ANIMALA": {"medie": 6.044444444444444, "reusita": 77.77777777777779, "cnt": 9}, "GENERAL": {"medie": 6.193244680851063, "reusita": 47.91666666666667, "cnt": 48}, "GEOGRAFIE": {"medie": 6.917857142857144, "reusita": 96.42857142857143, "cnt": 28}, "ANATOMIE SI FIZIOLOGIE UMANA, GENETICA SI ECOLOGIE UMANA": {"medie": 7.7299999999999995, "reusita": 90.0, "cnt": 10}, "ISTORIE": {"medie": 5.92857142857143, "reusita": 89.28571428571429, "cnt": 28}, "MATEMATICA ST-NAT": {"medie": 5.819999999999999, "reusita": 75.0, "cnt": 20}, "LIMBA MAGHIARA (REAL)": {"medie": 6.950625, "reusita": 97.91666666666666, "cnt": 48}, "CHIMIE ORGANICA TEO NIVEL I/II": {"medie": 5.3, "reusita": 100.0, "cnt": 1}}, "nume": "LICEUL TEOLOGIC UNITARIAN \"BERDE MOZES\" CRISTURU SECUIESC\tHarghita"}