{"specializari": {"ARTE PLASTICE SI DECORATIVE": 38, "ARHITECTURA, ARTE AMBIENTALE SI DESIGN": 28}, "limba_moderna": {"LIMBA ENGLEZA": 66}, "limba_materna": {"LIMBA ROMANA": 66}, "promotie_anterioara": {"NU": 55, "DA": 11}, "materii": {"LIMBA ROMANA": {"medie": 7.309230769230771, "reusita": 89.39393939393939, "cnt": 66}, "GENERAL": {"medie": 7.058072916666667, "reusita": 75.75757575757575, "cnt": 66}, "GEOGRAFIE": {"medie": 7.578846153846154, "reusita": 92.45283018867924, "cnt": 53}, "ISTORIE": {"medie": 6.4376923076923065, "reusita": 90.9090909090909, "cnt": 66}, "LOGICA, ARGUMENTARE SI COMUNICARE": {"medie": 6.344444444444445, "reusita": 66.66666666666666, "cnt": 9}, "PSIHOLOGIE": {"medie": 7.5, "reusita": 100.0, "cnt": 4}}, "nume": "LICEUL DE ARTE PLASTICE TIMISOARA\tTimi\u0219"}