{"specializari": {"STIINTE ALE NATURII": 37, "MATEMATICA-INFORMATICA": 18, "FILOLOGIE": 54, "TEHNICIAN DESIGNER VESTIMENTAR": 28, "TEHNICIAN IN INDUSTRIA TEXTILA": 22}, "limba_moderna": {"LIMBA ENGLEZA": 141, "LIMBA FRANCEZA": 18}, "limba_materna": {"LIMBA ROMANA": 159}, "promotie_anterioara": {"NU": 135, "DA": 24}, "materii": {"LIMBA ROMANA": {"medie": 6.526582278481012, "reusita": 96.22641509433963, "cnt": 159}, "MATEMATICA TEHN": {"medie": 6.51530612244898, "reusita": 84.0, "cnt": 50}, "BIOLOGIE VEGETALA SI ANIMALA": {"medie": 5.57121212121212, "reusita": 63.888888888888886, "cnt": 36}, "GENERAL": {"medie": 6.8400219298245615, "reusita": 71.69811320754717, "cnt": 159}, "MATEMATICA MATE-INFO": {"medie": 6.788888888888888, "reusita": 100.0, "cnt": 18}, "INFORMATICA MI C/C++": {"medie": 7.3999999999999995, "reusita": 100.0, "cnt": 2}, "GEOGRAFIE": {"medie": 8.520833333333332, "reusita": 100.0, "cnt": 12}, "FIZICA TEH": {"medie": 5.0, "reusita": 100.0, "cnt": 1}, "ANATOMIE SI FIZIOLOGIE UMANA, GENETICA SI ECOLOGIE UMANA": {"medie": 7.985185185185185, "reusita": 96.42857142857143, "cnt": 28}, "ISTORIE": {"medie": 7.441666666666665, "reusita": 100.0, "cnt": 54}, "FIZICA TEO": {"medie": 6.516666666666667, "reusita": 100.0, "cnt": 3}, "MATEMATICA ST-NAT": {"medie": 7.337878787878788, "reusita": 78.37837837837837, "cnt": 37}, "LOGICA, ARGUMENTARE SI COMUNICARE": {"medie": 7.81184210526316, "reusita": 97.36842105263158, "cnt": 38}, "SOCIOLOGIE": {"medie": 4.525, "reusita": 50.0, "cnt": 4}, "CHIMIE ORGANICA TEO NIVEL I/II": {"medie": 7.093749999999999, "reusita": 87.5, "cnt": 16}, "CHIMIE ANORGANICA TEO NIVEL I/II": {"medie": 6.5, "reusita": 100.0, "cnt": 1}, "CHIMIE ORGANICA TEH NIVEL I/II": {"medie": 5.175000000000001, "reusita": 72.22222222222221, "cnt": 18}}, "nume": "LICEUL TEORETIC \"SFANTA MARIA\", LOCALITATEA GALATI\tGala\u021bi"}