{"specializari": {"MATEMATICA-INFORMATICA": 98, "FILOLOGIE": 99, "STIINTE ALE NATURII": 10, "TEHNICIAN ELECTROMECANIC": 1}, "limba_moderna": {"LIMBA ENGLEZA": 197, "LIMBA FRANCEZA": 11}, "limba_materna": {"LIMBA ROMANA": 208}, "promotie_anterioara": {"NU": 179, "DA": 29}, "materii": {"LIMBA ROMANA": {"medie": 7.2027500000000035, "reusita": 95.1923076923077, "cnt": 208}, "MATEMATICA TEHN": {"medie": 5.0, "reusita": 100.0, "cnt": 1}, "BIOLOGIE VEGETALA SI ANIMALA": {"medie": 6.251785714285714, "reusita": 70.58823529411765, "cnt": 34}, "GENERAL": {"medie": 7.5014455782312845, "reusita": 81.73076923076923, "cnt": 208}, "MATEMATICA MATE-INFO": {"medie": 6.848453608247421, "reusita": 88.77551020408163, "cnt": 98}, "INFORMATICA MI C/C++": {"medie": 6.789285714285716, "reusita": 92.85714285714286, "cnt": 28}, "GEOGRAFIE": {"medie": 8.802631578947368, "reusita": 100.0, "cnt": 38}, "ANATOMIE SI FIZIOLOGIE UMANA, GENETICA SI ECOLOGIE UMANA": {"medie": 7.854838709677419, "reusita": 90.9090909090909, "cnt": 33}, "ISTORIE": {"medie": 8.35909090909091, "reusita": 100.0, "cnt": 99}, "FIZICA TEO": {"medie": 7.262499999999999, "reusita": 91.66666666666666, "cnt": 12}, "MATEMATICA ST-NAT": {"medie": 1.8833333333333335, "reusita": 0.0, "cnt": 10}, "LOGICA, ARGUMENTARE SI COMUNICARE": {"medie": 8.157142857142857, "reusita": 100.0, "cnt": 14}, "SOCIOLOGIE": {"medie": 8.09736842105263, "reusita": 100.0, "cnt": 38}, "PSIHOLOGIE": {"medie": 7.93, "reusita": 100.0, "cnt": 5}, "ECONOMIE": {"medie": 6.65, "reusita": 100.0, "cnt": 1}, "CHIMIE ANORGANICA TEO NIVEL I/II": {"medie": 6.35, "reusita": 50.0, "cnt": 2}, "FILOSOFIE": {"medie": 5.683333333333333, "reusita": 66.66666666666666, "cnt": 3}}, "nume": "LICEUL TEORETIC \"GEORGE CALINESCU\"\tBucure\u0219ti"}