{"specializari": {"MATEMATICA-INFORMATICA": 118, "FILOLOGIE": 67, "STIINTE ALE NATURII": 36}, "limba_moderna": {"LIMBA FRANCEZA": 49, "LIMBA ENGLEZA": 172}, "limba_materna": {"LIMBA ROMANA": 221}, "promotie_anterioara": {"DA": 52, "NU": 169}, "materii": {"LIMBA ROMANA": {"medie": 6.183944954128441, "reusita": 83.2579185520362, "cnt": 221}, "BIOLOGIE VEGETALA SI ANIMALA": {"medie": 7.35, "reusita": 100.0, "cnt": 1}, "GENERAL": {"medie": 6.477151799687014, "reusita": 56.56108597285068, "cnt": 221}, "MATEMATICA MATE-INFO": {"medie": 5.333913043478261, "reusita": 61.86440677966102, "cnt": 118}, "GEOGRAFIE": {"medie": 8.069402985074626, "reusita": 95.52238805970148, "cnt": 67}, "ANATOMIE SI FIZIOLOGIE UMANA, GENETICA SI ECOLOGIE UMANA": {"medie": 6.943430656934305, "reusita": 88.48920863309353, "cnt": 139}, "ISTORIE": {"medie": 6.8659090909090885, "reusita": 86.56716417910447, "cnt": 67}, "FIZICA TEO": {"medie": 7.918181818181819, "reusita": 100.0, "cnt": 11}, "MATEMATICA ST-NAT": {"medie": 6.007142857142855, "reusita": 75.0, "cnt": 36}, "CHIMIE ORGANICA TEO NIVEL I/II": {"medie": 7.599999999999999, "reusita": 66.66666666666666, "cnt": 3}}, "nume": "LICEUL TEORETIC \"IANCU C VISSARION\" TITU\tD\u00e2mbovi\u021ba"}