{"specializari": {"STIINTE ALE NATURII": 78, "MATEMATICA-INFORMATICA": 39, "FILOLOGIE": 57, "TEHNICIAN IN ACTIVITATI ECONOMICE": 31, "ORGANIZATOR BANQUETING": 1, "LICEU CU PROGRAM SPORTIV": 1}, "limba_moderna": {"LIMBA ENGLEZA": 182, "LIMBA FRANCEZA": 22, "LIMBA GERMANA MODERNA": 3}, "limba_materna": {"LIMBA ROMANA": 207}, "promotie_anterioara": {"NU": 168, "DA": 39}, "materii": {"LIMBA ROMANA": {"medie": 6.74150485436893, "reusita": 94.68599033816425, "cnt": 207}, "MATEMATICA TEHN": {"medie": 7.703225806451612, "reusita": 96.875, "cnt": 32}, "BIOLOGIE VEGETALA SI ANIMALA": {"medie": 5.300000000000001, "reusita": 50.0, "cnt": 2}, "GENERAL": {"medie": 6.87918699186992, "reusita": 68.59903381642512, "cnt": 207}, "MATEMATICA MATE-INFO": {"medie": 5.832051282051281, "reusita": 76.92307692307693, "cnt": 39}, "INFORMATICA MI C/C++": {"medie": 5.875, "reusita": 50.0, "cnt": 2}, "GEOGRAFIE": {"medie": 7.685810810810812, "reusita": 94.66666666666667, "cnt": 75}, "ANATOMIE SI FIZIOLOGIE UMANA, GENETICA SI ECOLOGIE UMANA": {"medie": 7.2573394495412895, "reusita": 97.27272727272728, "cnt": 110}, "ISTORIE": {"medie": 6.83706896551724, "reusita": 96.55172413793103, "cnt": 58}, "FIZICA TEO": {"medie": 7.1, "reusita": 100.0, "cnt": 2}, "MATEMATICA ST-NAT": {"medie": 6.084615384615385, "reusita": 78.2051282051282, "cnt": 78}, "SOCIOLOGIE": {"medie": 7.179166666666667, "reusita": 91.66666666666666, "cnt": 12}, "ECONOMIE": {"medie": 8.4, "reusita": 100.0, "cnt": 1}, "CHIMIE ORGANICA TEO NIVEL I/II": {"medie": 9.5, "reusita": 100.0, "cnt": 1}, "FILOSOFIE": {"medie": 7.9, "reusita": 100.0, "cnt": 2}}, "nume": "LICEUL TEORETIC \"BOGDAN VODA\" VISEU DE SUS\tMaramure\u0219"}