{"specializari": {"LICEU CU PROGRAM SPORTIV": 52}, "limba_moderna": {"LIMBA ENGLEZA": 52}, "limba_materna": {"LIMBA ROMANA": 52}, "promotie_anterioara": {"NU": 45, "DA": 7}, "materii": {"LIMBA ROMANA": {"medie": 7.085999999999999, "reusita": 92.3076923076923, "cnt": 52}, "GENERAL": {"medie": 7.212999999999998, "reusita": 76.92307692307693, "cnt": 52}, "GEOGRAFIE": {"medie": 7.776923076923077, "reusita": 86.66666666666667, "cnt": 15}, "ISTORIE": {"medie": 6.89019607843137, "reusita": 90.38461538461539, "cnt": 52}, "LOGICA, ARGUMENTARE SI COMUNICARE": {"medie": 7.571621621621622, "reusita": 89.1891891891892, "cnt": 37}}, "nume": "LICEUL CU PROGRAM SPORTIV ALBA IULIA\tAlba"}