{"specializari": {"ARHITECTURA, ARTE AMBIENTALE SI DESIGN": 13, "ARTE PLASTICE SI DECORATIVE": 21, "MUZICA": 32}, "limba_moderna": {"LIMBA ENGLEZA": 54, "LIMBA GERMANA MODERNA": 12}, "limba_materna": {"LIMBA MAGHIARA": 66}, "promotie_anterioara": {"NU": 56, "DA": 10}, "materii": {"LIMBA ROMANA": {"medie": 5.110606060606064, "reusita": 66.66666666666666, "cnt": 66}, "GENERAL": {"medie": 6.4251923076923045, "reusita": 56.060606060606055, "cnt": 66}, "GEOGRAFIE": {"medie": 6.974999999999999, "reusita": 96.7741935483871, "cnt": 62}, "ISTORIE": {"medie": 6.3500000000000005, "reusita": 92.42424242424242, "cnt": 66}, "PSIHOLOGIE": {"medie": 6.4625, "reusita": 100.0, "cnt": 4}, "LIMBA MAGHIARA (REAL)": {"medie": 7.2169230769230746, "reusita": 98.48484848484848, "cnt": 66}}, "nume": "LICEUL DE ARTE \"NAGY ISTVAN\" MIERCUREA CIUC\tHarghita"}