{"specializari": {"TEHNICIAN IN ACTIVITATI ECONOMICE": 21}, "limba_moderna": {"LIMBA ENGLEZA": 19, "LIMBA FRANCEZA": 2}, "limba_materna": {"LIMBA ROMANA": 21}, "promotie_anterioara": {"NU": 17, "DA": 4}, "materii": {"LIMBA ROMANA": {"medie": 6.8428571428571425, "reusita": 95.23809523809523, "cnt": 21}, "MATEMATICA TEHN": {"medie": 7.2976190476190474, "reusita": 90.47619047619048, "cnt": 21}, "GENERAL": {"medie": 7.175396825396824, "reusita": 80.95238095238095, "cnt": 21}, "GEOGRAFIE": {"medie": 7.385714285714285, "reusita": 95.23809523809523, "cnt": 21}}, "nume": "LICEUL TEHNOLOGIC VINGA\tArad"}