{"specializari": {"TEOLOGIE BAPTISTA": 31, "MATEMATICA-INFORMATICA": 26}, "limba_moderna": {"LIMBA ENGLEZA": 57}, "limba_materna": {"LIMBA ROMANA": 57}, "promotie_anterioara": {"NU": 53, "DA": 4}, "materii": {"LIMBA ROMANA": {"medie": 7.846363636363637, "reusita": 96.49122807017544, "cnt": 57}, "BIOLOGIE VEGETALA SI ANIMALA": {"medie": 7.666666666666667, "reusita": 100.0, "cnt": 3}, "GENERAL": {"medie": 7.8197530864197535, "reusita": 87.71929824561403, "cnt": 57}, "MATEMATICA MATE-INFO": {"medie": 7.401923076923075, "reusita": 96.15384615384616, "cnt": 26}, "INFORMATICA MI C/C++": {"medie": 7.17857142857143, "reusita": 85.71428571428571, "cnt": 7}, "GEOGRAFIE": {"medie": 7.857142857142857, "reusita": 90.32258064516128, "cnt": 31}, "ANATOMIE SI FIZIOLOGIE UMANA, GENETICA SI ECOLOGIE UMANA": {"medie": 8.906666666666666, "reusita": 100.0, "cnt": 15}, "ISTORIE": {"medie": 7.46333333333333, "reusita": 96.7741935483871, "cnt": 31}, "CHIMIE ORGANICA TEO NIVEL I/II": {"medie": 10.0, "reusita": 100.0, "cnt": 1}}, "nume": "LICEUL TEOLOGIC BAPTIST TIMISOARA\tTimi\u0219"}