{"specializari": {"FILOLOGIE": 32, "STIINTE SOCIALE": 26, "STIINTE ALE NATURII": 28, "MATEMATICA-INFORMATICA": 21}, "limba_moderna": {"LIMBA ENGLEZA": 103, "LIMBA FRANCEZA": 4}, "limba_materna": {"LIMBA ROMANA": 107}, "promotie_anterioara": {"NU": 103, "DA": 4}, "materii": {"LIMBA ROMANA": {"medie": 6.835377358490565, "reusita": 92.5233644859813, "cnt": 107}, "BIOLOGIE VEGETALA SI ANIMALA": {"medie": 7.75, "reusita": 100.0, "cnt": 1}, "GENERAL": {"medie": 7.203616352201255, "reusita": 76.63551401869158, "cnt": 107}, "MATEMATICA MATE-INFO": {"medie": 7.023809523809524, "reusita": 90.47619047619048, "cnt": 21}, "INFORMATICA MI C/C++": {"medie": 8.875, "reusita": 100.0, "cnt": 2}, "GEOGRAFIE": {"medie": 8.036585365853657, "reusita": 90.47619047619048, "cnt": 42}, "ANATOMIE SI FIZIOLOGIE UMANA, GENETICA SI ECOLOGIE UMANA": {"medie": 8.055813953488375, "reusita": 93.02325581395348, "cnt": 43}, "ISTORIE": {"medie": 6.634210526315789, "reusita": 89.65517241379311, "cnt": 58}, "MATEMATICA ST-NAT": {"medie": 7.755357142857143, "reusita": 92.85714285714286, "cnt": 28}, "SOCIOLOGIE": {"medie": 5.736666666666666, "reusita": 93.33333333333333, "cnt": 15}, "FILOSOFIE": {"medie": 8.35, "reusita": 100.0, "cnt": 1}, "INFORMATICA SN C/C++": {"medie": 9.200000000000001, "reusita": 100.0, "cnt": 3}}, "nume": "LICEUL TEORETIC \"VASILE ALECSANDRI\", COMUNA SABAOANI\tNeam\u021b"}