{"specializari": {"TEHNICIAN IN ACTIVITATI ECONOMICE": 58, "MATEMATICA-INFORMATICA": 30, "TEHNICIAN IN TURISM": 23, "TEHNICIAN IN ACHIZITII SI CONTRACTARI": 26, "ORGANIZATOR BANQUETING": 1}, "limba_moderna": {"LIMBA ENGLEZA": 138}, "limba_materna": {"LIMBA ROMANA": 138}, "promotie_anterioara": {"DA": 16, "NU": 122}, "materii": {"LIMBA ROMANA": {"medie": 6.469548872180457, "reusita": 81.88405797101449, "cnt": 138}, "MATEMATICA TEHN": {"medie": 5.81747572815534, "reusita": 70.37037037037037, "cnt": 108}, "GENERAL": {"medie": 6.363695090439276, "reusita": 57.2463768115942, "cnt": 138}, "MATEMATICA MATE-INFO": {"medie": 4.691071428571427, "reusita": 63.33333333333333, "cnt": 30}, "GEOGRAFIE": {"medie": 6.762019230769231, "reusita": 86.11111111111111, "cnt": 108}, "ANATOMIE SI FIZIOLOGIE UMANA, GENETICA SI ECOLOGIE UMANA": {"medie": 7.728571428571429, "reusita": 93.33333333333333, "cnt": 30}}, "nume": "LICEUL ECONOMIC NASAUD\tBistri\u021ba-N\u0103s\u0103ud"}