{"specializari": {"LICEU CU PROGRAM SPORTIV": 59}, "limba_moderna": {"LIMBA ENGLEZA": 44, "LIMBA FRANCEZA": 15}, "limba_materna": {"LIMBA ROMANA": 59}, "promotie_anterioara": {"NU": 49, "DA": 10}, "materii": {"LIMBA ROMANA": {"medie": 6.471929824561403, "reusita": 79.66101694915254, "cnt": 59}, "GENERAL": {"medie": 6.727083333333334, "reusita": 66.10169491525424, "cnt": 59}, "GEOGRAFIE": {"medie": 7.714285714285715, "reusita": 89.28571428571429, "cnt": 28}, "ISTORIE": {"medie": 6.190350877192982, "reusita": 79.66101694915254, "cnt": 59}, "LOGICA, ARGUMENTARE SI COMUNICARE": {"medie": 7.03888888888889, "reusita": 76.66666666666667, "cnt": 30}, "PSIHOLOGIE": {"medie": 7.7, "reusita": 100.0, "cnt": 1}}, "nume": "LICEUL CU PROGRAM SPORTIV \"PETRACHE TRISCU\" CRAIOVA\tDolj"}