{"specializari": {"ARTE PLASTICE SI DECORATIVE": 50, "MUZICA": 33}, "limba_moderna": {"LIMBA ENGLEZA": 82, "LIMBA FRANCEZA": 1}, "limba_materna": {"LIMBA MAGHIARA": 37, "LIMBA ROMANA": 46}, "promotie_anterioara": {"NU": 77, "DA": 6}, "materii": {"LIMBA ROMANA": {"medie": 6.640740740740742, "reusita": 87.95180722891565, "cnt": 83}, "GENERAL": {"medie": 7.544322916666665, "reusita": 78.3132530120482, "cnt": 83}, "GEOGRAFIE": {"medie": 7.920338983050844, "reusita": 96.66666666666667, "cnt": 60}, "ISTORIE": {"medie": 7.620370370370372, "reusita": 95.18072289156626, "cnt": 83}, "LOGICA, ARGUMENTARE SI COMUNICARE": {"medie": 7.833333333333333, "reusita": 91.66666666666666, "cnt": 12}, "PSIHOLOGIE": {"medie": 8.01875, "reusita": 100.0, "cnt": 8}, "ECONOMIE": {"medie": 6.5, "reusita": 100.0, "cnt": 1}, "LIMBA MAGHIARA (REAL)": {"medie": 8.582432432432432, "reusita": 100.0, "cnt": 37}, "FILOSOFIE": {"medie": 8.175, "reusita": 100.0, "cnt": 2}}, "nume": "LICEUL VOCATIONAL DE ARTA TIRGU MURES\tMure\u0219"}