{"specializari": {"MATEMATICA-INFORMATICA": 33, "FILOLOGIE": 36, "STIINTE SOCIALE": 28}, "limba_moderna": {"LIMBA ENGLEZA": 97}, "limba_materna": {"LIMBA ROMANA": 90, "LIMBA MAGHIARA": 7}, "promotie_anterioara": {"DA": 11, "NU": 86}, "materii": {"LIMBA ROMANA": {"medie": 7.744791666666665, "reusita": 96.90721649484536, "cnt": 97}, "GENERAL": {"medie": 7.884809027777778, "reusita": 89.69072164948454, "cnt": 97}, "MATEMATICA MATE-INFO": {"medie": 8.515151515151516, "reusita": 100.0, "cnt": 33}, "INFORMATICA MI PASCAL": {"medie": 9.258333333333335, "reusita": 100.0, "cnt": 12}, "GEOGRAFIE": {"medie": 7.633333333333333, "reusita": 100.0, "cnt": 6}, "ANATOMIE SI FIZIOLOGIE UMANA, GENETICA SI ECOLOGIE UMANA": {"medie": 8.430555555555555, "reusita": 94.44444444444444, "cnt": 18}, "ISTORIE": {"medie": 7.011718750000002, "reusita": 98.4375, "cnt": 64}, "FIZICA TEO": {"medie": 8.466666666666667, "reusita": 100.0, "cnt": 3}, "LOGICA, ARGUMENTARE SI COMUNICARE": {"medie": 8.14655172413793, "reusita": 96.55172413793103, "cnt": 58}, "LIMBA MAGHIARA (UMAN)": {"medie": 5.6571428571428575, "reusita": 100.0, "cnt": 7}}, "nume": "LICEUL TEORETIC \"ANA IPATESCU\" GHERLA\tCluj"}