{"specializari": {"FILOLOGIE": 10, "STIINTE ALE NATURII": 3}, "limba_moderna": {"LIMBA ENGLEZA": 12, "LIMBA FRANCEZA": 1}, "limba_materna": {"LIMBA ROMANA": 13}, "promotie_anterioara": {"NU": 8, "DA": 5}, "materii": {"LIMBA ROMANA": {"medie": 4.330769230769231, "reusita": 61.53846153846154, "cnt": 13}, "BIOLOGIE VEGETALA SI ANIMALA": {"medie": 3.9333333333333336, "reusita": 66.66666666666666, "cnt": 3}, "GENERAL": {"medie": 4.646153846153846, "reusita": 7.6923076923076925, "cnt": 13}, "GEOGRAFIE": {"medie": 7.05, "reusita": 100.0, "cnt": 1}, "ISTORIE": {"medie": 5.01, "reusita": 60.0, "cnt": 10}, "MATEMATICA ST-NAT": {"medie": 2.533333333333333, "reusita": 33.33333333333333, "cnt": 3}, "PSIHOLOGIE": {"medie": 5.372222222222223, "reusita": 77.77777777777779, "cnt": 9}}, "nume": "LICEUL TEHNOLOGIC SPECIAL \"REGINA ELISABETA\"\tBucure\u0219ti"}