{"specializari": {"FILOLOGIE": 134, "MATEMATICA-INFORMATICA": 57}, "limba_moderna": {"LIMBA ENGLEZA": 166, "LIMBA FRANCEZA": 25}, "limba_materna": {"LIMBA ROMANA": 191}, "promotie_anterioara": {"NU": 136, "DA": 55}, "materii": {"LIMBA ROMANA": {"medie": 5.087903225806453, "reusita": 63.87434554973822, "cnt": 191}, "BIOLOGIE VEGETALA SI ANIMALA": {"medie": 6.365, "reusita": 81.81818181818183, "cnt": 11}, "GENERAL": {"medie": 5.4549242424242435, "reusita": 37.17277486910995, "cnt": 191}, "MATEMATICA MATE-INFO": {"medie": 3.2288461538461535, "reusita": 36.84210526315789, "cnt": 57}, "INFORMATICA MI C/C++": {"medie": 6.95, "reusita": 100.0, "cnt": 1}, "GEOGRAFIE": {"medie": 6.8375, "reusita": 87.5, "cnt": 128}, "ANATOMIE SI FIZIOLOGIE UMANA, GENETICA SI ECOLOGIE UMANA": {"medie": 5.633720930232557, "reusita": 62.22222222222222, "cnt": 45}, "ISTORIE": {"medie": 5.2620155038759675, "reusita": 64.92537313432835, "cnt": 134}, "SOCIOLOGIE": {"medie": 7.966666666666666, "reusita": 75.0, "cnt": 4}, "PSIHOLOGIE": {"medie": 3.85, "reusita": 0.0, "cnt": 2}}, "nume": "LICEUL TEORETIC \"CONSTANTIN NOICA\" ALEXANDRIA\tTeleorman"}