{"specializari": {"LICEU CU PROGRAM SPORTIV": 88, "STIINTE ALE NATURII": 28}, "limba_moderna": {"LIMBA ENGLEZA": 106, "LIMBA FRANCEZA": 10}, "limba_materna": {"LIMBA ROMANA": 116}, "promotie_anterioara": {"NU": 97, "DA": 19}, "materii": {"LIMBA ROMANA": {"medie": 6.003478260869564, "reusita": 86.20689655172413, "cnt": 116}, "GENERAL": {"medie": 6.180733944954127, "reusita": 46.55172413793103, "cnt": 116}, "GEOGRAFIE": {"medie": 7.111363636363637, "reusita": 95.65217391304348, "cnt": 23}, "ANATOMIE SI FIZIOLOGIE UMANA, GENETICA SI ECOLOGIE UMANA": {"medie": 6.782352941176471, "reusita": 94.11764705882352, "cnt": 17}, "ISTORIE": {"medie": 6.347093023255814, "reusita": 82.95454545454545, "cnt": 88}, "MATEMATICA ST-NAT": {"medie": 5.78888888888889, "reusita": 71.42857142857143, "cnt": 28}, "LOGICA, ARGUMENTARE SI COMUNICARE": {"medie": 6.064166666666666, "reusita": 65.625, "cnt": 64}, "PSIHOLOGIE": {"medie": 6.5, "reusita": 100.0, "cnt": 1}, "CHIMIE ORGANICA TEO NIVEL I/II": {"medie": 4.235, "reusita": 30.0, "cnt": 10}, "CHIMIE ANORGANICA TEO NIVEL I/II": {"medie": 5.0, "reusita": 100.0, "cnt": 1}}, "nume": "LICEUL CU PROGRAM SPORTIV, LOCALITATEA GALATI\tGala\u021bi"}