{"specializari": {"TEHNICIAN IN ACTIVITATI DE COMERT": 15}, "limba_moderna": {"LIMBA ENGLEZA": 15}, "limba_materna": {"LIMBA ROMANA": 15}, "promotie_anterioara": {"NU": 13, "DA": 2}, "materii": {"LIMBA ROMANA": {"medie": 5.826666666666667, "reusita": 66.66666666666666, "cnt": 15}, "MATEMATICA TEHN": {"medie": 4.319999999999999, "reusita": 53.333333333333336, "cnt": 15}, "GENERAL": {"medie": 5.409999999999999, "reusita": 26.666666666666668, "cnt": 15}, "GEOGRAFIE": {"medie": 6.083333333333334, "reusita": 73.33333333333333, "cnt": 15}}, "nume": "LICEUL TEHNOLOGIC \"ILIE MACELARIU\" MIERCUREA SIBIULUI\tSibiu"}