{"specializari": {"TEHNICIAN IN INSTALATII ELECTRICE": 34, "TEHNICIAN MECANIC PENTRU INTRETINERE SI REPARATII": 18, "TEHNICIAN IN ADMINISTRATIE": 29, "MATEMATICA-INFORMATICA": 46, "STIINTE ALE NATURII": 50, "TEHNICIAN OPERATOR TEHNICA DE CALCUL": 33, "TEHNICIAN ELECTROTEHNIST": 2, "TEHNICIAN DE TELECOMUNICATII": 1}, "limba_moderna": {"LIMBA FRANCEZA": 30, "LIMBA ENGLEZA": 182, "LIMBA GERMANA MODERNA": 1}, "limba_materna": {"LIMBA ROMANA": 195, "LIMBA MAGHIARA": 18}, "promotie_anterioara": {"NU": 191, "DA": 22}, "materii": {"LIMBA ROMANA": {"medie": 7.013249999999997, "reusita": 88.26291079812206, "cnt": 213}, "MATEMATICA TEHN": {"medie": 6.215384615384613, "reusita": 71.7948717948718, "cnt": 117}, "BIOLOGIE VEGETALA SI ANIMALA": {"medie": 5.132666666666666, "reusita": 50.57471264367817, "cnt": 87}, "GENERAL": {"medie": 7.0562604690117245, "reusita": 65.72769953051643, "cnt": 213}, "MATEMATICA MATE-INFO": {"medie": 8.13804347826087, "reusita": 93.47826086956522, "cnt": 46}, "INFORMATICA MI C/C++": {"medie": 7.968181818181818, "reusita": 95.45454545454545, "cnt": 22}, "GEOGRAFIE": {"medie": 8.119642857142859, "reusita": 96.55172413793103, "cnt": 29}, "ANATOMIE SI FIZIOLOGIE UMANA, GENETICA SI ECOLOGIE UMANA": {"medie": 8.241525423728815, "reusita": 98.30508474576271, "cnt": 59}, "CHIMIE ANORGANICA TEH NIVEL I/II": {"medie": 6.0, "reusita": 100.0, "cnt": 1}, "FIZICA TEO": {"medie": 8.783333333333333, "reusita": 100.0, "cnt": 3}, "MATEMATICA ST-NAT": {"medie": 7.456000000000001, "reusita": 90.0, "cnt": 50}, "LIMBA MAGHIARA (REAL)": {"medie": 8.433333333333332, "reusita": 100.0, "cnt": 18}, "CHIMIE ORGANICA TEO NIVEL I/II": {"medie": 8.954166666666667, "reusita": 100.0, "cnt": 12}}, "nume": "LICEUL TEHNOLOGIC \"PETRU MAIOR\" REGHIN\tMure\u0219"}