{"specializari": {"STIINTE SOCIALE": 13}, "limba_moderna": {"LIMBA ENGLEZA": 13}, "limba_materna": {"LIMBA ROMANA": 13}, "promotie_anterioara": {"NU": 13}, "materii": {"LIMBA ROMANA": {"medie": 6.0346153846153845, "reusita": 92.3076923076923, "cnt": 13}, "GENERAL": {"medie": 6.343589743589744, "reusita": 76.92307692307693, "cnt": 13}, "GEOGRAFIE": {"medie": 7.74, "reusita": 100.0, "cnt": 10}, "ISTORIE": {"medie": 5.988461538461538, "reusita": 100.0, "cnt": 13}, "SOCIOLOGIE": {"medie": 4.566666666666666, "reusita": 33.33333333333333, "cnt": 3}}, "nume": "LICEUL TEORETIC \"DAVID VONIGA\" GIROC\tTimi\u0219"}