{"specializari": {"FILOLOGIE": 49, "MATEMATICA-INFORMATICA": 14, "STIINTE ALE NATURII": 34, "TEHNICIAN PROIECTANT CAD": 1}, "limba_moderna": {"LIMBA ENGLEZA": 86, "LIMBA FRANCEZA": 12}, "limba_materna": {"LIMBA ROMANA": 98}, "promotie_anterioara": {"NU": 91, "DA": 7}, "materii": {"LIMBA ROMANA": {"medie": 7.780612244897959, "reusita": 96.93877551020408, "cnt": 98}, "MATEMATICA TEHN": {"medie": 5.0, "reusita": 100.0, "cnt": 1}, "BIOLOGIE VEGETALA SI ANIMALA": {"medie": 7.628125, "reusita": 88.23529411764706, "cnt": 17}, "GENERAL": {"medie": 7.835567010309279, "reusita": 88.77551020408163, "cnt": 98}, "MATEMATICA MATE-INFO": {"medie": 6.42142857142857, "reusita": 85.71428571428571, "cnt": 14}, "INFORMATICA MI C/C++": {"medie": 6.135714285714285, "reusita": 100.0, "cnt": 7}, "GEOGRAFIE": {"medie": 8.133333333333335, "reusita": 93.33333333333333, "cnt": 15}, "ANATOMIE SI FIZIOLOGIE UMANA, GENETICA SI ECOLOGIE UMANA": {"medie": 8.829166666666667, "reusita": 100.0, "cnt": 12}, "ISTORIE": {"medie": 7.332653061224487, "reusita": 97.95918367346938, "cnt": 49}, "FIZICA TEO": {"medie": 8.260000000000002, "reusita": 100.0, "cnt": 5}, "MATEMATICA ST-NAT": {"medie": 8.783333333333333, "reusita": 97.05882352941177, "cnt": 34}, "LOGICA, ARGUMENTARE SI COMUNICARE": {"medie": 7.556818181818181, "reusita": 95.45454545454545, "cnt": 22}, "SOCIOLOGIE": {"medie": 8.8, "reusita": 100.0, "cnt": 12}, "CHIMIE ORGANICA TEO NIVEL I/II": {"medie": 9.35, "reusita": 100.0, "cnt": 5}, "CHIMIE ANORGANICA TEO NIVEL I/II": {"medie": 8.583333333333334, "reusita": 100.0, "cnt": 3}}, "nume": "LICEUL TEORETIC \"BRANCOVEANU VODA\", ORASUL URLATI\tPrahova"}