{"specializari": {"TEOLOGIE PENTICOSTALA": 23}, "limba_moderna": {"LIMBA ENGLEZA": 23}, "limba_materna": {"LIMBA ROMANA": 23}, "promotie_anterioara": {"NU": 18, "DA": 5}, "materii": {"LIMBA ROMANA": {"medie": 6.586363636363637, "reusita": 91.30434782608695, "cnt": 23}, "GENERAL": {"medie": 6.866666666666667, "reusita": 65.21739130434783, "cnt": 23}, "GEOGRAFIE": {"medie": 6.692857142857142, "reusita": 100.0, "cnt": 7}, "ISTORIE": {"medie": 6.219565217391303, "reusita": 82.6086956521739, "cnt": 23}, "LOGICA, ARGUMENTARE SI COMUNICARE": {"medie": 7.946666666666667, "reusita": 93.75, "cnt": 16}}, "nume": "LICEUL TEOLOGIC PENTICOSTAL \"EMANUEL\"\tBucure\u0219ti"}