{"specializari": {"TEHNICIAN IN TURISM": 11}, "limba_moderna": {"LIMBA ENGLEZA": 11}, "limba_materna": {"LIMBA ROMANA": 11}, "promotie_anterioara": {"DA": 2, "NU": 9}, "materii": {"LIMBA ROMANA": {"medie": 4.9624999999999995, "reusita": 27.27272727272727, "cnt": 11}, "MATEMATICA TEHN": {"medie": 4.233333333333333, "reusita": 18.181818181818183, "cnt": 11}, "GENERAL": {"medie": 5.372222222222221, "reusita": 18.181818181818183, "cnt": 11}, "GEOGRAFIE": {"medie": 6.6, "reusita": 63.63636363636363, "cnt": 11}}, "nume": "LICEUL TEHNOLOGIC \"SAVA BRANCOVICI\" INEU\tArad"}