{"specializari": {"STIINTE SOCIALE": 60, "MATEMATICA-INFORMATICA": 33, "STIINTE ALE NATURII": 47, "FILOLOGIE": 52}, "limba_moderna": {"LIMBA ENGLEZA": 181, "LIMBA FRANCEZA": 11}, "limba_materna": {"LIMBA ROMANA": 192}, "promotie_anterioara": {"NU": 160, "DA": 32}, "materii": {"LIMBA ROMANA": {"medie": 6.025130890052353, "reusita": 92.70833333333334, "cnt": 192}, "BIOLOGIE VEGETALA SI ANIMALA": {"medie": 5.288888888888888, "reusita": 77.77777777777779, "cnt": 9}, "GENERAL": {"medie": 6.3252204585537894, "reusita": 59.375, "cnt": 192}, "MATEMATICA MATE-INFO": {"medie": 4.3677419354838705, "reusita": 48.484848484848484, "cnt": 33}, "INFORMATICA MI C/C++": {"medie": 5.014285714285714, "reusita": 50.0, "cnt": 8}, "GEOGRAFIE": {"medie": 8.222413793103447, "reusita": 100.0, "cnt": 29}, "ANATOMIE SI FIZIOLOGIE UMANA, GENETICA SI ECOLOGIE UMANA": {"medie": 5.710909090909093, "reusita": 75.0, "cnt": 56}, "ISTORIE": {"medie": 7.16964285714286, "reusita": 96.42857142857143, "cnt": 112}, "FIZICA TEO": {"medie": 6.4, "reusita": 100.0, "cnt": 1}, "MATEMATICA ST-NAT": {"medie": 5.33936170212766, "reusita": 61.702127659574465, "cnt": 47}, "LOGICA, ARGUMENTARE SI COMUNICARE": {"medie": 7.581250000000002, "reusita": 95.83333333333334, "cnt": 24}, "SOCIOLOGIE": {"medie": 6.651754385964911, "reusita": 94.73684210526315, "cnt": 57}, "PSIHOLOGIE": {"medie": 8.075, "reusita": 100.0, "cnt": 2}, "CHIMIE ORGANICA TEO NIVEL I/II": {"medie": 9.25, "reusita": 100.0, "cnt": 2}, "CHIMIE ANORGANICA TEO NIVEL I/II": {"medie": 8.0, "reusita": 100.0, "cnt": 1}, "INFORMATICA SN C/C++": {"medie": 6.349999999999999, "reusita": 100.0, "cnt": 3}}, "nume": "LICEUL TEORETIC \"C-TIN BRANCOVEANU\"\tBucure\u0219ti"}