{"specializari": {"STIINTE ALE NATURII": 23, "FILOLOGIE": 61, "MATEMATICA-INFORMATICA": 25, "STIINTE SOCIALE": 42, "TEHNICIAN IN TURISM": 33, "TEHNICIAN OPERATOR TEHNICA DE CALCUL": 1}, "limba_moderna": {"LIMBA ENGLEZA": 178, "LIMBA FRANCEZA": 6, "LIMBA GERMANA MODERNA": 1}, "limba_materna": {"LIMBA ROMANA": 151, "LIMBA MAGHIARA": 34}, "promotie_anterioara": {"NU": 161, "DA": 24}, "materii": {"LIMBA ROMANA": {"medie": 6.589722222222219, "reusita": 86.48648648648648, "cnt": 185}, "MATEMATICA TEHN": {"medie": 6.315625000000002, "reusita": 79.41176470588235, "cnt": 34}, "BIOLOGIE VEGETALA SI ANIMALA": {"medie": 5.0, "reusita": 50.0, "cnt": 2}, "GENERAL": {"medie": 7.143600187265917, "reusita": 73.51351351351352, "cnt": 185}, "MATEMATICA MATE-INFO": {"medie": 8.085416666666667, "reusita": 96.0, "cnt": 25}, "INFORMATICA MI C/C++": {"medie": 8.785714285714286, "reusita": 100.0, "cnt": 7}, "GEOGRAFIE": {"medie": 7.454508196721311, "reusita": 91.26984126984127, "cnt": 126}, "ANATOMIE SI FIZIOLOGIE UMANA, GENETICA SI ECOLOGIE UMANA": {"medie": 7.679, "reusita": 96.66666666666667, "cnt": 30}, "ISTORIE": {"medie": 7.137128712871287, "reusita": 97.0873786407767, "cnt": 103}, "FIZICA TEO": {"medie": 7.483333333333334, "reusita": 100.0, "cnt": 3}, "MATEMATICA ST-NAT": {"medie": 6.836956521739129, "reusita": 91.30434782608695, "cnt": 23}, "LOGICA, ARGUMENTARE SI COMUNICARE": {"medie": 7.216666666666666, "reusita": 83.33333333333334, "cnt": 6}, "PSIHOLOGIE": {"medie": 8.75, "reusita": 100.0, "cnt": 2}, "LIMBA MAGHIARA (REAL)": {"medie": 7.433333333333333, "reusita": 100.0, "cnt": 9}, "CHIMIE ORGANICA TEO NIVEL I/II": {"medie": 8.035714285714286, "reusita": 100.0, "cnt": 7}, "FILOSOFIE": {"medie": 8.100000000000001, "reusita": 100.0, "cnt": 2}, "LIMBA MAGHIARA (UMAN)": {"medie": 7.787499999999999, "reusita": 96.0, "cnt": 25}}, "nume": "LICEUL TEHNOLOGIC \"LUCIAN BLAGA\" REGHIN\tMure\u0219"}