{"specializari": {"MATEMATICA-INFORMATICA": 43, "STIINTE SOCIALE": 30, "FILOLOGIE": 29}, "limba_moderna": {"LIMBA FRANCEZA": 4, "LIMBA ENGLEZA": 98}, "limba_materna": {"LIMBA ROMANA": 102}, "promotie_anterioara": {"NU": 95, "DA": 7}, "materii": {"LIMBA ROMANA": {"medie": 7.621287128712872, "reusita": 95.09803921568627, "cnt": 102}, "BIOLOGIE VEGETALA SI ANIMALA": {"medie": 5.4021739130434785, "reusita": 69.56521739130434, "cnt": 23}, "GENERAL": {"medie": 7.361221122112213, "reusita": 74.50980392156863, "cnt": 102}, "MATEMATICA MATE-INFO": {"medie": 4.569767441860465, "reusita": 48.837209302325576, "cnt": 43}, "INFORMATICA MI C/C++": {"medie": 6.649999999999998, "reusita": 93.33333333333333, "cnt": 15}, "GEOGRAFIE": {"medie": 9.044444444444443, "reusita": 97.82608695652173, "cnt": 46}, "ANATOMIE SI FIZIOLOGIE UMANA, GENETICA SI ECOLOGIE UMANA": {"medie": 6.0, "reusita": 100.0, "cnt": 2}, "ISTORIE": {"medie": 8.339655172413792, "reusita": 98.30508474576271, "cnt": 59}, "FIZICA TEO": {"medie": 7.516666666666667, "reusita": 100.0, "cnt": 3}, "SOCIOLOGIE": {"medie": 9.33125, "reusita": 100.0, "cnt": 8}, "PSIHOLOGIE": {"medie": 9.85, "reusita": 100.0, "cnt": 1}, "ECONOMIE": {"medie": 7.6125, "reusita": 100.0, "cnt": 4}}, "nume": "LICEUL TEORETIC \"GRIGORE TOCILESCU\", ORASUL MIZIL\tPrahova"}