{"specializari": {"MATEMATICA-INFORMATICA": 61, "STIINTE ALE NATURII": 77, "STIINTE SOCIALE": 67, "FILOLOGIE": 66}, "limba_moderna": {"LIMBA ENGLEZA": 268, "LIMBA FRANCEZA": 3}, "limba_materna": {"LIMBA ROMANA": 271}, "promotie_anterioara": {"NU": 239, "DA": 32}, "materii": {"LIMBA ROMANA": {"medie": 6.500189393939393, "reusita": 82.28782287822878, "cnt": 271}, "GENERAL": {"medie": 6.745384615384614, "reusita": 61.62361623616236, "cnt": 271}, "MATEMATICA MATE-INFO": {"medie": 7.341803278688526, "reusita": 90.1639344262295, "cnt": 61}, "INFORMATICA MI C/C++": {"medie": 7.090000000000001, "reusita": 100.0, "cnt": 5}, "GEOGRAFIE": {"medie": 7.310416666666669, "reusita": 95.83333333333334, "cnt": 24}, "ANATOMIE SI FIZIOLOGIE UMANA, GENETICA SI ECOLOGIE UMANA": {"medie": 6.915000000000001, "reusita": 89.38053097345133, "cnt": 113}, "ISTORIE": {"medie": 6.518702290076336, "reusita": 87.21804511278195, "cnt": 133}, "FIZICA TEO": {"medie": 8.600000000000001, "reusita": 100.0, "cnt": 14}, "MATEMATICA ST-NAT": {"medie": 5.316216216216216, "reusita": 54.54545454545454, "cnt": 77}, "LOGICA, ARGUMENTARE SI COMUNICARE": {"medie": 7.458737864077671, "reusita": 85.84905660377359, "cnt": 106}, "SOCIOLOGIE": {"medie": 8.716666666666667, "reusita": 100.0, "cnt": 3}, "CHIMIE ORGANICA TEO NIVEL I/II": {"medie": 8.008333333333333, "reusita": 100.0, "cnt": 6}}, "nume": "LICEUL TEORETIC \"ALEXANDRU IOAN CUZA\" CORABIA\tOlt"}