{"specializari": {"STIINTE ALE NATURII": 20, "TEHNICIAN IN GASTRONOMIE": 18}, "limba_moderna": {"LIMBA ENGLEZA": 38}, "limba_materna": {"LIMBA ROMANA": 38}, "promotie_anterioara": {"NU": 22, "DA": 16}, "materii": {"LIMBA ROMANA": {"medie": 5.2081081081081075, "reusita": 73.68421052631578, "cnt": 38}, "MATEMATICA TEHN": {"medie": 4.352941176470588, "reusita": 44.44444444444444, "cnt": 18}, "GENERAL": {"medie": 5.492647058823529, "reusita": 31.57894736842105, "cnt": 38}, "GEOGRAFIE": {"medie": 5.391176470588236, "reusita": 66.66666666666666, "cnt": 18}, "ANATOMIE SI FIZIOLOGIE UMANA, GENETICA SI ECOLOGIE UMANA": {"medie": 7.941666666666667, "reusita": 90.0, "cnt": 20}, "MATEMATICA ST-NAT": {"medie": 4.778947368421052, "reusita": 55.00000000000001, "cnt": 20}}, "nume": "LICEUL TEORETIC \"EMIL RACOVITA\" TECHIRGHIOL\tConstan\u021ba"}