{"specializari": {"STIINTE ALE NATURII": 61, "MATEMATICA-INFORMATICA": 28, "FILOLOGIE": 33}, "limba_moderna": {"LIMBA ENGLEZA": 101, "LIMBA FRANCEZA": 21}, "limba_materna": {"LIMBA ROMANA": 122}, "promotie_anterioara": {"NU": 109, "DA": 13}, "materii": {"LIMBA ROMANA": {"medie": 7.27112068965517, "reusita": 90.98360655737704, "cnt": 122}, "GENERAL": {"medie": 7.2054572271386474, "reusita": 70.49180327868852, "cnt": 122}, "MATEMATICA MATE-INFO": {"medie": 7.596153846153843, "reusita": 82.14285714285714, "cnt": 28}, "INFORMATICA MI PASCAL": {"medie": 7.854166666666667, "reusita": 92.3076923076923, "cnt": 13}, "GEOGRAFIE": {"medie": 8.24242424242424, "reusita": 100.0, "cnt": 33}, "ANATOMIE SI FIZIOLOGIE UMANA, GENETICA SI ECOLOGIE UMANA": {"medie": 7.609859154929575, "reusita": 90.78947368421053, "cnt": 76}, "ISTORIE": {"medie": 7.472727272727273, "reusita": 100.0, "cnt": 33}, "MATEMATICA ST-NAT": {"medie": 5.304545454545454, "reusita": 57.377049180327866, "cnt": 61}}, "nume": "LICEUL TEORETIC \"ION AGARBICEANU\" JIBOU\tS\u0103laj"}