{"specializari": {"MATEMATICA-INFORMATICA": 34, "FILOLOGIE": 56, "STIINTE ALE NATURII": 23, "STIINTE SOCIALE": 32, "TEHNICIAN MECATRONIST": 1}, "limba_moderna": {"LIMBA ENGLEZA": 144, "LIMBA FRANCEZA": 2}, "limba_materna": {"LIMBA ROMANA": 146}, "promotie_anterioara": {"NU": 121, "DA": 25}, "materii": {"LIMBA ROMANA": {"medie": 6.319178082191781, "reusita": 93.15068493150685, "cnt": 146}, "MATEMATICA TEHN": {"medie": 2.8, "reusita": 0.0, "cnt": 1}, "BIOLOGIE VEGETALA SI ANIMALA": {"medie": 5.333333333333333, "reusita": 66.66666666666666, "cnt": 6}, "GENERAL": {"medie": 6.710879629629632, "reusita": 68.4931506849315, "cnt": 146}, "MATEMATICA MATE-INFO": {"medie": 6.606060606060606, "reusita": 88.23529411764706, "cnt": 34}, "INFORMATICA MI PASCAL": {"medie": 8.6, "reusita": 100.0, "cnt": 1}, "GEOGRAFIE": {"medie": 7.043333333333334, "reusita": 100.0, "cnt": 30}, "ANATOMIE SI FIZIOLOGIE UMANA, GENETICA SI ECOLOGIE UMANA": {"medie": 6.604651162790698, "reusita": 90.69767441860465, "cnt": 43}, "ISTORIE": {"medie": 7.020114942528735, "reusita": 96.5909090909091, "cnt": 88}, "FIZICA TEO": {"medie": 7.575, "reusita": 83.33333333333334, "cnt": 6}, "MATEMATICA ST-NAT": {"medie": 6.571739130434783, "reusita": 95.65217391304348, "cnt": 23}, "LOGICA, ARGUMENTARE SI COMUNICARE": {"medie": 7.250877192982457, "reusita": 87.71929824561403, "cnt": 57}, "PSIHOLOGIE": {"medie": 8.85, "reusita": 100.0, "cnt": 1}, "CHIMIE ANORGANICA TEO NIVEL I/II": {"medie": 3.7, "reusita": 0.0, "cnt": 2}}, "nume": "LICEUL TEORETIC \"MARIN PREDA\"\tBucure\u0219ti"}