{"specializari": {"INVATATOR - EDUCATOARE": 47, "LICEU CU PROGRAM SPORTIV": 17, "MUZICA": 17, "FILOLOGIE": 23, "INSTRUCTOR PENTRU ACTIVITATI EXTRASCOLARE": 20, "ARTE PLASTICE SI DECORATIVE": 24}, "limba_moderna": {"LIMBA FRANCEZA": 18, "LIMBA ENGLEZA": 129, "LIMBA SPANIOLA": 1}, "limba_materna": {"LIMBA ROMANA": 148}, "promotie_anterioara": {"NU": 128, "DA": 20}, "materii": {"LIMBA ROMANA": {"medie": 6.5246527777777805, "reusita": 85.8108108108108, "cnt": 148}, "GENERAL": {"medie": 6.872300469483564, "reusita": 71.62162162162163, "cnt": 148}, "MATEMATICA PED": {"medie": 7.430434782608696, "reusita": 91.48936170212765, "cnt": 47}, "GEOGRAFIE": {"medie": 6.958108108108111, "reusita": 81.81818181818183, "cnt": 77}, "ISTORIE": {"medie": 6.49591836734694, "reusita": 90.0990099009901, "cnt": 101}, "LOGICA, ARGUMENTARE SI COMUNICARE": {"medie": 7.560975609756097, "reusita": 90.47619047619048, "cnt": 42}, "PSIHOLOGIE": {"medie": 7.556896551724139, "reusita": 100.0, "cnt": 29}}, "nume": "LICEUL PEDAGOGIC \"IOAN POPESCU\", MUN. BARLAD\tVaslui"}