{"specializari": {"TEHNICIAN OPERATOR TEHNICA DE CALCUL": 13}, "limba_moderna": {"LIMBA ENGLEZA": 13}, "limba_materna": {"LIMBA ROMANA": 13}, "promotie_anterioara": {"NU": 10, "DA": 3}, "materii": {"LIMBA ROMANA": {"medie": 2.996153846153846, "reusita": 23.076923076923077, "cnt": 13}, "MATEMATICA TEHN": {"medie": 3.6192307692307697, "reusita": 38.46153846153847, "cnt": 13}, "BIOLOGIE VEGETALA SI ANIMALA": {"medie": 3.8615384615384616, "reusita": 30.76923076923077, "cnt": 13}, "GENERAL": {"medie": 3.4923076923076932, "reusita": 7.6923076923076925, "cnt": 13}}, "nume": "LICEUL TEHNOLOGIC SPECIAL PENTRU DEFICIENTI DE AUZ CLUJ-NAPOCA\tCluj"}