{"specializari": {"MATEMATICA-INFORMATICA": 59, "STIINTE ALE NATURII": 61, "STIINTE SOCIALE": 30, "FILOLOGIE": 33}, "limba_moderna": {"LIMBA ENGLEZA": 166, "LIMBA FRANCEZA": 17}, "limba_materna": {"LIMBA ROMANA": 183}, "promotie_anterioara": {"NU": 179, "DA": 4}, "materii": {"LIMBA ROMANA": {"medie": 7.562568306010929, "reusita": 99.4535519125683, "cnt": 183}, "BIOLOGIE VEGETALA SI ANIMALA": {"medie": 6.956250000000001, "reusita": 87.5, "cnt": 16}, "GENERAL": {"medie": 8.028688524590159, "reusita": 93.98907103825137, "cnt": 183}, "MATEMATICA MATE-INFO": {"medie": 8.116101694915255, "reusita": 96.61016949152543, "cnt": 59}, "INFORMATICA MI C/C++": {"medie": 7.498333333333336, "reusita": 93.33333333333333, "cnt": 30}, "GEOGRAFIE": {"medie": 8.398529411764706, "reusita": 97.05882352941177, "cnt": 34}, "ANATOMIE SI FIZIOLOGIE UMANA, GENETICA SI ECOLOGIE UMANA": {"medie": 8.208823529411765, "reusita": 100.0, "cnt": 17}, "ISTORIE": {"medie": 8.474603174603176, "reusita": 100.0, "cnt": 63}, "FIZICA TEO": {"medie": 7.999999999999998, "reusita": 100.0, "cnt": 10}, "MATEMATICA ST-NAT": {"medie": 8.567213114754098, "reusita": 96.72131147540983, "cnt": 61}, "LOGICA, ARGUMENTARE SI COMUNICARE": {"medie": 8.705000000000002, "reusita": 100.0, "cnt": 10}, "SOCIOLOGIE": {"medie": 8.242307692307692, "reusita": 100.0, "cnt": 13}, "PSIHOLOGIE": {"medie": 8.690000000000001, "reusita": 100.0, "cnt": 5}, "ECONOMIE": {"medie": 7.6, "reusita": 100.0, "cnt": 1}, "CHIMIE ORGANICA TEO NIVEL I/II": {"medie": 8.550000000000002, "reusita": 100.0, "cnt": 47}}, "nume": "LICEUL TEORETIC \"ION BARBU\"\tBucure\u0219ti"}