{"specializari": {"ARTE PLASTICE SI DECORATIVE": 24, "MUZICA": 29}, "limba_moderna": {"LIMBA ENGLEZA": 53}, "limba_materna": {"LIMBA ROMANA": 53}, "promotie_anterioara": {"NU": 50, "DA": 3}, "materii": {"LIMBA ROMANA": {"medie": 5.820754716981133, "reusita": 79.24528301886792, "cnt": 53}, "GENERAL": {"medie": 6.1282051282051295, "reusita": 58.490566037735846, "cnt": 53}, "GEOGRAFIE": {"medie": 6.797499999999999, "reusita": 85.71428571428571, "cnt": 21}, "ISTORIE": {"medie": 6.028301886792452, "reusita": 81.13207547169812, "cnt": 53}, "LOGICA, ARGUMENTARE SI COMUNICARE": {"medie": 6.385, "reusita": 73.33333333333333, "cnt": 30}, "PSIHOLOGIE": {"medie": 5.25, "reusita": 100.0, "cnt": 2}}, "nume": "LICEUL DE ARTE \"VICTOR BRAUNER\", MUNICIPIUL PIATRA-NEAMT\tNeam\u021b"}