{"specializari": {"COREGRAFIE": 24, "ARTA ACTORULUI": 28}, "limba_moderna": {"LIMBA ENGLEZA": 51, "LIMBA FRANCEZA": 1}, "limba_materna": {"LIMBA ROMANA": 52}, "promotie_anterioara": {"NU": 47, "DA": 5}, "materii": {"LIMBA ROMANA": {"medie": 7.310784313725489, "reusita": 98.07692307692307, "cnt": 52}, "GENERAL": {"medie": 7.377000000000001, "reusita": 84.61538461538461, "cnt": 52}, "GEOGRAFIE": {"medie": 8.161290322580648, "reusita": 96.875, "cnt": 32}, "ISTORIE": {"medie": 6.8500000000000005, "reusita": 96.15384615384616, "cnt": 52}, "LOGICA, ARGUMENTARE SI COMUNICARE": {"medie": 7.535714285714285, "reusita": 86.66666666666667, "cnt": 15}, "PSIHOLOGIE": {"medie": 7.5, "reusita": 100.0, "cnt": 5}}, "nume": "LICEUL DE COREGRAFIE SI ARTA DRAMATICA \"OCTAVIAN STROIA\" CLUJ-NAPOCA\tCluj"}