{"specializari": {"STIINTE ALE NATURII": 53, "FILOLOGIE": 106, "MATEMATICA-INFORMATICA": 19}, "limba_moderna": {"LIMBA ENGLEZA": 171, "LIMBA FRANCEZA": 7}, "limba_materna": {"LIMBA ROMANA": 178}, "promotie_anterioara": {"NU": 173, "DA": 5}, "materii": {"LIMBA ROMANA": {"medie": 7.253107344632767, "reusita": 97.19101123595506, "cnt": 178}, "GENERAL": {"medie": 7.528598484848486, "reusita": 88.20224719101124, "cnt": 178}, "MATEMATICA MATE-INFO": {"medie": 7.071052631578947, "reusita": 100.0, "cnt": 19}, "INFORMATICA MI C/C++": {"medie": 6.1450000000000005, "reusita": 70.0, "cnt": 10}, "GEOGRAFIE": {"medie": 8.295762711864407, "reusita": 100.0, "cnt": 59}, "ANATOMIE SI FIZIOLOGIE UMANA, GENETICA SI ECOLOGIE UMANA": {"medie": 8.519354838709678, "reusita": 100.0, "cnt": 62}, "ISTORIE": {"medie": 6.978095238095237, "reusita": 91.50943396226415, "cnt": 106}, "MATEMATICA ST-NAT": {"medie": 7.161320754716981, "reusita": 96.22641509433963, "cnt": 53}, "LOGICA, ARGUMENTARE SI COMUNICARE": {"medie": 8.283695652173908, "reusita": 97.82608695652173, "cnt": 46}, "SOCIOLOGIE": {"medie": 6.3, "reusita": 100.0, "cnt": 1}}, "nume": "LICEUL TEORETIC \"HENRI COANDA\" CRAIOVA\tDolj"}