{"specializari": {"STIINTE ALE NATURII": 93, "MATEMATICA-INFORMATICA": 39, "FILOLOGIE": 40, "STIINTE SOCIALE": 33}, "limba_moderna": {"LIMBA FRANCEZA": 27, "LIMBA ENGLEZA": 178}, "limba_materna": {"LIMBA ROMANA": 205}, "promotie_anterioara": {"NU": 177, "DA": 28}, "materii": {"LIMBA ROMANA": {"medie": 8.10222772277228, "reusita": 98.04878048780488, "cnt": 205}, "BIOLOGIE VEGETALA SI ANIMALA": {"medie": 6.76530612244898, "reusita": 86.0, "cnt": 50}, "GENERAL": {"medie": 7.772166666666666, "reusita": 86.34146341463415, "cnt": 205}, "MATEMATICA MATE-INFO": {"medie": 7.202564102564104, "reusita": 92.3076923076923, "cnt": 39}, "INFORMATICA MI C/C++": {"medie": 7.769999999999999, "reusita": 100.0, "cnt": 5}, "GEOGRAFIE": {"medie": 8.39, "reusita": 90.9090909090909, "cnt": 22}, "ANATOMIE SI FIZIOLOGIE UMANA, GENETICA SI ECOLOGIE UMANA": {"medie": 7.803571428571431, "reusita": 96.49122807017544, "cnt": 57}, "ISTORIE": {"medie": 8.265, "reusita": 95.8904109589041, "cnt": 73}, "FIZICA TEO": {"medie": 7.335714285714286, "reusita": 100.0, "cnt": 14}, "MATEMATICA ST-NAT": {"medie": 6.9554347826086955, "reusita": 90.32258064516128, "cnt": 93}, "LOGICA, ARGUMENTARE SI COMUNICARE": {"medie": 8.398684210526318, "reusita": 97.36842105263158, "cnt": 38}, "SOCIOLOGIE": {"medie": 8.145454545454548, "reusita": 100.0, "cnt": 11}, "PSIHOLOGIE": {"medie": 8.275, "reusita": 100.0, "cnt": 2}, "CHIMIE ORGANICA TEO NIVEL I/II": {"medie": 6.85, "reusita": 100.0, "cnt": 1}, "CHIMIE ANORGANICA TEO NIVEL I/II": {"medie": 9.1, "reusita": 100.0, "cnt": 1}, "INFORMATICA SN C/C++": {"medie": 7.425000000000001, "reusita": 100.0, "cnt": 4}}, "nume": "LICEUL TEORETIC \"ION CANTACUZINO\" PITESTI\tArge\u0219"}