{"specializari": {"TEHNICIAN DESENATOR PENTRU CONSTRUCTII SI INSTALATII": 7}, "limba_moderna": {"LIMBA ENGLEZA": 7}, "limba_materna": {"LIMBA MAGHIARA": 7}, "promotie_anterioara": {"NU": 5, "DA": 2}, "materii": {"LIMBA ROMANA": {"medie": 3.733333333333334, "reusita": 14.285714285714285, "cnt": 7}, "MATEMATICA TEHN": {"medie": 2.9166666666666665, "reusita": 14.285714285714285, "cnt": 7}, "BIOLOGIE VEGETALA SI ANIMALA": {"medie": 3.6833333333333336, "reusita": 28.57142857142857, "cnt": 7}, "GENERAL": {"medie": 4.064583333333334, "reusita": 14.285714285714285, "cnt": 7}, "LIMBA MAGHIARA (REAL)": {"medie": 5.925, "reusita": 85.71428571428571, "cnt": 7}}, "nume": "LICEUL TEHNOLOGIC \"CONSTANTIN BRANCUSI\" TARGU MURES\tMure\u0219"}