{"specializari": {"MATEMATICA-INFORMATICA": 44, "STIINTE ALE NATURII": 41}, "limba_moderna": {"LIMBA ENGLEZA": 79, "LIMBA FRANCEZA": 6}, "limba_materna": {"LIMBA ROMANA": 85}, "promotie_anterioara": {"NU": 58, "DA": 27}, "materii": {"LIMBA ROMANA": {"medie": 5.151898734177216, "reusita": 62.35294117647059, "cnt": 85}, "GENERAL": {"medie": 4.843111111111111, "reusita": 17.647058823529413, "cnt": 85}, "MATEMATICA MATE-INFO": {"medie": 3.7047619047619045, "reusita": 31.818181818181817, "cnt": 44}, "INFORMATICA MI C/C++": {"medie": 9.1, "reusita": 100.0, "cnt": 1}, "ANATOMIE SI FIZIOLOGIE UMANA, GENETICA SI ECOLOGIE UMANA": {"medie": 6.346710526315791, "reusita": 69.04761904761905, "cnt": 84}, "MATEMATICA ST-NAT": {"medie": 1.842647058823529, "reusita": 2.4390243902439024, "cnt": 41}}, "nume": "LICEUL TEORETIC NR.1 BRATCA\tBihor"}