{"specializari": {"FILOLOGIE": 93, "MATEMATICA-INFORMATICA": 43, "STIINTE ALE NATURII": 26}, "limba_moderna": {"LIMBA ENGLEZA": 151, "LIMBA FRANCEZA": 11}, "limba_materna": {"LIMBA ROMANA": 162}, "promotie_anterioara": {"NU": 151, "DA": 11}, "materii": {"LIMBA ROMANA": {"medie": 7.700308641975307, "reusita": 98.14814814814815, "cnt": 162}, "BIOLOGIE VEGETALA SI ANIMALA": {"medie": 7.359615384615386, "reusita": 96.29629629629629, "cnt": 27}, "GENERAL": {"medie": 7.859523809523809, "reusita": 87.65432098765432, "cnt": 162}, "MATEMATICA MATE-INFO": {"medie": 7.939534883720929, "reusita": 97.67441860465115, "cnt": 43}, "INFORMATICA MI PASCAL": {"medie": 7.740909090909091, "reusita": 100.0, "cnt": 11}, "GEOGRAFIE": {"medie": 8.57727272727273, "reusita": 96.96969696969697, "cnt": 33}, "ANATOMIE SI FIZIOLOGIE UMANA, GENETICA SI ECOLOGIE UMANA": {"medie": 6.275, "reusita": 75.0, "cnt": 4}, "ISTORIE": {"medie": 7.954301075268814, "reusita": 97.84946236559139, "cnt": 93}, "FIZICA TEO": {"medie": 7.581578947368423, "reusita": 94.73684210526315, "cnt": 19}, "MATEMATICA ST-NAT": {"medie": 6.838461538461536, "reusita": 92.3076923076923, "cnt": 26}, "SOCIOLOGIE": {"medie": 8.445370370370371, "reusita": 100.0, "cnt": 54}, "PSIHOLOGIE": {"medie": 9.25, "reusita": 100.0, "cnt": 2}, "ECONOMIE": {"medie": 6.9125, "reusita": 100.0, "cnt": 4}, "CHIMIE ORGANICA TEO NIVEL I/II": {"medie": 8.875, "reusita": 100.0, "cnt": 8}}, "nume": "LICEUL TEORETIC \"MIHAI EMINESCU\" CALARASI\tC\u0103l\u0103ra\u0219i"}