{"specializari": {"FILOLOGIE": 66}, "limba_moderna": {"LIMBA ENGLEZA": 60, "LIMBA FRANCEZA": 6}, "limba_materna": {"LIMBA ROMANA": 66}, "promotie_anterioara": {"NU": 35, "DA": 31}, "materii": {"LIMBA ROMANA": {"medie": 5.277118644067796, "reusita": 59.09090909090909, "cnt": 66}, "GENERAL": {"medie": 6.212280701754384, "reusita": 46.96969696969697, "cnt": 66}, "GEOGRAFIE": {"medie": 6.622448979591838, "reusita": 77.77777777777779, "cnt": 54}, "ISTORIE": {"medie": 6.563934426229507, "reusita": 86.36363636363636, "cnt": 66}, "LOGICA, ARGUMENTARE SI COMUNICARE": {"medie": 7.191666666666666, "reusita": 91.66666666666666, "cnt": 12}}, "nume": "LICEUL TEORETIC \"MARIN COMAN\", LOCALITATEA GALATI\tGala\u021bi"}