{"specializari": {"STIINTE ALE NATURII": 34, "TEHNICIAN ECOLOG SI PROTECTIA CALITATII MEDIULUI": 18}, "limba_moderna": {"LIMBA ENGLEZA": 52}, "limba_materna": {"LIMBA ROMANA": 52}, "promotie_anterioara": {"NU": 38, "DA": 14}, "materii": {"LIMBA ROMANA": {"medie": 5.411956521739131, "reusita": 61.53846153846154, "cnt": 52}, "MATEMATICA TEHN": {"medie": 4.72, "reusita": 38.88888888888889, "cnt": 18}, "BIOLOGIE VEGETALA SI ANIMALA": {"medie": 3.5666666666666664, "reusita": 33.33333333333333, "cnt": 3}, "GENERAL": {"medie": 5.286046511627907, "reusita": 26.923076923076923, "cnt": 52}, "ANATOMIE SI FIZIOLOGIE UMANA, GENETICA SI ECOLOGIE UMANA": {"medie": 5.726744186046511, "reusita": 59.183673469387756, "cnt": 49}, "MATEMATICA ST-NAT": {"medie": 4.587931034482758, "reusita": 38.23529411764706, "cnt": 34}}, "nume": "LICEUL TEHNOLOGIC COGEALAC\tConstan\u021ba"}