{"specializari": {"STIINTE SOCIALE": 13, "MATEMATICA-INFORMATICA": 21}, "limba_moderna": {"LIMBA ENGLEZA": 34}, "limba_materna": {"LIMBA MAGHIARA": 34}, "promotie_anterioara": {"NU": 33, "DA": 1}, "materii": {"LIMBA ROMANA": {"medie": 7.70909090909091, "reusita": 94.11764705882352, "cnt": 34}, "BIOLOGIE VEGETALA SI ANIMALA": {"medie": 8.6, "reusita": 100.0, "cnt": 1}, "GENERAL": {"medie": 8.12651515151515, "reusita": 94.11764705882352, "cnt": 34}, "MATEMATICA MATE-INFO": {"medie": 8.54047619047619, "reusita": 100.0, "cnt": 21}, "INFORMATICA MI PASCAL": {"medie": 8.330000000000002, "reusita": 100.0, "cnt": 20}, "GEOGRAFIE": {"medie": 8.372727272727273, "reusita": 91.66666666666666, "cnt": 12}, "ISTORIE": {"medie": 8.566666666666668, "reusita": 92.3076923076923, "cnt": 13}, "PSIHOLOGIE": {"medie": 6.6, "reusita": 100.0, "cnt": 1}, "LIMBA MAGHIARA (REAL)": {"medie": 8.357142857142858, "reusita": 100.0, "cnt": 21}, "LIMBA MAGHIARA (UMAN)": {"medie": 7.229166666666669, "reusita": 92.3076923076923, "cnt": 13}}, "nume": "LICEUL TEORETIC \"BARTOK BELA\" TIMISOARA\tTimi\u0219"}