{"specializari": {"FILOLOGIE": 26, "MATEMATICA-INFORMATICA": 3, "STIINTE ALE NATURII": 16, "TEHNICIAN IN ACTIVITATI ECONOMICE": 22}, "limba_moderna": {"LIMBA ENGLEZA": 67}, "limba_materna": {"LIMBA ROMANA": 67}, "promotie_anterioara": {"NU": 52, "DA": 15}, "materii": {"LIMBA ROMANA": {"medie": 7.146969696969697, "reusita": 97.01492537313433, "cnt": 67}, "MATEMATICA TEHN": {"medie": 7.627272727272728, "reusita": 90.9090909090909, "cnt": 22}, "BIOLOGIE VEGETALA SI ANIMALA": {"medie": 7.083333333333333, "reusita": 77.77777777777779, "cnt": 18}, "GENERAL": {"medie": 7.2373015873015865, "reusita": 79.1044776119403, "cnt": 67}, "MATEMATICA MATE-INFO": {"medie": 5.716666666666666, "reusita": 100.0, "cnt": 3}, "GEOGRAFIE": {"medie": 8.041860465116278, "reusita": 97.67441860465115, "cnt": 43}, "ISTORIE": {"medie": 6.328846153846154, "reusita": 96.15384615384616, "cnt": 26}, "MATEMATICA ST-NAT": {"medie": 5.231249999999999, "reusita": 62.5, "cnt": 16}, "LOGICA, ARGUMENTARE SI COMUNICARE": {"medie": 7.066666666666667, "reusita": 66.66666666666666, "cnt": 3}, "SOCIOLOGIE": {"medie": 8.05, "reusita": 100.0, "cnt": 1}, "PSIHOLOGIE": {"medie": 9.4, "reusita": 100.0, "cnt": 1}, "CHIMIE ORGANICA TEO NIVEL I/II": {"medie": 6.55, "reusita": 100.0, "cnt": 1}}, "nume": "LICEUL TEHNOLOGIC \"CONSTANTIN CANTACUZINO\", ORASUL BAICOI\tPrahova"}