{"specializari": {"LICEU CU PROGRAM SPORTIV": 62}, "limba_moderna": {"LIMBA ENGLEZA": 57, "LIMBA FRANCEZA": 5}, "limba_materna": {"LIMBA MAGHIARA": 33, "LIMBA ROMANA": 29}, "promotie_anterioara": {"NU": 47, "DA": 15}, "materii": {"LIMBA ROMANA": {"medie": 5.453225806451612, "reusita": 80.64516129032258, "cnt": 62}, "GENERAL": {"medie": 6.200336021505376, "reusita": 53.2258064516129, "cnt": 62}, "GEOGRAFIE": {"medie": 6.7614754098360645, "reusita": 95.08196721311475, "cnt": 61}, "ISTORIE": {"medie": 6.006451612903225, "reusita": 87.09677419354838, "cnt": 62}, "PSIHOLOGIE": {"medie": 6.15, "reusita": 100.0, "cnt": 1}, "LIMBA MAGHIARA (REAL)": {"medie": 6.869696969696968, "reusita": 90.9090909090909, "cnt": 33}}, "nume": "LICEUL CU PROGRAM SPORTIV \"SZASZ ADALBERT\" TIRGU MURES\tMure\u0219"}