{"specializari": {"TEHNICIAN IN ACTIVITATI DE COMERT": 20, "MATEMATICA-INFORMATICA": 29, "TEHNICIAN IN AGRICULTURA": 2}, "limba_moderna": {"LIMBA ENGLEZA": 51}, "limba_materna": {"LIMBA ROMANA": 51}, "promotie_anterioara": {"NU": 41, "DA": 10}, "materii": {"LIMBA ROMANA": {"medie": 6.114583333333335, "reusita": 80.3921568627451, "cnt": 51}, "MATEMATICA TEHN": {"medie": 4.111904761904762, "reusita": 40.909090909090914, "cnt": 22}, "GENERAL": {"medie": 5.679861111111111, "reusita": 33.33333333333333, "cnt": 51}, "MATEMATICA MATE-INFO": {"medie": 3.659259259259259, "reusita": 37.93103448275862, "cnt": 29}, "GEOGRAFIE": {"medie": 7.031578947368421, "reusita": 89.47368421052632, "cnt": 19}, "ANATOMIE SI FIZIOLOGIE UMANA, GENETICA SI ECOLOGIE UMANA": {"medie": 7.022413793103448, "reusita": 87.09677419354838, "cnt": 31}, "ECONOMIE": {"medie": 5.0, "reusita": 100.0, "cnt": 1}}, "nume": "LICEUL\"STEFAN D. LUCHIAN\"\" STEFANESTI\tBoto\u0219ani"}