{"specializari": {"FILOLOGIE": 62, "MATEMATICA-INFORMATICA": 20}, "limba_moderna": {"LIMBA ENGLEZA": 71, "LIMBA FRANCEZA": 11}, "limba_materna": {"LIMBA ROMANA": 82}, "promotie_anterioara": {"NU": 61, "DA": 21}, "materii": {"LIMBA ROMANA": {"medie": 6.0856249999999985, "reusita": 84.14634146341463, "cnt": 82}, "GENERAL": {"medie": 6.507478632478634, "reusita": 53.65853658536586, "cnt": 82}, "MATEMATICA MATE-INFO": {"medie": 6.61578947368421, "reusita": 75.0, "cnt": 20}, "INFORMATICA MI C/C++": {"medie": 4.725, "reusita": 50.0, "cnt": 2}, "GEOGRAFIE": {"medie": 7.108035714285712, "reusita": 84.7457627118644, "cnt": 59}, "ANATOMIE SI FIZIOLOGIE UMANA, GENETICA SI ECOLOGIE UMANA": {"medie": 6.939285714285715, "reusita": 86.66666666666667, "cnt": 15}, "ISTORIE": {"medie": 6.299166666666666, "reusita": 88.70967741935483, "cnt": 62}, "FIZICA TEO": {"medie": 7.699999999999999, "reusita": 100.0, "cnt": 2}, "SOCIOLOGIE": {"medie": 6.616666666666667, "reusita": 100.0, "cnt": 3}, "CHIMIE ANORGANICA TEO NIVEL I/II": {"medie": 8.4, "reusita": 100.0, "cnt": 1}}, "nume": "LICEUL TEORETIC \"ION GHICA\" RACARI\tD\u00e2mbovi\u021ba"}