{"specializari": {"TEHNICIAN MECATRONIST": 37}, "limba_moderna": {"LIMBA ENGLEZA": 37}, "limba_materna": {"LIMBA ROMANA": 37}, "promotie_anterioara": {"NU": 27, "DA": 10}, "materii": {"LIMBA ROMANA": {"medie": 5.55294117647059, "reusita": 59.45945945945946, "cnt": 37}, "MATEMATICA TEHN": {"medie": 5.2257575757575765, "reusita": 56.75675675675676, "cnt": 37}, "BIOLOGIE VEGETALA SI ANIMALA": {"medie": 4.879310344827586, "reusita": 51.515151515151516, "cnt": 33}, "GENERAL": {"medie": 5.257575757575758, "reusita": 32.432432432432435, "cnt": 37}, "FIZICA TEH": {"medie": 4.8, "reusita": 75.0, "cnt": 4}}, "nume": "LICEUL TEHNOLOGIC NR.1 SUPLACU DE BARCAU\tBihor"}