{"specializari": {"TEHNICIAN IN ACTIVITATI ECONOMICE": 23, "STIINTE ALE NATURII": 14, "TEHNICIAN IN TURISM": 24, "MATEMATICA-INFORMATICA": 26, "LICEU CU PROGRAM SPORTIV": 27, "FILOLOGIE": 30}, "limba_moderna": {"LIMBA ENGLEZA": 118, "LIMBA FRANCEZA": 19, "LIMBA SPANIOLA": 7}, "limba_materna": {"LIMBA ROMANA": 144}, "promotie_anterioara": {"NU": 111, "DA": 33}, "materii": {"LIMBA ROMANA": {"medie": 6.856993006993006, "reusita": 92.36111111111111, "cnt": 144}, "MATEMATICA TEHN": {"medie": 5.989361702127658, "reusita": 72.3404255319149, "cnt": 47}, "GENERAL": {"medie": 6.601165501165502, "reusita": 61.111111111111114, "cnt": 144}, "MATEMATICA MATE-INFO": {"medie": 6.180769230769231, "reusita": 80.76923076923077, "cnt": 26}, "INFORMATICA MI C/C++": {"medie": 7.375, "reusita": 100.0, "cnt": 2}, "GEOGRAFIE": {"medie": 7.358823529411762, "reusita": 91.17647058823529, "cnt": 102}, "ANATOMIE SI FIZIOLOGIE UMANA, GENETICA SI ECOLOGIE UMANA": {"medie": 6.266666666666668, "reusita": 83.33333333333334, "cnt": 36}, "ISTORIE": {"medie": 6.109649122807019, "reusita": 84.21052631578947, "cnt": 57}, "FIZICA TEO": {"medie": 8.625, "reusita": 100.0, "cnt": 2}, "MATEMATICA ST-NAT": {"medie": 3.5357142857142856, "reusita": 35.714285714285715, "cnt": 14}, "ECONOMIE": {"medie": 7.5, "reusita": 100.0, "cnt": 2}}, "nume": "LICEUL TEORETIC NOVACI\tGorj"}