{"specializari": {"STIINTE ALE NATURII": 22, "STIINTE SOCIALE": 59, "MATEMATICA-INFORMATICA": 18, "FILOLOGIE": 35}, "limba_moderna": {"LIMBA FRANCEZA": 23, "LIMBA ENGLEZA": 111}, "limba_materna": {"LIMBA ROMANA": 134}, "promotie_anterioara": {"NU": 113, "DA": 21}, "materii": {"LIMBA ROMANA": {"medie": 6.6632812500000025, "reusita": 84.32835820895522, "cnt": 134}, "BIOLOGIE VEGETALA SI ANIMALA": {"medie": 5.579999999999999, "reusita": 70.96774193548387, "cnt": 31}, "GENERAL": {"medie": 6.648118279569893, "reusita": 60.447761194029844, "cnt": 134}, "MATEMATICA MATE-INFO": {"medie": 7.102777777777777, "reusita": 94.44444444444444, "cnt": 18}, "INFORMATICA MI PASCAL": {"medie": 7.63, "reusita": 80.0, "cnt": 5}, "GEOGRAFIE": {"medie": 6.770833333333334, "reusita": 88.88888888888889, "cnt": 63}, "ISTORIE": {"medie": 6.838636363636365, "reusita": 79.7872340425532, "cnt": 94}, "FIZICA TEO": {"medie": 7.424999999999999, "reusita": 100.0, "cnt": 4}, "MATEMATICA ST-NAT": {"medie": 5.104545454545455, "reusita": 54.54545454545454, "cnt": 22}, "LOGICA, ARGUMENTARE SI COMUNICARE": {"medie": 9.4, "reusita": 100.0, "cnt": 1}, "SOCIOLOGIE": {"medie": 6.637999999999998, "reusita": 75.0, "cnt": 28}, "PSIHOLOGIE": {"medie": 7.85, "reusita": 100.0, "cnt": 2}}, "nume": "LICEUL TEORETIC COSTESTI\tArge\u0219"}