{"specializari": {"TEHNICIAN OPERATOR TEHNICA DE CALCUL": 10, "TEHNICIAN IN ACTIVITATI ECONOMICE": 11, "STIINTE ALE NATURII": 5, "TEHNICIAN TRANSPORTURI": 1}, "limba_moderna": {"LIMBA ENGLEZA": 27}, "limba_materna": {"LIMBA MAGHIARA": 27}, "promotie_anterioara": {"NU": 23, "DA": 4}, "materii": {"LIMBA ROMANA": {"medie": 3.2458333333333336, "reusita": 22.22222222222222, "cnt": 27}, "MATEMATICA TEHN": {"medie": 3.810000000000001, "reusita": 22.727272727272727, "cnt": 22}, "BIOLOGIE VEGETALA SI ANIMALA": {"medie": 5.570833333333333, "reusita": 71.42857142857143, "cnt": 14}, "GENERAL": {"medie": 4.805434782608696, "reusita": 11.11111111111111, "cnt": 27}, "GEOGRAFIE": {"medie": 5.718181818181818, "reusita": 63.63636363636363, "cnt": 11}, "FIZICA TEH": {"medie": 5.025, "reusita": 50.0, "cnt": 2}, "MATEMATICA ST-NAT": {"medie": 3.2125000000000004, "reusita": 20.0, "cnt": 5}, "LIMBA MAGHIARA (REAL)": {"medie": 6.498000000000001, "reusita": 88.88888888888889, "cnt": 27}}, "nume": "LICEUL TEHNOLOGIC \"GABOR ARON\" VLAHITA\tHarghita"}