{"specializari": {"TEHNICIAN OPERATOR TEHNICA DE CALCUL": 44, "TEHNICIAN IN ACTIVITATI ECONOMICE": 30, "FILOLOGIE": 34, "TEHNICIAN OPERATORI ROBOTI INDUSTRIALI": 14, "TEHNICIAN IN TURISM": 33, "TEHNICIAN DESENATOR PENTRU CONSTRUCTII SI INSTALATII": 17, "MATEMATICA-INFORMATICA": 19, "STIINTE ALE NATURII": 23, "TEHNICIAN MECANIC PENTRU INTRETINERE SI REPARATII": 37, "TEHNICIAN ECOLOG SI PROTECTIA CALITATII MEDIULUI": 43}, "limba_moderna": {"LIMBA ENGLEZA": 257, "LIMBA FRANCEZA": 37}, "limba_materna": {"LIMBA ROMANA": 294}, "promotie_anterioara": {"NU": 262, "DA": 32}, "materii": {"LIMBA ROMANA": {"medie": 6.527906976744184, "reusita": 73.80952380952381, "cnt": 294}, "MATEMATICA TEHN": {"medie": 4.786127167630059, "reusita": 44.4954128440367, "cnt": 218}, "BIOLOGIE VEGETALA SI ANIMALA": {"medie": 3.3641509433962256, "reusita": 17.72151898734177, "cnt": 79}, "GENERAL": {"medie": 6.186816939890707, "reusita": 47.27891156462585, "cnt": 294}, "MATEMATICA MATE-INFO": {"medie": 8.118421052631577, "reusita": 100.0, "cnt": 19}, "INFORMATICA MI C/C++": {"medie": 8.114285714285714, "reusita": 85.71428571428571, "cnt": 7}, "GEOGRAFIE": {"medie": 7.5410714285714295, "reusita": 85.71428571428571, "cnt": 63}, "FIZICA TEH": {"medie": 5.275, "reusita": 100.0, "cnt": 2}, "ANATOMIE SI FIZIOLOGIE UMANA, GENETICA SI ECOLOGIE UMANA": {"medie": 6.7624999999999975, "reusita": 75.34246575342466, "cnt": 73}, "ISTORIE": {"medie": 6.998529411764705, "reusita": 97.05882352941177, "cnt": 34}, "FIZICA TEO": {"medie": 7.2, "reusita": 100.0, "cnt": 1}, "MATEMATICA ST-NAT": {"medie": 8.799999999999999, "reusita": 100.0, "cnt": 23}, "LOGICA, ARGUMENTARE SI COMUNICARE": {"medie": 8.379999999999999, "reusita": 96.66666666666667, "cnt": 30}, "PSIHOLOGIE": {"medie": 5.833333333333333, "reusita": 66.66666666666666, "cnt": 3}, "ECONOMIE": {"medie": 8.3, "reusita": 100.0, "cnt": 1}, "CHIMIE ORGANICA TEO NIVEL I/II": {"medie": 5.925, "reusita": 100.0, "cnt": 2}, "INFORMATICA SN C/C++": {"medie": 9.35, "reusita": 100.0, "cnt": 2}, "CHIMIE ORGANICA TEH NIVEL I/II": {"medie": 2.9152173913043478, "reusita": 3.225806451612903, "cnt": 31}}, "nume": "LICEUL TEHNOLOGIC \"DIMITRIE FILISANU\" FILIASI\tDolj"}