{"specializari": {"TEHNICIAN IN ADMINISTRATIE": 43}, "limba_moderna": {"LIMBA ENGLEZA": 43}, "limba_materna": {"LIMBA ROMANA": 43}, "promotie_anterioara": {"NU": 28, "DA": 15}, "materii": {"LIMBA ROMANA": {"medie": 5.876744186046512, "reusita": 83.72093023255815, "cnt": 43}, "MATEMATICA TEHN": {"medie": 4.555813953488373, "reusita": 55.81395348837209, "cnt": 43}, "GENERAL": {"medie": 5.78095238095238, "reusita": 39.53488372093023, "cnt": 43}, "GEOGRAFIE": {"medie": 6.899999999999999, "reusita": 86.04651162790698, "cnt": 43}}, "nume": "LICEUL TEHNOLOGIC BELIU\tArad"}