{"specializari": {"FILOLOGIE": 31, "TEHNICIAN DE TELECOMUNICATII": 7, "STIINTE ALE NATURII": 14, "MATEMATICA-INFORMATICA": 6, "TEHNICIAN ELECTROMECANIC": 3, "TEHNICIAN MECATRONIST": 2, "TEHNICIAN OPERATOR TEHNICA DE CALCUL": 2, "TEHNICIAN IN INSTALATII ELECTRICE": 1}, "limba_moderna": {"LIMBA ENGLEZA": 61, "LIMBA FRANCEZA": 5}, "limba_materna": {"LIMBA ROMANA": 66}, "promotie_anterioara": {"NU": 41, "DA": 25}, "materii": {"LIMBA ROMANA": {"medie": 6.096093750000002, "reusita": 77.27272727272727, "cnt": 66}, "MATEMATICA TEHN": {"medie": 5.621428571428572, "reusita": 66.66666666666666, "cnt": 15}, "BIOLOGIE VEGETALA SI ANIMALA": {"medie": 5.738333333333333, "reusita": 57.57575757575758, "cnt": 33}, "GENERAL": {"medie": 6.475683060109292, "reusita": 54.54545454545454, "cnt": 66}, "MATEMATICA MATE-INFO": {"medie": 2.6100000000000003, "reusita": 16.666666666666664, "cnt": 6}, "GEOGRAFIE": {"medie": 8.276470588235295, "reusita": 100.0, "cnt": 17}, "FIZICA TEH": {"medie": 7.875, "reusita": 100.0, "cnt": 2}, "ISTORIE": {"medie": 7.848333333333331, "reusita": 96.7741935483871, "cnt": 31}, "MATEMATICA ST-NAT": {"medie": 4.978571428571429, "reusita": 64.28571428571429, "cnt": 14}, "LOGICA, ARGUMENTARE SI COMUNICARE": {"medie": 7.75, "reusita": 100.0, "cnt": 4}, "SOCIOLOGIE": {"medie": 7.577777777777777, "reusita": 90.0, "cnt": 10}}, "nume": "LICEUL \"DANUBIUS\" CALARASI\tC\u0103l\u0103ra\u0219i"}