{"specializari": {"FILOLOGIE": 70, "MATEMATICA-INFORMATICA": 13, "TEHNICIAN MECANIC PENTRU INTRETINERE SI REPARATII": 7}, "limba_moderna": {"LIMBA ENGLEZA": 82, "LIMBA FRANCEZA": 8}, "limba_materna": {"LIMBA ROMANA": 90}, "promotie_anterioara": {"NU": 81, "DA": 9}, "materii": {"LIMBA ROMANA": {"medie": 6.591666666666669, "reusita": 77.77777777777779, "cnt": 90}, "MATEMATICA TEHN": {"medie": 3.735714285714286, "reusita": 28.57142857142857, "cnt": 7}, "BIOLOGIE VEGETALA SI ANIMALA": {"medie": 3.2562500000000005, "reusita": 12.5, "cnt": 8}, "GENERAL": {"medie": 6.6519841269841296, "reusita": 67.77777777777779, "cnt": 90}, "MATEMATICA MATE-INFO": {"medie": 6.933333333333334, "reusita": 76.92307692307693, "cnt": 13}, "GEOGRAFIE": {"medie": 5.764999999999999, "reusita": 50.0, "cnt": 14}, "ANATOMIE SI FIZIOLOGIE UMANA, GENETICA SI ECOLOGIE UMANA": {"medie": 7.886363636363635, "reusita": 83.33333333333334, "cnt": 12}, "ISTORIE": {"medie": 6.076153846153847, "reusita": 84.28571428571429, "cnt": 70}, "LOGICA, ARGUMENTARE SI COMUNICARE": {"medie": 8.142727272727274, "reusita": 94.64285714285714, "cnt": 56}}, "nume": "LICEUL TEHNOLOGIC \"MIHAI EMINESCU\" DUMBRAVENI\tSuceava"}