{"specializari": {"TEHNICIAN VETERINAR": 12}, "limba_moderna": {"LIMBA ENGLEZA": 12}, "limba_materna": {"LIMBA ROMANA": 12}, "promotie_anterioara": {"DA": 5, "NU": 7}, "materii": {"LIMBA ROMANA": {"medie": 5.979166666666667, "reusita": 91.66666666666666, "cnt": 12}, "MATEMATICA TEHN": {"medie": 4.845833333333333, "reusita": 58.333333333333336, "cnt": 12}, "BIOLOGIE VEGETALA SI ANIMALA": {"medie": 4.366666666666667, "reusita": 41.66666666666667, "cnt": 12}, "GENERAL": {"medie": 5.063888888888888, "reusita": 33.33333333333333, "cnt": 12}}, "nume": "LICEUL TEHNOLOGIC AGRICOL \"ALEXANDRU BORZA\" CIUMBRUD\tAlba"}