{"specializari": {"LICEU CU PROGRAM SPORTIV": 53}, "limba_moderna": {"LIMBA ENGLEZA": 46, "LIMBA FRANCEZA": 7}, "limba_materna": {"LIMBA ROMANA": 53}, "promotie_anterioara": {"NU": 39, "DA": 14}, "materii": {"LIMBA ROMANA": {"medie": 5.860000000000001, "reusita": 71.69811320754717, "cnt": 53}, "GENERAL": {"medie": 6.319047619047618, "reusita": 54.71698113207547, "cnt": 53}, "GEOGRAFIE": {"medie": 7.191891891891893, "reusita": 87.17948717948718, "cnt": 39}, "ISTORIE": {"medie": 6.121999999999998, "reusita": 88.67924528301887, "cnt": 53}, "LOGICA, ARGUMENTARE SI COMUNICARE": {"medie": 6.067857142857143, "reusita": 71.42857142857143, "cnt": 14}}, "nume": "LICEUL CU PROGRAM SPORTIV BAIA MARE\tMaramure\u0219"}