{"specializari": {"TEHNICIAN IN ACTIVITATI ECONOMICE": 53, "MATEMATICA-INFORMATICA": 42, "FILOLOGIE": 46}, "limba_moderna": {"LIMBA ENGLEZA": 118, "LIMBA FRANCEZA": 23}, "limba_materna": {"LIMBA ROMANA": 141}, "promotie_anterioara": {"DA": 39, "NU": 102}, "materii": {"LIMBA ROMANA": {"medie": 6.547761194029851, "reusita": 83.68794326241135, "cnt": 141}, "MATEMATICA TEHN": {"medie": 5.683673469387756, "reusita": 69.81132075471697, "cnt": 53}, "BIOLOGIE VEGETALA SI ANIMALA": {"medie": 8.05689655172414, "reusita": 90.32258064516128, "cnt": 31}, "GENERAL": {"medie": 6.723536895674299, "reusita": 56.73758865248227, "cnt": 141}, "MATEMATICA MATE-INFO": {"medie": 7.017499999999998, "reusita": 78.57142857142857, "cnt": 42}, "INFORMATICA MI C/C++": {"medie": 8.500000000000002, "reusita": 100.0, "cnt": 3}, "GEOGRAFIE": {"medie": 6.930459770114941, "reusita": 81.52173913043478, "cnt": 92}, "ANATOMIE SI FIZIOLOGIE UMANA, GENETICA SI ECOLOGIE UMANA": {"medie": 8.516666666666667, "reusita": 83.33333333333334, "cnt": 6}, "ISTORIE": {"medie": 6.347777777777777, "reusita": 91.30434782608695, "cnt": 46}, "SOCIOLOGIE": {"medie": 4.15, "reusita": 0.0, "cnt": 1}, "PSIHOLOGIE": {"medie": 8.8, "reusita": 100.0, "cnt": 2}, "ECONOMIE": {"medie": 3.5375, "reusita": 25.0, "cnt": 4}, "CHIMIE ORGANICA TEO NIVEL I/II": {"medie": 8.95, "reusita": 100.0, "cnt": 2}}, "nume": "LICEUL TEORETIC \"TRAIAN VUIA\" FAGET\tTimi\u0219"}