{"specializari": {"INVATATOR - EDUCATOARE": 30, "TEHNICIAN IN GASTRONOMIE": 9, "TEHNICIAN IN TURISM": 1, "TEHNICIAN IN MORARIT, PANIFICATIE SI PRODUSE FAINOASE": 1, "TEHNICIAN ECOLOG SI PROTECTIA CALITATII MEDIULUI": 2}, "limba_moderna": {"LIMBA ENGLEZA": 43}, "limba_materna": {"LIMBA ROMANA": 43}, "promotie_anterioara": {"NU": 30, "DA": 13}, "materii": {"LIMBA ROMANA": {"medie": 5.998780487804877, "reusita": 79.06976744186046, "cnt": 43}, "MATEMATICA TEHN": {"medie": 4.707692307692307, "reusita": 53.84615384615385, "cnt": 13}, "BIOLOGIE VEGETALA SI ANIMALA": {"medie": 5.8, "reusita": 66.66666666666666, "cnt": 3}, "GENERAL": {"medie": 6.318750000000003, "reusita": 53.48837209302325, "cnt": 43}, "MATEMATICA PED": {"medie": 6.810344827586209, "reusita": 86.66666666666667, "cnt": 30}, "GEOGRAFIE": {"medie": 6.705882352941176, "reusita": 85.71428571428571, "cnt": 35}, "PSIHOLOGIE": {"medie": 7.160000000000001, "reusita": 100.0, "cnt": 5}}, "nume": "LICEUL PEDAGOGIC \"STEFAN BANULESCU\" CALARASI\tC\u0103l\u0103ra\u0219i"}