{"specializari": {"FILOLOGIE": 59, "MATEMATICA-INFORMATICA": 32, "STIINTE ALE NATURII": 88, "STIINTE SOCIALE": 32}, "limba_moderna": {"LIMBA FRANCEZA": 40, "LIMBA ENGLEZA": 171}, "limba_materna": {"LIMBA ROMANA": 211}, "promotie_anterioara": {"NU": 194, "DA": 17}, "materii": {"LIMBA ROMANA": {"medie": 7.389810426540281, "reusita": 99.52606635071089, "cnt": 211}, "BIOLOGIE VEGETALA SI ANIMALA": {"medie": 7.9, "reusita": 100.0, "cnt": 1}, "GENERAL": {"medie": 7.746984126984123, "reusita": 90.04739336492891, "cnt": 211}, "MATEMATICA MATE-INFO": {"medie": 7.041935483870968, "reusita": 87.5, "cnt": 32}, "INFORMATICA MI C/C++": {"medie": 7.599999999999999, "reusita": 66.66666666666666, "cnt": 3}, "GEOGRAFIE": {"medie": 7.7540816326530635, "reusita": 100.0, "cnt": 49}, "ANATOMIE SI FIZIOLOGIE UMANA, GENETICA SI ECOLOGIE UMANA": {"medie": 8.595192307692308, "reusita": 99.03846153846155, "cnt": 104}, "ISTORIE": {"medie": 7.159340659340658, "reusita": 100.0, "cnt": 91}, "FIZICA TEO": {"medie": 5.716666666666666, "reusita": 100.0, "cnt": 3}, "MATEMATICA ST-NAT": {"medie": 8.333522727272726, "reusita": 100.0, "cnt": 88}, "LOGICA, ARGUMENTARE SI COMUNICARE": {"medie": 8.104545454545455, "reusita": 100.0, "cnt": 33}, "SOCIOLOGIE": {"medie": 7.793750000000001, "reusita": 100.0, "cnt": 8}, "CHIMIE ANORGANICA TEO NIVEL I/II": {"medie": 7.788888888888888, "reusita": 88.88888888888889, "cnt": 9}, "FILOSOFIE": {"medie": 8.7, "reusita": 100.0, "cnt": 1}}, "nume": "LICEUL TEORETIC \"MIRON COSTIN\", PASCANI\tIa\u0219i"}