{"specializari": {"STIINTE SOCIALE": 68, "TEHNICIAN IN ACTIVITATI ECONOMICE": 30, "STIINTE ALE NATURII": 98, "TEHNICIAN IN TURISM": 19, "FILOLOGIE": 66, "MATEMATICA-INFORMATICA": 48}, "limba_moderna": {"LIMBA ENGLEZA": 276, "LIMBA FRANCEZA": 53}, "limba_materna": {"LIMBA ROMANA": 329}, "promotie_anterioara": {"NU": 305, "DA": 24}, "materii": {"LIMBA ROMANA": {"medie": 7.068865030674843, "reusita": 95.74468085106383, "cnt": 329}, "MATEMATICA TEHN": {"medie": 8.120408163265308, "reusita": 97.95918367346938, "cnt": 49}, "BIOLOGIE VEGETALA SI ANIMALA": {"medie": 7.12, "reusita": 87.5, "cnt": 16}, "GENERAL": {"medie": 7.364410256410248, "reusita": 81.7629179331307, "cnt": 329}, "MATEMATICA MATE-INFO": {"medie": 5.777083333333334, "reusita": 75.0, "cnt": 48}, "INFORMATICA MI C/C++": {"medie": 7.69, "reusita": 100.0, "cnt": 15}, "GEOGRAFIE": {"medie": 7.9906862745098035, "reusita": 98.0392156862745, "cnt": 102}, "ANATOMIE SI FIZIOLOGIE UMANA, GENETICA SI ECOLOGIE UMANA": {"medie": 7.236893203883497, "reusita": 91.2621359223301, "cnt": 103}, "ISTORIE": {"medie": 7.228195488721807, "reusita": 97.76119402985076, "cnt": 134}, "FIZICA TEO": {"medie": 4.75, "reusita": 50.0, "cnt": 2}, "MATEMATICA ST-NAT": {"medie": 7.109375, "reusita": 85.71428571428571, "cnt": 98}, "LOGICA, ARGUMENTARE SI COMUNICARE": {"medie": 9.002142857142859, "reusita": 98.59154929577466, "cnt": 71}, "SOCIOLOGIE": {"medie": 9.25, "reusita": 100.0, "cnt": 2}, "PSIHOLOGIE": {"medie": 7.471428571428572, "reusita": 100.0, "cnt": 7}, "ECONOMIE": {"medie": 9.7, "reusita": 100.0, "cnt": 1}, "CHIMIE ORGANICA TEO NIVEL I/II": {"medie": 7.383333333333333, "reusita": 100.0, "cnt": 3}, "INFORMATICA SN C/C++": {"medie": 7.1499999999999995, "reusita": 100.0, "cnt": 7}}, "nume": "LICEUL TEORETIC \"MIHAI EMINESCU\", MUN. BARLAD\tVaslui"}