{"specializari": {"FILOLOGIE": 33, "STIINTE ALE NATURII": 11, "TEHNICIAN IN ACTIVITATI DE COMERT": 10, "TEHNICIAN ELECTROMECANIC": 5, "MATEMATICA-INFORMATICA": 5, "TEHNICIAN IN INDUSTRIA TEXTILA": 2}, "limba_moderna": {"LIMBA ENGLEZA": 63, "LIMBA FRANCEZA": 3}, "limba_materna": {"LIMBA ROMANA": 66}, "promotie_anterioara": {"NU": 48, "DA": 18}, "materii": {"LIMBA ROMANA": {"medie": 6.057575757575758, "reusita": 86.36363636363636, "cnt": 66}, "MATEMATICA TEHN": {"medie": 5.437500000000001, "reusita": 70.58823529411765, "cnt": 17}, "BIOLOGIE VEGETALA SI ANIMALA": {"medie": 6.016666666666667, "reusita": 78.57142857142857, "cnt": 14}, "GENERAL": {"medie": 6.43972222222222, "reusita": 53.03030303030303, "cnt": 66}, "MATEMATICA MATE-INFO": {"medie": 4.9875, "reusita": 40.0, "cnt": 5}, "GEOGRAFIE": {"medie": 7.901219512195125, "reusita": 100.0, "cnt": 41}, "FIZICA TEH": {"medie": 4.6499999999999995, "reusita": 66.66666666666666, "cnt": 6}, "ISTORIE": {"medie": 6.301562499999998, "reusita": 87.87878787878788, "cnt": 33}, "MATEMATICA ST-NAT": {"medie": 5.6090909090909085, "reusita": 63.63636363636363, "cnt": 11}, "SOCIOLOGIE": {"medie": 5.95, "reusita": 100.0, "cnt": 1}, "PSIHOLOGIE": {"medie": 5.9, "reusita": 100.0, "cnt": 1}, "CHIMIE ORGANICA TEO NIVEL I/II": {"medie": 8.549999999999999, "reusita": 100.0, "cnt": 3}}, "nume": "LICEUL TEHNOLOGIC \"NICOLAE TITULESCU\" INSURATEI\tBr\u0103ila"}