{"specializari": {"TEHNICIAN IN ACTIVITATI ECONOMICE": 31, "MATEMATICA-INFORMATICA": 25, "TEHNICIAN ECOLOG SI PROTECTIA CALITATII MEDIULUI": 14, "TEHNICIAN IN AGRICULTURA": 3}, "limba_moderna": {"LIMBA ENGLEZA": 73}, "limba_materna": {"LIMBA ROMANA": 73}, "promotie_anterioara": {"DA": 26, "NU": 47}, "materii": {"LIMBA ROMANA": {"medie": 5.845652173913043, "reusita": 69.86301369863014, "cnt": 73}, "MATEMATICA TEHN": {"medie": 5.185555555555554, "reusita": 60.416666666666664, "cnt": 48}, "GENERAL": {"medie": 5.602564102564103, "reusita": 39.726027397260275, "cnt": 73}, "MATEMATICA MATE-INFO": {"medie": 4.708333333333333, "reusita": 60.0, "cnt": 25}, "GEOGRAFIE": {"medie": 7.087931034482759, "reusita": 87.09677419354838, "cnt": 31}, "ANATOMIE SI FIZIOLOGIE UMANA, GENETICA SI ECOLOGIE UMANA": {"medie": 5.288749999999999, "reusita": 59.523809523809526, "cnt": 42}}, "nume": "LICEUL TEHNOLOGIC NR.1 FUNDULEA\tC\u0103l\u0103ra\u0219i"}