{"specializari": {"MUZICA": 53, "ARTA ACTORULUI": 11, "COREGRAFIE": 9}, "limba_moderna": {"LIMBA ENGLEZA": 68, "LIMBA FRANCEZA": 5}, "limba_materna": {"LIMBA ROMANA": 73}, "promotie_anterioara": {"DA": 11, "NU": 62}, "materii": {"LIMBA ROMANA": {"medie": 7.535416666666666, "reusita": 95.8904109589041, "cnt": 73}, "GENERAL": {"medie": 7.535648148148147, "reusita": 80.82191780821918, "cnt": 73}, "GEOGRAFIE": {"medie": 8.033582089552237, "reusita": 97.05882352941177, "cnt": 68}, "ISTORIE": {"medie": 7.17986111111111, "reusita": 95.8904109589041, "cnt": 73}, "PSIHOLOGIE": {"medie": 7.9, "reusita": 100.0, "cnt": 1}, "ECONOMIE": {"medie": 7.1, "reusita": 100.0, "cnt": 1}, "FILOSOFIE": {"medie": 4.983333333333333, "reusita": 33.33333333333333, "cnt": 3}}, "nume": "LICEUL DE ARTA \"ION VIDU\" TIMISOARA\tTimi\u0219"}