{"specializari": {"FILOLOGIE": 95, "STIINTE ALE NATURII": 33, "MATEMATICA-INFORMATICA": 63}, "limba_moderna": {"LIMBA ENGLEZA": 177, "LIMBA FRANCEZA": 14}, "limba_materna": {"LIMBA ROMANA": 191}, "promotie_anterioara": {"DA": 17, "NU": 174}, "materii": {"LIMBA ROMANA": {"medie": 6.919210526315788, "reusita": 91.62303664921467, "cnt": 191}, "BIOLOGIE VEGETALA SI ANIMALA": {"medie": 3.75, "reusita": 0.0, "cnt": 1}, "GENERAL": {"medie": 7.2112588652482295, "reusita": 78.01047120418848, "cnt": 191}, "MATEMATICA MATE-INFO": {"medie": 7.659677419354839, "reusita": 92.06349206349206, "cnt": 63}, "INFORMATICA MI C/C++": {"medie": 7.3218749999999995, "reusita": 93.75, "cnt": 16}, "GEOGRAFIE": {"medie": 7.922727272727273, "reusita": 100.0, "cnt": 22}, "ANATOMIE SI FIZIOLOGIE UMANA, GENETICA SI ECOLOGIE UMANA": {"medie": 7.664925373134328, "reusita": 92.64705882352942, "cnt": 68}, "ISTORIE": {"medie": 7.082105263157896, "reusita": 96.84210526315789, "cnt": 95}, "FIZICA TEO": {"medie": 8.34, "reusita": 100.0, "cnt": 10}, "MATEMATICA ST-NAT": {"medie": 5.193939393939396, "reusita": 72.72727272727273, "cnt": 33}, "LOGICA, ARGUMENTARE SI COMUNICARE": {"medie": 7.660144927536232, "reusita": 87.14285714285714, "cnt": 70}, "SOCIOLOGIE": {"medie": 8.675, "reusita": 100.0, "cnt": 2}, "PSIHOLOGIE": {"medie": 7.5, "reusita": 100.0, "cnt": 1}, "CHIMIE ORGANICA TEO NIVEL I/II": {"medie": 10.0, "reusita": 100.0, "cnt": 1}}, "nume": "LICEUL TEORETIC \"NICOLAE BALCESCU\" MEDGIDIA\tConstan\u021ba"}