{"specializari": {"STIINTE ALE NATURII": 14, "FILOLOGIE": 28}, "limba_moderna": {"LIMBA ENGLEZA": 42}, "limba_materna": {"LIMBA ROMANA": 42}, "promotie_anterioara": {"NU": 40, "DA": 2}, "materii": {"LIMBA ROMANA": {"medie": 7.547619047619045, "reusita": 92.85714285714286, "cnt": 42}, "BIOLOGIE VEGETALA SI ANIMALA": {"medie": 8.834615384615384, "reusita": 100.0, "cnt": 13}, "GENERAL": {"medie": 7.894841269841271, "reusita": 85.71428571428571, "cnt": 42}, "GEOGRAFIE": {"medie": 8.536363636363637, "reusita": 100.0, "cnt": 11}, "ANATOMIE SI FIZIOLOGIE UMANA, GENETICA SI ECOLOGIE UMANA": {"medie": 9.2, "reusita": 100.0, "cnt": 1}, "ISTORIE": {"medie": 7.885714285714286, "reusita": 92.85714285714286, "cnt": 28}, "MATEMATICA ST-NAT": {"medie": 7.953571428571428, "reusita": 100.0, "cnt": 14}, "LOGICA, ARGUMENTARE SI COMUNICARE": {"medie": 7.508823529411765, "reusita": 82.35294117647058, "cnt": 17}}, "nume": "LICEUL TEORETIC TEIUS\tAlba"}