{"specializari": {"STIINTE ALE NATURII": 12, "FILOLOGIE": 36, "TEHNICIAN MECANIC PENTRU INTRETINERE SI REPARATII": 5, "TEHNICIAN IN ACTIVITATI DE COMERT": 8, "MATEMATICA-INFORMATICA": 3}, "limba_moderna": {"LIMBA ENGLEZA": 36, "LIMBA GERMANA MODERNA": 28}, "limba_materna": {"LIMBA MAGHIARA": 64}, "promotie_anterioara": {"NU": 37, "DA": 27}, "materii": {"LIMBA ROMANA": {"medie": 3.3814516129032253, "reusita": 29.6875, "cnt": 64}, "MATEMATICA TEHN": {"medie": 5.4624999999999995, "reusita": 69.23076923076923, "cnt": 13}, "BIOLOGIE VEGETALA SI ANIMALA": {"medie": 6.420588235294116, "reusita": 88.23529411764706, "cnt": 17}, "GENERAL": {"medie": 5.873991935483872, "reusita": 21.875, "cnt": 64}, "MATEMATICA MATE-INFO": {"medie": 6.733333333333333, "reusita": 100.0, "cnt": 3}, "GEOGRAFIE": {"medie": 6.704878048780489, "reusita": 97.61904761904762, "cnt": 42}, "FIZICA TEH": {"medie": 6.75, "reusita": 100.0, "cnt": 1}, "ISTORIE": {"medie": 6.461111111111111, "reusita": 91.66666666666666, "cnt": 36}, "FIZICA TEO": {"medie": 5.800000000000001, "reusita": 100.0, "cnt": 2}, "MATEMATICA ST-NAT": {"medie": 6.620833333333334, "reusita": 75.0, "cnt": 12}, "PSIHOLOGIE": {"medie": 7.050000000000001, "reusita": 100.0, "cnt": 2}, "LIMBA MAGHIARA (REAL)": {"medie": 7.148148148148148, "reusita": 96.42857142857143, "cnt": 28}, "LIMBA MAGHIARA (UMAN)": {"medie": 7.156944444444444, "reusita": 100.0, "cnt": 36}}, "nume": "LICEUL TEORETIC \"BOCSKAI ISTVAN\" MIERCUREA NIRAJULUI\tMure\u0219"}