{"specializari": {"ORGANIZATOR BANQUETING": 14, "TEHNICIAN IN GASTRONOMIE": 7, "TEHNICIAN IN TURISM": 1}, "limba_moderna": {"LIMBA ENGLEZA": 22}, "limba_materna": {"LIMBA ROMANA": 22}, "promotie_anterioara": {"NU": 19, "DA": 3}, "materii": {"LIMBA ROMANA": {"medie": 5.7095238095238106, "reusita": 86.36363636363636, "cnt": 22}, "MATEMATICA TEHN": {"medie": 4.278571428571429, "reusita": 54.54545454545454, "cnt": 22}, "GENERAL": {"medie": 5.373015873015873, "reusita": 31.818181818181817, "cnt": 22}, "GEOGRAFIE": {"medie": 6.130952380952381, "reusita": 81.81818181818183, "cnt": 22}}, "nume": "LICEUL TEHNOLOGIC \"ALEXANDRU IOAN CUZA\" PANCIU\tVrancea"}