{"specializari": {"STIINTE ALE NATURII": 50, "MATEMATICA-INFORMATICA": 25, "TEOLOGIE ROMANO-CATOLICA": 35, "FILOLOGIE": 2}, "limba_moderna": {"LIMBA ENGLEZA": 95, "LIMBA GERMANA MODERNA": 17}, "limba_materna": {"LIMBA MAGHIARA": 112}, "promotie_anterioara": {"NU": 102, "DA": 10}, "materii": {"LIMBA ROMANA": {"medie": 5.885909090909094, "reusita": 75.89285714285714, "cnt": 112}, "GENERAL": {"medie": 7.455848623853211, "reusita": 69.64285714285714, "cnt": 112}, "MATEMATICA MATE-INFO": {"medie": 6.7, "reusita": 84.0, "cnt": 25}, "INFORMATICA MI C/C++": {"medie": 7.796153846153847, "reusita": 92.3076923076923, "cnt": 13}, "GEOGRAFIE": {"medie": 6.759722222222225, "reusita": 83.78378378378379, "cnt": 37}, "ANATOMIE SI FIZIOLOGIE UMANA, GENETICA SI ECOLOGIE UMANA": {"medie": 8.607894736842105, "reusita": 100.0, "cnt": 57}, "ISTORIE": {"medie": 6.705555555555555, "reusita": 97.2972972972973, "cnt": 37}, "FIZICA TEO": {"medie": 8.9, "reusita": 100.0, "cnt": 3}, "MATEMATICA ST-NAT": {"medie": 8.607999999999997, "reusita": 96.0, "cnt": 50}, "LIMBA MAGHIARA (REAL)": {"medie": 8.386697247706422, "reusita": 98.18181818181819, "cnt": 110}, "CHIMIE ORGANICA TEO NIVEL I/II": {"medie": 8.9, "reusita": 100.0, "cnt": 2}, "LIMBA MAGHIARA (UMAN)": {"medie": 7.175000000000001, "reusita": 100.0, "cnt": 2}}, "nume": "LICEUL TEORETIC \"NAGY MOZES\" TARGU SECUIESC\tCovasna"}