{"specializari": {"FILOLOGIE": 42}, "limba_moderna": {"LIMBA ENGLEZA": 36, "LIMBA FRANCEZA": 6}, "limba_materna": {"LIMBA ROMANA": 42}, "promotie_anterioara": {"NU": 23, "DA": 19}, "materii": {"LIMBA ROMANA": {"medie": 3.9118421052631587, "reusita": 28.57142857142857, "cnt": 42}, "GENERAL": {"medie": 4.931018518518518, "reusita": 7.142857142857142, "cnt": 42}, "GEOGRAFIE": {"medie": 5.729487179487179, "reusita": 64.28571428571429, "cnt": 42}, "ISTORIE": {"medie": 5.1875, "reusita": 59.523809523809526, "cnt": 42}}, "nume": "LICEUL TEORETIC \"GEORGE POP DE BASESTI\" SIGHETU MARMATIEI\tMaramure\u0219"}