{"specializari": {"LICEU CU PROGRAM SPORTIV": 25, "STIINTE SOCIALE": 44, "STIINTE ALE NATURII": 11, "TEHNICIAN IN INDUSTRIA ALIMENTARA": 31}, "limba_moderna": {"LIMBA ENGLEZA": 108, "LIMBA FRANCEZA": 3}, "limba_materna": {"LIMBA ROMANA": 111}, "promotie_anterioara": {"NU": 90, "DA": 21}, "materii": {"LIMBA ROMANA": {"medie": 5.214432989690721, "reusita": 59.45945945945946, "cnt": 111}, "MATEMATICA TEHN": {"medie": 3.2232142857142856, "reusita": 25.806451612903224, "cnt": 31}, "BIOLOGIE VEGETALA SI ANIMALA": {"medie": 3.0636363636363635, "reusita": 11.11111111111111, "cnt": 36}, "GENERAL": {"medie": 5.16141304347826, "reusita": 29.72972972972973, "cnt": 111}, "GEOGRAFIE": {"medie": 5.79375, "reusita": 42.857142857142854, "cnt": 14}, "ANATOMIE SI FIZIOLOGIE UMANA, GENETICA SI ECOLOGIE UMANA": {"medie": 5.824999999999999, "reusita": 50.0, "cnt": 6}, "ISTORIE": {"medie": 5.384482758620689, "reusita": 63.76811594202898, "cnt": 69}, "MATEMATICA ST-NAT": {"medie": 4.325, "reusita": 45.45454545454545, "cnt": 11}, "LOGICA, ARGUMENTARE SI COMUNICARE": {"medie": 7.049000000000002, "reusita": 80.0, "cnt": 55}}, "nume": "LICEUL TEHNOLOGIC \"ION PODARU\" OVIDIU\tConstan\u021ba"}