{"specializari": {"FILOLOGIE": 71, "STIINTE ALE NATURII": 30, "MATEMATICA-INFORMATICA": 30, "STIINTE SOCIALE": 74}, "limba_moderna": {"LIMBA ENGLEZA": 187, "LIMBA GERMANA MODERNA": 9, "LIMBA FRANCEZA": 9}, "limba_materna": {"LIMBA ROMANA": 205}, "promotie_anterioara": {"NU": 171, "DA": 34}, "materii": {"LIMBA ROMANA": {"medie": 7.063414634146342, "reusita": 95.1219512195122, "cnt": 205}, "BIOLOGIE VEGETALA SI ANIMALA": {"medie": 6.171428571428571, "reusita": 85.71428571428571, "cnt": 21}, "GENERAL": {"medie": 6.96372549019608, "reusita": 73.65853658536585, "cnt": 205}, "MATEMATICA MATE-INFO": {"medie": 7.248333333333332, "reusita": 86.66666666666667, "cnt": 30}, "INFORMATICA MI C/C++": {"medie": 6.4, "reusita": 100.0, "cnt": 1}, "GEOGRAFIE": {"medie": 7.309595959595958, "reusita": 91.91919191919192, "cnt": 99}, "ANATOMIE SI FIZIOLOGIE UMANA, GENETICA SI ECOLOGIE UMANA": {"medie": 6.565384615384614, "reusita": 92.3076923076923, "cnt": 13}, "ISTORIE": {"medie": 6.787241379310345, "reusita": 92.41379310344827, "cnt": 145}, "FIZICA TEO": {"medie": 5.863333333333332, "reusita": 73.33333333333333, "cnt": 15}, "MATEMATICA ST-NAT": {"medie": 5.089655172413794, "reusita": 60.0, "cnt": 30}, "LOGICA, ARGUMENTARE SI COMUNICARE": {"medie": 8.304347826086957, "reusita": 95.65217391304348, "cnt": 23}, "SOCIOLOGIE": {"medie": 7.307894736842105, "reusita": 94.73684210526315, "cnt": 19}, "PSIHOLOGIE": {"medie": 8.15, "reusita": 100.0, "cnt": 4}, "CHIMIE ORGANICA TEO NIVEL I/II": {"medie": 7.92, "reusita": 100.0, "cnt": 10}}, "nume": "LICEUL TEORETIC \"TUDOR VIANU\" GIURGIU\tGiurgiu"}