{"specializari": {"MUZICA": 22}, "limba_moderna": {"LIMBA ENGLEZA": 22}, "limba_materna": {"LIMBA ROMANA": 22}, "promotie_anterioara": {"NU": 20, "DA": 2}, "materii": {"LIMBA ROMANA": {"medie": 7.2681818181818185, "reusita": 95.45454545454545, "cnt": 22}, "GENERAL": {"medie": 7.237878787878786, "reusita": 72.72727272727273, "cnt": 22}, "GEOGRAFIE": {"medie": 7.513636363636362, "reusita": 86.36363636363636, "cnt": 22}, "ISTORIE": {"medie": 6.931818181818181, "reusita": 90.9090909090909, "cnt": 22}}, "nume": "LICEUL VOCATIONAL DE MUZICA \"TUDOR CIORTEA\" BRASOV\tBra\u0219ov"}