{"specializari": {"MATEMATICA-INFORMATICA": 53, "FILOLOGIE": 94}, "limba_moderna": {"LIMBA ENGLEZA": 131, "LIMBA PORTUGHEZA": 12, "LIMBA FRANCEZA": 4}, "limba_materna": {"LIMBA ROMANA": 147}, "promotie_anterioara": {"NU": 126, "DA": 21}, "materii": {"LIMBA ROMANA": {"medie": 7.42344827586207, "reusita": 97.95918367346938, "cnt": 147}, "BIOLOGIE VEGETALA SI ANIMALA": {"medie": 6.311764705882353, "reusita": 88.23529411764706, "cnt": 17}, "GENERAL": {"medie": 7.287412587412585, "reusita": 78.91156462585033, "cnt": 147}, "MATEMATICA MATE-INFO": {"medie": 6.316000000000002, "reusita": 83.01886792452831, "cnt": 53}, "INFORMATICA MI C/C++": {"medie": 6.964999999999999, "reusita": 90.0, "cnt": 10}, "INFORMATICA MI PASCAL": {"medie": 6.202941176470588, "reusita": 82.35294117647058, "cnt": 17}, "GEOGRAFIE": {"medie": 8.087500000000002, "reusita": 100.0, "cnt": 20}, "ANATOMIE SI FIZIOLOGIE UMANA, GENETICA SI ECOLOGIE UMANA": {"medie": 6.271428571428571, "reusita": 75.0, "cnt": 8}, "ISTORIE": {"medie": 7.49255319148936, "reusita": 98.93617021276596, "cnt": 94}, "FIZICA TEO": {"medie": 7.4, "reusita": 100.0, "cnt": 1}, "LOGICA, ARGUMENTARE SI COMUNICARE": {"medie": 9.0, "reusita": 100.0, "cnt": 1}, "SOCIOLOGIE": {"medie": 7.564285714285714, "reusita": 95.23809523809523, "cnt": 63}, "PSIHOLOGIE": {"medie": 8.716666666666667, "reusita": 100.0, "cnt": 6}, "ECONOMIE": {"medie": 6.775, "reusita": 100.0, "cnt": 4}}, "nume": "LICEUL TEORETIC \"EUGEN LOVINESCU\"\tBucure\u0219ti"}