{"specializari": {"TEHNICIAN IN HOTELARIE": 17}, "limba_moderna": {"LIMBA FRANCEZA": 3, "LIMBA ENGLEZA": 14}, "limba_materna": {"LIMBA ROMANA": 17}, "promotie_anterioara": {"DA": 4, "NU": 13}, "materii": {"LIMBA ROMANA": {"medie": 4.689285714285715, "reusita": 58.82352941176471, "cnt": 17}, "MATEMATICA TEHN": {"medie": 2.221428571428571, "reusita": 11.76470588235294, "cnt": 17}, "GENERAL": {"medie": 3.776190476190476, "reusita": 5.88235294117647, "cnt": 17}, "GEOGRAFIE": {"medie": 4.417857142857143, "reusita": 35.294117647058826, "cnt": 17}}, "nume": "LICEUL TEHNOLOGIC \"SF.DIMITRIE\" TEREGOVA\tCara\u0219-Severin"}