{"specializari": {"TEOLOGIE ORTODOXA": 19}, "limba_moderna": {"LIMBA ENGLEZA": 12, "LIMBA FRANCEZA": 7}, "limba_materna": {"LIMBA ROMANA": 19}, "promotie_anterioara": {"NU": 16, "DA": 3}, "materii": {"LIMBA ROMANA": {"medie": 6.910526315789473, "reusita": 89.47368421052632, "cnt": 19}, "GENERAL": {"medie": 7.091228070175438, "reusita": 78.94736842105263, "cnt": 19}, "GEOGRAFIE": {"medie": 7.5470588235294125, "reusita": 94.11764705882352, "cnt": 17}, "ISTORIE": {"medie": 7.052631578947368, "reusita": 100.0, "cnt": 19}, "FILOSOFIE": {"medie": 5.3, "reusita": 100.0, "cnt": 2}}, "nume": "LICEUL ORTODOX \"SF. NICOLAE\" ZALAU\tS\u0103laj"}