{"specializari": {"STIINTE ALE NATURII": 59, "FILOLOGIE": 67, "TEHNICIAN MECANIC PENTRU INTRETINERE SI REPARATII": 24, "MATEMATICA-INFORMATICA": 65, "TEHNICIAN IN INSTALATII ELECTRICE": 21, "STIINTE SOCIALE": 45, "TEHNICIAN PRELUCRARI MECANICE": 1, "TEHNICIAN MECATRONIST": 18}, "limba_moderna": {"LIMBA ENGLEZA": 291, "LIMBA FRANCEZA": 6, "LIMBA SPANIOLA": 3}, "limba_materna": {"LIMBA ROMANA": 300}, "promotie_anterioara": {"NU": 251, "DA": 49}, "materii": {"LIMBA ROMANA": {"medie": 5.020114942528732, "reusita": 51.66666666666667, "cnt": 300}, "MATEMATICA TEHN": {"medie": 1.607142857142857, "reusita": 4.6875, "cnt": 64}, "BIOLOGIE VEGETALA SI ANIMALA": {"medie": 3.907913669064751, "reusita": 26.96629213483146, "cnt": 178}, "GENERAL": {"medie": 5.128427419354839, "reusita": 33.33333333333333, "cnt": 300}, "MATEMATICA MATE-INFO": {"medie": 5.732786885245901, "reusita": 66.15384615384615, "cnt": 65}, "GEOGRAFIE": {"medie": 7.307608695652173, "reusita": 90.42553191489363, "cnt": 94}, "ANATOMIE SI FIZIOLOGIE UMANA, GENETICA SI ECOLOGIE UMANA": {"medie": 3.7583333333333333, "reusita": 0.0, "cnt": 6}, "ISTORIE": {"medie": 5.826363636363633, "reusita": 85.71428571428571, "cnt": 112}, "FIZICA TEO": {"medie": 7.175000000000001, "reusita": 75.0, "cnt": 4}, "MATEMATICA ST-NAT": {"medie": 2.4367924528301894, "reusita": 15.254237288135593, "cnt": 59}, "LOGICA, ARGUMENTARE SI COMUNICARE": {"medie": 8.16875, "reusita": 100.0, "cnt": 16}, "SOCIOLOGIE": {"medie": 5.425000000000001, "reusita": 100.0, "cnt": 2}}, "nume": "LICEUL TEORETIC VIDELE\tTeleorman"}