{"specializari": {"LICEU CU PROGRAM SPORTIV": 101, "STIINTE SOCIALE": 34, "STIINTE ALE NATURII": 17, "FILOLOGIE": 31}, "limba_moderna": {"LIMBA ENGLEZA": 139, "LIMBA FRANCEZA": 44}, "limba_materna": {"LIMBA ROMANA": 183}, "promotie_anterioara": {"NU": 149, "DA": 34}, "materii": {"LIMBA ROMANA": {"medie": 5.607758620689657, "reusita": 74.86338797814209, "cnt": 183}, "BIOLOGIE VEGETALA SI ANIMALA": {"medie": 6.802941176470589, "reusita": 94.11764705882352, "cnt": 17}, "GENERAL": {"medie": 6.0745614035087705, "reusita": 50.27322404371585, "cnt": 183}, "GEOGRAFIE": {"medie": 6.934751773049646, "reusita": 87.83783783783784, "cnt": 148}, "ISTORIE": {"medie": 5.627531645569618, "reusita": 79.51807228915662, "cnt": 166}, "MATEMATICA ST-NAT": {"medie": 5.294117647058823, "reusita": 76.47058823529412, "cnt": 17}, "LOGICA, ARGUMENTARE SI COMUNICARE": {"medie": 7.278125, "reusita": 82.35294117647058, "cnt": 17}, "PSIHOLOGIE": {"medie": 5.95, "reusita": 100.0, "cnt": 1}}, "nume": "LICEUL CU PROGRAM SPORTIV \"IOLANDA BALAS SOTER\" MUNICIPIUL BUZAU\tBuz\u0103u"}