{"specializari": {"STIINTE ALE NATURII": 83, "FILOLOGIE": 74, "MATEMATICA-INFORMATICA": 19}, "limba_moderna": {"LIMBA ENGLEZA": 168, "LIMBA FRANCEZA": 7, "LIMBA GERMANA MODERNA": 1}, "limba_materna": {"LIMBA ROMANA": 176}, "promotie_anterioara": {"NU": 157, "DA": 19}, "materii": {"LIMBA ROMANA": {"medie": 6.840571428571427, "reusita": 94.31818181818183, "cnt": 176}, "BIOLOGIE VEGETALA SI ANIMALA": {"medie": 8.55, "reusita": 100.0, "cnt": 1}, "GENERAL": {"medie": 6.96840077071291, "reusita": 73.29545454545455, "cnt": 176}, "MATEMATICA MATE-INFO": {"medie": 5.388888888888888, "reusita": 63.1578947368421, "cnt": 19}, "GEOGRAFIE": {"medie": 8.288805970149253, "reusita": 98.50746268656717, "cnt": 67}, "ANATOMIE SI FIZIOLOGIE UMANA, GENETICA SI ECOLOGIE UMANA": {"medie": 7.069101123595507, "reusita": 84.61538461538461, "cnt": 91}, "ISTORIE": {"medie": 7.506081081081085, "reusita": 98.64864864864865, "cnt": 74}, "FIZICA TEO": {"medie": 5.264285714285713, "reusita": 57.14285714285714, "cnt": 7}, "MATEMATICA ST-NAT": {"medie": 5.949382716049381, "reusita": 69.87951807228916, "cnt": 83}, "SOCIOLOGIE": {"medie": 7.95, "reusita": 100.0, "cnt": 4}, "PSIHOLOGIE": {"medie": 9.1, "reusita": 100.0, "cnt": 2}, "ECONOMIE": {"medie": 5.0, "reusita": 100.0, "cnt": 1}, "CHIMIE ORGANICA TEO NIVEL I/II": {"medie": 8.45, "reusita": 100.0, "cnt": 1}, "CHIMIE ANORGANICA TEO NIVEL I/II": {"medie": 5.925000000000001, "reusita": 100.0, "cnt": 2}}, "nume": "LICEUL TEORETIC \"PETRU CERCEL\" TARGOVISTE\tD\u00e2mbovi\u021ba"}