{"specializari": {"FILOLOGIE": 20, "TEOLOGIE ORTODOXA": 15}, "limba_moderna": {"LIMBA ENGLEZA": 35}, "limba_materna": {"LIMBA ROMANA": 35}, "promotie_anterioara": {"NU": 28, "DA": 7}, "materii": {"LIMBA ROMANA": {"medie": 6.44264705882353, "reusita": 94.28571428571428, "cnt": 35}, "GENERAL": {"medie": 6.813235294117648, "reusita": 74.28571428571429, "cnt": 35}, "GEOGRAFIE": {"medie": 7.181034482758621, "reusita": 93.33333333333333, "cnt": 30}, "ISTORIE": {"medie": 6.704411764705882, "reusita": 94.28571428571428, "cnt": 35}, "LOGICA, ARGUMENTARE SI COMUNICARE": {"medie": 7.949999999999999, "reusita": 75.0, "cnt": 4}, "FILOSOFIE": {"medie": 7.9, "reusita": 100.0, "cnt": 1}}, "nume": "SEMINARUL TEOLOGIC LICEAL ORTODOX \"SF.IOAN IACOB\" DOROHOI\tBoto\u0219ani"}