{"specializari": {"TEOLOGIE ORTODOXA": 43}, "limba_moderna": {"LIMBA ENGLEZA": 43}, "limba_materna": {"LIMBA ROMANA": 43}, "promotie_anterioara": {"NU": 31, "DA": 12}, "materii": {"LIMBA ROMANA": {"medie": 5.515116279069766, "reusita": 76.74418604651163, "cnt": 43}, "GENERAL": {"medie": 6.113821138211382, "reusita": 58.139534883720934, "cnt": 43}, "GEOGRAFIE": {"medie": 6.989024390243902, "reusita": 86.04651162790698, "cnt": 43}, "ISTORIE": {"medie": 5.702325581395349, "reusita": 81.3953488372093, "cnt": 43}}, "nume": "SEMINARUL TEOLOGIC ORTODOX \"SFANTUL CUVIOS DIONISIE EXIGUUL\" CONSTANTA\tConstan\u021ba"}