{"specializari": {"TEHNICIAN PENTRU TEHNICI ARTISTICE - PATRIMONIU": 21}, "limba_moderna": {"LIMBA ENGLEZA": 21}, "limba_materna": {"LIMBA ROMANA": 21}, "promotie_anterioara": {"NU": 17, "DA": 4}, "materii": {"LIMBA ROMANA": {"medie": 6.490476190476191, "reusita": 95.23809523809523, "cnt": 21}, "GENERAL": {"medie": 6.765833333333331, "reusita": 71.42857142857143, "cnt": 21}, "GEOGRAFIE": {"medie": 7.447500000000001, "reusita": 90.47619047619048, "cnt": 21}, "ISTORIE": {"medie": 6.180952380952381, "reusita": 90.47619047619048, "cnt": 21}}, "nume": "SEMINARUL TEOLOGIC LICEAL ORTODOX \"SFANTA FILOFTEIA\" BRANESTI\tIlfov"}