{"specializari": {"TEOLOGIE ORTODOXA": 23, "PATRIMONIU CULTURAL": 21}, "limba_moderna": {"LIMBA FRANCEZA": 1, "LIMBA ENGLEZA": 43}, "limba_materna": {"LIMBA ROMANA": 44}, "promotie_anterioara": {"NU": 41, "DA": 3}, "materii": {"LIMBA ROMANA": {"medie": 6.988636363636365, "reusita": 90.9090909090909, "cnt": 44}, "GENERAL": {"medie": 7.005303030303031, "reusita": 70.45454545454545, "cnt": 44}, "GEOGRAFIE": {"medie": 7.4333333333333345, "reusita": 100.0, "cnt": 6}, "ISTORIE": {"medie": 6.698863636363638, "reusita": 86.36363636363636, "cnt": 44}, "LOGICA, ARGUMENTARE SI COMUNICARE": {"medie": 7.311842105263157, "reusita": 94.73684210526315, "cnt": 38}}, "nume": "SEMINARUL TEOLOGIC ORTODOX \"SF. ANDREI\", LOCALITATEA GALATI\tGala\u021bi"}