{"specializari": {"TEOLOGIE ORTODOXA": 47, "PATRIMONIU CULTURAL": 21}, "limba_moderna": {"LIMBA FRANCEZA": 21, "LIMBA RUSA": 6, "LIMBA ENGLEZA": 41}, "limba_materna": {"LIMBA ROMANA": 68}, "promotie_anterioara": {"NU": 64, "DA": 4}, "materii": {"LIMBA ROMANA": {"medie": 6.531343283582092, "reusita": 88.23529411764706, "cnt": 68}, "GENERAL": {"medie": 6.971794871794874, "reusita": 73.52941176470588, "cnt": 68}, "GEOGRAFIE": {"medie": 7.576923076923077, "reusita": 92.5925925925926, "cnt": 54}, "ISTORIE": {"medie": 6.677272727272725, "reusita": 91.17647058823529, "cnt": 68}, "LOGICA, ARGUMENTARE SI COMUNICARE": {"medie": 7.741666666666667, "reusita": 84.61538461538461, "cnt": 13}, "FILOSOFIE": {"medie": 9.3, "reusita": 100.0, "cnt": 1}}, "nume": "SEMINARUL TEOLOGIC ORTODOX \"SF. VASILE CEL MARE\", IASI\tIa\u0219i"}