{"specializari": {"LICEU CU PROGRAM SPORTIV": 18, "FILOLOGIE": 62, "MATEMATICA-INFORMATICA": 42, "STIINTE ALE NATURII": 36}, "limba_moderna": {"LIMBA ENGLEZA": 154, "LIMBA GERMANA MODERNA": 4}, "limba_materna": {"LIMBA ROMANA": 105, "LIMBA MAGHIARA": 53}, "promotie_anterioara": {"DA": 19, "NU": 139}, "materii": {"LIMBA ROMANA": {"medie": 6.890189873417721, "reusita": 88.60759493670885, "cnt": 158}, "BIOLOGIE VEGETALA SI ANIMALA": {"medie": 6.616666666666666, "reusita": 76.92307692307693, "cnt": 13}, "GENERAL": {"medie": 7.386565170940169, "reusita": 74.68354430379746, "cnt": 158}, "GEOGRAFIE": {"medie": 7.167763157894735, "reusita": 90.9090909090909, "cnt": 77}, "ANATOMIE SI FIZIOLOGIE UMANA, GENETICA SI ECOLOGIE UMANA": {"medie": 8.682954545454546, "reusita": 100.0, "cnt": 44}, "LIMBA MAGHIARA (REAL)": {"medie": 7.504545454545456, "reusita": 100.0, "cnt": 22}, "MATEMATICA ST-NAT": {"medie": 7.804166666666668, "reusita": 97.22222222222221, "cnt": 36}, "MATEMATICA MATE-INFO": {"medie": 8.267857142857144, "reusita": 92.85714285714286, "cnt": 42}, "ISTORIE": {"medie": 6.426249999999999, "reusita": 90.0, "cnt": 80}, "LOGICA, ARGUMENTARE SI COMUNICARE": {"medie": 9.85, "reusita": 100.0, "cnt": 1}, "CHIMIE ORGANICA TEO NIVEL I/II": {"medie": 7.8, "reusita": 100.0, "cnt": 1}, "PSIHOLOGIE": {"medie": 7.8, "reusita": 100.0, "cnt": 1}, "INFORMATICA MI PASCAL": {"medie": 8.7525, "reusita": 100.0, "cnt": 20}, "LIMBA MAGHIARA (UMAN)": {"medie": 6.596774193548387, "reusita": 96.7741935483871, "cnt": 31}, "ECONOMIE": {"medie": 5.7, "reusita": 100.0, "cnt": 1}}, "nume": "COLEGIUL NATIONAL \"MIRCEA ELIADE\" SIGHISOARA\tMure\u0219"}