{"specializari": {"TEHNICIAN IN GASTRONOMIE": 31, "TEHNICIAN IN ACTIVITATI DE COMERT": 68, "ORGANIZATOR BANQUETING": 11, "TEHNICIAN IN ACTIVITATI ECONOMICE": 52, "TEHNICIAN IN TURISM": 32}, "limba_moderna": {"LIMBA ENGLEZA": 191, "LIMBA FRANCEZA": 3}, "limba_materna": {"LIMBA ROMANA": 194}, "promotie_anterioara": {"DA": 31, "NU": 163}, "materii": {"LIMBA ROMANA": {"medie": 6.075396825396822, "reusita": 82.9896907216495, "cnt": 194}, "MATEMATICA TEHN": {"medie": 4.977173913043476, "reusita": 54.123711340206185, "cnt": 194}, "GENERAL": {"medie": 6.093406593406591, "reusita": 45.876288659793815, "cnt": 194}, "GEOGRAFIE": {"medie": 7.807894736842105, "reusita": 85.36585365853658, "cnt": 41}, "LOGICA, ARGUMENTARE SI COMUNICARE": {"medie": 6.907718120805371, "reusita": 79.73856209150327, "cnt": 153}}, "nume": "COLEGIUL ECONOMIC MANGALIA\tConstan\u021ba"}