{"specializari": {"FILOLOGIE": 64, "STIINTE ALE NATURII": 31, "STIINTE SOCIALE": 38, "MATEMATICA-INFORMATICA": 55}, "limba_moderna": {"LIMBA ENGLEZA": 168, "LIMBA FRANCEZA": 20}, "limba_materna": {"LIMBA ROMANA": 188}, "promotie_anterioara": {"DA": 28, "NU": 160}, "materii": {"LIMBA ROMANA": {"medie": 6.664627659574468, "reusita": 92.5531914893617, "cnt": 188}, "BIOLOGIE VEGETALA SI ANIMALA": {"medie": 5.975, "reusita": 100.0, "cnt": 2}, "GENERAL": {"medie": 6.945765765765767, "reusita": 70.2127659574468, "cnt": 188}, "GEOGRAFIE": {"medie": 7.214814814814814, "reusita": 88.88888888888889, "cnt": 27}, "ANATOMIE SI FIZIOLOGIE UMANA, GENETICA SI ECOLOGIE UMANA": {"medie": 6.140540540540541, "reusita": 71.05263157894737, "cnt": 38}, "MATEMATICA ST-NAT": {"medie": 4.587931034482758, "reusita": 45.16129032258064, "cnt": 31}, "MATEMATICA MATE-INFO": {"medie": 8.422727272727274, "reusita": 94.54545454545455, "cnt": 55}, "ISTORIE": {"medie": 6.572058823529413, "reusita": 88.23529411764706, "cnt": 102}, "LOGICA, ARGUMENTARE SI COMUNICARE": {"medie": 7.339230769230769, "reusita": 90.76923076923077, "cnt": 65}, "SOCIOLOGIE": {"medie": 5.51, "reusita": 60.0, "cnt": 5}, "FIZICA TEO": {"medie": 8.330645161290324, "reusita": 87.09677419354838, "cnt": 31}, "CHIMIE ANORGANICA TEO NIVEL I/II": {"medie": 7.1642857142857155, "reusita": 85.71428571428571, "cnt": 7}, "CHIMIE ORGANICA TEO NIVEL I/II": {"medie": 9.18125, "reusita": 100.0, "cnt": 8}, "PSIHOLOGIE": {"medie": 8.52, "reusita": 100.0, "cnt": 5}}, "nume": "COLEGIUL NATIONAL \"ION LUCA CARAGIALE\" MORENI\tD\u00e2mbovi\u021ba"}