{"specializari": {"STIINTE SOCIALE": 64, "FILOLOGIE": 65, "MATEMATICA-INFORMATICA": 16, "STIINTE ALE NATURII": 35}, "limba_moderna": {"LIMBA ENGLEZA": 175, "LIMBA FRANCEZA": 5}, "limba_materna": {"LIMBA ROMANA": 180}, "promotie_anterioara": {"DA": 9, "NU": 171}, "materii": {"LIMBA ROMANA": {"medie": 7.682102272727277, "reusita": 96.11111111111111, "cnt": 180}, "BIOLOGIE VEGETALA SI ANIMALA": {"medie": 6.050000000000001, "reusita": 84.61538461538461, "cnt": 13}, "GENERAL": {"medie": 7.6071839080459736, "reusita": 82.77777777777777, "cnt": 180}, "GEOGRAFIE": {"medie": 8.61279069767442, "reusita": 95.55555555555556, "cnt": 45}, "ANATOMIE SI FIZIOLOGIE UMANA, GENETICA SI ECOLOGIE UMANA": {"medie": 8.282608695652174, "reusita": 95.83333333333334, "cnt": 24}, "MATEMATICA ST-NAT": {"medie": 7.811428571428572, "reusita": 100.0, "cnt": 35}, "MATEMATICA MATE-INFO": {"medie": 7.84, "reusita": 93.75, "cnt": 16}, "ISTORIE": {"medie": 6.629761904761906, "reusita": 93.02325581395348, "cnt": 129}, "LOGICA, ARGUMENTARE SI COMUNICARE": {"medie": 7.884666666666669, "reusita": 90.78947368421053, "cnt": 76}, "SOCIOLOGIE": {"medie": 7.599999999999999, "reusita": 100.0, "cnt": 3}, "INFORMATICA MI C/C++": {"medie": 9.633333333333333, "reusita": 100.0, "cnt": 3}, "CHIMIE ANORGANICA TEO NIVEL I/II": {"medie": 9.866666666666667, "reusita": 100.0, "cnt": 3}, "CHIMIE ORGANICA TEO NIVEL I/II": {"medie": 9.137500000000001, "reusita": 100.0, "cnt": 8}, "FILOSOFIE": {"medie": 5.85, "reusita": 50.0, "cnt": 2}, "PSIHOLOGIE": {"medie": 8.666666666666666, "reusita": 100.0, "cnt": 3}}, "nume": "COLEGIUL NATIONAL \"GRIGORE GHICA\" DOROHOI\tBoto\u0219ani"}