{"specializari": {"FILOLOGIE": 108, "STIINTE SOCIALE": 37, "MATEMATICA-INFORMATICA": 46, "STIINTE ALE NATURII": 22}, "limba_moderna": {"LIMBA FRANCEZA": 3, "LIMBA ENGLEZA": 210}, "limba_materna": {"LIMBA ROMANA": 213}, "promotie_anterioara": {"DA": 8, "NU": 205}, "materii": {"LIMBA ROMANA": {"medie": 7.4405213270142125, "reusita": 97.1830985915493, "cnt": 213}, "BIOLOGIE VEGETALA SI ANIMALA": {"medie": 6.066666666666666, "reusita": 83.33333333333334, "cnt": 6}, "GENERAL": {"medie": 7.772301587301584, "reusita": 86.3849765258216, "cnt": 213}, "GEOGRAFIE": {"medie": 7.937394957983198, "reusita": 95.83333333333334, "cnt": 120}, "ANATOMIE SI FIZIOLOGIE UMANA, GENETICA SI ECOLOGIE UMANA": {"medie": 8.15, "reusita": 100.0, "cnt": 8}, "MATEMATICA ST-NAT": {"medie": 6.729545454545455, "reusita": 86.36363636363636, "cnt": 22}, "MATEMATICA MATE-INFO": {"medie": 9.367391304347825, "reusita": 100.0, "cnt": 46}, "ISTORIE": {"medie": 7.265972222222222, "reusita": 95.86206896551724, "cnt": 145}, "LOGICA, ARGUMENTARE SI COMUNICARE": {"medie": 9.75, "reusita": 100.0, "cnt": 2}, "SOCIOLOGIE": {"medie": 7.533333333333332, "reusita": 100.0, "cnt": 3}, "FIZICA TEO": {"medie": 9.066666666666665, "reusita": 100.0, "cnt": 45}, "INFORMATICA MI C/C++": {"medie": 8.8, "reusita": 100.0, "cnt": 1}, "CHIMIE ORGANICA TEO NIVEL I/II": {"medie": 8.05625, "reusita": 100.0, "cnt": 8}, "PSIHOLOGIE": {"medie": 7.607142857142856, "reusita": 87.5, "cnt": 8}, "ECONOMIE": {"medie": 8.279166666666667, "reusita": 100.0, "cnt": 12}}, "nume": "COLEGIUL NATIONAL \"ION MAIORESCU\" GIURGIU\tGiurgiu"}