{"specializari": {"STIINTE SOCIALE": 59, "STIINTE ALE NATURII": 78, "FILOLOGIE": 60, "MATEMATICA-INFORMATICA": 27}, "limba_moderna": {"LIMBA ENGLEZA": 180, "LIMBA FRANCEZA": 44}, "limba_materna": {"LIMBA ROMANA": 224}, "promotie_anterioara": {"DA": 5, "NU": 219}, "materii": {"LIMBA ROMANA": {"medie": 7.874776785714286, "reusita": 99.55357142857143, "cnt": 224}, "GENERAL": {"medie": 8.282357357357359, "reusita": 95.53571428571429, "cnt": 224}, "GEOGRAFIE": {"medie": 7.675, "reusita": 100.0, "cnt": 2}, "ANATOMIE SI FIZIOLOGIE UMANA, GENETICA SI ECOLOGIE UMANA": {"medie": 8.894736842105264, "reusita": 96.61016949152543, "cnt": 59}, "MATEMATICA ST-NAT": {"medie": 8.16474358974359, "reusita": 97.43589743589743, "cnt": 78}, "MATEMATICA MATE-INFO": {"medie": 9.188888888888888, "reusita": 100.0, "cnt": 27}, "ISTORIE": {"medie": 8.133193277310927, "reusita": 99.15966386554622, "cnt": 119}, "LOGICA, ARGUMENTARE SI COMUNICARE": {"medie": 8.570689655172414, "reusita": 100.0, "cnt": 116}, "FIZICA TEO": {"medie": 9.02727272727273, "reusita": 100.0, "cnt": 11}, "INFORMATICA MI C/C++": {"medie": 9.033333333333333, "reusita": 100.0, "cnt": 12}, "CHIMIE ORGANICA TEO NIVEL I/II": {"medie": 8.821875, "reusita": 100.0, "cnt": 16}, "PSIHOLOGIE": {"medie": 9.4, "reusita": 100.0, "cnt": 1}, "INFORMATICA SN C/C++": {"medie": 6.992857142857143, "reusita": 100.0, "cnt": 7}}, "nume": "COLEGIUL NATIONAL \"CUZA VODA\", MUN. HUSI\tVaslui"}