{"specializari": {"MATEMATICA-INFORMATICA": 144, "FILOLOGIE": 132}, "limba_moderna": {"LIMBA ENGLEZA": 239, "LIMBA FRANCEZA": 1, "LIMBA GERMANA MODERNA": 36}, "limba_materna": {"LIMBA ROMANA": 276}, "promotie_anterioara": {"NU": 276}, "materii": {"LIMBA ROMANA": {"medie": 8.453636363636365, "reusita": 99.63768115942028, "cnt": 276}, "BIOLOGIE VEGETALA SI ANIMALA": {"medie": 8.040624999999999, "reusita": 93.75, "cnt": 16}, "GENERAL": {"medie": 8.571987878787885, "reusita": 98.91304347826086, "cnt": 276}, "GEOGRAFIE": {"medie": 9.158823529411766, "reusita": 100.0, "cnt": 34}, "ANATOMIE SI FIZIOLOGIE UMANA, GENETICA SI ECOLOGIE UMANA": {"medie": 7.8108695652173905, "reusita": 100.0, "cnt": 23}, "MATEMATICA MATE-INFO": {"medie": 8.48611111111111, "reusita": 100.0, "cnt": 144}, "ISTORIE": {"medie": 8.784732824427483, "reusita": 99.24242424242425, "cnt": 132}, "LOGICA, ARGUMENTARE SI COMUNICARE": {"medie": 9.188461538461539, "reusita": 100.0, "cnt": 52}, "SOCIOLOGIE": {"medie": 8.59, "reusita": 100.0, "cnt": 15}, "FIZICA TEO": {"medie": 8.718541666666669, "reusita": 100.0, "cnt": 48}, "INFORMATICA MI C/C++": {"medie": 8.147777777777778, "reusita": 100.0, "cnt": 45}, "CHIMIE ORGANICA TEO NIVEL I/II": {"medie": 8.433333333333334, "reusita": 100.0, "cnt": 12}, "FILOSOFIE": {"medie": 8.783333333333333, "reusita": 100.0, "cnt": 6}, "PSIHOLOGIE": {"medie": 9.06, "reusita": 90.9090909090909, "cnt": 11}, "ECONOMIE": {"medie": 8.453571428571431, "reusita": 100.0, "cnt": 14}}, "nume": "COLEGIUL NATIONAL \"I.L.CARAGIALE\"\tBucure\u0219ti"}