{"specializari": {"TEHNICIAN MECATRONIST": 6, "TEHNICIAN MECANIC PENTRU INTRETINERE SI REPARATII": 3, "FILOLOGIE": 26, "MATEMATICA-INFORMATICA": 3, "STIINTE ALE NATURII": 25}, "limba_moderna": {"LIMBA FRANCEZA": 18, "LIMBA ENGLEZA": 45}, "limba_materna": {"LIMBA ROMANA": 63}, "promotie_anterioara": {"DA": 23, "NU": 40}, "materii": {"LIMBA ROMANA": {"medie": 6.896721311475407, "reusita": 88.88888888888889, "cnt": 63}, "MATEMATICA TEHN": {"medie": 3.721428571428572, "reusita": 44.44444444444444, "cnt": 9}, "BIOLOGIE VEGETALA SI ANIMALA": {"medie": 7.1125, "reusita": 66.66666666666666, "cnt": 6}, "GENERAL": {"medie": 6.662865497076022, "reusita": 60.317460317460316, "cnt": 63}, "GEOGRAFIE": {"medie": 7.726923076923077, "reusita": 96.15384615384616, "cnt": 26}, "ANATOMIE SI FIZIOLOGIE UMANA, GENETICA SI ECOLOGIE UMANA": {"medie": 6.541304347826086, "reusita": 88.0, "cnt": 25}, "FIZICA TEH": {"medie": 4.699999999999999, "reusita": 33.33333333333333, "cnt": 3}, "MATEMATICA ST-NAT": {"medie": 5.14375, "reusita": 68.0, "cnt": 25}, "MATEMATICA MATE-INFO": {"medie": 3.0499999999999994, "reusita": 33.33333333333333, "cnt": 3}, "ISTORIE": {"medie": 7.276923076923077, "reusita": 100.0, "cnt": 26}, "INFORMATICA SN C/C++": {"medie": 6.1, "reusita": 66.66666666666666, "cnt": 3}}, "nume": "COLEGIUL \"MIHAI VITEAZUL\" BUMBESTI-JIU\tGorj"}