{"specializari": {"TEHNICIAN IN TURISM": 50, "TEHNICIAN IN ACTIVITATI DE COMERT": 26, "TEHNICIAN IN GASTRONOMIE": 32, "TEHNICIAN IN ACTIVITATI ECONOMICE": 111, "MATEMATICA-INFORMATICA": 50, "COAFOR STILIST": 29, "TEHNICIAN IN ADMINISTRATIE": 28}, "limba_moderna": {"LIMBA ENGLEZA": 247, "LIMBA FRANCEZA": 78, "LIMBA GERMANA MODERNA": 1}, "limba_materna": {"LIMBA ROMANA": 326}, "promotie_anterioara": {"DA": 16, "NU": 310}, "materii": {"LIMBA ROMANA": {"medie": 7.540923076923071, "reusita": 98.77300613496932, "cnt": 326}, "MATEMATICA TEHN": {"medie": 6.1640221402214, "reusita": 80.43478260869566, "cnt": 276}, "GENERAL": {"medie": 7.350417972831767, "reusita": 79.4478527607362, "cnt": 326}, "GEOGRAFIE": {"medie": 8.495299145299148, "reusita": 99.15254237288136, "cnt": 118}, "ANATOMIE SI FIZIOLOGIE UMANA, GENETICA SI ECOLOGIE UMANA": {"medie": 7.645238095238096, "reusita": 95.23809523809523, "cnt": 21}, "MATEMATICA MATE-INFO": {"medie": 7.734000000000001, "reusita": 96.0, "cnt": 50}, "LOGICA, ARGUMENTARE SI COMUNICARE": {"medie": 7.8693333333333335, "reusita": 93.42105263157895, "cnt": 152}, "FIZICA TEO": {"medie": 6.85, "reusita": 100.0, "cnt": 1}, "INFORMATICA MI C/C++": {"medie": 7.783928571428573, "reusita": 96.42857142857143, "cnt": 28}, "PSIHOLOGIE": {"medie": 8.0, "reusita": 100.0, "cnt": 1}, "ECONOMIE": {"medie": 6.2700000000000005, "reusita": 60.0, "cnt": 5}}, "nume": "COLEGIUL ECONOMIC \"DIMITRIE CANTEMIR\" SUCEAVA\tSuceava"}