{"specializari": {"STIINTE ALE NATURII": 37, "TEHNICIAN IN ACTIVITATI ECONOMICE": 19, "MATEMATICA-INFORMATICA": 28, "FILOLOGIE": 25}, "limba_moderna": {"LIMBA ENGLEZA": 103, "LIMBA GERMANA MODERNA": 6}, "limba_materna": {"LIMBA MAGHIARA": 109}, "promotie_anterioara": {"DA": 15, "NU": 94}, "materii": {"LIMBA ROMANA": {"medie": 7.015137614678902, "reusita": 96.3302752293578, "cnt": 109}, "MATEMATICA TEHN": {"medie": 5.821052631578948, "reusita": 68.42105263157895, "cnt": 19}, "BIOLOGIE VEGETALA SI ANIMALA": {"medie": 7.599999999999999, "reusita": 100.0, "cnt": 9}, "GENERAL": {"medie": 7.524768518518516, "reusita": 82.56880733944955, "cnt": 109}, "GEOGRAFIE": {"medie": 7.046511627906977, "reusita": 90.69767441860465, "cnt": 43}, "ANATOMIE SI FIZIOLOGIE UMANA, GENETICA SI ECOLOGIE UMANA": {"medie": 7.430952380952381, "reusita": 92.85714285714286, "cnt": 42}, "LIMBA MAGHIARA (REAL)": {"medie": 8.260714285714286, "reusita": 98.80952380952381, "cnt": 84}, "MATEMATICA ST-NAT": {"medie": 6.905555555555556, "reusita": 89.1891891891892, "cnt": 37}, "MATEMATICA MATE-INFO": {"medie": 8.791071428571428, "reusita": 100.0, "cnt": 28}, "ISTORIE": {"medie": 7.576000000000001, "reusita": 100.0, "cnt": 25}, "FIZICA TEO": {"medie": 9.700000000000001, "reusita": 100.0, "cnt": 3}, "INFORMATICA MI C/C++": {"medie": 9.033333333333333, "reusita": 100.0, "cnt": 9}, "CHIMIE ANORGANICA TEO NIVEL I/II": {"medie": 9.6, "reusita": 100.0, "cnt": 2}, "PSIHOLOGIE": {"medie": 7.9, "reusita": 100.0, "cnt": 1}, "LIMBA MAGHIARA (UMAN)": {"medie": 7.754, "reusita": 100.0, "cnt": 25}}, "nume": "COLEGIUL NATIONAL \"APRILY LAJOS\" BRASOV\tBra\u0219ov"}