{"specializari": {"TEHNICIAN IN INDUSTRIA TEXTILA": 21, "TEHNICIAN MECATRONIST": 3, "TEHNICIAN TRANSPORTURI": 39, "FILOLOGIE": 82, "STIINTE ALE NATURII": 48, "MATEMATICA-INFORMATICA": 28}, "limba_moderna": {"LIMBA ENGLEZA": 214, "LIMBA FRANCEZA": 7}, "limba_materna": {"LIMBA ROMANA": 193, "LIMBA UCRAINEANA": 28}, "promotie_anterioara": {"DA": 29, "NU": 192}, "materii": {"LIMBA ROMANA": {"medie": 6.379710144927536, "reusita": 76.47058823529412, "cnt": 221}, "MATEMATICA TEHN": {"medie": 2.7877358490566038, "reusita": 23.809523809523807, "cnt": 63}, "BIOLOGIE VEGETALA SI ANIMALA": {"medie": 4.489215686274509, "reusita": 35.0, "cnt": 60}, "GENERAL": {"medie": 6.224871794871797, "reusita": 47.05882352941176, "cnt": 221}, "GEOGRAFIE": {"medie": 7.706250000000001, "reusita": 83.33333333333334, "cnt": 18}, "ANATOMIE SI FIZIOLOGIE UMANA, GENETICA SI ECOLOGIE UMANA": {"medie": 7.330612244897959, "reusita": 80.3921568627451, "cnt": 51}, "FIZICA TEH": {"medie": 5.0, "reusita": 50.0, "cnt": 2}, "MATEMATICA ST-NAT": {"medie": 6.832978723404256, "reusita": 77.08333333333334, "cnt": 48}, "MATEMATICA MATE-INFO": {"medie": 5.988461538461538, "reusita": 75.0, "cnt": 28}, "ISTORIE": {"medie": 5.698026315789474, "reusita": 63.41463414634146, "cnt": 82}, "LOGICA, ARGUMENTARE SI COMUNICARE": {"medie": 7.557017543859649, "reusita": 82.53968253968253, "cnt": 63}, "FIZICA TEO": {"medie": 9.0125, "reusita": 100.0, "cnt": 4}, "INFORMATICA MI C/C++": {"medie": 6.640909090909091, "reusita": 81.81818181818183, "cnt": 11}, "CHIMIE ANORGANICA TEO NIVEL I/II": {"medie": 7.807142857142857, "reusita": 100.0, "cnt": 7}, "CHIMIE ORGANICA TEO NIVEL I/II": {"medie": 8.55, "reusita": 100.0, "cnt": 4}, "PSIHOLOGIE": {"medie": 3.05, "reusita": 0.0, "cnt": 1}, "LIMBA UCRAINEANA": {"medie": 6.190740740740741, "reusita": 82.14285714285714, "cnt": 28}}, "nume": "COLEGIUL TEHNIC \"LATCU VODA\" SIRET\tSuceava"}