{"specializari": {"ORGANIZATOR BANQUETING": 1, "MATEMATICA-INFORMATICA": 14, "TEHNICIAN IN TURISM": 22, "STIINTE ALE NATURII": 16, "INVATATOR - EDUCATOARE": 17}, "limba_moderna": {"LIMBA ENGLEZA": 70}, "limba_materna": {"LIMBA MAGHIARA": 70}, "promotie_anterioara": {"DA": 7, "NU": 63}, "materii": {"LIMBA ROMANA": {"medie": 5.973188405797102, "reusita": 78.57142857142857, "cnt": 70}, "MATEMATICA TEHN": {"medie": 4.595454545454545, "reusita": 56.52173913043478, "cnt": 23}, "GENERAL": {"medie": 6.681702898550724, "reusita": 58.57142857142858, "cnt": 70}, "GEOGRAFIE": {"medie": 6.451388888888889, "reusita": 83.78378378378379, "cnt": 37}, "ANATOMIE SI FIZIOLOGIE UMANA, GENETICA SI ECOLOGIE UMANA": {"medie": 8.144444444444446, "reusita": 100.0, "cnt": 18}, "LIMBA MAGHIARA (REAL)": {"medie": 7.371153846153847, "reusita": 96.22641509433963, "cnt": 53}, "MATEMATICA PED": {"medie": 6.238235294117648, "reusita": 88.23529411764706, "cnt": 17}, "MATEMATICA ST-NAT": {"medie": 7.884375, "reusita": 93.75, "cnt": 16}, "MATEMATICA MATE-INFO": {"medie": 8.228571428571428, "reusita": 100.0, "cnt": 14}, "INFORMATICA MI C/C++": {"medie": 7.533333333333332, "reusita": 100.0, "cnt": 12}, "PSIHOLOGIE": {"medie": 6.7, "reusita": 100.0, "cnt": 3}, "LIMBA MAGHIARA (UMAN)": {"medie": 6.520588235294117, "reusita": 100.0, "cnt": 17}}, "nume": "COLEGIUL NATIONAL \"BETHLEN GABOR\" AIUD\tAlba"}