{"specializari": {"TEHNICIAN IN ACTIVITATI ECONOMICE": 124, "TEHNICIAN IN TURISM": 60}, "limba_moderna": {"LIMBA ENGLEZA": 176, "LIMBA FRANCEZA": 8}, "limba_materna": {"LIMBA ROMANA": 184}, "promotie_anterioara": {"DA": 5, "NU": 179}, "materii": {"LIMBA ROMANA": {"medie": 7.227989130434786, "reusita": 98.36956521739131, "cnt": 184}, "MATEMATICA TEHN": {"medie": 6.484510869565218, "reusita": 89.67391304347827, "cnt": 184}, "GENERAL": {"medie": 7.204438405797096, "reusita": 84.23913043478261, "cnt": 184}, "GEOGRAFIE": {"medie": 7.93313253012048, "reusita": 97.59036144578313, "cnt": 166}, "LOGICA, ARGUMENTARE SI COMUNICARE": {"medie": 7.8549999999999995, "reusita": 100.0, "cnt": 10}, "PSIHOLOGIE": {"medie": 7.633333333333333, "reusita": 100.0, "cnt": 3}, "ECONOMIE": {"medie": 7.08, "reusita": 100.0, "cnt": 5}}, "nume": "COLEGIUL ECONOMIC \"COSTIN C. KIRITESCU\"\tBucure\u0219ti"}