{"specializari": {"STIINTE ALE NATURII": 35, "STIINTE SOCIALE": 36, "FILOLOGIE": 71, "MATEMATICA-INFORMATICA": 25, "INVATATOR - EDUCATOARE": 54}, "limba_moderna": {"LIMBA ENGLEZA": 189, "LIMBA FRANCEZA": 32}, "limba_materna": {"LIMBA ROMANA": 221}, "promotie_anterioara": {"DA": 18, "NU": 203}, "materii": {"LIMBA ROMANA": {"medie": 6.7709090909090905, "reusita": 91.8552036199095, "cnt": 221}, "BIOLOGIE VEGETALA SI ANIMALA": {"medie": 8.9, "reusita": 100.0, "cnt": 1}, "GENERAL": {"medie": 7.349308755760366, "reusita": 77.82805429864254, "cnt": 221}, "GEOGRAFIE": {"medie": 8.36451612903226, "reusita": 96.875, "cnt": 32}, "ANATOMIE SI FIZIOLOGIE UMANA, GENETICA SI ECOLOGIE UMANA": {"medie": 7.372093023255816, "reusita": 100.0, "cnt": 43}, "MATEMATICA PED": {"medie": 8.462037037037035, "reusita": 100.0, "cnt": 54}, "MATEMATICA ST-NAT": {"medie": 4.663235294117648, "reusita": 48.57142857142857, "cnt": 35}, "MATEMATICA MATE-INFO": {"medie": 6.808000000000001, "reusita": 88.0, "cnt": 25}, "ISTORIE": {"medie": 7.045794392523364, "reusita": 93.45794392523365, "cnt": 107}, "LOGICA, ARGUMENTARE SI COMUNICARE": {"medie": 8.676521739130434, "reusita": 97.43589743589743, "cnt": 117}, "SOCIOLOGIE": {"medie": 8.735714285714286, "reusita": 100.0, "cnt": 7}, "FIZICA TEO": {"medie": 6.855555555555555, "reusita": 100.0, "cnt": 9}, "INFORMATICA MI C/C++": {"medie": 7.675, "reusita": 100.0, "cnt": 4}, "CHIMIE ORGANICA TEO NIVEL I/II": {"medie": 7.166666666666667, "reusita": 100.0, "cnt": 3}, "PSIHOLOGIE": {"medie": 7.233333333333333, "reusita": 100.0, "cnt": 3}, "ECONOMIE": {"medie": 7.25, "reusita": 100.0, "cnt": 2}}, "nume": "COLEGIUL NATIONAL PEDAGOGIC \"STEFAN ODOBLEJA\"\tMehedin\u021bi"}