{"specializari": {"FILOLOGIE": 67, "STIINTE ALE NATURII": 38, "MATEMATICA-INFORMATICA": 105}, "limba_moderna": {"LIMBA ENGLEZA": 203, "LIMBA FRANCEZA": 7}, "limba_materna": {"LIMBA ROMANA": 210}, "promotie_anterioara": {"DA": 11, "NU": 199}, "materii": {"LIMBA ROMANA": {"medie": 8.044761904761904, "reusita": 100.0, "cnt": 210}, "BIOLOGIE VEGETALA SI ANIMALA": {"medie": 7.665306122448983, "reusita": 92.0, "cnt": 50}, "GENERAL": {"medie": 8.149278846153845, "reusita": 90.95238095238095, "cnt": 210}, "GEOGRAFIE": {"medie": 8.867307692307692, "reusita": 100.0, "cnt": 26}, "ANATOMIE SI FIZIOLOGIE UMANA, GENETICA SI ECOLOGIE UMANA": {"medie": 7.596428571428572, "reusita": 92.85714285714286, "cnt": 14}, "MATEMATICA ST-NAT": {"medie": 7.87972972972973, "reusita": 86.8421052631579, "cnt": 38}, "MATEMATICA MATE-INFO": {"medie": 8.405288461538463, "reusita": 94.28571428571428, "cnt": 105}, "ISTORIE": {"medie": 7.93731343283582, "reusita": 100.0, "cnt": 67}, "SOCIOLOGIE": {"medie": 7.520833333333333, "reusita": 97.22222222222221, "cnt": 36}, "FIZICA TEO": {"medie": 8.746491228070177, "reusita": 100.0, "cnt": 57}, "INFORMATICA MI C/C++": {"medie": 8.04, "reusita": 100.0, "cnt": 5}, "CHIMIE ORGANICA TEO NIVEL I/II": {"medie": 9.061764705882354, "reusita": 100.0, "cnt": 17}, "PSIHOLOGIE": {"medie": 8.05, "reusita": 100.0, "cnt": 2}, "ECONOMIE": {"medie": 7.050000000000001, "reusita": 100.0, "cnt": 3}}, "nume": "COLEGIUL NATIONAL \"BARBU STIRBEI\" CALARASI\tC\u0103l\u0103ra\u0219i"}