{"specializari": {"TEHNICIAN IN TURISM": 52, "STIINTE SOCIALE": 31, "TEHNICIAN IN AUTOMATIZARI": 17, "TEHNICIAN OPERATOR TEHNICA DE CALCUL": 3, "STIINTE ALE NATURII": 54, "TEHNICIAN IN INSTALATII ELECTRICE": 8, "TEHNICIAN DESIGNER VESTIMENTAR": 12, "TEHNICIAN IN GASTRONOMIE": 29, "MATEMATICA-INFORMATICA": 27, "FILOLOGIE": 30, "TEHNICIAN ELECTROMECANIC": 13}, "limba_moderna": {"LIMBA ENGLEZA": 244, "LIMBA FRANCEZA": 32}, "limba_materna": {"LIMBA ROMANA": 276}, "promotie_anterioara": {"DA": 23, "NU": 253}, "materii": {"LIMBA ROMANA": {"medie": 6.650184501845017, "reusita": 90.57971014492753, "cnt": 276}, "MATEMATICA TEHN": {"medie": 4.721875000000003, "reusita": 55.970149253731336, "cnt": 134}, "BIOLOGIE VEGETALA SI ANIMALA": {"medie": 4.905102040816327, "reusita": 49.01960784313725, "cnt": 51}, "GENERAL": {"medie": 6.600063371356145, "reusita": 61.95652173913043, "cnt": 276}, "GEOGRAFIE": {"medie": 7.601428571428571, "reusita": 94.5945945945946, "cnt": 37}, "ANATOMIE SI FIZIOLOGIE UMANA, GENETICA SI ECOLOGIE UMANA": {"medie": 7.8106060606060606, "reusita": 94.20289855072464, "cnt": 69}, "FIZICA TEH": {"medie": 5.05, "reusita": 50.0, "cnt": 2}, "MATEMATICA ST-NAT": {"medie": 6.478846153846154, "reusita": 87.03703703703704, "cnt": 54}, "MATEMATICA MATE-INFO": {"medie": 7.97037037037037, "reusita": 92.5925925925926, "cnt": 27}, "ISTORIE": {"medie": 6.361666666666667, "reusita": 91.80327868852459, "cnt": 61}, "LOGICA, ARGUMENTARE SI COMUNICARE": {"medie": 7.931862745098035, "reusita": 97.0873786407767, "cnt": 103}, "FIZICA TEO": {"medie": 8.825000000000001, "reusita": 100.0, "cnt": 4}, "INFORMATICA MI C/C++": {"medie": 8.8375, "reusita": 100.0, "cnt": 4}, "CHIMIE ANORGANICA TEO NIVEL I/II": {"medie": 6.55, "reusita": 100.0, "cnt": 1}, "CHIMIE ORGANICA TEO NIVEL I/II": {"medie": 8.133333333333335, "reusita": 100.0, "cnt": 3}, "PSIHOLOGIE": {"medie": 8.325, "reusita": 100.0, "cnt": 2}}, "nume": "COLEGIUL TEHNIC \"MIHAI BACESCU\" FALTICENI\tSuceava"}