{"specializari": {"MATEMATICA-INFORMATICA": 88, "STIINTE ALE NATURII": 59, "FILOLOGIE": 58, "STIINTE SOCIALE": 62}, "limba_moderna": {"LIMBA ENGLEZA": 237, "LIMBA FRANCEZA": 30}, "limba_materna": {"LIMBA ROMANA": 267}, "promotie_anterioara": {"NU": 267}, "materii": {"LIMBA ROMANA": {"medie": 8.616853932584265, "reusita": 99.625468164794, "cnt": 267}, "GENERAL": {"medie": 8.885588972431083, "reusita": 99.25093632958801, "cnt": 267}, "GEOGRAFIE": {"medie": 9.213888888888885, "reusita": 100.0, "cnt": 72}, "ANATOMIE SI FIZIOLOGIE UMANA, GENETICA SI ECOLOGIE UMANA": {"medie": 9.264615384615384, "reusita": 100.0, "cnt": 65}, "MATEMATICA ST-NAT": {"medie": 8.702542372881359, "reusita": 100.0, "cnt": 59}, "MATEMATICA MATE-INFO": {"medie": 9.077272727272728, "reusita": 100.0, "cnt": 88}, "ISTORIE": {"medie": 8.828991596638659, "reusita": 99.16666666666667, "cnt": 120}, "LOGICA, ARGUMENTARE SI COMUNICARE": {"medie": 8.784374999999999, "reusita": 100.0, "cnt": 16}, "SOCIOLOGIE": {"medie": 8.90681818181818, "reusita": 95.65217391304348, "cnt": 23}, "FIZICA TEO": {"medie": 8.95, "reusita": 100.0, "cnt": 12}, "INFORMATICA MI C/C++": {"medie": 9.013793103448275, "reusita": 100.0, "cnt": 58}, "CHIMIE ORGANICA TEO NIVEL I/II": {"medie": 9.213636363636363, "reusita": 100.0, "cnt": 11}, "FILOSOFIE": {"medie": 9.366666666666667, "reusita": 100.0, "cnt": 3}, "PSIHOLOGIE": {"medie": 9.816666666666666, "reusita": 100.0, "cnt": 3}, "INFORMATICA SN C/C++": {"medie": 9.4, "reusita": 100.0, "cnt": 1}, "ECONOMIE": {"medie": 9.533333333333333, "reusita": 100.0, "cnt": 3}}, "nume": "COLEGIUL NATIONAL \"ROMAN VODA\", MUNICIPIUL ROMAN\tNeam\u021b"}