{"specializari": {"MATEMATICA-INFORMATICA": 90, "STIINTE ALE NATURII": 64, "FILOLOGIE": 90}, "limba_moderna": {"LIMBA ENGLEZA": 199, "LIMBA FRANCEZA": 37, "LIMBA GERMANA MODERNA": 3, "LIMBA JAPONEZA": 5}, "limba_materna": {"LIMBA ROMANA": 244}, "promotie_anterioara": {"NU": 244}, "materii": {"LIMBA ROMANA": {"medie": 8.627572016460906, "reusita": 99.59016393442623, "cnt": 244}, "BIOLOGIE VEGETALA SI ANIMALA": {"medie": 8.885714285714286, "reusita": 100.0, "cnt": 7}, "GENERAL": {"medie": 8.902606310013722, "reusita": 99.18032786885246, "cnt": 244}, "GEOGRAFIE": {"medie": 9.11521739130435, "reusita": 100.0, "cnt": 23}, "ANATOMIE SI FIZIOLOGIE UMANA, GENETICA SI ECOLOGIE UMANA": {"medie": 8.945945945945944, "reusita": 100.0, "cnt": 37}, "MATEMATICA ST-NAT": {"medie": 9.208593750000002, "reusita": 100.0, "cnt": 64}, "MATEMATICA MATE-INFO": {"medie": 9.108888888888888, "reusita": 100.0, "cnt": 90}, "ISTORIE": {"medie": 9.025280898876403, "reusita": 98.88888888888889, "cnt": 90}, "LOGICA, ARGUMENTARE SI COMUNICARE": {"medie": 8.989285714285714, "reusita": 100.0, "cnt": 42}, "SOCIOLOGIE": {"medie": 8.483333333333334, "reusita": 100.0, "cnt": 9}, "FIZICA TEO": {"medie": 9.152941176470588, "reusita": 100.0, "cnt": 68}, "INFORMATICA MI C/C++": {"medie": 8.353333333333333, "reusita": 100.0, "cnt": 15}, "CHIMIE ORGANICA TEO NIVEL I/II": {"medie": 9.018518518518519, "reusita": 100.0, "cnt": 27}, "FILOSOFIE": {"medie": 8.45, "reusita": 100.0, "cnt": 1}, "PSIHOLOGIE": {"medie": 8.683333333333335, "reusita": 100.0, "cnt": 3}, "ECONOMIE": {"medie": 8.968181818181819, "reusita": 91.66666666666666, "cnt": 12}}, "nume": "COLEGIUL NATIONAL \"ION CREANGA\"\tBucure\u0219ti"}