{"specializari": {"TEHNICIAN IN TURISM": 28, "TEHNICIAN IN ACTIVITATI ECONOMICE": 84, "TEHNICIAN IN ADMINISTRATIE": 19, "TEHNICIAN IN ACTIVITATI DE COMERT": 30, "TEHNICIAN IN GASTRONOMIE": 28}, "limba_moderna": {"LIMBA ENGLEZA": 187, "LIMBA FRANCEZA": 1, "LIMBA GERMANA MODERNA": 1}, "limba_materna": {"LIMBA ROMANA": 189}, "promotie_anterioara": {"DA": 5, "NU": 184}, "materii": {"LIMBA ROMANA": {"medie": 7.0952127659574495, "reusita": 95.76719576719577, "cnt": 189}, "MATEMATICA TEHN": {"medie": 6.459090909090906, "reusita": 85.71428571428571, "cnt": 189}, "GENERAL": {"medie": 7.256541218637993, "reusita": 79.36507936507937, "cnt": 189}, "GEOGRAFIE": {"medie": 8.215625, "reusita": 95.34883720930233, "cnt": 129}, "LOGICA, ARGUMENTARE SI COMUNICARE": {"medie": 8.29433962264151, "reusita": 90.74074074074075, "cnt": 54}, "ECONOMIE": {"medie": 7.5200000000000005, "reusita": 83.33333333333334, "cnt": 6}}, "nume": "COLEGIUL ECONOMIC \"GEORGE BARITIU\" SIBIU\tSibiu"}