{"specializari": {"ARHITECTURA, ARTE AMBIENTALE SI DESIGN": 31, "MUZICA": 27, "ARTE PLASTICE SI DECORATIVE": 41, "COREGRAFIE": 11, "ARTA ACTORULUI": 24}, "limba_moderna": {"LIMBA ENGLEZA": 132, "LIMBA FRANCEZA": 2}, "limba_materna": {"LIMBA ROMANA": 134}, "promotie_anterioara": {"DA": 4, "NU": 130}, "materii": {"LIMBA ROMANA": {"medie": 7.69473684210526, "reusita": 94.02985074626866, "cnt": 134}, "GENERAL": {"medie": 7.587092731829574, "reusita": 82.83582089552239, "cnt": 134}, "GEOGRAFIE": {"medie": 8.357407407407408, "reusita": 96.29629629629629, "cnt": 81}, "ISTORIE": {"medie": 6.961940298507466, "reusita": 89.55223880597015, "cnt": 134}, "LOGICA, ARGUMENTARE SI COMUNICARE": {"medie": 7.7630952380952385, "reusita": 90.47619047619048, "cnt": 42}, "PSIHOLOGIE": {"medie": 7.022222222222222, "reusita": 100.0, "cnt": 9}, "ECONOMIE": {"medie": 8.024999999999999, "reusita": 100.0, "cnt": 2}}, "nume": "COLEGIUL NATIONAL DE ARTE \"REGINA MARIA\" CONSTANTA\tConstan\u021ba"}