{"specializari": {"MATEMATICA-INFORMATICA": 58, "TEHNICIAN IN AUTOMATIZARI": 1, "STIINTE ALE NATURII": 60, "STIINTE SOCIALE": 30, "FILOLOGIE": 27}, "limba_moderna": {"LIMBA ENGLEZA": 162, "LIMBA GERMANA MODERNA": 14}, "limba_materna": {"LIMBA MAGHIARA": 176}, "promotie_anterioara": {"DA": 2, "NU": 174}, "materii": {"LIMBA ROMANA": {"medie": 6.8117142857142845, "reusita": 94.88636363636364, "cnt": 176}, "MATEMATICA TEHN": {"medie": 3.75, "reusita": 0.0, "cnt": 1}, "BIOLOGIE VEGETALA SI ANIMALA": {"medie": 6.816666666666666, "reusita": 66.66666666666666, "cnt": 3}, "GENERAL": {"medie": 7.932714285714284, "reusita": 91.47727272727273, "cnt": 176}, "GEOGRAFIE": {"medie": 8.934999999999999, "reusita": 100.0, "cnt": 10}, "ANATOMIE SI FIZIOLOGIE UMANA, GENETICA SI ECOLOGIE UMANA": {"medie": 8.500862068965516, "reusita": 100.0, "cnt": 58}, "LIMBA MAGHIARA (REAL)": {"medie": 8.767372881355936, "reusita": 99.15966386554622, "cnt": 119}, "MATEMATICA ST-NAT": {"medie": 8.179166666666667, "reusita": 98.33333333333333, "cnt": 60}, "MATEMATICA MATE-INFO": {"medie": 7.985087719298246, "reusita": 96.55172413793103, "cnt": 58}, "ISTORIE": {"medie": 8.138596491228068, "reusita": 100.0, "cnt": 57}, "LOGICA, ARGUMENTARE SI COMUNICARE": {"medie": 8.290697674418606, "reusita": 95.34883720930233, "cnt": 43}, "SOCIOLOGIE": {"medie": 8.0, "reusita": 100.0, "cnt": 1}, "FIZICA TEO": {"medie": 8.316666666666668, "reusita": 100.0, "cnt": 3}, "INFORMATICA MI C/C++": {"medie": 8.093939393939394, "reusita": 94.11764705882352, "cnt": 34}, "CHIMIE ANORGANICA TEO NIVEL I/II": {"medie": 8.8, "reusita": 100.0, "cnt": 8}, "CHIMIE ORGANICA TEO NIVEL I/II": {"medie": 8.174999999999999, "reusita": 100.0, "cnt": 12}, "PSIHOLOGIE": {"medie": 8.266666666666667, "reusita": 100.0, "cnt": 3}, "LIMBA MAGHIARA (UMAN)": {"medie": 7.950877192982455, "reusita": 100.0, "cnt": 57}, "INFORMATICA SN C/C++": {"medie": 6.85, "reusita": 100.0, "cnt": 1}}, "nume": "COLEGIUL NATIONAL \"MARTON ARON\" MIERCUREA CIUC\tHarghita"}