{"specializari": {"STIINTE SOCIALE": 60, "MATEMATICA-INFORMATICA": 87, "FILOLOGIE": 57, "STIINTE ALE NATURII": 29}, "limba_moderna": {"LIMBA ENGLEZA": 200, "LIMBA FRANCEZA": 33}, "limba_materna": {"LIMBA ROMANA": 233}, "promotie_anterioara": {"DA": 1, "NU": 232}, "materii": {"LIMBA ROMANA": {"medie": 8.102155172413791, "reusita": 99.14163090128756, "cnt": 233}, "BIOLOGIE VEGETALA SI ANIMALA": {"medie": 8.916666666666668, "reusita": 100.0, "cnt": 3}, "GENERAL": {"medie": 8.292385057471265, "reusita": 96.56652360515021, "cnt": 233}, "GEOGRAFIE": {"medie": 8.929807692307692, "reusita": 100.0, "cnt": 52}, "ANATOMIE SI FIZIOLOGIE UMANA, GENETICA SI ECOLOGIE UMANA": {"medie": 8.153409090909092, "reusita": 100.0, "cnt": 44}, "MATEMATICA ST-NAT": {"medie": 7.912068965517242, "reusita": 96.55172413793103, "cnt": 29}, "MATEMATICA MATE-INFO": {"medie": 8.877325581395343, "reusita": 98.85057471264368, "cnt": 87}, "ISTORIE": {"medie": 7.650854700854699, "reusita": 98.29059829059828, "cnt": 117}, "LOGICA, ARGUMENTARE SI COMUNICARE": {"medie": 8.546721311475412, "reusita": 100.0, "cnt": 61}, "SOCIOLOGIE": {"medie": 9.4, "reusita": 100.0, "cnt": 1}, "FIZICA TEO": {"medie": 9.14, "reusita": 100.0, "cnt": 5}, "INFORMATICA MI C/C++": {"medie": 8.997222222222224, "reusita": 94.44444444444444, "cnt": 18}, "CHIMIE ANORGANICA TEO NIVEL I/II": {"medie": 8.738333333333335, "reusita": 96.7741935483871, "cnt": 31}, "CHIMIE ORGANICA TEO NIVEL I/II": {"medie": 8.346666666666668, "reusita": 93.33333333333333, "cnt": 15}, "PSIHOLOGIE": {"medie": 9.4, "reusita": 100.0, "cnt": 1}, "ECONOMIE": {"medie": 9.375, "reusita": 100.0, "cnt": 2}}, "nume": "COLEGIUL NATIONAL \"NICU GANE\" FALTICENI\tSuceava"}