{"specializari": {"TEHNICIAN MECANIC PENTRU INTRETINERE SI REPARATII": 19, "TEHNICIAN MECATRONIST": 10, "MATEMATICA-INFORMATICA": 47, "STIINTE ALE NATURII": 34, "TEHNICIAN OPERATOR TEHNICA DE CALCUL": 19, "TEHNICIAN PROIECTANT CAD": 4, "TEHNICIAN ELECTRONIST": 18, "FILOLOGIE": 33, "TEHNICIAN IN AUTOMATIZARI": 20, "TEHNICIAN IN INSTALATII ELECTRICE": 25, "STIINTE SOCIALE": 32}, "limba_moderna": {"LIMBA ENGLEZA": 255, "LIMBA FRANCEZA": 6}, "limba_materna": {"LIMBA ROMANA": 261}, "promotie_anterioara": {"DA": 43, "NU": 218}, "materii": {"LIMBA ROMANA": {"medie": 6.800194552529178, "reusita": 93.86973180076629, "cnt": 261}, "MATEMATICA TEHN": {"medie": 4.933333333333334, "reusita": 61.73913043478261, "cnt": 115}, "BIOLOGIE VEGETALA SI ANIMALA": {"medie": 5.022448979591834, "reusita": 52.38095238095239, "cnt": 105}, "GENERAL": {"medie": 6.388579017264274, "reusita": 55.938697318007655, "cnt": 261}, "GEOGRAFIE": {"medie": 8.661111111111113, "reusita": 100.0, "cnt": 18}, "ANATOMIE SI FIZIOLOGIE UMANA, GENETICA SI ECOLOGIE UMANA": {"medie": 6.988235294117649, "reusita": 92.64705882352942, "cnt": 68}, "FIZICA TEH": {"medie": 6.95, "reusita": 81.81818181818183, "cnt": 11}, "MATEMATICA ST-NAT": {"medie": 6.269117647058824, "reusita": 76.47058823529412, "cnt": 34}, "MATEMATICA MATE-INFO": {"medie": 6.171276595744681, "reusita": 89.36170212765957, "cnt": 47}, "ISTORIE": {"medie": 6.43076923076923, "reusita": 90.76923076923077, "cnt": 65}, "LOGICA, ARGUMENTARE SI COMUNICARE": {"medie": 8.436904761904762, "reusita": 97.61904761904762, "cnt": 42}, "SOCIOLOGIE": {"medie": 7.1, "reusita": 100.0, "cnt": 1}, "FIZICA TEO": {"medie": 3.0374999999999996, "reusita": 0.0, "cnt": 4}, "INFORMATICA MI C/C++": {"medie": 6.716666666666666, "reusita": 83.33333333333334, "cnt": 6}, "CHIMIE ANORGANICA TEO NIVEL I/II": {"medie": 8.7, "reusita": 100.0, "cnt": 1}, "CHIMIE ORGANICA TEO NIVEL I/II": {"medie": 7.1, "reusita": 100.0, "cnt": 1}, "PSIHOLOGIE": {"medie": 6.85, "reusita": 100.0, "cnt": 4}}, "nume": "COLEGIUL TEHNIC \"GHEORGHE ASACHI\" BOTOSANI\tBoto\u0219ani"}