{"specializari": {"FILOLOGIE": 69, "STIINTE ALE NATURII": 30, "MATEMATICA-INFORMATICA": 29}, "limba_moderna": {"LIMBA ENGLEZA": 126, "LIMBA FRANCEZA": 2}, "limba_materna": {"LIMBA ROMANA": 128}, "promotie_anterioara": {"DA": 9, "NU": 119}, "materii": {"LIMBA ROMANA": {"medie": 7.677777777777779, "reusita": 92.96875, "cnt": 128}, "BIOLOGIE VEGETALA SI ANIMALA": {"medie": 7.672727272727273, "reusita": 100.0, "cnt": 11}, "GENERAL": {"medie": 7.668266666666669, "reusita": 80.46875, "cnt": 128}, "GEOGRAFIE": {"medie": 7.872727272727272, "reusita": 91.30434782608695, "cnt": 46}, "ANATOMIE SI FIZIOLOGIE UMANA, GENETICA SI ECOLOGIE UMANA": {"medie": 8.570689655172416, "reusita": 100.0, "cnt": 29}, "MATEMATICA ST-NAT": {"medie": 6.595, "reusita": 90.0, "cnt": 30}, "MATEMATICA MATE-INFO": {"medie": 8.429310344827586, "reusita": 100.0, "cnt": 29}, "ISTORIE": {"medie": 6.988059701492537, "reusita": 86.95652173913044, "cnt": 69}, "FIZICA TEO": {"medie": 9.3, "reusita": 100.0, "cnt": 1}, "INFORMATICA MI C/C++": {"medie": 8.35, "reusita": 94.44444444444444, "cnt": 18}, "PSIHOLOGIE": {"medie": 7.547727272727272, "reusita": 91.30434782608695, "cnt": 23}}, "nume": "COLEGIUL NATIONAL \"AVRAM IANCU\" STEI\tBihor"}