{"specializari": {"STIINTE ALE NATURII": 92, "MATEMATICA-INFORMATICA": 63, "FILOLOGIE": 27}, "limba_moderna": {"LIMBA ENGLEZA": 171, "LIMBA FRANCEZA": 7, "LIMBA GERMANA MODERNA": 3, "LIMBA RUSA": 1}, "limba_materna": {"LIMBA ROMANA": 182}, "promotie_anterioara": {"DA": 23, "NU": 159}, "materii": {"LIMBA ROMANA": {"medie": 8.461111111111112, "reusita": 94.5054945054945, "cnt": 182}, "BIOLOGIE VEGETALA SI ANIMALA": {"medie": 6.707142857142857, "reusita": 57.14285714285714, "cnt": 7}, "GENERAL": {"medie": 8.53982558139535, "reusita": 81.31868131868131, "cnt": 182}, "GEOGRAFIE": {"medie": 9.5, "reusita": 100.0, "cnt": 20}, "ANATOMIE SI FIZIOLOGIE UMANA, GENETICA SI ECOLOGIE UMANA": {"medie": 8.062499999999998, "reusita": 80.85106382978722, "cnt": 94}, "MATEMATICA ST-NAT": {"medie": 6.94080459770115, "reusita": 66.30434782608695, "cnt": 92}, "MATEMATICA MATE-INFO": {"medie": 9.406349206349207, "reusita": 98.4126984126984, "cnt": 63}, "ISTORIE": {"medie": 8.844444444444445, "reusita": 100.0, "cnt": 27}, "LOGICA, ARGUMENTARE SI COMUNICARE": {"medie": 9.059999999999999, "reusita": 100.0, "cnt": 5}, "FIZICA TEO": {"medie": 9.5375, "reusita": 100.0, "cnt": 4}, "INFORMATICA MI C/C++": {"medie": 9.425757575757576, "reusita": 100.0, "cnt": 33}, "CHIMIE ORGANICA TEO NIVEL I/II": {"medie": 9.203846153846154, "reusita": 100.0, "cnt": 13}, "PSIHOLOGIE": {"medie": 9.45, "reusita": 100.0, "cnt": 2}, "INFORMATICA SN C/C++": {"medie": 8.2, "reusita": 100.0, "cnt": 4}}, "nume": "COLEGIUL NATIONAL \"EMIL RACOVITA\", IASI\tIa\u0219i"}