{"specializari": {"STIINTE SOCIALE": 70, "FILOLOGIE": 32, "TEOLOGIE ORTODOXA": 15, "MATEMATICA-INFORMATICA": 51}, "limba_moderna": {"LIMBA ENGLEZA": 152, "LIMBA FRANCEZA": 16}, "limba_materna": {"LIMBA ROMANA": 168}, "promotie_anterioara": {"DA": 20, "NU": 148}, "materii": {"LIMBA ROMANA": {"medie": 7.497530864197533, "reusita": 91.07142857142857, "cnt": 168}, "BIOLOGIE VEGETALA SI ANIMALA": {"medie": 7.375, "reusita": 71.42857142857143, "cnt": 7}, "GENERAL": {"medie": 7.75976645435244, "reusita": 82.14285714285714, "cnt": 168}, "GEOGRAFIE": {"medie": 7.211904761904763, "reusita": 76.0, "cnt": 25}, "ANATOMIE SI FIZIOLOGIE UMANA, GENETICA SI ECOLOGIE UMANA": {"medie": 8.75, "reusita": 100.0, "cnt": 2}, "MATEMATICA MATE-INFO": {"medie": 7.899999999999999, "reusita": 94.11764705882352, "cnt": 51}, "ISTORIE": {"medie": 7.053539823008851, "reusita": 91.45299145299145, "cnt": 117}, "LOGICA, ARGUMENTARE SI COMUNICARE": {"medie": 8.492134831460676, "reusita": 93.47826086956522, "cnt": 92}, "FIZICA TEO": {"medie": 9.137499999999998, "reusita": 100.0, "cnt": 24}, "INFORMATICA MI C/C++": {"medie": 3.783333333333333, "reusita": 33.33333333333333, "cnt": 3}, "CHIMIE ORGANICA TEO NIVEL I/II": {"medie": 8.153333333333332, "reusita": 86.66666666666667, "cnt": 15}}, "nume": "COLEGIUL NATIONAL \"UNIREA\" TURNU MAGURELE\tTeleorman"}