{"specializari": {"STIINTE ALE NATURII": 17, "MATEMATICA-INFORMATICA": 107, "FILOLOGIE": 97}, "limba_moderna": {"LIMBA ENGLEZA": 213, "LIMBA FRANCEZA": 8}, "limba_materna": {"LIMBA ROMANA": 221}, "promotie_anterioara": {"DA": 24, "NU": 197}, "materii": {"LIMBA ROMANA": {"medie": 7.89794520547945, "reusita": 97.28506787330316, "cnt": 221}, "BIOLOGIE VEGETALA SI ANIMALA": {"medie": 5.859999999999999, "reusita": 66.66666666666666, "cnt": 6}, "GENERAL": {"medie": 7.76566358024691, "reusita": 84.16289592760181, "cnt": 221}, "GEOGRAFIE": {"medie": 8.276923076923076, "reusita": 94.33962264150944, "cnt": 53}, "ANATOMIE SI FIZIOLOGIE UMANA, GENETICA SI ECOLOGIE UMANA": {"medie": 8.04065934065934, "reusita": 94.56521739130434, "cnt": 92}, "MATEMATICA ST-NAT": {"medie": 5.5406249999999995, "reusita": 52.94117647058824, "cnt": 17}, "MATEMATICA MATE-INFO": {"medie": 7.041981132075471, "reusita": 91.58878504672897, "cnt": 107}, "ISTORIE": {"medie": 7.568421052631579, "reusita": 96.90721649484536, "cnt": 97}, "SOCIOLOGIE": {"medie": 8.343103448275864, "reusita": 96.66666666666667, "cnt": 30}, "FIZICA TEO": {"medie": 8.610869565217389, "reusita": 100.0, "cnt": 23}, "INFORMATICA MI C/C++": {"medie": 8.075, "reusita": 100.0, "cnt": 2}, "CHIMIE ORGANICA TEO NIVEL I/II": {"medie": 7.75, "reusita": 100.0, "cnt": 1}, "PSIHOLOGIE": {"medie": 8.158333333333333, "reusita": 100.0, "cnt": 6}, "ECONOMIE": {"medie": 9.018749999999999, "reusita": 100.0, "cnt": 8}}, "nume": "COLEGIUL NATIONAL \"ALEXANDRU IOAN CUZA\" ALEXANDRIA\tTeleorman"}