{"specializari": {"INVATATOR - EDUCATOARE": 56, "MATEMATICA-INFORMATICA": 56, "STIINTE SOCIALE": 93, "FILOLOGIE": 25}, "limba_moderna": {"LIMBA ENGLEZA": 217, "LIMBA FRANCEZA": 12, "LIMBA GERMANA MODERNA": 1}, "limba_materna": {"LIMBA ROMANA": 230}, "promotie_anterioara": {"DA": 4, "NU": 226}, "materii": {"LIMBA ROMANA": {"medie": 8.624130434782613, "reusita": 100.0, "cnt": 230}, "GENERAL": {"medie": 8.590652173913044, "reusita": 97.3913043478261, "cnt": 230}, "GEOGRAFIE": {"medie": 8.906521739130437, "reusita": 100.0, "cnt": 23}, "ANATOMIE SI FIZIOLOGIE UMANA, GENETICA SI ECOLOGIE UMANA": {"medie": 7.601785714285713, "reusita": 100.0, "cnt": 28}, "MATEMATICA PED": {"medie": 8.955357142857146, "reusita": 98.21428571428571, "cnt": 56}, "MATEMATICA MATE-INFO": {"medie": 8.780357142857143, "reusita": 100.0, "cnt": 56}, "ISTORIE": {"medie": 7.953389830508474, "reusita": 98.30508474576271, "cnt": 118}, "LOGICA, ARGUMENTARE SI COMUNICARE": {"medie": 8.89552845528455, "reusita": 97.5609756097561, "cnt": 123}, "SOCIOLOGIE": {"medie": 9.22, "reusita": 100.0, "cnt": 5}, "FIZICA TEO": {"medie": 8.492857142857144, "reusita": 100.0, "cnt": 7}, "INFORMATICA MI C/C++": {"medie": 8.600000000000001, "reusita": 100.0, "cnt": 20}, "CHIMIE ORGANICA TEO NIVEL I/II": {"medie": 9.55, "reusita": 100.0, "cnt": 1}, "FILOSOFIE": {"medie": 9.008333333333335, "reusita": 100.0, "cnt": 6}, "PSIHOLOGIE": {"medie": 9.393749999999999, "reusita": 100.0, "cnt": 16}, "ECONOMIE": {"medie": 9.0, "reusita": 100.0, "cnt": 1}}, "nume": "COLEGIUL NATIONAL \"MIHAI EMINESCU\" SUCEAVA\tSuceava"}