{"specializari": {"MATEMATICA-INFORMATICA": 112, "FILOLOGIE": 71, "STIINTE ALE NATURII": 56, "STIINTE SOCIALE": 34}, "limba_moderna": {"LIMBA ENGLEZA": 249, "LIMBA FRANCEZA": 24}, "limba_materna": {"LIMBA ROMANA": 273}, "promotie_anterioara": {"DA": 12, "NU": 261}, "materii": {"LIMBA ROMANA": {"medie": 8.156826568265679, "reusita": 99.26739926739927, "cnt": 273}, "BIOLOGIE VEGETALA SI ANIMALA": {"medie": 7.7, "reusita": 100.0, "cnt": 3}, "GENERAL": {"medie": 8.250123456790119, "reusita": 94.13919413919413, "cnt": 273}, "GEOGRAFIE": {"medie": 8.464473684210526, "reusita": 100.0, "cnt": 38}, "ANATOMIE SI FIZIOLOGIE UMANA, GENETICA SI ECOLOGIE UMANA": {"medie": 8.276492537313432, "reusita": 96.29629629629629, "cnt": 135}, "MATEMATICA ST-NAT": {"medie": 8.459821428571427, "reusita": 98.21428571428571, "cnt": 56}, "MATEMATICA MATE-INFO": {"medie": 7.915765765765766, "reusita": 94.64285714285714, "cnt": 112}, "ISTORIE": {"medie": 8.486893203883499, "reusita": 98.09523809523809, "cnt": 105}, "LOGICA, ARGUMENTARE SI COMUNICARE": {"medie": 8.394594594594595, "reusita": 100.0, "cnt": 37}, "SOCIOLOGIE": {"medie": 8.7, "reusita": 92.85714285714286, "cnt": 28}, "FIZICA TEO": {"medie": 8.6, "reusita": 100.0, "cnt": 20}, "INFORMATICA MI C/C++": {"medie": 7.1187499999999995, "reusita": 87.5, "cnt": 8}, "CHIMIE ORGANICA TEO NIVEL I/II": {"medie": 9.325, "reusita": 100.0, "cnt": 2}, "PSIHOLOGIE": {"medie": 7.25, "reusita": 100.0, "cnt": 2}}, "nume": "COLEGIUL NATIONAL \"STEFAN CEL MARE\", ORAS TARGU NEAMT\tNeam\u021b"}