{"specializari": {"INVATATOR - EDUCATOARE": 14, "STIINTE SOCIALE": 32, "STIINTE ALE NATURII": 27, "FILOLOGIE": 21, "MATEMATICA-INFORMATICA": 27}, "limba_moderna": {"LIMBA ENGLEZA": 119, "LIMBA GERMANA MODERNA": 2}, "limba_materna": {"LIMBA ROMANA": 121}, "promotie_anterioara": {"DA": 7, "NU": 114}, "materii": {"LIMBA ROMANA": {"medie": 7.489256198347107, "reusita": 96.69421487603306, "cnt": 121}, "GENERAL": {"medie": 7.794491525423727, "reusita": 86.77685950413223, "cnt": 121}, "GEOGRAFIE": {"medie": 7.609782608695652, "reusita": 95.83333333333334, "cnt": 48}, "ANATOMIE SI FIZIOLOGIE UMANA, GENETICA SI ECOLOGIE UMANA": {"medie": 8.459259259259259, "reusita": 100.0, "cnt": 27}, "MATEMATICA PED": {"medie": 6.760714285714286, "reusita": 100.0, "cnt": 14}, "MATEMATICA ST-NAT": {"medie": 7.477777777777779, "reusita": 100.0, "cnt": 27}, "MATEMATICA MATE-INFO": {"medie": 9.492592592592596, "reusita": 100.0, "cnt": 27}, "ISTORIE": {"medie": 6.920754716981132, "reusita": 98.11320754716981, "cnt": 53}, "LOGICA, ARGUMENTARE SI COMUNICARE": {"medie": 9.004545454545454, "reusita": 91.66666666666666, "cnt": 12}, "FIZICA TEO": {"medie": 8.989473684210527, "reusita": 100.0, "cnt": 19}, "INFORMATICA MI C/C++": {"medie": 9.6, "reusita": 100.0, "cnt": 3}, "CHIMIE ORGANICA TEO NIVEL I/II": {"medie": 9.459999999999999, "reusita": 100.0, "cnt": 5}, "FILOSOFIE": {"medie": 7.25, "reusita": 50.0, "cnt": 2}, "PSIHOLOGIE": {"medie": 5.54, "reusita": 60.0, "cnt": 5}}, "nume": "COLEGIUL NATIONAL \"MIHAI VITEAZUL\" SFANTU GHEORGHE\tCovasna"}