{"specializari": {"STIINTE ALE NATURII": 67, "FILOLOGIE": 73, "MATEMATICA-INFORMATICA": 54, "INVATATOR - EDUCATOARE": 58}, "limba_moderna": {"LIMBA ENGLEZA": 246, "LIMBA FRANCEZA": 6}, "limba_materna": {"LIMBA ROMANA": 252}, "promotie_anterioara": {"DA": 5, "NU": 247}, "materii": {"LIMBA ROMANA": {"medie": 7.957228915662645, "reusita": 98.01587301587301, "cnt": 252}, "BIOLOGIE VEGETALA SI ANIMALA": {"medie": 8.25, "reusita": 100.0, "cnt": 1}, "GENERAL": {"medie": 8.436278447121824, "reusita": 95.63492063492063, "cnt": 252}, "GEOGRAFIE": {"medie": 9.146153846153842, "reusita": 98.73417721518987, "cnt": 79}, "ANATOMIE SI FIZIOLOGIE UMANA, GENETICA SI ECOLOGIE UMANA": {"medie": 8.410588235294119, "reusita": 95.40229885057471, "cnt": 87}, "MATEMATICA PED": {"medie": 9.086842105263157, "reusita": 98.27586206896551, "cnt": 58}, "MATEMATICA ST-NAT": {"medie": 8.573880597014924, "reusita": 100.0, "cnt": 67}, "MATEMATICA MATE-INFO": {"medie": 8.697115384615385, "reusita": 96.29629629629629, "cnt": 54}, "ISTORIE": {"medie": 8.020547945205475, "reusita": 100.0, "cnt": 73}, "LOGICA, ARGUMENTARE SI COMUNICARE": {"medie": 9.2234693877551, "reusita": 100.0, "cnt": 49}, "FIZICA TEO": {"medie": 8.623809523809522, "reusita": 100.0, "cnt": 21}, "INFORMATICA MI C/C++": {"medie": 7.377777777777776, "reusita": 88.88888888888889, "cnt": 9}, "CHIMIE ORGANICA TEO NIVEL I/II": {"medie": 9.166666666666666, "reusita": 100.0, "cnt": 3}, "PSIHOLOGIE": {"medie": 8.966666666666667, "reusita": 100.0, "cnt": 3}}, "nume": "COLEGIUL NATIONAL PEDAGOGIC \"STEFAN VELOVAN\" CRAIOVA\tDolj"}