{"specializari": {"MATEMATICA-INFORMATICA": 101, "LICEU CU PROGRAM SPORTIV": 7, "STIINTE SOCIALE": 31, "FILOLOGIE": 63}, "limba_moderna": {"LIMBA ENGLEZA": 192, "LIMBA FRANCEZA": 10}, "limba_materna": {"LIMBA ROMANA": 202}, "promotie_anterioara": {"DA": 22, "NU": 180}, "materii": {"LIMBA ROMANA": {"medie": 7.8141089108910915, "reusita": 98.51485148514851, "cnt": 202}, "BIOLOGIE VEGETALA SI ANIMALA": {"medie": 2.45, "reusita": 0.0, "cnt": 1}, "GENERAL": {"medie": 7.822636815920399, "reusita": 90.5940594059406, "cnt": 202}, "GEOGRAFIE": {"medie": 8.752307692307694, "reusita": 95.45454545454545, "cnt": 66}, "ANATOMIE SI FIZIOLOGIE UMANA, GENETICA SI ECOLOGIE UMANA": {"medie": 7.471818181818183, "reusita": 100.0, "cnt": 55}, "MATEMATICA MATE-INFO": {"medie": 7.311386138613861, "reusita": 95.04950495049505, "cnt": 101}, "ISTORIE": {"medie": 7.775247524752471, "reusita": 99.00990099009901, "cnt": 101}, "LOGICA, ARGUMENTARE SI COMUNICARE": {"medie": 8.214583333333334, "reusita": 95.83333333333334, "cnt": 24}, "SOCIOLOGIE": {"medie": 6.521428571428572, "reusita": 100.0, "cnt": 7}, "FIZICA TEO": {"medie": 8.450000000000001, "reusita": 100.0, "cnt": 8}, "INFORMATICA MI C/C++": {"medie": 8.145714285714284, "reusita": 97.14285714285714, "cnt": 35}, "CHIMIE ANORGANICA TEO NIVEL I/II": {"medie": 7.8, "reusita": 100.0, "cnt": 2}, "PSIHOLOGIE": {"medie": 8.316666666666666, "reusita": 100.0, "cnt": 3}, "ECONOMIE": {"medie": 8.45, "reusita": 100.0, "cnt": 1}}, "nume": "COLEGIUL NATIONAL \"OCTAV ONICESCU\"\tBucure\u0219ti"}