{"specializari": {"FILOLOGIE": 32, "STIINTE ALE NATURII": 28, "STIINTE SOCIALE": 37, "MATEMATICA-INFORMATICA": 57}, "limba_moderna": {"LIMBA FRANCEZA": 24, "LIMBA ENGLEZA": 130}, "limba_materna": {"LIMBA ROMANA": 154}, "promotie_anterioara": {"DA": 6, "NU": 148}, "materii": {"LIMBA ROMANA": {"medie": 7.8226973684210535, "reusita": 96.1038961038961, "cnt": 154}, "GENERAL": {"medie": 7.954083885209712, "reusita": 90.9090909090909, "cnt": 154}, "GEOGRAFIE": {"medie": 8.43235294117647, "reusita": 94.44444444444444, "cnt": 18}, "ANATOMIE SI FIZIOLOGIE UMANA, GENETICA SI ECOLOGIE UMANA": {"medie": 8.364492753623189, "reusita": 100.0, "cnt": 69}, "MATEMATICA ST-NAT": {"medie": 7.2178571428571425, "reusita": 89.28571428571429, "cnt": 28}, "MATEMATICA MATE-INFO": {"medie": 8.102631578947369, "reusita": 98.24561403508771, "cnt": 57}, "ISTORIE": {"medie": 7.230597014925375, "reusita": 95.65217391304348, "cnt": 69}, "LOGICA, ARGUMENTARE SI COMUNICARE": {"medie": 8.422, "reusita": 88.46153846153845, "cnt": 26}, "SOCIOLOGIE": {"medie": 8.270833333333334, "reusita": 100.0, "cnt": 12}, "FIZICA TEO": {"medie": 9.433333333333332, "reusita": 100.0, "cnt": 3}, "INFORMATICA MI C/C++": {"medie": 8.658333333333333, "reusita": 100.0, "cnt": 12}, "CHIMIE ANORGANICA TEO NIVEL I/II": {"medie": 8.25, "reusita": 100.0, "cnt": 1}, "PSIHOLOGIE": {"medie": 8.43181818181818, "reusita": 100.0, "cnt": 11}, "ECONOMIE": {"medie": 8.975, "reusita": 100.0, "cnt": 2}}, "nume": "COLEGIUL NATIONAL \"DRAGOS VODA\" CAMPULUNG MOLDOVENESC\tSuceava"}