{"specializari": {"MATEMATICA-INFORMATICA": 29, "STIINTE SOCIALE": 54, "STIINTE ALE NATURII": 74, "FILOLOGIE": 33}, "limba_moderna": {"LIMBA ENGLEZA": 177, "LIMBA FRANCEZA": 13}, "limba_materna": {"LIMBA ROMANA": 190}, "promotie_anterioara": {"DA": 26, "NU": 164}, "materii": {"LIMBA ROMANA": {"medie": 6.80561497326203, "reusita": 95.26315789473684, "cnt": 190}, "BIOLOGIE VEGETALA SI ANIMALA": {"medie": 6.9750000000000005, "reusita": 88.88888888888889, "cnt": 9}, "GENERAL": {"medie": 6.9275985663082436, "reusita": 77.36842105263158, "cnt": 190}, "GEOGRAFIE": {"medie": 7.318749999999999, "reusita": 92.1875, "cnt": 64}, "ANATOMIE SI FIZIOLOGIE UMANA, GENETICA SI ECOLOGIE UMANA": {"medie": 7.1992063492063485, "reusita": 89.0625, "cnt": 64}, "MATEMATICA ST-NAT": {"medie": 6.520270270270269, "reusita": 89.1891891891892, "cnt": 74}, "MATEMATICA MATE-INFO": {"medie": 6.3374999999999995, "reusita": 89.65517241379311, "cnt": 29}, "ISTORIE": {"medie": 6.90813953488372, "reusita": 95.40229885057471, "cnt": 87}, "LOGICA, ARGUMENTARE SI COMUNICARE": {"medie": 7.91111111111111, "reusita": 94.44444444444444, "cnt": 18}, "SOCIOLOGIE": {"medie": 7.5, "reusita": 100.0, "cnt": 2}, "FIZICA TEO": {"medie": 6.483333333333333, "reusita": 66.66666666666666, "cnt": 3}, "INFORMATICA MI C/C++": {"medie": 6.691666666666666, "reusita": 89.47368421052632, "cnt": 19}, "CHIMIE ANORGANICA TEO NIVEL I/II": {"medie": 7.774999999999999, "reusita": 100.0, "cnt": 8}, "PSIHOLOGIE": {"medie": 7.766666666666666, "reusita": 100.0, "cnt": 3}}, "nume": "COLEGIUL \"NICOLAE TITULESCU\" BRASOV\tBra\u0219ov"}