{"specializari": {"MATEMATICA-INFORMATICA": 89, "STIINTE ALE NATURII": 95, "FILOLOGIE": 36}, "limba_moderna": {"LIMBA ENGLEZA": 201, "LIMBA FRANCEZA": 18, "LIMBA GERMANA MODERNA": 1}, "limba_materna": {"LIMBA ROMANA": 220}, "promotie_anterioara": {"DA": 17, "NU": 203}, "materii": {"LIMBA ROMANA": {"medie": 7.696363636363637, "reusita": 100.0, "cnt": 220}, "GENERAL": {"medie": 7.3341781874039915, "reusita": 76.36363636363637, "cnt": 220}, "GEOGRAFIE": {"medie": 8.76923076923077, "reusita": 100.0, "cnt": 13}, "ANATOMIE SI FIZIOLOGIE UMANA, GENETICA SI ECOLOGIE UMANA": {"medie": 7.474444444444446, "reusita": 98.52941176470588, "cnt": 136}, "MATEMATICA ST-NAT": {"medie": 6.478494623655913, "reusita": 81.05263157894737, "cnt": 95}, "MATEMATICA MATE-INFO": {"medie": 6.384269662921345, "reusita": 79.7752808988764, "cnt": 89}, "ISTORIE": {"medie": 7.159722222222224, "reusita": 97.22222222222221, "cnt": 36}, "LOGICA, ARGUMENTARE SI COMUNICARE": {"medie": 8.569565217391306, "reusita": 100.0, "cnt": 23}, "FIZICA TEO": {"medie": 6.0, "reusita": 100.0, "cnt": 3}, "INFORMATICA MI C/C++": {"medie": 7.816666666666668, "reusita": 97.61904761904762, "cnt": 42}, "CHIMIE ORGANICA TEO NIVEL I/II": {"medie": 6.583333333333333, "reusita": 100.0, "cnt": 3}}, "nume": "COLEGIUL NATIONAL DE INFORMATICA \"SPIRU HARET\" SUCEAVA\tSuceava"}