{"specializari": {"MATEMATICA-INFORMATICA": 23, "LICEU CU PROGRAM SPORTIV": 31, "STIINTE SOCIALE": 36, "STIINTE ALE NATURII": 53, "FILOLOGIE": 35}, "limba_moderna": {"LIMBA ENGLEZA": 161, "LIMBA FRANCEZA": 17}, "limba_materna": {"LIMBA ROMANA": 178}, "promotie_anterioara": {"DA": 4, "NU": 174}, "materii": {"LIMBA ROMANA": {"medie": 7.377808988764045, "reusita": 98.87640449438202, "cnt": 178}, "GENERAL": {"medie": 7.589265536723165, "reusita": 89.32584269662921, "cnt": 178}, "GEOGRAFIE": {"medie": 7.507692307692308, "reusita": 78.57142857142857, "cnt": 14}, "ANATOMIE SI FIZIOLOGIE UMANA, GENETICA SI ECOLOGIE UMANA": {"medie": 7.364035087719299, "reusita": 94.73684210526315, "cnt": 57}, "MATEMATICA ST-NAT": {"medie": 7.817924528301886, "reusita": 98.11320754716981, "cnt": 53}, "MATEMATICA MATE-INFO": {"medie": 7.443478260869566, "reusita": 91.30434782608695, "cnt": 23}, "ISTORIE": {"medie": 6.948529411764709, "reusita": 93.13725490196079, "cnt": 102}, "LOGICA, ARGUMENTARE SI COMUNICARE": {"medie": 8.746511627906973, "reusita": 97.67441860465115, "cnt": 86}, "FIZICA TEO": {"medie": 7.676923076923075, "reusita": 92.3076923076923, "cnt": 13}, "INFORMATICA MI C/C++": {"medie": 8.0375, "reusita": 100.0, "cnt": 4}, "PSIHOLOGIE": {"medie": 8.725, "reusita": 100.0, "cnt": 2}, "INFORMATICA SN C/C++": {"medie": 7.324999999999999, "reusita": 100.0, "cnt": 2}}, "nume": "COLEGIUL NATIONAL \"NICOLAE TITULESCU\" CRAIOVA\tDolj"}