{"specializari": {"MATEMATICA-INFORMATICA": 123, "STIINTE ALE NATURII": 34, "FILOLOGIE": 29, "STIINTE SOCIALE": 30}, "limba_moderna": {"LIMBA ENGLEZA": 197, "LIMBA FRANCEZA": 19}, "limba_materna": {"LIMBA ROMANA": 216}, "promotie_anterioara": {"NU": 216}, "materii": {"LIMBA ROMANA": {"medie": 9.229629629629628, "reusita": 100.0, "cnt": 216}, "GENERAL": {"medie": 9.156327160493827, "reusita": 99.07407407407408, "cnt": 216}, "GEOGRAFIE": {"medie": 9.578947368421055, "reusita": 100.0, "cnt": 19}, "ANATOMIE SI FIZIOLOGIE UMANA, GENETICA SI ECOLOGIE UMANA": {"medie": 9.197916666666666, "reusita": 100.0, "cnt": 24}, "MATEMATICA ST-NAT": {"medie": 9.145588235294118, "reusita": 100.0, "cnt": 34}, "MATEMATICA MATE-INFO": {"medie": 9.16422764227642, "reusita": 99.1869918699187, "cnt": 123}, "ISTORIE": {"medie": 8.717796610169492, "reusita": 98.30508474576271, "cnt": 59}, "LOGICA, ARGUMENTARE SI COMUNICARE": {"medie": 9.151666666666667, "reusita": 100.0, "cnt": 30}, "FIZICA TEO": {"medie": 9.259574468085107, "reusita": 100.0, "cnt": 47}, "INFORMATICA MI C/C++": {"medie": 9.016666666666667, "reusita": 100.0, "cnt": 48}, "CHIMIE ORGANICA TEO NIVEL I/II": {"medie": 9.215789473684213, "reusita": 100.0, "cnt": 38}, "FILOSOFIE": {"medie": 9.4, "reusita": 100.0, "cnt": 1}, "PSIHOLOGIE": {"medie": 9.571428571428571, "reusita": 100.0, "cnt": 7}, "ECONOMIE": {"medie": 7.65, "reusita": 100.0, "cnt": 2}}, "nume": "COLEGIUL NATIONAL \"VASILE ALECSANDRI\", LOCALITATEA GALATI\tGala\u021bi"}