{"specializari": {"FILOLOGIE": 37, "STIINTE ALE NATURII": 19, "MATEMATICA-INFORMATICA": 19}, "limba_moderna": {"LIMBA ENGLEZA": 75}, "limba_materna": {"LIMBA ROMANA": 75}, "promotie_anterioara": {"DA": 10, "NU": 65}, "materii": {"LIMBA ROMANA": {"medie": 7.404666666666666, "reusita": 98.66666666666667, "cnt": 75}, "BIOLOGIE VEGETALA SI ANIMALA": {"medie": 7.258823529411765, "reusita": 94.44444444444444, "cnt": 18}, "GENERAL": {"medie": 6.999774774774774, "reusita": 76.0, "cnt": 75}, "GEOGRAFIE": {"medie": 7.095454545454545, "reusita": 100.0, "cnt": 11}, "ANATOMIE SI FIZIOLOGIE UMANA, GENETICA SI ECOLOGIE UMANA": {"medie": 7.466666666666668, "reusita": 100.0, "cnt": 12}, "MATEMATICA ST-NAT": {"medie": 6.11578947368421, "reusita": 89.47368421052632, "cnt": 19}, "MATEMATICA MATE-INFO": {"medie": 5.944736842105264, "reusita": 89.47368421052632, "cnt": 19}, "ISTORIE": {"medie": 6.156756756756756, "reusita": 91.8918918918919, "cnt": 37}, "LOGICA, ARGUMENTARE SI COMUNICARE": {"medie": 8.504999999999999, "reusita": 100.0, "cnt": 20}, "INFORMATICA MI C/C++": {"medie": 6.074999999999999, "reusita": 100.0, "cnt": 8}, "PSIHOLOGIE": {"medie": 7.3, "reusita": 83.33333333333334, "cnt": 6}}, "nume": "COLEGIUL NATIONAL \"MIRCEA ELIADE\" RESITA\tCara\u0219-Severin"}