{"specializari": {"FILOLOGIE": 48, "STIINTE SOCIALE": 34, "STIINTE ALE NATURII": 22, "TEHNICIAN IN ACTIVITATI ECONOMICE": 26, "MATEMATICA-INFORMATICA": 25}, "limba_moderna": {"LIMBA ENGLEZA": 151, "LIMBA FRANCEZA": 4}, "limba_materna": {"LIMBA ROMANA": 155}, "promotie_anterioara": {"DA": 13, "NU": 142}, "materii": {"LIMBA ROMANA": {"medie": 7.387096774193545, "reusita": 93.54838709677419, "cnt": 155}, "MATEMATICA TEHN": {"medie": 6.186538461538461, "reusita": 96.15384615384616, "cnt": 26}, "GENERAL": {"medie": 7.214583333333331, "reusita": 76.12903225806451, "cnt": 155}, "GEOGRAFIE": {"medie": 8.140625000000002, "reusita": 100.0, "cnt": 48}, "ANATOMIE SI FIZIOLOGIE UMANA, GENETICA SI ECOLOGIE UMANA": {"medie": 7.935416666666668, "reusita": 92.0, "cnt": 25}, "MATEMATICA ST-NAT": {"medie": 6.538636363636363, "reusita": 86.36363636363636, "cnt": 22}, "MATEMATICA MATE-INFO": {"medie": 8.722916666666666, "reusita": 96.0, "cnt": 25}, "ISTORIE": {"medie": 6.221604938271607, "reusita": 86.58536585365853, "cnt": 82}, "LOGICA, ARGUMENTARE SI COMUNICARE": {"medie": 6.475, "reusita": 100.0, "cnt": 4}, "SOCIOLOGIE": {"medie": 6.548148148148147, "reusita": 92.72727272727272, "cnt": 55}, "FIZICA TEO": {"medie": 7.783333333333334, "reusita": 100.0, "cnt": 3}, "INFORMATICA MI C/C++": {"medie": 8.647058823529411, "reusita": 94.44444444444444, "cnt": 18}, "CHIMIE ORGANICA TEO NIVEL I/II": {"medie": 9.9, "reusita": 100.0, "cnt": 1}, "PSIHOLOGIE": {"medie": 9.55, "reusita": 100.0, "cnt": 1}}, "nume": "COLEGIUL NATIONAL \"PETRU RARES\" BECLEAN\tBistri\u021ba-N\u0103s\u0103ud"}