{"specializari": {"MATEMATICA-INFORMATICA": 79, "STIINTE ALE NATURII": 29, "STIINTE SOCIALE": 35}, "limba_moderna": {"LIMBA ENGLEZA": 137, "LIMBA FRANCEZA": 6}, "limba_materna": {"LIMBA ROMANA": 143}, "promotie_anterioara": {"DA": 1, "NU": 142}, "materii": {"LIMBA ROMANA": {"medie": 8.065734265734266, "reusita": 97.9020979020979, "cnt": 143}, "BIOLOGIE VEGETALA SI ANIMALA": {"medie": 8.0625, "reusita": 100.0, "cnt": 32}, "GENERAL": {"medie": 8.393706293706295, "reusita": 94.4055944055944, "cnt": 143}, "GEOGRAFIE": {"medie": 8.609523809523811, "reusita": 100.0, "cnt": 21}, "ANATOMIE SI FIZIOLOGIE UMANA, GENETICA SI ECOLOGIE UMANA": {"medie": 8.864285714285714, "reusita": 100.0, "cnt": 14}, "MATEMATICA ST-NAT": {"medie": 8.610344827586207, "reusita": 100.0, "cnt": 29}, "MATEMATICA MATE-INFO": {"medie": 8.598734177215192, "reusita": 96.20253164556962, "cnt": 79}, "ISTORIE": {"medie": 8.307142857142859, "reusita": 100.0, "cnt": 35}, "LOGICA, ARGUMENTARE SI COMUNICARE": {"medie": 9.072222222222221, "reusita": 100.0, "cnt": 9}, "SOCIOLOGIE": {"medie": 8.6, "reusita": 100.0, "cnt": 4}, "FIZICA TEO": {"medie": 8.294444444444444, "reusita": 100.0, "cnt": 9}, "INFORMATICA MI C/C++": {"medie": 8.895652173913044, "reusita": 100.0, "cnt": 23}, "CHIMIE ORGANICA TEO NIVEL I/II": {"medie": 8.685000000000002, "reusita": 96.66666666666667, "cnt": 30}, "ECONOMIE": {"medie": 9.0, "reusita": 100.0, "cnt": 1}}, "nume": "COLEGIUL NATIONAL \"RADU NEGRU\" FAGARAS\tBra\u0219ov"}