{"specializari": {"STIINTE SOCIALE": 59, "MATEMATICA-INFORMATICA": 75, "STIINTE ALE NATURII": 55, "FILOLOGIE": 29}, "limba_moderna": {"LIMBA ENGLEZA": 205, "LIMBA FRANCEZA": 13}, "limba_materna": {"LIMBA ROMANA": 218}, "promotie_anterioara": {"DA": 1, "NU": 217}, "materii": {"LIMBA ROMANA": {"medie": 8.904128440366971, "reusita": 99.54128440366972, "cnt": 218}, "BIOLOGIE VEGETALA SI ANIMALA": {"medie": 9.419230769230769, "reusita": 100.0, "cnt": 26}, "GENERAL": {"medie": 9.052981651376143, "reusita": 99.08256880733946, "cnt": 218}, "GEOGRAFIE": {"medie": 9.214583333333335, "reusita": 100.0, "cnt": 24}, "ANATOMIE SI FIZIOLOGIE UMANA, GENETICA SI ECOLOGIE UMANA": {"medie": 8.749999999999998, "reusita": 100.0, "cnt": 7}, "MATEMATICA ST-NAT": {"medie": 9.077272727272724, "reusita": 98.18181818181819, "cnt": 55}, "MATEMATICA MATE-INFO": {"medie": 9.115999999999996, "reusita": 100.0, "cnt": 75}, "ISTORIE": {"medie": 9.049431818181821, "reusita": 100.0, "cnt": 88}, "LOGICA, ARGUMENTARE SI COMUNICARE": {"medie": 9.505263157894738, "reusita": 100.0, "cnt": 19}, "SOCIOLOGIE": {"medie": 8.977777777777778, "reusita": 100.0, "cnt": 9}, "FIZICA TEO": {"medie": 9.094565217391304, "reusita": 100.0, "cnt": 46}, "INFORMATICA MI C/C++": {"medie": 9.056249999999999, "reusita": 100.0, "cnt": 16}, "CHIMIE ANORGANICA TEO NIVEL I/II": {"medie": 9.366666666666667, "reusita": 100.0, "cnt": 3}, "CHIMIE ORGANICA TEO NIVEL I/II": {"medie": 8.92741935483871, "reusita": 100.0, "cnt": 31}, "FILOSOFIE": {"medie": 10.0, "reusita": 100.0, "cnt": 2}, "PSIHOLOGIE": {"medie": 9.222222222222221, "reusita": 100.0, "cnt": 18}, "INFORMATICA SN C/C++": {"medie": 7.9, "reusita": 100.0, "cnt": 1}, "ECONOMIE": {"medie": 9.346874999999999, "reusita": 100.0, "cnt": 16}}, "nume": "COLEGIUL NATIONAL \"SPIRU HARET\"\tBucure\u0219ti"}