{"specializari": {"TEHNICIAN IN TURISM": 34, "STIINTE ALE NATURII": 132, "MATEMATICA-INFORMATICA": 57, "FILOLOGIE": 63, "STIINTE SOCIALE": 63, "TEHNICIAN IN ACTIVITATI ECONOMICE": 28}, "limba_moderna": {"LIMBA ENGLEZA": 355, "LIMBA FRANCEZA": 22}, "limba_materna": {"LIMBA ROMANA": 377}, "promotie_anterioara": {"DA": 35, "NU": 342}, "materii": {"LIMBA ROMANA": {"medie": 6.8105898123324415, "reusita": 92.3076923076923, "cnt": 377}, "MATEMATICA TEHN": {"medie": 6.148387096774193, "reusita": 83.87096774193549, "cnt": 62}, "BIOLOGIE VEGETALA SI ANIMALA": {"medie": 6.4, "reusita": 100.0, "cnt": 2}, "GENERAL": {"medie": 6.954144144144145, "reusita": 71.88328912466844, "cnt": 377}, "GEOGRAFIE": {"medie": 7.849230769230769, "reusita": 96.96969696969697, "cnt": 66}, "ANATOMIE SI FIZIOLOGIE UMANA, GENETICA SI ECOLOGIE UMANA": {"medie": 6.533093525179859, "reusita": 83.09859154929578, "cnt": 142}, "MATEMATICA ST-NAT": {"medie": 5.983461538461538, "reusita": 72.72727272727273, "cnt": 132}, "MATEMATICA MATE-INFO": {"medie": 6.500000000000002, "reusita": 84.21052631578947, "cnt": 57}, "ISTORIE": {"medie": 7.489285714285712, "reusita": 96.82539682539682, "cnt": 126}, "LOGICA, ARGUMENTARE SI COMUNICARE": {"medie": 8.357142857142856, "reusita": 99.10714285714286, "cnt": 112}, "SOCIOLOGIE": {"medie": 8.425, "reusita": 100.0, "cnt": 2}, "FIZICA TEO": {"medie": 7.3999999999999995, "reusita": 85.71428571428571, "cnt": 7}, "INFORMATICA MI C/C++": {"medie": 6.691666666666666, "reusita": 88.88888888888889, "cnt": 18}, "CHIMIE ORGANICA TEO NIVEL I/II": {"medie": 7.764285714285715, "reusita": 92.85714285714286, "cnt": 14}, "FILOSOFIE": {"medie": 6.85, "reusita": 100.0, "cnt": 2}, "PSIHOLOGIE": {"medie": 7.075, "reusita": 75.0, "cnt": 4}, "INFORMATICA SN C/C++": {"medie": 6.533333333333334, "reusita": 100.0, "cnt": 6}, "ECONOMIE": {"medie": 9.649999999999999, "reusita": 100.0, "cnt": 2}}, "nume": "LICEUL TEORETIC \"MIHAI EMINESCU\", MUN. BARLAD\tVaslui"}