{"specializari": {"STIINTE SOCIALE": 65, "FILOLOGIE": 62, "MATEMATICA-INFORMATICA": 15, "STIINTE ALE NATURII": 42}, "limba_moderna": {"LIMBA ENGLEZA": 163, "LIMBA FRANCEZA": 21}, "limba_materna": {"LIMBA ROMANA": 184}, "promotie_anterioara": {"DA": 35, "NU": 149}, "materii": {"LIMBA ROMANA": {"medie": 5.553389830508474, "reusita": 79.34782608695652, "cnt": 184}, "BIOLOGIE VEGETALA SI ANIMALA": {"medie": 6.65, "reusita": 100.0, "cnt": 1}, "GENERAL": {"medie": 5.755333333333333, "reusita": 44.565217391304344, "cnt": 184}, "GEOGRAFIE": {"medie": 6.907203389830507, "reusita": 84.5528455284553, "cnt": 123}, "ANATOMIE SI FIZIOLOGIE UMANA, GENETICA SI ECOLOGIE UMANA": {"medie": 4.962745098039218, "reusita": 60.37735849056604, "cnt": 53}, "MATEMATICA ST-NAT": {"medie": 3.8675000000000006, "reusita": 40.476190476190474, "cnt": 42}, "MATEMATICA MATE-INFO": {"medie": 3.775, "reusita": 33.33333333333333, "cnt": 15}, "ISTORIE": {"medie": 6.052439024390242, "reusita": 81.88976377952756, "cnt": 127}, "SOCIOLOGIE": {"medie": 7.075, "reusita": 100.0, "cnt": 2}, "INFORMATICA MI C/C++": {"medie": 3.4666666666666663, "reusita": 0.0, "cnt": 3}, "PSIHOLOGIE": {"medie": 8.55, "reusita": 100.0, "cnt": 2}}, "nume": "LICEUL TEORETIC \"ION HELIADE RADULESCU\" TARGOVISTE\tD\u00e2mbovi\u021ba"}