{"specializari": {"MATEMATICA-INFORMATICA": 52, "STIINTE ALE NATURII": 29, "FILOLOGIE": 65}, "limba_moderna": {"LIMBA ENGLEZA": 139, "LIMBA FRANCEZA": 7}, "limba_materna": {"LIMBA ROMANA": 146}, "promotie_anterioara": {"DA": 7, "NU": 139}, "materii": {"LIMBA ROMANA": {"medie": 7.514726027397259, "reusita": 99.31506849315068, "cnt": 146}, "BIOLOGIE VEGETALA SI ANIMALA": {"medie": 7.655102040816327, "reusita": 93.87755102040816, "cnt": 49}, "GENERAL": {"medie": 7.521379310344827, "reusita": 89.72602739726028, "cnt": 146}, "GEOGRAFIE": {"medie": 8.433333333333334, "reusita": 93.75, "cnt": 16}, "ANATOMIE SI FIZIOLOGIE UMANA, GENETICA SI ECOLOGIE UMANA": {"medie": 7.066666666666666, "reusita": 100.0, "cnt": 6}, "MATEMATICA ST-NAT": {"medie": 6.574137931034482, "reusita": 82.75862068965517, "cnt": 29}, "MATEMATICA MATE-INFO": {"medie": 7.606730769230771, "reusita": 96.15384615384616, "cnt": 52}, "ISTORIE": {"medie": 7.844615384615383, "reusita": 96.92307692307692, "cnt": 65}, "LOGICA, ARGUMENTARE SI COMUNICARE": {"medie": 8.75, "reusita": 100.0, "cnt": 1}, "SOCIOLOGIE": {"medie": 6.51025641025641, "reusita": 97.43589743589743, "cnt": 39}, "FIZICA TEO": {"medie": 7.874999999999998, "reusita": 93.75, "cnt": 16}, "INFORMATICA MI C/C++": {"medie": 5.9, "reusita": 100.0, "cnt": 2}, "CHIMIE ORGANICA TEO NIVEL I/II": {"medie": 8.985714285714286, "reusita": 100.0, "cnt": 7}, "PSIHOLOGIE": {"medie": 8.466666666666667, "reusita": 100.0, "cnt": 9}, "INFORMATICA MI PASCAL": {"medie": 5.4, "reusita": 100.0, "cnt": 1}}, "nume": "LICEUL TEORETIC \"MIHAI EMINESCU\" CALARASI\tC\u0103l\u0103ra\u0219i"}