{"specializari": {"STIINTE ALE NATURII": 46, "MATEMATICA-INFORMATICA": 103, "FILOLOGIE": 71}, "limba_moderna": {"LIMBA ENGLEZA": 196, "LIMBA FRANCEZA": 24}, "limba_materna": {"LIMBA ROMANA": 220}, "promotie_anterioara": {"DA": 21, "NU": 199}, "materii": {"LIMBA ROMANA": {"medie": 7.688409090909091, "reusita": 100.0, "cnt": 220}, "BIOLOGIE VEGETALA SI ANIMALA": {"medie": 6.902083333333334, "reusita": 92.0, "cnt": 25}, "GENERAL": {"medie": 7.6136292834890975, "reusita": 83.63636363636363, "cnt": 220}, "GEOGRAFIE": {"medie": 7.89736842105263, "reusita": 94.73684210526315, "cnt": 19}, "ANATOMIE SI FIZIOLOGIE UMANA, GENETICA SI ECOLOGIE UMANA": {"medie": 6.819565217391306, "reusita": 95.74468085106383, "cnt": 47}, "MATEMATICA ST-NAT": {"medie": 6.547777777777777, "reusita": 89.13043478260869, "cnt": 46}, "MATEMATICA MATE-INFO": {"medie": 7.4169999999999945, "reusita": 88.3495145631068, "cnt": 103}, "ISTORIE": {"medie": 7.327464788732396, "reusita": 94.36619718309859, "cnt": 71}, "LOGICA, ARGUMENTARE SI COMUNICARE": {"medie": 9.235227272727272, "reusita": 100.0, "cnt": 44}, "FIZICA TEO": {"medie": 7.87441860465116, "reusita": 95.34883720930233, "cnt": 43}, "INFORMATICA MI C/C++": {"medie": 8.380952380952381, "reusita": 95.23809523809523, "cnt": 21}, "CHIMIE ORGANICA TEO NIVEL I/II": {"medie": 7.153846153846154, "reusita": 92.3076923076923, "cnt": 13}, "PSIHOLOGIE": {"medie": 8.214285714285714, "reusita": 100.0, "cnt": 7}, "ECONOMIE": {"medie": 6.9, "reusita": 100.0, "cnt": 1}}, "nume": "LICEUL TEORETIC \"ALEXANDRU MARGHILOMAN\" MUNICIPIUL BUZAU\tBuz\u0103u"}