{"specializari": {"STIINTE ALE NATURII": 15, "MATEMATICA-INFORMATICA": 21}, "limba_moderna": {"LIMBA ENGLEZA": 36}, "limba_materna": {"LIMBA ROMANA": 36}, "promotie_anterioara": {"DA": 12, "NU": 24}, "materii": {"LIMBA ROMANA": {"medie": 5.638709677419355, "reusita": 63.888888888888886, "cnt": 36}, "BIOLOGIE VEGETALA SI ANIMALA": {"medie": 5.833333333333333, "reusita": 52.77777777777778, "cnt": 36}, "GENERAL": {"medie": 5.108333333333333, "reusita": 19.444444444444446, "cnt": 36}, "MATEMATICA ST-NAT": {"medie": 1.9136363636363634, "reusita": 6.666666666666667, "cnt": 15}, "MATEMATICA MATE-INFO": {"medie": 4.747058823529411, "reusita": 42.857142857142854, "cnt": 21}}, "nume": "LICEUL TEORETIC PIATRA\tTeleorman"}