{"specializari": {"MATEMATICA-INFORMATICA": 26, "STIINTE ALE NATURII": 87, "FILOLOGIE": 61}, "limba_moderna": {"LIMBA ENGLEZA": 155, "LIMBA FRANCEZA": 19}, "limba_materna": {"LIMBA ROMANA": 174}, "promotie_anterioara": {"DA": 15, "NU": 159}, "materii": {"LIMBA ROMANA": {"medie": 7.310404624277456, "reusita": 96.55172413793103, "cnt": 174}, "GENERAL": {"medie": 7.187426900584793, "reusita": 75.28735632183908, "cnt": 174}, "GEOGRAFIE": {"medie": 8.371929824561398, "reusita": 98.24561403508771, "cnt": 57}, "ANATOMIE SI FIZIOLOGIE UMANA, GENETICA SI ECOLOGIE UMANA": {"medie": 7.19587628865979, "reusita": 93.93939393939394, "cnt": 99}, "MATEMATICA ST-NAT": {"medie": 5.918604651162789, "reusita": 73.5632183908046, "cnt": 87}, "MATEMATICA MATE-INFO": {"medie": 6.374, "reusita": 84.61538461538461, "cnt": 26}, "ISTORIE": {"medie": 7.6754098360655725, "reusita": 98.36065573770492, "cnt": 61}, "LOGICA, ARGUMENTARE SI COMUNICARE": {"medie": 8.466666666666667, "reusita": 100.0, "cnt": 3}, "FIZICA TEO": {"medie": 7.75, "reusita": 80.0, "cnt": 5}, "INFORMATICA MI C/C++": {"medie": 8.6, "reusita": 100.0, "cnt": 1}, "CHIMIE ORGANICA TEO NIVEL I/II": {"medie": 6.8875, "reusita": 87.5, "cnt": 8}, "PSIHOLOGIE": {"medie": 7.6, "reusita": 100.0, "cnt": 1}}, "nume": "LICEUL TEORETIC \"PETRU CERCEL\" TARGOVISTE\tD\u00e2mbovi\u021ba"}