{"specializari": {"MATEMATICA-INFORMATICA": 62, "STIINTE ALE NATURII": 67, "FILOLOGIE": 67}, "limba_moderna": {"LIMBA ENGLEZA": 183, "LIMBA FRANCEZA": 12, "LIMBA GERMANA MODERNA": 1}, "limba_materna": {"LIMBA ROMANA": 196}, "promotie_anterioara": {"DA": 16, "NU": 180}, "materii": {"LIMBA ROMANA": {"medie": 7.806410256410253, "reusita": 99.48979591836735, "cnt": 196}, "BIOLOGIE VEGETALA SI ANIMALA": {"medie": 6.222222222222222, "reusita": 88.88888888888889, "cnt": 9}, "GENERAL": {"medie": 7.493455497382203, "reusita": 84.6938775510204, "cnt": 196}, "GEOGRAFIE": {"medie": 7.830000000000001, "reusita": 90.0, "cnt": 10}, "ANATOMIE SI FIZIOLOGIE UMANA, GENETICA SI ECOLOGIE UMANA": {"medie": 7.179710144927537, "reusita": 90.27777777777779, "cnt": 72}, "MATEMATICA ST-NAT": {"medie": 6.4361538461538474, "reusita": 85.07462686567165, "cnt": 67}, "MATEMATICA MATE-INFO": {"medie": 6.53688524590164, "reusita": 90.32258064516128, "cnt": 62}, "ISTORIE": {"medie": 7.84776119402985, "reusita": 98.50746268656717, "cnt": 67}, "LOGICA, ARGUMENTARE SI COMUNICARE": {"medie": 8.898113207547173, "reusita": 98.11320754716981, "cnt": 53}, "SOCIOLOGIE": {"medie": 8.133333333333333, "reusita": 100.0, "cnt": 3}, "FIZICA TEO": {"medie": 6.957142857142857, "reusita": 94.28571428571428, "cnt": 35}, "INFORMATICA MI C/C++": {"medie": 7.51, "reusita": 100.0, "cnt": 10}, "CHIMIE ANORGANICA TEO NIVEL I/II": {"medie": 7.8, "reusita": 100.0, "cnt": 2}, "PSIHOLOGIE": {"medie": 7.45, "reusita": 100.0, "cnt": 1}, "INFORMATICA MI PASCAL": {"medie": 6.6, "reusita": 100.0, "cnt": 1}}, "nume": "LICEUL TEORETIC \"ION BARBU\" PITESTI\tArge\u0219"}