{"specializari": {"LICEU CU PROGRAM SPORTIV": 105, "STIINTE SOCIALE": 33, "FILOLOGIE": 27, "STIINTE ALE NATURII": 17, "MATEMATICA-INFORMATICA": 6}, "limba_moderna": {"LIMBA ENGLEZA": 165, "LIMBA FRANCEZA": 23}, "limba_materna": {"LIMBA ROMANA": 188}, "promotie_anterioara": {"DA": 30, "NU": 158}, "materii": {"LIMBA ROMANA": {"medie": 5.610270270270269, "reusita": 79.7872340425532, "cnt": 188}, "BIOLOGIE VEGETALA SI ANIMALA": {"medie": 5.711764705882352, "reusita": 70.58823529411765, "cnt": 17}, "GENERAL": {"medie": 5.941300366300369, "reusita": 47.87234042553192, "cnt": 188}, "GEOGRAFIE": {"medie": 6.353017241379308, "reusita": 78.8135593220339, "cnt": 118}, "ANATOMIE SI FIZIOLOGIE UMANA, GENETICA SI ECOLOGIE UMANA": {"medie": 8.125, "reusita": 100.0, "cnt": 2}, "MATEMATICA ST-NAT": {"medie": 4.285294117647059, "reusita": 52.94117647058824, "cnt": 17}, "MATEMATICA MATE-INFO": {"medie": 3.9250000000000003, "reusita": 33.33333333333333, "cnt": 6}, "ISTORIE": {"medie": 5.690432098765434, "reusita": 72.12121212121212, "cnt": 165}, "LOGICA, ARGUMENTARE SI COMUNICARE": {"medie": 7.834090909090907, "reusita": 86.95652173913044, "cnt": 46}, "FIZICA TEO": {"medie": 3.1499999999999995, "reusita": 0.0, "cnt": 4}, "PSIHOLOGIE": {"medie": 8.9, "reusita": 100.0, "cnt": 1}}, "nume": "LICEUL CU PROGRAM SPORTIV \"IOLANDA BALAS SOTER\" MUNICIPIUL BUZAU\tBuz\u0103u"}