{"specializari": {"FILOLOGIE": 26, "STIINTE ALE NATURII": 25, "STIINTE SOCIALE": 54, "MATEMATICA-INFORMATICA": 29}, "limba_moderna": {"LIMBA ENGLEZA": 105, "LIMBA FRANCEZA": 29}, "limba_materna": {"LIMBA ROMANA": 134}, "promotie_anterioara": {"DA": 21, "NU": 113}, "materii": {"LIMBA ROMANA": {"medie": 7.06666666666667, "reusita": 97.76119402985076, "cnt": 134}, "BIOLOGIE VEGETALA SI ANIMALA": {"medie": 6.616666666666667, "reusita": 100.0, "cnt": 3}, "GENERAL": {"medie": 7.123126614987077, "reusita": 75.3731343283582, "cnt": 134}, "GEOGRAFIE": {"medie": 7.365079365079366, "reusita": 93.84615384615384, "cnt": 65}, "ANATOMIE SI FIZIOLOGIE UMANA, GENETICA SI ECOLOGIE UMANA": {"medie": 6.808620689655172, "reusita": 83.87096774193549, "cnt": 31}, "MATEMATICA ST-NAT": {"medie": 6.234090909090909, "reusita": 72.0, "cnt": 25}, "MATEMATICA MATE-INFO": {"medie": 7.9879310344827585, "reusita": 96.55172413793103, "cnt": 29}, "ISTORIE": {"medie": 6.584374999999999, "reusita": 95.0, "cnt": 80}, "LOGICA, ARGUMENTARE SI COMUNICARE": {"medie": 7.92, "reusita": 90.0, "cnt": 10}, "SOCIOLOGIE": {"medie": 6.4799999999999995, "reusita": 100.0, "cnt": 5}, "FIZICA TEO": {"medie": 8.375, "reusita": 100.0, "cnt": 6}, "INFORMATICA MI C/C++": {"medie": 8.396153846153847, "reusita": 100.0, "cnt": 13}, "CHIMIE ORGANICA TEO NIVEL I/II": {"medie": 9.7, "reusita": 100.0, "cnt": 1}}, "nume": "LICEUL TEORETIC \"PETRU RARES\" TARGU LAPUS\tMaramure\u0219"}