{"specializari": {"STIINTE ALE NATURII": 70, "FILOLOGIE": 66, "LICEU CU PROGRAM SPORTIV": 27, "MATEMATICA-INFORMATICA": 28}, "limba_moderna": {"LIMBA ENGLEZA": 175, "LIMBA FRANCEZA": 13, "LIMBA SPANIOLA": 3}, "limba_materna": {"LIMBA ROMANA": 191}, "promotie_anterioara": {"DA": 39, "NU": 152}, "materii": {"LIMBA ROMANA": {"medie": 6.497894736842106, "reusita": 91.09947643979058, "cnt": 191}, "BIOLOGIE VEGETALA SI ANIMALA": {"medie": 6.725, "reusita": 100.0, "cnt": 4}, "GENERAL": {"medie": 6.754945054945053, "reusita": 65.96858638743456, "cnt": 191}, "GEOGRAFIE": {"medie": 7.944545454545457, "reusita": 94.64285714285714, "cnt": 56}, "ANATOMIE SI FIZIOLOGIE UMANA, GENETICA SI ECOLOGIE UMANA": {"medie": 7.4419540229885035, "reusita": 95.50561797752809, "cnt": 89}, "MATEMATICA ST-NAT": {"medie": 5.46492537313433, "reusita": 68.57142857142857, "cnt": 70}, "MATEMATICA MATE-INFO": {"medie": 6.138461538461538, "reusita": 78.57142857142857, "cnt": 28}, "ISTORIE": {"medie": 6.47445652173913, "reusita": 87.09677419354838, "cnt": 93}, "LOGICA, ARGUMENTARE SI COMUNICARE": {"medie": 6.441666666666666, "reusita": 83.33333333333334, "cnt": 6}, "SOCIOLOGIE": {"medie": 8.022222222222222, "reusita": 89.47368421052632, "cnt": 19}, "FIZICA TEO": {"medie": 8.200000000000001, "reusita": 100.0, "cnt": 3}, "INFORMATICA MI C/C++": {"medie": 7.15, "reusita": 100.0, "cnt": 1}, "CHIMIE ORGANICA TEO NIVEL I/II": {"medie": 8.35, "reusita": 100.0, "cnt": 1}, "PSIHOLOGIE": {"medie": 7.077272727272728, "reusita": 100.0, "cnt": 11}, "ECONOMIE": {"medie": 6.9, "reusita": 100.0, "cnt": 1}}, "nume": "LICEUL TEORETIC \"BENJAMIN FRANKLIN\"\tBucure\u0219ti"}