{"specializari": {"MUZICA": 51, "COREGRAFIE": 8, "ARTA ACTORULUI": 14}, "limba_moderna": {"LIMBA ENGLEZA": 61, "LIMBA FRANCEZA": 12}, "limba_materna": {"LIMBA ROMANA": 73}, "promotie_anterioara": {"DA": 10, "NU": 63}, "materii": {"LIMBA ROMANA": {"medie": 6.564084507042254, "reusita": 86.3013698630137, "cnt": 73}, "GENERAL": {"medie": 6.976470588235295, "reusita": 65.75342465753424, "cnt": 73}, "GEOGRAFIE": {"medie": 7.8803921568627455, "reusita": 88.88888888888889, "cnt": 54}, "ISTORIE": {"medie": 6.3394366197183105, "reusita": 78.08219178082192, "cnt": 73}, "LOGICA, ARGUMENTARE SI COMUNICARE": {"medie": 8.446153846153846, "reusita": 100.0, "cnt": 13}, "FILOSOFIE": {"medie": 4.566666666666666, "reusita": 66.66666666666666, "cnt": 3}, "PSIHOLOGIE": {"medie": 8.933333333333334, "reusita": 100.0, "cnt": 3}}, "nume": "LICEUL DE ARTA \"ION VIDU\" TIMISOARA\tTimi\u0219"}