{"specializari": {"MATEMATICA-INFORMATICA": 26, "FILOLOGIE": 34, "STIINTE ALE NATURII": 28}, "limba_moderna": {"LIMBA ENGLEZA": 76, "LIMBA FRANCEZA": 6, "LIMBA GERMANA MODERNA": 6}, "limba_materna": {"LIMBA ROMANA": 88}, "promotie_anterioara": {"DA": 13, "NU": 75}, "materii": {"LIMBA ROMANA": {"medie": 8.013793103448272, "reusita": 98.86363636363636, "cnt": 88}, "BIOLOGIE VEGETALA SI ANIMALA": {"medie": 6.945833333333333, "reusita": 84.61538461538461, "cnt": 13}, "GENERAL": {"medie": 7.839728682170541, "reusita": 82.95454545454545, "cnt": 88}, "ANATOMIE SI FIZIOLOGIE UMANA, GENETICA SI ECOLOGIE UMANA": {"medie": 7.307142857142858, "reusita": 92.85714285714286, "cnt": 14}, "MATEMATICA ST-NAT": {"medie": 7.366666666666667, "reusita": 96.42857142857143, "cnt": 28}, "MATEMATICA MATE-INFO": {"medie": 6.374, "reusita": 88.46153846153845, "cnt": 26}, "ISTORIE": {"medie": 8.436764705882354, "reusita": 100.0, "cnt": 34}, "LOGICA, ARGUMENTARE SI COMUNICARE": {"medie": 8.973529411764709, "reusita": 97.05882352941177, "cnt": 34}, "FIZICA TEO": {"medie": 6.066666666666666, "reusita": 83.33333333333334, "cnt": 6}, "INFORMATICA MI C/C++": {"medie": 7.140909090909091, "reusita": 100.0, "cnt": 11}, "CHIMIE ORGANICA TEO NIVEL I/II": {"medie": 9.227777777777778, "reusita": 100.0, "cnt": 9}, "INFORMATICA SN C/C++": {"medie": 5.7, "reusita": 100.0, "cnt": 1}}, "nume": "LICEUL TEORETIC \"DAN BARBILIAN\" CAMPULUNG\tArge\u0219"}