{"specializari": {"TEHNICIAN MECATRONIST": 29}, "limba_moderna": {"LIMBA ENGLEZA": 29}, "limba_materna": {"LIMBA ROMANA": 29}, "promotie_anterioara": {"DA": 8, "NU": 21}, "materii": {"LIMBA ROMANA": {"medie": 4.639655172413794, "reusita": 55.172413793103445, "cnt": 29}, "MATEMATICA TEHN": {"medie": 3.487931034482759, "reusita": 37.93103448275862, "cnt": 29}, "BIOLOGIE VEGETALA SI ANIMALA": {"medie": 5.359090909090909, "reusita": 54.54545454545454, "cnt": 22}, "GENERAL": {"medie": 4.418390804597701, "reusita": 17.24137931034483, "cnt": 29}, "FIZICA TEH": {"medie": 4.4, "reusita": 28.57142857142857, "cnt": 7}}, "nume": "LICEUL TEHNOLOGIC NR.1 SUPLACU DE BARCAU\tBihor"}