{"specializari": {"STIINTE ALE NATURII": 62, "FILOLOGIE": 69, "STIINTE SOCIALE": 33, "MATEMATICA-INFORMATICA": 52}, "limba_moderna": {"LIMBA ENGLEZA": 214, "LIMBA FRANCEZA": 2}, "limba_materna": {"LIMBA ROMANA": 216}, "promotie_anterioara": {"DA": 8, "NU": 208}, "materii": {"LIMBA ROMANA": {"medie": 8.083023255813956, "reusita": 98.14814814814815, "cnt": 216}, "BIOLOGIE VEGETALA SI ANIMALA": {"medie": 7.447368421052632, "reusita": 100.0, "cnt": 19}, "GENERAL": {"medie": 7.910852713178292, "reusita": 89.81481481481481, "cnt": 216}, "GEOGRAFIE": {"medie": 9.358333333333333, "reusita": 100.0, "cnt": 6}, "ANATOMIE SI FIZIOLOGIE UMANA, GENETICA SI ECOLOGIE UMANA": {"medie": 8.351923076923079, "reusita": 98.07692307692307, "cnt": 52}, "MATEMATICA ST-NAT": {"medie": 8.141935483870968, "reusita": 98.38709677419355, "cnt": 62}, "MATEMATICA MATE-INFO": {"medie": 7.417307692307692, "reusita": 94.23076923076923, "cnt": 52}, "ISTORIE": {"medie": 7.638613861386139, "reusita": 99.01960784313727, "cnt": 102}, "LOGICA, ARGUMENTARE SI COMUNICARE": {"medie": 8.706666666666669, "reusita": 100.0, "cnt": 15}, "SOCIOLOGIE": {"medie": 7.0582278481012635, "reusita": 96.25, "cnt": 80}, "FIZICA TEO": {"medie": 8.625000000000002, "reusita": 100.0, "cnt": 32}, "INFORMATICA MI C/C++": {"medie": 8.2, "reusita": 100.0, "cnt": 1}, "CHIMIE ORGANICA TEO NIVEL I/II": {"medie": 8.955000000000002, "reusita": 100.0, "cnt": 10}, "PSIHOLOGIE": {"medie": 8.75, "reusita": 100.0, "cnt": 1}}, "nume": "LICEUL TEORETIC \"SPIRU HARET\" MOINESTI\tBac\u0103u"}