{"specializari": {"TEOLOGIE ORTODOXA": 12, "INVATATOR - EDUCATOARE": 27}, "limba_moderna": {"LIMBA ENGLEZA": 39}, "limba_materna": {"LIMBA ROMANA": 39}, "promotie_anterioara": {"DA": 6, "NU": 33}, "materii": {"LIMBA ROMANA": {"medie": 5.813157894736843, "reusita": 87.17948717948718, "cnt": 39}, "GENERAL": {"medie": 6.417982456140351, "reusita": 51.28205128205128, "cnt": 39}, "GEOGRAFIE": {"medie": 7.18108108108108, "reusita": 94.73684210526315, "cnt": 38}, "MATEMATICA PED": {"medie": 6.907692307692309, "reusita": 88.88888888888889, "cnt": 27}, "ISTORIE": {"medie": 5.004166666666666, "reusita": 75.0, "cnt": 12}, "PSIHOLOGIE": {"medie": 5.4, "reusita": 100.0, "cnt": 1}}, "nume": "LICEUL TEOLOGIC ORTODOX \"SF. CONSTANTIN BRANCOVEANU\" FAGARAS\tBra\u0219ov"}