{"specializari": {"TEHNICIAN IN ACTIVITATI ECONOMICE": 22, "STIINTE SOCIALE": 42, "TEHNICIAN MECANIC PENTRU INTRETINERE SI REPARATII": 9}, "limba_moderna": {"LIMBA ENGLEZA": 70, "LIMBA GERMANA MODERNA": 3}, "limba_materna": {"LIMBA ROMANA": 73}, "promotie_anterioara": {"DA": 17, "NU": 56}, "materii": {"LIMBA ROMANA": {"medie": 5.999999999999999, "reusita": 71.23287671232876, "cnt": 73}, "MATEMATICA TEHN": {"medie": 3.9258620689655177, "reusita": 41.935483870967744, "cnt": 31}, "BIOLOGIE VEGETALA SI ANIMALA": {"medie": 2.392857142857143, "reusita": 11.11111111111111, "cnt": 9}, "GENERAL": {"medie": 5.966666666666668, "reusita": 43.83561643835616, "cnt": 73}, "GEOGRAFIE": {"medie": 7.096610169491523, "reusita": 85.71428571428571, "cnt": 63}, "ISTORIE": {"medie": 6.280769230769229, "reusita": 88.09523809523809, "cnt": 42}, "ECONOMIE": {"medie": 5.4, "reusita": 100.0, "cnt": 1}}, "nume": "LICEUL TEHNOLOGIC \"STEFAN HELL\" SANTANA\tArad"}