{"specializari": {"FILOLOGIE": 33}, "limba_moderna": {"LIMBA ENGLEZA": 33}, "limba_materna": {"LIMBA ROMANA": 33}, "promotie_anterioara": {"DA": 6, "NU": 27}, "materii": {"LIMBA ROMANA": {"medie": 5.071875, "reusita": 63.63636363636363, "cnt": 33}, "GENERAL": {"medie": 6.11989247311828, "reusita": 57.57575757575758, "cnt": 33}, "GEOGRAFIE": {"medie": 7.731666666666665, "reusita": 93.54838709677419, "cnt": 31}, "ISTORIE": {"medie": 5.5532258064516125, "reusita": 69.6969696969697, "cnt": 33}, "LOGICA, ARGUMENTARE SI COMUNICARE": {"medie": 3.675, "reusita": 50.0, "cnt": 2}}, "nume": "LICEUL TEORETIC \"NEW GENERATION SCHOOL\"\tBucure\u0219ti"}