{"specializari": {"TEHNICIAN IN GASTRONOMIE": 30, "ORGANIZATOR BANQUETING": 15}, "limba_moderna": {"LIMBA ENGLEZA": 45}, "limba_materna": {"LIMBA ROMANA": 45}, "promotie_anterioara": {"DA": 5, "NU": 40}, "materii": {"LIMBA ROMANA": {"medie": 4.865384615384615, "reusita": 17.77777777777778, "cnt": 45}, "MATEMATICA TEHN": {"medie": 2.7375000000000003, "reusita": 8.88888888888889, "cnt": 45}, "GENERAL": {"medie": 4.415277777777778, "reusita": 2.2222222222222223, "cnt": 45}, "GEOGRAFIE": {"medie": 5.5375000000000005, "reusita": 17.77777777777778, "cnt": 45}}, "nume": "LICEUL TEHNOLOGIC \"ALEXANDRU IOAN CUZA\" PANCIU\tVrancea"}