{"specializari": {"TEHNICIAN IN AUTOMATIZARI": 49, "TEHNICIAN IN INSTALATII ELECTRICE": 42, "TEHNICIAN PROIECTANT CAD": 6}, "limba_moderna": {"LIMBA ENGLEZA": 96, "LIMBA FRANCEZA": 1}, "limba_materna": {"LIMBA ROMANA": 97}, "promotie_anterioara": {"DA": 39, "NU": 58}, "materii": {"LIMBA ROMANA": {"medie": 5.449468085106382, "reusita": 77.31958762886599, "cnt": 97}, "MATEMATICA TEHN": {"medie": 4.774731182795699, "reusita": 58.76288659793815, "cnt": 97}, "BIOLOGIE VEGETALA SI ANIMALA": {"medie": 5.209558823529413, "reusita": 56.41025641025641, "cnt": 78}, "GENERAL": {"medie": 5.267432950191571, "reusita": 28.865979381443296, "cnt": 97}, "FIZICA TEH": {"medie": 6.3, "reusita": 73.68421052631578, "cnt": 19}}, "nume": "LICEUL ENERGETIC CONSTANTA\tConstan\u021ba"}