{"specializari": {"TEHNICIAN IN TURISM": 9, "TEHNICIAN MECANIC PENTRU INTRETINERE SI REPARATII": 7, "TEHNICIAN IN GASTRONOMIE": 19}, "limba_moderna": {"LIMBA ENGLEZA": 35}, "limba_materna": {"LIMBA ROMANA": 35}, "promotie_anterioara": {"DA": 2, "NU": 33}, "materii": {"LIMBA ROMANA": {"medie": 6.248571428571427, "reusita": 85.71428571428571, "cnt": 35}, "MATEMATICA TEHN": {"medie": 6.888571428571429, "reusita": 94.28571428571428, "cnt": 35}, "BIOLOGIE VEGETALA SI ANIMALA": {"medie": 5.828571428571428, "reusita": 71.42857142857143, "cnt": 7}, "GENERAL": {"medie": 6.69904761904762, "reusita": 71.42857142857143, "cnt": 35}, "GEOGRAFIE": {"medie": 7.491999999999999, "reusita": 100.0, "cnt": 25}, "LOGICA, ARGUMENTARE SI COMUNICARE": {"medie": 5.166666666666667, "reusita": 66.66666666666666, "cnt": 3}}, "nume": "LICEUL TEHNOLOGIC GHERLA\tCluj"}