{"specializari": {"FILOLOGIE": 23, "STIINTE ALE NATURII": 19}, "limba_moderna": {"LIMBA ENGLEZA": 35, "LIMBA FRANCEZA": 7}, "limba_materna": {"LIMBA ROMANA": 42}, "promotie_anterioara": {"DA": 4, "NU": 38}, "materii": {"LIMBA ROMANA": {"medie": 6.318292682926831, "reusita": 88.09523809523809, "cnt": 42}, "GENERAL": {"medie": 6.68008130081301, "reusita": 61.904761904761905, "cnt": 42}, "GEOGRAFIE": {"medie": 6.105555555555555, "reusita": 88.88888888888889, "cnt": 9}, "ANATOMIE SI FIZIOLOGIE UMANA, GENETICA SI ECOLOGIE UMANA": {"medie": 8.618421052631577, "reusita": 100.0, "cnt": 19}, "MATEMATICA ST-NAT": {"medie": 6.873684210526315, "reusita": 100.0, "cnt": 19}, "ISTORIE": {"medie": 5.670454545454546, "reusita": 82.6086956521739, "cnt": 23}, "LOGICA, ARGUMENTARE SI COMUNICARE": {"medie": 7.165000000000001, "reusita": 81.81818181818183, "cnt": 11}, "ECONOMIE": {"medie": 5.633333333333333, "reusita": 66.66666666666666, "cnt": 3}}, "nume": "LICEUL TEORETIC \"GEORGE MOROIANU\" SACELE\tBra\u0219ov"}