{"specializari": {"TEHNICIAN IN ACTIVITATI ECONOMICE": 35}, "limba_moderna": {"LIMBA ENGLEZA": 35}, "limba_materna": {"LIMBA ROMANA": 35}, "promotie_anterioara": {"DA": 4, "NU": 31}, "materii": {"LIMBA ROMANA": {"medie": 4.245833333333333, "reusita": 17.142857142857142, "cnt": 35}, "MATEMATICA TEHN": {"medie": 5.428571428571429, "reusita": 14.285714285714285, "cnt": 35}, "GENERAL": {"medie": 6.180555555555556, "reusita": 11.428571428571429, "cnt": 35}, "GEOGRAFIE": {"medie": 6.841666666666666, "reusita": 25.71428571428571, "cnt": 35}}, "nume": "LICEUL TEHNOLOGIC \"IOAN SLAVICI\" TIMISOARA\tTimi\u0219"}