{"specializari": {"TEOLOGIE PENTICOSTALA": 33, "MATEMATICA-INFORMATICA": 19}, "limba_moderna": {"LIMBA ENGLEZA": 52}, "limba_materna": {"LIMBA ROMANA": 52}, "promotie_anterioara": {"DA": 17, "NU": 35}, "materii": {"LIMBA ROMANA": {"medie": 6.356122448979591, "reusita": 88.46153846153845, "cnt": 52}, "GENERAL": {"medie": 6.578985507246377, "reusita": 59.61538461538461, "cnt": 52}, "GEOGRAFIE": {"medie": 7.209615384615385, "reusita": 96.15384615384616, "cnt": 26}, "ANATOMIE SI FIZIOLOGIE UMANA, GENETICA SI ECOLOGIE UMANA": {"medie": 7.449999999999999, "reusita": 78.94736842105263, "cnt": 19}, "MATEMATICA MATE-INFO": {"medie": 4.800000000000001, "reusita": 52.63157894736842, "cnt": 19}, "ISTORIE": {"medie": 6.154545454545455, "reusita": 90.9090909090909, "cnt": 33}, "LOGICA, ARGUMENTARE SI COMUNICARE": {"medie": 8.27142857142857, "reusita": 100.0, "cnt": 7}}, "nume": "LICEUL TEOLOGIC PENTICOSTAL ARAD\tArad"}