{"specializari": {"STIINTE ALE NATURII": 24, "MATEMATICA-INFORMATICA": 32, "FILOLOGIE": 59}, "limba_moderna": {"LIMBA ENGLEZA": 115}, "limba_materna": {"LIMBA ROMANA": 115}, "promotie_anterioara": {"DA": 11, "NU": 104}, "materii": {"LIMBA ROMANA": {"medie": 6.889999999999999, "reusita": 86.95652173913044, "cnt": 115}, "GENERAL": {"medie": 6.998550724637681, "reusita": 71.30434782608695, "cnt": 115}, "GEOGRAFIE": {"medie": 7.794827586206896, "reusita": 93.10344827586206, "cnt": 58}, "ANATOMIE SI FIZIOLOGIE UMANA, GENETICA SI ECOLOGIE UMANA": {"medie": 7.22403846153846, "reusita": 90.38461538461539, "cnt": 52}, "MATEMATICA ST-NAT": {"medie": 4.647916666666666, "reusita": 50.0, "cnt": 24}, "MATEMATICA MATE-INFO": {"medie": 7.864062499999999, "reusita": 100.0, "cnt": 32}, "ISTORIE": {"medie": 6.693220338983052, "reusita": 96.61016949152543, "cnt": 59}, "LOGICA, ARGUMENTARE SI COMUNICARE": {"medie": 8.2, "reusita": 100.0, "cnt": 1}, "INFORMATICA MI C/C++": {"medie": 7.0249999999999995, "reusita": 75.0, "cnt": 4}}, "nume": "LICEUL TEORETIC \"MIHAI VELICIU\" CHISINEU-CRIS\tArad"}