{"specializari": {"STIINTE ALE NATURII": 54, "FILOLOGIE": 67, "MATEMATICA-INFORMATICA": 33, "STIINTE SOCIALE": 72}, "limba_moderna": {"LIMBA ENGLEZA": 221, "LIMBA FRANCEZA": 5}, "limba_materna": {"LIMBA ROMANA": 226}, "promotie_anterioara": {"DA": 31, "NU": 195}, "materii": {"LIMBA ROMANA": {"medie": 6.510222222222222, "reusita": 97.34513274336283, "cnt": 226}, "BIOLOGIE VEGETALA SI ANIMALA": {"medie": 5.891666666666667, "reusita": 55.55555555555556, "cnt": 9}, "GENERAL": {"medie": 6.6874242424242425, "reusita": 72.12389380530973, "cnt": 226}, "GEOGRAFIE": {"medie": 8.215, "reusita": 100.0, "cnt": 40}, "ANATOMIE SI FIZIOLOGIE UMANA, GENETICA SI ECOLOGIE UMANA": {"medie": 6.1000000000000005, "reusita": 74.57627118644068, "cnt": 59}, "MATEMATICA ST-NAT": {"medie": 4.441666666666666, "reusita": 46.2962962962963, "cnt": 54}, "MATEMATICA MATE-INFO": {"medie": 5.614062500000001, "reusita": 72.72727272727273, "cnt": 33}, "ISTORIE": {"medie": 7.0122302158273335, "reusita": 97.84172661870504, "cnt": 139}, "LOGICA, ARGUMENTARE SI COMUNICARE": {"medie": 8.36551724137931, "reusita": 93.33333333333333, "cnt": 30}, "SOCIOLOGIE": {"medie": 7.707692307692308, "reusita": 98.46153846153847, "cnt": 65}, "FIZICA TEO": {"medie": 6.955555555555555, "reusita": 100.0, "cnt": 9}, "INFORMATICA MI C/C++": {"medie": 5.62, "reusita": 80.0, "cnt": 5}, "CHIMIE ANORGANICA TEO NIVEL I/II": {"medie": 6.5, "reusita": 100.0, "cnt": 1}, "CHIMIE ORGANICA TEO NIVEL I/II": {"medie": 4.1, "reusita": 66.66666666666666, "cnt": 3}, "FILOSOFIE": {"medie": 7.55, "reusita": 100.0, "cnt": 1}, "INFORMATICA SN C/C++": {"medie": 8.65, "reusita": 100.0, "cnt": 1}, "ECONOMIE": {"medie": 8.700000000000001, "reusita": 100.0, "cnt": 3}}, "nume": "LICEUL TEORETIC \"C-TIN BRANCOVEANU\"\tBucure\u0219ti"}