{"specializari": {"STIINTE ALE NATURII": 31, "FILOLOGIE": 39, "MATEMATICA-INFORMATICA": 42}, "limba_moderna": {"LIMBA ENGLEZA": 111, "LIMBA FRANCEZA": 1}, "limba_materna": {"LIMBA ROMANA": 112}, "promotie_anterioara": {"DA": 21, "NU": 91}, "materii": {"LIMBA ROMANA": {"medie": 6.879545454545455, "reusita": 94.64285714285714, "cnt": 112}, "BIOLOGIE VEGETALA SI ANIMALA": {"medie": 6.681707317073171, "reusita": 85.36585365853658, "cnt": 41}, "GENERAL": {"medie": 7.02645259938838, "reusita": 75.0, "cnt": 112}, "GEOGRAFIE": {"medie": 7.456521739130436, "reusita": 100.0, "cnt": 23}, "ANATOMIE SI FIZIOLOGIE UMANA, GENETICA SI ECOLOGIE UMANA": {"medie": 7.733333333333334, "reusita": 100.0, "cnt": 3}, "MATEMATICA ST-NAT": {"medie": 6.048387096774195, "reusita": 77.41935483870968, "cnt": 31}, "MATEMATICA MATE-INFO": {"medie": 7.329761904761905, "reusita": 88.09523809523809, "cnt": 42}, "ISTORIE": {"medie": 7.131578947368421, "reusita": 92.3076923076923, "cnt": 39}, "LOGICA, ARGUMENTARE SI COMUNICARE": {"medie": 8.7875, "reusita": 100.0, "cnt": 4}, "SOCIOLOGIE": {"medie": 7.999999999999999, "reusita": 83.33333333333334, "cnt": 6}, "FIZICA TEO": {"medie": 8.566666666666668, "reusita": 100.0, "cnt": 6}, "INFORMATICA MI C/C++": {"medie": 2.4, "reusita": 0.0, "cnt": 1}, "CHIMIE ANORGANICA TEO NIVEL I/II": {"medie": 7.236111111111111, "reusita": 94.44444444444444, "cnt": 18}, "CHIMIE ORGANICA TEO NIVEL I/II": {"medie": 7.35, "reusita": 100.0, "cnt": 4}, "PSIHOLOGIE": {"medie": 7.4375, "reusita": 100.0, "cnt": 4}, "ECONOMIE": {"medie": 7.45, "reusita": 100.0, "cnt": 2}}, "nume": "LICEUL TEORETIC \"IOAN PETRUS\" OTOPENI\tIlfov"}