{"specializari": {"STIINTE ALE NATURII": 30, "MATEMATICA-INFORMATICA": 65, "FILOLOGIE": 31, "STIINTE SOCIALE": 30}, "limba_moderna": {"LIMBA ENGLEZA": 156}, "limba_materna": {"LIMBA ROMANA": 156}, "promotie_anterioara": {"DA": 3, "NU": 153}, "materii": {"LIMBA ROMANA": {"medie": 7.960576923076921, "reusita": 99.35897435897436, "cnt": 156}, "BIOLOGIE VEGETALA SI ANIMALA": {"medie": 7.480000000000001, "reusita": 100.0, "cnt": 10}, "GENERAL": {"medie": 8.168602150537637, "reusita": 95.51282051282051, "cnt": 156}, "GEOGRAFIE": {"medie": 9.293589743589742, "reusita": 100.0, "cnt": 39}, "ANATOMIE SI FIZIOLOGIE UMANA, GENETICA SI ECOLOGIE UMANA": {"medie": 8.342857142857143, "reusita": 96.55172413793103, "cnt": 29}, "MATEMATICA ST-NAT": {"medie": 7.486206896551723, "reusita": 96.66666666666667, "cnt": 30}, "MATEMATICA MATE-INFO": {"medie": 8.206923076923076, "reusita": 100.0, "cnt": 65}, "ISTORIE": {"medie": 8.454098360655736, "reusita": 100.0, "cnt": 61}, "LOGICA, ARGUMENTARE SI COMUNICARE": {"medie": 8.633333333333333, "reusita": 100.0, "cnt": 3}, "SOCIOLOGIE": {"medie": 7.5625, "reusita": 100.0, "cnt": 4}, "FIZICA TEO": {"medie": 7.797499999999999, "reusita": 95.0, "cnt": 20}, "INFORMATICA MI C/C++": {"medie": 8.073076923076924, "reusita": 96.15384615384616, "cnt": 26}, "CHIMIE ANORGANICA TEO NIVEL I/II": {"medie": 8.575, "reusita": 100.0, "cnt": 4}, "CHIMIE ORGANICA TEO NIVEL I/II": {"medie": 7.67, "reusita": 100.0, "cnt": 5}, "FILOSOFIE": {"medie": 7.589999999999999, "reusita": 100.0, "cnt": 5}, "PSIHOLOGIE": {"medie": 8.372222222222222, "reusita": 100.0, "cnt": 9}, "INFORMATICA SN C/C++": {"medie": 7.5, "reusita": 100.0, "cnt": 1}, "ECONOMIE": {"medie": 9.05, "reusita": 100.0, "cnt": 1}}, "nume": "LICEUL TEORETIC \"JEAN MONNET\"\tBucure\u0219ti"}