{"specializari": {"TEHNICIAN IN INDUSTRIA PIELARIEI": 3, "TEHNICIAN ANALIZE PRODUSE ALIMENTARE": 15}, "limba_moderna": {"LIMBA ENGLEZA": 18}, "limba_materna": {"LIMBA ROMANA": 18}, "promotie_anterioara": {"DA": 3, "NU": 15}, "materii": {"LIMBA ROMANA": {"medie": 5.635294117647058, "reusita": 72.22222222222221, "cnt": 18}, "MATEMATICA TEHN": {"medie": 5.296874999999999, "reusita": 55.55555555555556, "cnt": 18}, "BIOLOGIE VEGETALA SI ANIMALA": {"medie": 5.665, "reusita": 63.63636363636363, "cnt": 11}, "GENERAL": {"medie": 5.5322916666666675, "reusita": 27.77777777777778, "cnt": 18}, "CHIMIE ORGANICA TEH NIVEL I/II": {"medie": 5.385714285714286, "reusita": 57.14285714285714, "cnt": 7}}, "nume": "LICEUL TEHNOLOGIC \"MATEI BASARAB\" MAXINENI\tBr\u0103ila"}