{"specializari": {"MUZICA": 22, "ARTA ACTORULUI": 5, "ARTE PLASTICE SI DECORATIVE": 27}, "limba_moderna": {"LIMBA ENGLEZA": 54}, "limba_materna": {"LIMBA MAGHIARA": 42, "LIMBA ROMANA": 12}, "promotie_anterioara": {"DA": 16, "NU": 38}, "materii": {"LIMBA ROMANA": {"medie": 4.765686274509803, "reusita": 51.85185185185185, "cnt": 54}, "GENERAL": {"medie": 6.427205882352941, "reusita": 46.2962962962963, "cnt": 54}, "GEOGRAFIE": {"medie": 7.382075471698112, "reusita": 94.44444444444444, "cnt": 54}, "LIMBA MAGHIARA (REAL)": {"medie": 7.020731707317074, "reusita": 95.23809523809523, "cnt": 42}, "ISTORIE": {"medie": 6.393396226415096, "reusita": 96.29629629629629, "cnt": 54}}, "nume": "LICEUL DE ARTE \"PLUGOR SANDOR\" SFANTU GHEORGHE\tCovasna"}