{"specializari": {"STIINTE ALE NATURII": 26, "MATEMATICA-INFORMATICA": 28, "FILOLOGIE": 33}, "limba_moderna": {"LIMBA ENGLEZA": 87}, "limba_materna": {"LIMBA ROMANA": 87}, "promotie_anterioara": {"DA": 2, "NU": 85}, "materii": {"LIMBA ROMANA": {"medie": 6.874418604651168, "reusita": 87.35632183908046, "cnt": 87}, "BIOLOGIE VEGETALA SI ANIMALA": {"medie": 7.625, "reusita": 100.0, "cnt": 2}, "GENERAL": {"medie": 7.12607843137255, "reusita": 71.26436781609196, "cnt": 87}, "GEOGRAFIE": {"medie": 8.14, "reusita": 100.0, "cnt": 10}, "ANATOMIE SI FIZIOLOGIE UMANA, GENETICA SI ECOLOGIE UMANA": {"medie": 8.195555555555554, "reusita": 100.0, "cnt": 45}, "MATEMATICA ST-NAT": {"medie": 6.0, "reusita": 69.23076923076923, "cnt": 26}, "MATEMATICA MATE-INFO": {"medie": 7.573214285714285, "reusita": 96.42857142857143, "cnt": 28}, "ISTORIE": {"medie": 6.330645161290323, "reusita": 84.84848484848484, "cnt": 33}, "LOGICA, ARGUMENTARE SI COMUNICARE": {"medie": 7.705, "reusita": 90.9090909090909, "cnt": 11}, "SOCIOLOGIE": {"medie": 6.383333333333334, "reusita": 91.66666666666666, "cnt": 12}, "INFORMATICA MI C/C++": {"medie": 7.792857142857143, "reusita": 100.0, "cnt": 7}}, "nume": "LICEUL TEORETIC \"PETRU MAIOR\" OCNA MURES\tAlba"}