{"specializari": {"MATEMATICA-INFORMATICA": 21, "FILOLOGIE": 73, "STIINTE SOCIALE": 34, "STIINTE ALE NATURII": 18}, "limba_moderna": {"LIMBA ENGLEZA": 138, "LIMBA FRANCEZA": 8}, "limba_materna": {"LIMBA ROMANA": 146}, "promotie_anterioara": {"DA": 8, "NU": 138}, "materii": {"LIMBA ROMANA": {"medie": 7.209310344827589, "reusita": 93.15068493150685, "cnt": 146}, "GENERAL": {"medie": 7.496244131455398, "reusita": 78.08219178082192, "cnt": 146}, "GEOGRAFIE": {"medie": 7.993956043956042, "reusita": 95.6989247311828, "cnt": 93}, "ANATOMIE SI FIZIOLOGIE UMANA, GENETICA SI ECOLOGIE UMANA": {"medie": 7.0303571428571425, "reusita": 89.28571428571429, "cnt": 28}, "MATEMATICA ST-NAT": {"medie": 4.852941176470588, "reusita": 55.55555555555556, "cnt": 18}, "MATEMATICA MATE-INFO": {"medie": 8.334999999999999, "reusita": 90.47619047619048, "cnt": 21}, "ISTORIE": {"medie": 7.546226415094342, "reusita": 98.13084112149532, "cnt": 107}, "LOGICA, ARGUMENTARE SI COMUNICARE": {"medie": 7.5, "reusita": 100.0, "cnt": 2}, "SOCIOLOGIE": {"medie": 8.75, "reusita": 100.0, "cnt": 2}, "FIZICA TEO": {"medie": 7.406250000000001, "reusita": 75.0, "cnt": 8}, "INFORMATICA MI C/C++": {"medie": 8.933333333333334, "reusita": 100.0, "cnt": 3}, "PSIHOLOGIE": {"medie": 8.200000000000001, "reusita": 100.0, "cnt": 7}, "ECONOMIE": {"medie": 9.366666666666667, "reusita": 100.0, "cnt": 3}}, "nume": "LICEUL TEORETIC \"PETRE PANDREA\" BALS\tOlt"}