{"specializari": {"STIINTE ALE NATURII": 2, "MATEMATICA-INFORMATICA": 93, "FILOLOGIE": 101}, "limba_moderna": {"LIMBA ENGLEZA": 188, "LIMBA FRANCEZA": 8}, "limba_materna": {"LIMBA ROMANA": 196}, "promotie_anterioara": {"DA": 24, "NU": 172}, "materii": {"LIMBA ROMANA": {"medie": 7.292268041237112, "reusita": 95.40816326530613, "cnt": 196}, "BIOLOGIE VEGETALA SI ANIMALA": {"medie": 7.065517241379309, "reusita": 93.10344827586206, "cnt": 29}, "GENERAL": {"medie": 7.455043630017451, "reusita": 77.55102040816327, "cnt": 196}, "GEOGRAFIE": {"medie": 8.08939393939394, "reusita": 83.33333333333334, "cnt": 36}, "ANATOMIE SI FIZIOLOGIE UMANA, GENETICA SI ECOLOGIE UMANA": {"medie": 6.896428571428572, "reusita": 100.0, "cnt": 14}, "MATEMATICA ST-NAT": {"medie": 2.0, "reusita": 0.0, "cnt": 2}, "MATEMATICA MATE-INFO": {"medie": 6.83763440860215, "reusita": 90.32258064516128, "cnt": 93}, "ISTORIE": {"medie": 8.10816326530612, "reusita": 95.04950495049505, "cnt": 101}, "LOGICA, ARGUMENTARE SI COMUNICARE": {"medie": 8.727272727272727, "reusita": 100.0, "cnt": 11}, "SOCIOLOGIE": {"medie": 8.35, "reusita": 97.14285714285714, "cnt": 35}, "FIZICA TEO": {"medie": 7.540588235294116, "reusita": 100.0, "cnt": 17}, "INFORMATICA MI C/C++": {"medie": 5.9096153846153845, "reusita": 80.76923076923077, "cnt": 26}, "CHIMIE ANORGANICA TEO NIVEL I/II": {"medie": 6.0, "reusita": 100.0, "cnt": 1}, "CHIMIE ORGANICA TEO NIVEL I/II": {"medie": 7.50625, "reusita": 87.5, "cnt": 8}, "FILOSOFIE": {"medie": 8.35, "reusita": 100.0, "cnt": 3}, "PSIHOLOGIE": {"medie": 8.876923076923076, "reusita": 100.0, "cnt": 13}, "ECONOMIE": {"medie": 6.7, "reusita": 100.0, "cnt": 3}}, "nume": "LICEUL TEORETIC \"GEORGE CALINESCU\"\tBucure\u0219ti"}