{"specializari": {"STIINTE ALE NATURII": 4, "FILOLOGIE": 34, "MATEMATICA-INFORMATICA": 18}, "limba_moderna": {"LIMBA ENGLEZA": 52, "LIMBA FRANCEZA": 4}, "limba_materna": {"LIMBA ROMANA": 56}, "promotie_anterioara": {"DA": 11, "NU": 45}, "materii": {"LIMBA ROMANA": {"medie": 6.775000000000001, "reusita": 89.28571428571429, "cnt": 56}, "BIOLOGIE VEGETALA SI ANIMALA": {"medie": 6.7524999999999995, "reusita": 68.18181818181817, "cnt": 22}, "GENERAL": {"medie": 6.693333333333335, "reusita": 55.35714285714286, "cnt": 56}, "GEOGRAFIE": {"medie": 7.151666666666666, "reusita": 73.52941176470588, "cnt": 34}, "MATEMATICA ST-NAT": {"medie": 5.066666666666666, "reusita": 75.0, "cnt": 4}, "MATEMATICA MATE-INFO": {"medie": 5.413888888888888, "reusita": 66.66666666666666, "cnt": 18}, "ISTORIE": {"medie": 6.698484848484849, "reusita": 88.23529411764706, "cnt": 34}}, "nume": "LICEUL TEORETIC \"DUILIU ZAMFIRESCU\" ODOBESTI\tVrancea"}