{"specializari": {"LICEU CU PROGRAM SPORTIV": 89, "STIINTE ALE NATURII": 24}, "limba_moderna": {"LIMBA ENGLEZA": 102, "LIMBA FRANCEZA": 11}, "limba_materna": {"LIMBA ROMANA": 113}, "promotie_anterioara": {"DA": 32, "NU": 81}, "materii": {"LIMBA ROMANA": {"medie": 5.666019417475733, "reusita": 70.79646017699115, "cnt": 113}, "GENERAL": {"medie": 5.954687499999999, "reusita": 38.93805309734513, "cnt": 113}, "GEOGRAFIE": {"medie": 6.357352941176472, "reusita": 82.85714285714286, "cnt": 35}, "ANATOMIE SI FIZIOLOGIE UMANA, GENETICA SI ECOLOGIE UMANA": {"medie": 6.189285714285714, "reusita": 86.66666666666667, "cnt": 15}, "MATEMATICA ST-NAT": {"medie": 5.093749999999999, "reusita": 75.0, "cnt": 24}, "ISTORIE": {"medie": 5.622151898734176, "reusita": 66.29213483146067, "cnt": 89}, "LOGICA, ARGUMENTARE SI COMUNICARE": {"medie": 6.832954545454545, "reusita": 71.69811320754717, "cnt": 53}, "FIZICA TEO": {"medie": 8.0, "reusita": 100.0, "cnt": 1}, "CHIMIE ORGANICA TEO NIVEL I/II": {"medie": 5.6625000000000005, "reusita": 75.0, "cnt": 8}, "PSIHOLOGIE": {"medie": 9.3, "reusita": 100.0, "cnt": 1}}, "nume": "LICEUL CU PROGRAM SPORTIV, LOCALITATEA GALATI\tGala\u021bi"}