{"specializari": {"MUZICA": 31, "ARTE PLASTICE SI DECORATIVE": 27, "ARHITECTURA, ARTE AMBIENTALE SI DESIGN": 8}, "limba_moderna": {"LIMBA ENGLEZA": 57, "LIMBA GERMANA MODERNA": 9}, "limba_materna": {"LIMBA MAGHIARA": 66}, "promotie_anterioara": {"DA": 13, "NU": 53}, "materii": {"LIMBA ROMANA": {"medie": 4.113076923076924, "reusita": 42.42424242424242, "cnt": 66}, "GENERAL": {"medie": 6.465192307692308, "reusita": 39.39393939393939, "cnt": 66}, "GEOGRAFIE": {"medie": 7.2046153846153835, "reusita": 98.48484848484848, "cnt": 66}, "LIMBA MAGHIARA (REAL)": {"medie": 7.835384615384616, "reusita": 98.48484848484848, "cnt": 66}, "ISTORIE": {"medie": 6.707692307692307, "reusita": 96.96969696969697, "cnt": 66}}, "nume": "LICEUL DE ARTE \"NAGY ISTVAN\" MIERCUREA CIUC\tHarghita"}