{"specializari": {"MATEMATICA-INFORMATICA": 13, "TEOLOGIE ADVENTISTA": 23}, "limba_moderna": {"LIMBA ENGLEZA": 34, "LIMBA FRANCEZA": 2}, "limba_materna": {"LIMBA ROMANA": 36}, "promotie_anterioara": {"DA": 2, "NU": 34}, "materii": {"LIMBA ROMANA": {"medie": 7.024285714285717, "reusita": 91.66666666666666, "cnt": 36}, "GENERAL": {"medie": 7.35686274509804, "reusita": 75.0, "cnt": 36}, "GEOGRAFIE": {"medie": 7.384090909090909, "reusita": 82.6086956521739, "cnt": 23}, "ANATOMIE SI FIZIOLOGIE UMANA, GENETICA SI ECOLOGIE UMANA": {"medie": 7.999999999999998, "reusita": 100.0, "cnt": 10}, "MATEMATICA MATE-INFO": {"medie": 7.084615384615385, "reusita": 84.61538461538461, "cnt": 13}, "ISTORIE": {"medie": 7.556818181818183, "reusita": 95.65217391304348, "cnt": 23}, "FIZICA TEO": {"medie": 7.1, "reusita": 100.0, "cnt": 1}, "INFORMATICA MI C/C++": {"medie": 6.800000000000001, "reusita": 100.0, "cnt": 2}}, "nume": "LICEUL TEOLOGIC ADVENTIST CRAIOVA\tDolj"}