{"specializari": {"LICEU CU PROGRAM SPORTIV": 27, "TEHNICIAN ELECTROMECANIC": 13, "STIINTE ALE NATURII": 32, "STIINTE SOCIALE": 39, "FILOLOGIE": 29, "TEHNICIAN ECOLOG SI PROTECTIA CALITATII MEDIULUI": 21, "MATEMATICA-INFORMATICA": 18, "TEHNICIAN MECATRONIST": 9}, "limba_moderna": {"LIMBA ENGLEZA": 161, "LIMBA FRANCEZA": 27}, "limba_materna": {"LIMBA ROMANA": 188}, "promotie_anterioara": {"DA": 49, "NU": 139}, "materii": {"LIMBA ROMANA": {"medie": 5.77824858757062, "reusita": 73.93617021276596, "cnt": 188}, "MATEMATICA TEHN": {"medie": 2.4794117647058824, "reusita": 11.627906976744185, "cnt": 43}, "BIOLOGIE VEGETALA SI ANIMALA": {"medie": 3.6447368421052633, "reusita": 17.391304347826086, "cnt": 23}, "GENERAL": {"medie": 5.488627450980394, "reusita": 35.1063829787234, "cnt": 188}, "GEOGRAFIE": {"medie": 6.633139534883724, "reusita": 83.9080459770115, "cnt": 87}, "ANATOMIE SI FIZIOLOGIE UMANA, GENETICA SI ECOLOGIE UMANA": {"medie": 5.494915254237288, "reusita": 58.82352941176471, "cnt": 68}, "MATEMATICA ST-NAT": {"medie": 4.867241379310345, "reusita": 56.25, "cnt": 32}, "MATEMATICA MATE-INFO": {"medie": 4.006666666666667, "reusita": 33.33333333333333, "cnt": 18}, "ISTORIE": {"medie": 5.52842105263158, "reusita": 74.73684210526315, "cnt": 95}, "LOGICA, ARGUMENTARE SI COMUNICARE": {"medie": 4.3, "reusita": 0.0, "cnt": 1}, "SOCIOLOGIE": {"medie": 6.0, "reusita": 100.0, "cnt": 1}, "INFORMATICA MI C/C++": {"medie": 7.025, "reusita": 100.0, "cnt": 2}, "PSIHOLOGIE": {"medie": 7.241666666666666, "reusita": 100.0, "cnt": 6}}, "nume": "LICEUL \"VOIEVODUL MIRCEA\" TARGOVISTE\tD\u00e2mbovi\u021ba"}