{"specializari": {"TEHNICIAN VETERINAR": 11, "TEHNICIAN PENTRU ANIMALE DE COMPANIE": 1, "TEHNICIAN IN ACTIVITATI ECONOMICE": 23, "TEHNICIAN TRANSPORTURI": 2}, "limba_moderna": {"LIMBA ENGLEZA": 36, "LIMBA FRANCEZA": 1}, "limba_materna": {"LIMBA ROMANA": 14, "LIMBA MAGHIARA": 23}, "promotie_anterioara": {"DA": 13, "NU": 24}, "materii": {"LIMBA ROMANA": {"medie": 3.6714285714285713, "reusita": 35.13513513513514, "cnt": 37}, "MATEMATICA TEHN": {"medie": 2.9727272727272736, "reusita": 24.324324324324326, "cnt": 37}, "BIOLOGIE VEGETALA SI ANIMALA": {"medie": 5.075, "reusita": 57.14285714285714, "cnt": 7}, "GENERAL": {"medie": 4.369758064516129, "reusita": 8.108108108108109, "cnt": 37}, "GEOGRAFIE": {"medie": 5.2444444444444445, "reusita": 66.66666666666666, "cnt": 9}, "ANATOMIE SI FIZIOLOGIE UMANA, GENETICA SI ECOLOGIE UMANA": {"medie": 4.09, "reusita": 14.285714285714285, "cnt": 7}, "LIMBA MAGHIARA (REAL)": {"medie": 6.211904761904761, "reusita": 82.6086956521739, "cnt": 23}, "PSIHOLOGIE": {"medie": 5.895833333333333, "reusita": 64.28571428571429, "cnt": 14}}, "nume": "LICEUL TEHNOLOGIC \"IOAN OSSIAN\" SIMLEU SILVANIEI\tS\u0103laj"}