{"specializari": {"TEHNICIAN ELECTRICIAN/ELECTRONIST AUTO": 2, "STIINTE ALE NATURII": 55, "TEHNICIAN MECATRONIST": 28, "TEHNICIAN IN INDUSTRIA TEXTILA": 7, "TEHNICIAN IN INSTALATII ELECTRICE": 41, "TEHNICIAN IN ACTIVITATI DE COMERT": 23, "MATEMATICA-INFORMATICA": 33, "FILOLOGIE": 68, "TEHNICIAN MECANIC PENTRU INTRETINERE SI REPARATII": 11, "TEHNICIAN IN ACTIVITATI ECONOMICE": 65}, "limba_moderna": {"LIMBA ENGLEZA": 316, "LIMBA GERMANA MODERNA": 1, "LIMBA FRANCEZA": 16}, "limba_materna": {"LIMBA ROMANA": 333}, "promotie_anterioara": {"DA": 69, "NU": 264}, "materii": {"LIMBA ROMANA": {"medie": 6.106923076923078, "reusita": 78.67867867867868, "cnt": 333}, "MATEMATICA TEHN": {"medie": 5.03421052631579, "reusita": 63.2768361581921, "cnt": 177}, "BIOLOGIE VEGETALA SI ANIMALA": {"medie": 3.5876470588235287, "reusita": 26.666666666666668, "cnt": 90}, "GENERAL": {"medie": 5.857833859095688, "reusita": 49.249249249249246, "cnt": 333}, "GEOGRAFIE": {"medie": 8.034999999999998, "reusita": 96.45390070921985, "cnt": 141}, "ANATOMIE SI FIZIOLOGIE UMANA, GENETICA SI ECOLOGIE UMANA": {"medie": 5.73125, "reusita": 64.17910447761194, "cnt": 67}, "FIZICA TEH": {"medie": 2.25, "reusita": 0.0, "cnt": 1}, "MATEMATICA ST-NAT": {"medie": 4.361320754716981, "reusita": 47.27272727272727, "cnt": 55}, "MATEMATICA MATE-INFO": {"medie": 4.1015625, "reusita": 39.39393939393939, "cnt": 33}, "ISTORIE": {"medie": 6.499264705882354, "reusita": 95.58823529411765, "cnt": 68}, "LOGICA, ARGUMENTARE SI COMUNICARE": {"medie": 6.385714285714286, "reusita": 71.42857142857143, "cnt": 7}, "FIZICA TEO": {"medie": 4.666666666666667, "reusita": 66.66666666666666, "cnt": 3}, "INFORMATICA MI C/C++": {"medie": 6.071428571428571, "reusita": 85.71428571428571, "cnt": 7}, "CHIMIE ANORGANICA TEO NIVEL I/II": {"medie": 5.668749999999999, "reusita": 75.0, "cnt": 8}, "CHIMIE ORGANICA TEO NIVEL I/II": {"medie": 9.2, "reusita": 100.0, "cnt": 1}, "PSIHOLOGIE": {"medie": 8.1875, "reusita": 100.0, "cnt": 4}, "ECONOMIE": {"medie": 7.2250000000000005, "reusita": 100.0, "cnt": 4}}, "nume": "LICEUL TEHNOLOGIC \"DIMITRIE BOLINTINEANU\" BOLINTIN VALE\tGiurgiu"}