{"specializari": {"STIINTE SOCIALE": 28, "STIINTE ALE NATURII": 30}, "limba_moderna": {"LIMBA ENGLEZA": 56, "LIMBA FRANCEZA": 2}, "limba_materna": {"LIMBA ROMANA": 58}, "promotie_anterioara": {"DA": 6, "NU": 52}, "materii": {"LIMBA ROMANA": {"medie": 7.237719298245614, "reusita": 98.27586206896551, "cnt": 58}, "BIOLOGIE VEGETALA SI ANIMALA": {"medie": 7.928947368421052, "reusita": 100.0, "cnt": 19}, "GENERAL": {"medie": 7.315204678362571, "reusita": 75.86206896551724, "cnt": 58}, "GEOGRAFIE": {"medie": 8.09166666666667, "reusita": 100.0, "cnt": 24}, "ANATOMIE SI FIZIOLOGIE UMANA, GENETICA SI ECOLOGIE UMANA": {"medie": 7.227777777777778, "reusita": 88.88888888888889, "cnt": 9}, "MATEMATICA ST-NAT": {"medie": 6.583333333333334, "reusita": 76.66666666666667, "cnt": 30}, "ISTORIE": {"medie": 7.185185185185186, "reusita": 96.42857142857143, "cnt": 28}, "FIZICA TEO": {"medie": 7.875, "reusita": 100.0, "cnt": 2}, "PSIHOLOGIE": {"medie": 7.066666666666666, "reusita": 75.0, "cnt": 4}}, "nume": "LICEUL TEORETIC \"MITROPOLIT IOAN METIANU\" ZARNESTI\tBra\u0219ov"}