{"specializari": {"TEOLOGIE ADVENTISTA": 57, "MATEMATICA-INFORMATICA": 33}, "limba_moderna": {"LIMBA ENGLEZA": 90}, "limba_materna": {"LIMBA ROMANA": 90}, "promotie_anterioara": {"DA": 2, "NU": 88}, "materii": {"LIMBA ROMANA": {"medie": 7.762222222222222, "reusita": 98.88888888888889, "cnt": 90}, "BIOLOGIE VEGETALA SI ANIMALA": {"medie": 9.15, "reusita": 100.0, "cnt": 2}, "GENERAL": {"medie": 8.045075757575756, "reusita": 96.66666666666667, "cnt": 90}, "GEOGRAFIE": {"medie": 8.318750000000001, "reusita": 94.11764705882352, "cnt": 17}, "ANATOMIE SI FIZIOLOGIE UMANA, GENETICA SI ECOLOGIE UMANA": {"medie": 8.220833333333333, "reusita": 100.0, "cnt": 12}, "MATEMATICA MATE-INFO": {"medie": 8.939393939393938, "reusita": 100.0, "cnt": 33}, "ISTORIE": {"medie": 6.596428571428571, "reusita": 98.24561403508771, "cnt": 57}, "LOGICA, ARGUMENTARE SI COMUNICARE": {"medie": 9.078749999999998, "reusita": 100.0, "cnt": 40}, "FIZICA TEO": {"medie": 9.375000000000002, "reusita": 100.0, "cnt": 10}, "INFORMATICA MI C/C++": {"medie": 7.8374999999999995, "reusita": 100.0, "cnt": 4}, "CHIMIE ORGANICA TEO NIVEL I/II": {"medie": 9.22, "reusita": 100.0, "cnt": 5}}, "nume": "LICEUL TEOLOGIC ADVENTIST \"STEFAN DEMETRESCU\"\tBucure\u0219ti"}