{"specializari": {"LICEU CU PROGRAM SPORTIV": 122}, "limba_moderna": {"LIMBA ENGLEZA": 118, "LIMBA FRANCEZA": 4}, "limba_materna": {"LIMBA ROMANA": 122}, "promotie_anterioara": {"DA": 18, "NU": 104}, "materii": {"LIMBA ROMANA": {"medie": 6.214529914529914, "reusita": 83.60655737704919, "cnt": 122}, "GENERAL": {"medie": 6.238840579710145, "reusita": 50.0, "cnt": 122}, "GEOGRAFIE": {"medie": 6.921276595744681, "reusita": 89.8989898989899, "cnt": 99}, "ISTORIE": {"medie": 5.524576271186444, "reusita": 68.85245901639344, "cnt": 122}, "LOGICA, ARGUMENTARE SI COMUNICARE": {"medie": 7.17857142857143, "reusita": 85.71428571428571, "cnt": 21}, "PSIHOLOGIE": {"medie": 6.175, "reusita": 100.0, "cnt": 2}}, "nume": "LICEUL CU PROGRAM SPORTIV, IASI\tIa\u0219i"}