{"specializari": {"MUZICA": 15, "ARTE PLASTICE SI DECORATIVE": 19}, "limba_moderna": {"LIMBA ENGLEZA": 34}, "limba_materna": {"LIMBA ROMANA": 34}, "promotie_anterioara": {"DA": 4, "NU": 30}, "materii": {"LIMBA ROMANA": {"medie": 6.464705882352941, "reusita": 85.29411764705883, "cnt": 34}, "GENERAL": {"medie": 6.706565656565657, "reusita": 70.58823529411765, "cnt": 34}, "GEOGRAFIE": {"medie": 7.3453125, "reusita": 90.9090909090909, "cnt": 33}, "ISTORIE": {"medie": 6.301515151515151, "reusita": 79.41176470588235, "cnt": 34}, "PSIHOLOGIE": {"medie": 7.55, "reusita": 100.0, "cnt": 1}}, "nume": "LICEUL DE ARTA \"IOAN SIMA\" ZALAU\tS\u0103laj"}