{"specializari": {"MATEMATICA-INFORMATICA": 91, "STIINTE ALE NATURII": 23, "STIINTE SOCIALE": 29, "FILOLOGIE": 29}, "limba_moderna": {"LIMBA ENGLEZA": 157, "LIMBA FRANCEZA": 14, "LIMBA RUSA": 1}, "limba_materna": {"LIMBA ROMANA": 172}, "promotie_anterioara": {"DA": 4, "NU": 168}, "materii": {"LIMBA ROMANA": {"medie": 8.091228070175436, "reusita": 98.83720930232558, "cnt": 172}, "BIOLOGIE VEGETALA SI ANIMALA": {"medie": 8.270270270270272, "reusita": 100.0, "cnt": 37}, "GENERAL": {"medie": 8.443859649122807, "reusita": 97.67441860465115, "cnt": 172}, "GEOGRAFIE": {"medie": 8.71578947368421, "reusita": 100.0, "cnt": 19}, "ANATOMIE SI FIZIOLOGIE UMANA, GENETICA SI ECOLOGIE UMANA": {"medie": 9.088888888888887, "reusita": 100.0, "cnt": 18}, "MATEMATICA ST-NAT": {"medie": 8.823913043478262, "reusita": 100.0, "cnt": 23}, "MATEMATICA MATE-INFO": {"medie": 8.457777777777778, "reusita": 97.8021978021978, "cnt": 91}, "ISTORIE": {"medie": 8.84051724137931, "reusita": 100.0, "cnt": 58}, "LOGICA, ARGUMENTARE SI COMUNICARE": {"medie": 9.107142857142856, "reusita": 100.0, "cnt": 14}, "SOCIOLOGIE": {"medie": 8.369444444444444, "reusita": 100.0, "cnt": 18}, "FIZICA TEO": {"medie": 8.795238095238096, "reusita": 100.0, "cnt": 21}, "INFORMATICA MI C/C++": {"medie": 8.440384615384614, "reusita": 96.29629629629629, "cnt": 27}, "CHIMIE ORGANICA TEO NIVEL I/II": {"medie": 8.736363636363636, "reusita": 100.0, "cnt": 11}, "FILOSOFIE": {"medie": 6.7, "reusita": 100.0, "cnt": 1}, "PSIHOLOGIE": {"medie": 7.9875, "reusita": 100.0, "cnt": 4}, "ECONOMIE": {"medie": 9.475000000000001, "reusita": 100.0, "cnt": 2}}, "nume": "LICEUL TEORETIC \"NICOLAE IORGA\"\tBr\u0103ila"}