{"specializari": {"STIINTE ALE NATURII": 31, "MATEMATICA-INFORMATICA": 29, "LICEU CU PROGRAM SPORTIV": 27, "FILOLOGIE": 32}, "limba_moderna": {"LIMBA ENGLEZA": 86, "LIMBA FRANCEZA": 33}, "limba_materna": {"LIMBA ROMANA": 119}, "promotie_anterioara": {"DA": 3, "NU": 116}, "materii": {"LIMBA ROMANA": {"medie": 7.728991596638658, "reusita": 96.63865546218487, "cnt": 119}, "GENERAL": {"medie": 7.6700280112044785, "reusita": 85.71428571428571, "cnt": 119}, "GEOGRAFIE": {"medie": 7.07857142857143, "reusita": 90.47619047619048, "cnt": 42}, "ANATOMIE SI FIZIOLOGIE UMANA, GENETICA SI ECOLOGIE UMANA": {"medie": 8.558888888888887, "reusita": 100.0, "cnt": 45}, "MATEMATICA ST-NAT": {"medie": 7.590322580645161, "reusita": 93.54838709677419, "cnt": 31}, "MATEMATICA MATE-INFO": {"medie": 8.046551724137933, "reusita": 100.0, "cnt": 29}, "ISTORIE": {"medie": 7.061016949152544, "reusita": 89.83050847457628, "cnt": 59}, "LOGICA, ARGUMENTARE SI COMUNICARE": {"medie": 7.574999999999999, "reusita": 87.5, "cnt": 8}, "SOCIOLOGIE": {"medie": 7.529999999999999, "reusita": 100.0, "cnt": 5}, "INFORMATICA MI C/C++": {"medie": 8.11, "reusita": 100.0, "cnt": 15}, "PSIHOLOGIE": {"medie": 7.7125, "reusita": 100.0, "cnt": 4}}, "nume": "LICEUL TEORETIC \"ALEXANDRU PAPIU ILARIAN\" DEJ\tCluj"}