{"specializari": {"MATEMATICA-INFORMATICA": 59, "STIINTE ALE NATURII": 21, "STIINTE SOCIALE": 62, "FILOLOGIE": 31}, "limba_moderna": {"LIMBA ENGLEZA": 163, "LIMBA FRANCEZA": 10}, "limba_materna": {"LIMBA ROMANA": 173}, "promotie_anterioara": {"DA": 16, "NU": 157}, "materii": {"LIMBA ROMANA": {"medie": 7.144444444444445, "reusita": 94.21965317919076, "cnt": 173}, "BIOLOGIE VEGETALA SI ANIMALA": {"medie": 4.9, "reusita": 0.0, "cnt": 1}, "GENERAL": {"medie": 6.989743589743587, "reusita": 74.56647398843931, "cnt": 173}, "GEOGRAFIE": {"medie": 7.662000000000001, "reusita": 92.0, "cnt": 25}, "ANATOMIE SI FIZIOLOGIE UMANA, GENETICA SI ECOLOGIE UMANA": {"medie": 6.390163934426233, "reusita": 70.3125, "cnt": 64}, "MATEMATICA ST-NAT": {"medie": 3.2550000000000003, "reusita": 23.809523809523807, "cnt": 21}, "MATEMATICA MATE-INFO": {"medie": 7.1440677966101696, "reusita": 94.91525423728814, "cnt": 59}, "ISTORIE": {"medie": 6.92771739130435, "reusita": 93.54838709677419, "cnt": 93}, "LOGICA, ARGUMENTARE SI COMUNICARE": {"medie": 7.646721311475411, "reusita": 93.54838709677419, "cnt": 62}, "SOCIOLOGIE": {"medie": 6.675, "reusita": 100.0, "cnt": 4}, "FIZICA TEO": {"medie": 8.549999999999999, "reusita": 100.0, "cnt": 8}, "INFORMATICA MI C/C++": {"medie": 8.1, "reusita": 100.0, "cnt": 7}, "ECONOMIE": {"medie": 8.4, "reusita": 100.0, "cnt": 2}}, "nume": "LICEUL TEORETIC \"ION MIHALACHE\" TOPOLOVENI\tArge\u0219"}