{"specializari": {"TEHNICIAN IN AGROTURISM": 14}, "limba_moderna": {"LIMBA ENGLEZA": 14}, "limba_materna": {"LIMBA ROMANA": 14}, "promotie_anterioara": {"DA": 2, "NU": 12}, "materii": {"LIMBA ROMANA": {"medie": 5.98076923076923, "reusita": 85.71428571428571, "cnt": 14}, "MATEMATICA TEHN": {"medie": 4.416666666666667, "reusita": 21.428571428571427, "cnt": 14}, "GENERAL": {"medie": 5.192857142857143, "reusita": 7.142857142857142, "cnt": 14}, "ANATOMIE SI FIZIOLOGIE UMANA, GENETICA SI ECOLOGIE UMANA": {"medie": 5.1000000000000005, "reusita": 37.5, "cnt": 8}, "CHIMIE ANORGANICA TEH NIVEL I/II": {"medie": 5.533333333333334, "reusita": 66.66666666666666, "cnt": 6}}, "nume": "LICEUL TEHNOLOGIC FAGET\tBac\u0103u"}