{"specializari": {"STIINTE SOCIALE": 23}, "limba_moderna": {"LIMBA ENGLEZA": 23}, "limba_materna": {"LIMBA ROMANA": 23}, "promotie_anterioara": {"DA": 4, "NU": 19}, "materii": {"LIMBA ROMANA": {"medie": 5.85, "reusita": 86.95652173913044, "cnt": 23}, "GENERAL": {"medie": 6.33939393939394, "reusita": 56.52173913043478, "cnt": 23}, "GEOGRAFIE": {"medie": 7.254761904761906, "reusita": 86.36363636363636, "cnt": 22}, "ISTORIE": {"medie": 5.981818181818183, "reusita": 91.30434782608695, "cnt": 23}, "SOCIOLOGIE": {"medie": 5.0, "reusita": 100.0, "cnt": 1}}, "nume": "LICEUL TEORETIC \"DAVID VONIGA\" GIROC\tTimi\u0219"}