{"specializari": {"LICEU CU PROGRAM SPORTIV": 33}, "limba_moderna": {"LIMBA ENGLEZA": 33}, "limba_materna": {"LIMBA ROMANA": 33}, "promotie_anterioara": {"DA": 3, "NU": 30}, "materii": {"LIMBA ROMANA": {"medie": 6.207575757575757, "reusita": 87.87878787878788, "cnt": 33}, "GENERAL": {"medie": 6.606565656565657, "reusita": 66.66666666666666, "cnt": 33}, "GEOGRAFIE": {"medie": 7.08030303030303, "reusita": 93.93939393939394, "cnt": 33}, "ISTORIE": {"medie": 6.531818181818183, "reusita": 81.81818181818183, "cnt": 33}}, "nume": "LICEUL CU PROGRAM SPORTIV \"AVRAM IANCU\" ZALAU\tS\u0103laj"}