{"specializari": {"MUZICA": 33, "ARTE PLASTICE SI DECORATIVE": 25, "ARHITECTURA, ARTE AMBIENTALE SI DESIGN": 23}, "limba_moderna": {"LIMBA ENGLEZA": 79, "LIMBA FRANCEZA": 2}, "limba_materna": {"LIMBA ROMANA": 81}, "promotie_anterioara": {"DA": 5, "NU": 76}, "materii": {"LIMBA ROMANA": {"medie": 7.547499999999997, "reusita": 92.5925925925926, "cnt": 81}, "GENERAL": {"medie": 7.865000000000004, "reusita": 85.18518518518519, "cnt": 81}, "GEOGRAFIE": {"medie": 8.429245283018867, "reusita": 98.11320754716981, "cnt": 53}, "ISTORIE": {"medie": 7.290624999999997, "reusita": 95.06172839506173, "cnt": 81}, "LOGICA, ARGUMENTARE SI COMUNICARE": {"medie": 9.400000000000002, "reusita": 96.42857142857143, "cnt": 28}}, "nume": "LICEUL DE ARTE \"REGINA MARIA\" ALBA IULIA\tAlba"}