{"specializari": {"FILOLOGIE": 37, "MATEMATICA-INFORMATICA": 13, "STIINTE ALE NATURII": 29}, "limba_moderna": {"LIMBA ENGLEZA": 74, "LIMBA FRANCEZA": 5}, "limba_materna": {"LIMBA ROMANA": 79}, "promotie_anterioara": {"DA": 20, "NU": 59}, "materii": {"LIMBA ROMANA": {"medie": 6.62721518987342, "reusita": 84.81012658227847, "cnt": 79}, "GENERAL": {"medie": 6.405627705627706, "reusita": 53.16455696202531, "cnt": 79}, "GEOGRAFIE": {"medie": 7.488, "reusita": 96.0, "cnt": 25}, "ANATOMIE SI FIZIOLOGIE UMANA, GENETICA SI ECOLOGIE UMANA": {"medie": 6.984146341463414, "reusita": 90.47619047619048, "cnt": 42}, "MATEMATICA ST-NAT": {"medie": 4.119642857142858, "reusita": 34.48275862068966, "cnt": 29}, "MATEMATICA MATE-INFO": {"medie": 4.995833333333333, "reusita": 61.53846153846154, "cnt": 13}, "ISTORIE": {"medie": 6.208108108108108, "reusita": 94.5945945945946, "cnt": 37}, "FILOSOFIE": {"medie": 7.216666666666668, "reusita": 100.0, "cnt": 6}, "PSIHOLOGIE": {"medie": 8.525, "reusita": 100.0, "cnt": 6}}, "nume": "LICEUL TEORETIC \"NICOLAE JIGA\" TINCA\tBihor"}