{"specializari": {"TEOLOGIE ROMANO-CATOLICA": 20, "STIINTE ALE NATURII": 17}, "limba_moderna": {"LIMBA ENGLEZA": 37}, "limba_materna": {"LIMBA MAGHIARA": 37}, "promotie_anterioara": {"DA": 2, "NU": 35}, "materii": {"LIMBA ROMANA": {"medie": 2.9200000000000004, "reusita": 13.513513513513514, "cnt": 37}, "GENERAL": {"medie": 5.483455882352941, "reusita": 13.513513513513514, "cnt": 37}, "GEOGRAFIE": {"medie": 6.597058823529411, "reusita": 84.21052631578947, "cnt": 19}, "ANATOMIE SI FIZIOLOGIE UMANA, GENETICA SI ECOLOGIE UMANA": {"medie": 7.355882352941177, "reusita": 100.0, "cnt": 17}, "LIMBA MAGHIARA (REAL)": {"medie": 6.998571428571428, "reusita": 91.8918918918919, "cnt": 37}, "MATEMATICA ST-NAT": {"medie": 4.164705882352941, "reusita": 47.05882352941176, "cnt": 17}, "ISTORIE": {"medie": 5.777777777777776, "reusita": 90.0, "cnt": 20}, "PSIHOLOGIE": {"medie": 8.2, "reusita": 100.0, "cnt": 1}}, "nume": "LICEUL TEOLOGIC ROMANO-CATOLIC \"SZENT ERZSEBET\" LUNCA DE SUS\tHarghita"}