{"specializari": {"FILOLOGIE": 86, "MATEMATICA-INFORMATICA": 23}, "limba_moderna": {"LIMBA ENGLEZA": 64, "LIMBA FRANCEZA": 45}, "limba_materna": {"LIMBA ROMANA": 109}, "promotie_anterioara": {"DA": 20, "NU": 89}, "materii": {"LIMBA ROMANA": {"medie": 5.822169811320754, "reusita": 72.47706422018348, "cnt": 109}, "GENERAL": {"medie": 5.673427672955971, "reusita": 43.11926605504588, "cnt": 109}, "GEOGRAFIE": {"medie": 5.889285714285713, "reusita": 68.42105263157895, "cnt": 57}, "ANATOMIE SI FIZIOLOGIE UMANA, GENETICA SI ECOLOGIE UMANA": {"medie": 6.305882352941176, "reusita": 72.22222222222221, "cnt": 18}, "MATEMATICA MATE-INFO": {"medie": 6.175000000000001, "reusita": 69.56521739130434, "cnt": 23}, "ISTORIE": {"medie": 5.2047058823529415, "reusita": 60.46511627906976, "cnt": 86}, "SOCIOLOGIE": {"medie": 4.741304347826087, "reusita": 43.47826086956522, "cnt": 23}, "FIZICA TEO": {"medie": 8.966666666666667, "reusita": 100.0, "cnt": 3}, "CHIMIE ANORGANICA TEO NIVEL I/II": {"medie": 7.025, "reusita": 100.0, "cnt": 2}, "FILOSOFIE": {"medie": 5.4, "reusita": 100.0, "cnt": 1}, "PSIHOLOGIE": {"medie": 5.609999999999999, "reusita": 80.0, "cnt": 5}}, "nume": "LICEUL TEORETIC \"ION GHICA\" RACARI\tD\u00e2mbovi\u021ba"}