{"specializari": {"STIINTE ALE NATURII": 98, "FILOLOGIE": 26}, "limba_moderna": {"LIMBA ENGLEZA": 115, "LIMBA FRANCEZA": 9}, "limba_materna": {"LIMBA ROMANA": 124}, "promotie_anterioara": {"DA": 8, "NU": 116}, "materii": {"LIMBA ROMANA": {"medie": 6.526422764227638, "reusita": 90.32258064516128, "cnt": 124}, "GENERAL": {"medie": 6.98815426997245, "reusita": 76.61290322580645, "cnt": 124}, "GEOGRAFIE": {"medie": 8.256000000000002, "reusita": 100.0, "cnt": 25}, "ANATOMIE SI FIZIOLOGIE UMANA, GENETICA SI ECOLOGIE UMANA": {"medie": 7.568478260869566, "reusita": 96.84210526315789, "cnt": 95}, "MATEMATICA ST-NAT": {"medie": 6.382105263157892, "reusita": 83.6734693877551, "cnt": 98}, "ISTORIE": {"medie": 7.751923076923079, "reusita": 100.0, "cnt": 26}, "FIZICA TEO": {"medie": 8.799999999999999, "reusita": 100.0, "cnt": 3}, "PSIHOLOGIE": {"medie": 6.3, "reusita": 100.0, "cnt": 1}}, "nume": "LICEUL SANITAR \"ANTIM IVIREANU\", MUN. RM. VALCEA\tV\u00e2lcea"}