{"specializari": {"TEHNICIAN IN INSTALATII ELECTRICE": 2, "MATEMATICA-INFORMATICA": 37, "FILOLOGIE": 31, "TEHNICIAN PRELUCRARI MECANICE": 7}, "limba_moderna": {"LIMBA ENGLEZA": 75, "LIMBA FRANCEZA": 2}, "limba_materna": {"LIMBA ROMANA": 77}, "promotie_anterioara": {"DA": 12, "NU": 65}, "materii": {"LIMBA ROMANA": {"medie": 6.3121621621621635, "reusita": 79.22077922077922, "cnt": 77}, "MATEMATICA TEHN": {"medie": 2.5999999999999996, "reusita": 22.22222222222222, "cnt": 9}, "BIOLOGIE VEGETALA SI ANIMALA": {"medie": 3.2428571428571433, "reusita": 22.22222222222222, "cnt": 9}, "GENERAL": {"medie": 6.453521126760562, "reusita": 54.54545454545454, "cnt": 77}, "GEOGRAFIE": {"medie": 7.225000000000001, "reusita": 80.76923076923077, "cnt": 26}, "ANATOMIE SI FIZIOLOGIE UMANA, GENETICA SI ECOLOGIE UMANA": {"medie": 7.105172413793104, "reusita": 86.66666666666667, "cnt": 30}, "MATEMATICA MATE-INFO": {"medie": 6.331944444444444, "reusita": 78.37837837837837, "cnt": 37}, "ISTORIE": {"medie": 6.6, "reusita": 80.64516129032258, "cnt": 31}, "LOGICA, ARGUMENTARE SI COMUNICARE": {"medie": 8.55, "reusita": 100.0, "cnt": 1}, "FIZICA TEO": {"medie": 5.35, "reusita": 100.0, "cnt": 1}, "INFORMATICA MI C/C++": {"medie": 6.783333333333334, "reusita": 83.33333333333334, "cnt": 6}, "PSIHOLOGIE": {"medie": 7.5625, "reusita": 100.0, "cnt": 4}}, "nume": "LICEUL \"ATANASIE MARIENESCU\" LIPOVA\tArad"}