{"specializari": {"TEHNICIAN IN TURISM": 9}, "limba_moderna": {"LIMBA ENGLEZA": 8, "LIMBA FRANCEZA": 1}, "limba_materna": {"LIMBA ROMANA": 9}, "promotie_anterioara": {"DA": 9}, "materii": {"LIMBA ROMANA": {"medie": 5.288888888888889, "reusita": 88.88888888888889, "cnt": 9}, "MATEMATICA TEHN": {"medie": 2.738888888888889, "reusita": 22.22222222222222, "cnt": 9}, "GENERAL": {"medie": 4.922222222222222, "reusita": 11.11111111111111, "cnt": 9}, "GEOGRAFIE": {"medie": 6.738888888888889, "reusita": 88.88888888888889, "cnt": 9}}, "nume": "LICEUL TEHNOLOGIC \"ALEXANDRU FILIPASCU\" PETROVA\tMaramure\u0219"}