{"specializari": {"MATEMATICA-INFORMATICA": 34, "FILOLOGIE": 83, "STIINTE ALE NATURII": 4}, "limba_moderna": {"LIMBA ENGLEZA": 121}, "limba_materna": {"LIMBA ROMANA": 121}, "promotie_anterioara": {"DA": 16, "NU": 105}, "materii": {"LIMBA ROMANA": {"medie": 7.10840336134454, "reusita": 92.56198347107438, "cnt": 121}, "GENERAL": {"medie": 6.793361581920906, "reusita": 64.46280991735537, "cnt": 121}, "GEOGRAFIE": {"medie": 6.9875, "reusita": 80.0, "cnt": 20}, "ANATOMIE SI FIZIOLOGIE UMANA, GENETICA SI ECOLOGIE UMANA": {"medie": 6.963333333333335, "reusita": 93.33333333333333, "cnt": 15}, "MATEMATICA ST-NAT": {"medie": 2.25, "reusita": 0.0, "cnt": 4}, "MATEMATICA MATE-INFO": {"medie": 6.977941176470587, "reusita": 85.29411764705883, "cnt": 34}, "ISTORIE": {"medie": 5.9259259259259265, "reusita": 74.69879518072288, "cnt": 83}, "LOGICA, ARGUMENTARE SI COMUNICARE": {"medie": 7.200877192982454, "reusita": 87.93103448275862, "cnt": 58}, "SOCIOLOGIE": {"medie": 8.200000000000001, "reusita": 75.0, "cnt": 4}, "FIZICA TEO": {"medie": 7.05, "reusita": 100.0, "cnt": 1}, "INFORMATICA MI PASCAL": {"medie": 7.1863636363636365, "reusita": 100.0, "cnt": 22}, "ECONOMIE": {"medie": 8.95, "reusita": 100.0, "cnt": 1}}, "nume": "LICEUL TEORETIC \"TUDOR VLADIMIRESCU\" DRAGANESTI-OLT\tOlt"}