{"specializari": {"LICEU CU PROGRAM SPORTIV": 114}, "limba_moderna": {"LIMBA ENGLEZA": 113, "LIMBA FRANCEZA": 1}, "limba_materna": {"LIMBA ROMANA": 114}, "promotie_anterioara": {"DA": 14, "NU": 100}, "materii": {"LIMBA ROMANA": {"medie": 5.6766666666666685, "reusita": 70.17543859649122, "cnt": 114}, "GENERAL": {"medie": 5.881229773462783, "reusita": 46.49122807017544, "cnt": 114}, "GEOGRAFIE": {"medie": 6.462499999999999, "reusita": 76.38888888888889, "cnt": 72}, "ISTORIE": {"medie": 5.283809523809524, "reusita": 67.54385964912281, "cnt": 114}, "LOGICA, ARGUMENTARE SI COMUNICARE": {"medie": 6.902564102564102, "reusita": 73.80952380952381, "cnt": 42}}, "nume": "LICEUL CU PROGRAM SPORTIV BOTOSANI\tBoto\u0219ani"}