{"specializari": {"TEHNICIAN IN GASTRONOMIE": 14, "STIINTE ALE NATURII": 29}, "limba_moderna": {"LIMBA ENGLEZA": 43}, "limba_materna": {"LIMBA ROMANA": 43}, "promotie_anterioara": {"DA": 15, "NU": 28}, "materii": {"LIMBA ROMANA": {"medie": 6.091666666666666, "reusita": 86.04651162790698, "cnt": 43}, "MATEMATICA TEHN": {"medie": 3.599999999999999, "reusita": 35.714285714285715, "cnt": 14}, "GENERAL": {"medie": 5.0788617886178855, "reusita": 25.581395348837212, "cnt": 43}, "GEOGRAFIE": {"medie": 5.3999999999999995, "reusita": 66.66666666666666, "cnt": 12}, "ANATOMIE SI FIZIOLOGIE UMANA, GENETICA SI ECOLOGIE UMANA": {"medie": 5.364285714285713, "reusita": 65.51724137931035, "cnt": 29}, "MATEMATICA ST-NAT": {"medie": 3.7303571428571423, "reusita": 41.37931034482759, "cnt": 29}, "ECONOMIE": {"medie": 4.1, "reusita": 50.0, "cnt": 2}}, "nume": "LICEUL TEORETIC \"EMIL RACOVITA\" TECHIRGHIOL\tConstan\u021ba"}