{"specializari": {"LICEU CU PROGRAM SPORTIV": 95, "FILOLOGIE": 1}, "limba_moderna": {"LIMBA ENGLEZA": 96}, "limba_materna": {"LIMBA ROMANA": 96}, "promotie_anterioara": {"DA": 18, "NU": 78}, "materii": {"LIMBA ROMANA": {"medie": 5.463297872340427, "reusita": 76.04166666666666, "cnt": 96}, "GENERAL": {"medie": 6.130465949820787, "reusita": 45.83333333333333, "cnt": 96}, "GEOGRAFIE": {"medie": 7.117857142857143, "reusita": 93.02325581395348, "cnt": 86}, "ISTORIE": {"medie": 5.742553191489361, "reusita": 79.16666666666666, "cnt": 96}, "LOGICA, ARGUMENTARE SI COMUNICARE": {"medie": 7.324999999999999, "reusita": 77.77777777777779, "cnt": 9}, "PSIHOLOGIE": {"medie": 9.8, "reusita": 100.0, "cnt": 1}}, "nume": "LICEUL CU PROGRAM SPORTIV\tBr\u0103ila"}