{"specializari": {"INSTRUCTOR PENTRU ACTIVITATI EXTRASCOLARE": 2, "MUZICA": 23, "INVATATOR - EDUCATOARE": 60, "FILOLOGIE": 30, "ARTE PLASTICE SI DECORATIVE": 34, "LICEU CU PROGRAM SPORTIV": 22}, "limba_moderna": {"LIMBA ENGLEZA": 158, "LIMBA SPANIOLA": 2, "LIMBA FRANCEZA": 11}, "limba_materna": {"LIMBA ROMANA": 171}, "promotie_anterioara": {"DA": 25, "NU": 146}, "materii": {"LIMBA ROMANA": {"medie": 6.7402366863905305, "reusita": 84.7953216374269, "cnt": 171}, "GENERAL": {"medie": 6.767061143984219, "reusita": 67.2514619883041, "cnt": 171}, "GEOGRAFIE": {"medie": 6.851492537313432, "reusita": 88.05970149253731, "cnt": 67}, "MATEMATICA PED": {"medie": 7.3166666666666655, "reusita": 91.66666666666666, "cnt": 60}, "ISTORIE": {"medie": 5.962727272727273, "reusita": 86.48648648648648, "cnt": 111}, "LOGICA, ARGUMENTARE SI COMUNICARE": {"medie": 6.79921875, "reusita": 84.61538461538461, "cnt": 65}, "PSIHOLOGIE": {"medie": 8.069230769230769, "reusita": 100.0, "cnt": 39}}, "nume": "LICEUL PEDAGOGIC \"IOAN POPESCU\", MUN. BARLAD\tVaslui"}