{"specializari": {"COREGRAFIE": 15}, "limba_moderna": {"LIMBA ENGLEZA": 15}, "limba_materna": {"LIMBA ROMANA": 15}, "promotie_anterioara": {"DA": 2, "NU": 13}, "materii": {"LIMBA ROMANA": {"medie": 7.2366666666666655, "reusita": 100.0, "cnt": 15}, "GENERAL": {"medie": 7.191111111111112, "reusita": 73.33333333333333, "cnt": 15}, "GEOGRAFIE": {"medie": 7.783333333333334, "reusita": 100.0, "cnt": 3}, "ISTORIE": {"medie": 6.706666666666666, "reusita": 93.33333333333333, "cnt": 15}, "LOGICA, ARGUMENTARE SI COMUNICARE": {"medie": 7.591666666666666, "reusita": 83.33333333333334, "cnt": 12}}, "nume": "LICEUL DE COREGRAFIE \"FLORIA CAPSALI\"\tBucure\u0219ti"}