{"specializari": {"TEHNICIAN IN GASTRONOMIE": 20, "TEHNICIAN IN INSTALATII ELECTRICE": 3, "TEHNICIAN MECANIC PENTRU INTRETINERE SI REPARATII": 2, "STIINTE ALE NATURII": 29, "TEHNICIAN MECATRONIST": 2, "TEHNICIAN ELECTROMECANIC": 15, "FILOLOGIE": 30, "STIINTE SOCIALE": 1, "MATEMATICA-INFORMATICA": 22}, "limba_moderna": {"LIMBA ENGLEZA": 111, "LIMBA GERMANA MODERNA": 10, "LIMBA FRANCEZA": 3}, "limba_materna": {"LIMBA ROMANA": 124}, "promotie_anterioara": {"DA": 27, "NU": 97}, "materii": {"LIMBA ROMANA": {"medie": 7.468220338983052, "reusita": 90.32258064516128, "cnt": 124}, "MATEMATICA TEHN": {"medie": 3.7078947368421056, "reusita": 40.476190476190474, "cnt": 42}, "BIOLOGIE VEGETALA SI ANIMALA": {"medie": 5.178947368421053, "reusita": 50.0, "cnt": 22}, "GENERAL": {"medie": 6.566811594202899, "reusita": 56.451612903225815, "cnt": 124}, "GEOGRAFIE": {"medie": 7.055, "reusita": 90.9090909090909, "cnt": 22}, "ANATOMIE SI FIZIOLOGIE UMANA, GENETICA SI ECOLOGIE UMANA": {"medie": 6.333783783783785, "reusita": 69.23076923076923, "cnt": 39}, "FIZICA TEH": {"medie": 5.3, "reusita": 100.0, "cnt": 1}, "MATEMATICA ST-NAT": {"medie": 4.612962962962962, "reusita": 55.172413793103445, "cnt": 29}, "MATEMATICA MATE-INFO": {"medie": 7.0659090909090905, "reusita": 86.36363636363636, "cnt": 22}, "ISTORIE": {"medie": 6.206451612903226, "reusita": 93.54838709677419, "cnt": 31}, "LOGICA, ARGUMENTARE SI COMUNICARE": {"medie": 8.482142857142858, "reusita": 96.42857142857143, "cnt": 28}, "INFORMATICA MI C/C++": {"medie": 8.522727272727273, "reusita": 100.0, "cnt": 11}, "FILOSOFIE": {"medie": 6.5, "reusita": 100.0, "cnt": 1}}, "nume": "LICEUL BANATEAN OTELU ROSU\tCara\u0219-Severin"}