{"specializari": {"MUZICA": 15, "ARTE PLASTICE SI DECORATIVE": 16}, "limba_moderna": {"LIMBA ENGLEZA": 30, "LIMBA ITALIANA": 1}, "limba_materna": {"LIMBA ROMANA": 31}, "promotie_anterioara": {"DA": 4, "NU": 27}, "materii": {"LIMBA ROMANA": {"medie": 6.2709677419354835, "reusita": 80.64516129032258, "cnt": 31}, "GENERAL": {"medie": 6.8211111111111125, "reusita": 67.74193548387096, "cnt": 31}, "GEOGRAFIE": {"medie": 7.00952380952381, "reusita": 86.36363636363636, "cnt": 22}, "ISTORIE": {"medie": 6.740322580645161, "reusita": 87.09677419354838, "cnt": 31}, "LOGICA, ARGUMENTARE SI COMUNICARE": {"medie": 8.393749999999999, "reusita": 87.5, "cnt": 8}, "PSIHOLOGIE": {"medie": 8.55, "reusita": 100.0, "cnt": 1}}, "nume": "LICEUL DE ARTE \"I.ST.PAULIAN\"\tMehedin\u021bi"}