{"specializari": {"STIINTE SOCIALE": 5, "FILOLOGIE": 18, "STIINTE ALE NATURII": 34, "MATEMATICA-INFORMATICA": 2}, "limba_moderna": {"LIMBA ENGLEZA": 59}, "limba_materna": {"LIMBA MAGHIARA": 44, "LIMBA ROMANA": 15}, "promotie_anterioara": {"DA": 15, "NU": 44}, "materii": {"LIMBA ROMANA": {"medie": 5.013559322033897, "reusita": 61.016949152542374, "cnt": 59}, "BIOLOGIE VEGETALA SI ANIMALA": {"medie": 6.3, "reusita": 50.0, "cnt": 2}, "GENERAL": {"medie": 6.212353801169592, "reusita": 38.983050847457626, "cnt": 59}, "GEOGRAFIE": {"medie": 7.1717391304347835, "reusita": 91.30434782608695, "cnt": 23}, "ANATOMIE SI FIZIOLOGIE UMANA, GENETICA SI ECOLOGIE UMANA": {"medie": 7.691935483870967, "reusita": 96.7741935483871, "cnt": 31}, "LIMBA MAGHIARA (REAL)": {"medie": 6.783333333333333, "reusita": 95.23809523809523, "cnt": 21}, "MATEMATICA ST-NAT": {"medie": 5.862121212121211, "reusita": 67.64705882352942, "cnt": 34}, "MATEMATICA MATE-INFO": {"medie": 5.875, "reusita": 100.0, "cnt": 2}, "ISTORIE": {"medie": 6.176086956521738, "reusita": 82.6086956521739, "cnt": 23}, "CHIMIE ORGANICA TEO NIVEL I/II": {"medie": 9.15, "reusita": 100.0, "cnt": 1}, "LIMBA MAGHIARA (UMAN)": {"medie": 6.404347826086957, "reusita": 95.65217391304348, "cnt": 23}, "INFORMATICA SN C/C++": {"medie": 7.625, "reusita": 100.0, "cnt": 2}}, "nume": "LICEUL TEORETIC \"PETOFI SANDOR\" SACUENI\tBihor"}