{"specializari": {"LICEU CU PROGRAM SPORTIV": 149, "STIINTE SOCIALE": 35, "STIINTE ALE NATURII": 30}, "limba_moderna": {"LIMBA ENGLEZA": 210, "LIMBA SPANIOLA": 1, "LIMBA FRANCEZA": 3}, "limba_materna": {"LIMBA ROMANA": 214}, "promotie_anterioara": {"DA": 48, "NU": 166}, "materii": {"LIMBA ROMANA": {"medie": 6.068357487922711, "reusita": 87.38317757009347, "cnt": 214}, "BIOLOGIE VEGETALA SI ANIMALA": {"medie": 7.425000000000001, "reusita": 66.66666666666666, "cnt": 3}, "GENERAL": {"medie": 6.487583333333339, "reusita": 60.280373831775705, "cnt": 214}, "GEOGRAFIE": {"medie": 7.300689655172413, "reusita": 89.47368421052632, "cnt": 152}, "ANATOMIE SI FIZIOLOGIE UMANA, GENETICA SI ECOLOGIE UMANA": {"medie": 6.251923076923077, "reusita": 81.48148148148148, "cnt": 27}, "MATEMATICA ST-NAT": {"medie": 5.423333333333334, "reusita": 76.66666666666667, "cnt": 30}, "ISTORIE": {"medie": 6.170857142857146, "reusita": 83.15217391304348, "cnt": 184}, "LOGICA, ARGUMENTARE SI COMUNICARE": {"medie": 7.877083333333335, "reusita": 84.61538461538461, "cnt": 26}, "SOCIOLOGIE": {"medie": 8.225000000000001, "reusita": 100.0, "cnt": 2}, "PSIHOLOGIE": {"medie": 6.783333333333334, "reusita": 66.66666666666666, "cnt": 3}, "ECONOMIE": {"medie": 7.3, "reusita": 100.0, "cnt": 1}}, "nume": "LICEUL CU PROGRAM SPORTIV \"MIRCEA ELIADE\"\tBucure\u0219ti"}