{"specializari": {"FILOLOGIE": 19, "MATEMATICA-INFORMATICA": 35, "STIINTE ALE NATURII": 15}, "limba_moderna": {"LIMBA ENGLEZA": 67, "LIMBA SPANIOLA": 2}, "limba_materna": {"LIMBA ROMANA": 69}, "promotie_anterioara": {"DA": 6, "NU": 63}, "materii": {"LIMBA ROMANA": {"medie": 7.684057971014495, "reusita": 97.10144927536231, "cnt": 69}, "GENERAL": {"medie": 7.601207729468598, "reusita": 79.71014492753623, "cnt": 69}, "GEOGRAFIE": {"medie": 5.833333333333333, "reusita": 66.66666666666666, "cnt": 3}, "ANATOMIE SI FIZIOLOGIE UMANA, GENETICA SI ECOLOGIE UMANA": {"medie": 7.343750000000001, "reusita": 95.83333333333334, "cnt": 24}, "MATEMATICA ST-NAT": {"medie": 5.836666666666665, "reusita": 73.33333333333333, "cnt": 15}, "MATEMATICA MATE-INFO": {"medie": 7.914285714285715, "reusita": 94.28571428571428, "cnt": 35}, "ISTORIE": {"medie": 6.407894736842105, "reusita": 94.73684210526315, "cnt": 19}, "LOGICA, ARGUMENTARE SI COMUNICARE": {"medie": 8.446874999999999, "reusita": 100.0, "cnt": 16}, "FIZICA TEO": {"medie": 8.844444444444443, "reusita": 100.0, "cnt": 9}, "INFORMATICA MI C/C++": {"medie": 8.653125000000001, "reusita": 100.0, "cnt": 16}, "CHIMIE ORGANICA TEO NIVEL I/II": {"medie": 10.0, "reusita": 100.0, "cnt": 1}}, "nume": "LICEUL TEORETIC INTERNATIONAL DE INFORMATICA CONSTANTA\tConstan\u021ba"}