{"specializari": {"TEHNICIAN IN GASTRONOMIE": 30, "TEHNICIAN IN INDUSTRIA TEXTILA": 12, "STIINTE ALE NATURII": 20, "STIINTE SOCIALE": 34, "MATEMATICA-INFORMATICA": 20, "FILOLOGIE": 26}, "limba_moderna": {"LIMBA FRANCEZA": 33, "LIMBA ENGLEZA": 109}, "limba_materna": {"LIMBA ROMANA": 142}, "promotie_anterioara": {"DA": 13, "NU": 129}, "materii": {"LIMBA ROMANA": {"medie": 6.258823529411762, "reusita": 82.3943661971831, "cnt": 142}, "MATEMATICA TEHN": {"medie": 3.0305555555555554, "reusita": 19.047619047619047, "cnt": 42}, "BIOLOGIE VEGETALA SI ANIMALA": {"medie": 6.15, "reusita": 100.0, "cnt": 1}, "GENERAL": {"medie": 6.531439393939395, "reusita": 59.859154929577464, "cnt": 142}, "GEOGRAFIE": {"medie": 7.818965517241384, "reusita": 95.45454545454545, "cnt": 88}, "ANATOMIE SI FIZIOLOGIE UMANA, GENETICA SI ECOLOGIE UMANA": {"medie": 7.526923076923077, "reusita": 84.61538461538461, "cnt": 39}, "MATEMATICA ST-NAT": {"medie": 6.874999999999998, "reusita": 80.0, "cnt": 20}, "MATEMATICA MATE-INFO": {"medie": 4.9350000000000005, "reusita": 65.0, "cnt": 20}, "ISTORIE": {"medie": 6.874576271186442, "reusita": 90.0, "cnt": 60}, "CHIMIE ANORGANICA TEH NIVEL I/II": {"medie": 4.191666666666666, "reusita": 16.666666666666664, "cnt": 12}, "FILOSOFIE": {"medie": 8.3, "reusita": 100.0, "cnt": 1}, "PSIHOLOGIE": {"medie": 8.4, "reusita": 100.0, "cnt": 1}}, "nume": "LICEUL TEORETIC \"DR. MIHAI CIUCA\" SAVENI\tBoto\u0219ani"}