{"specializari": {"FILOLOGIE": 16, "STIINTE ALE NATURII": 17, "MATEMATICA-INFORMATICA": 28}, "limba_moderna": {"LIMBA GERMANA MODERNA": 8, "LIMBA ENGLEZA": 53}, "limba_materna": {"LIMBA MAGHIARA": 61}, "promotie_anterioara": {"DA": 12, "NU": 49}, "materii": {"LIMBA ROMANA": {"medie": 5.429824561403509, "reusita": 72.1311475409836, "cnt": 61}, "GENERAL": {"medie": 6.232456140350876, "reusita": 49.18032786885246, "cnt": 61}, "GEOGRAFIE": {"medie": 5.511111111111111, "reusita": 80.0, "cnt": 10}, "ANATOMIE SI FIZIOLOGIE UMANA, GENETICA SI ECOLOGIE UMANA": {"medie": 7.752380952380953, "reusita": 95.45454545454545, "cnt": 22}, "LIMBA MAGHIARA (REAL)": {"medie": 7.0558139534883715, "reusita": 95.55555555555556, "cnt": 45}, "MATEMATICA ST-NAT": {"medie": 5.323333333333334, "reusita": 76.47058823529412, "cnt": 17}, "MATEMATICA MATE-INFO": {"medie": 6.129629629629631, "reusita": 78.57142857142857, "cnt": 28}, "ISTORIE": {"medie": 6.533333333333333, "reusita": 93.75, "cnt": 16}, "LOGICA, ARGUMENTARE SI COMUNICARE": {"medie": 7.140000000000001, "reusita": 100.0, "cnt": 5}, "FIZICA TEO": {"medie": 6.144444444444444, "reusita": 70.0, "cnt": 10}, "INFORMATICA MI C/C++": {"medie": 6.266666666666667, "reusita": 83.33333333333334, "cnt": 12}, "FILOSOFIE": {"medie": 5.1, "reusita": 100.0, "cnt": 1}, "LIMBA MAGHIARA (UMAN)": {"medie": 5.936666666666666, "reusita": 87.5, "cnt": 16}, "INFORMATICA SN C/C++": {"medie": 5.1, "reusita": 100.0, "cnt": 1}}, "nume": "LICEUL TEORETIC \"ARANY JANOS\" SALONTA\tBihor"}