{"specializari": {"TEHNICIAN IN TURISM": 17}, "limba_moderna": {"LIMBA ENGLEZA": 17}, "limba_materna": {"LIMBA ROMANA": 17}, "promotie_anterioara": {"DA": 7, "NU": 10}, "materii": {"LIMBA ROMANA": {"medie": 6.403571428571428, "reusita": 70.58823529411765, "cnt": 17}, "MATEMATICA TEHN": {"medie": 5.389285714285714, "reusita": 64.70588235294117, "cnt": 17}, "GENERAL": {"medie": 6.375, "reusita": 58.82352941176471, "cnt": 17}, "GEOGRAFIE": {"medie": 7.332142857142858, "reusita": 70.58823529411765, "cnt": 17}}, "nume": "LICEUL TEHNOLOGIC \"NICOLAE DUMITRESCU\" CUMPANA\tConstan\u021ba"}