{"specializari": {"STIINTE ALE NATURII": 7, "STIINTE SOCIALE": 33, "TEHNICIAN IN AGRICULTURA": 7}, "limba_moderna": {"LIMBA ENGLEZA": 47}, "limba_materna": {"LIMBA ROMANA": 47}, "promotie_anterioara": {"DA": 15, "NU": 32}, "materii": {"LIMBA ROMANA": {"medie": 4.610227272727273, "reusita": 48.93617021276596, "cnt": 47}, "MATEMATICA TEHN": {"medie": 1.7833333333333332, "reusita": 0.0, "cnt": 7}, "GENERAL": {"medie": 5.295238095238095, "reusita": 23.404255319148938, "cnt": 47}, "GEOGRAFIE": {"medie": 6.934375, "reusita": 87.87878787878788, "cnt": 33}, "ANATOMIE SI FIZIOLOGIE UMANA, GENETICA SI ECOLOGIE UMANA": {"medie": 4.903846153846154, "reusita": 64.28571428571429, "cnt": 14}, "MATEMATICA ST-NAT": {"medie": 4.6899999999999995, "reusita": 57.14285714285714, "cnt": 7}, "ISTORIE": {"medie": 5.101562499999999, "reusita": 72.72727272727273, "cnt": 33}}, "nume": "LICEUL TEORETIC \"GEORGE ST. MARINCU\" POIANA MARE\tDolj"}