{"specializari": {"MATEMATICA-INFORMATICA": 70, "FILOLOGIE": 57, "STIINTE SOCIALE": 35}, "limba_moderna": {"LIMBA SPANIOLA": 6, "LIMBA ENGLEZA": 155, "LIMBA FRANCEZA": 1}, "limba_materna": {"LIMBA ROMANA": 162}, "promotie_anterioara": {"DA": 25, "NU": 137}, "materii": {"LIMBA ROMANA": {"medie": 6.731132075471698, "reusita": 95.67901234567901, "cnt": 162}, "BIOLOGIE VEGETALA SI ANIMALA": {"medie": 6.984615384615385, "reusita": 85.71428571428571, "cnt": 14}, "GENERAL": {"medie": 7.040822784810128, "reusita": 80.8641975308642, "cnt": 162}, "GEOGRAFIE": {"medie": 7.928, "reusita": 96.15384615384616, "cnt": 26}, "ANATOMIE SI FIZIOLOGIE UMANA, GENETICA SI ECOLOGIE UMANA": {"medie": 7.04, "reusita": 88.46153846153845, "cnt": 26}, "MATEMATICA MATE-INFO": {"medie": 6.742753623188406, "reusita": 92.85714285714286, "cnt": 70}, "ISTORIE": {"medie": 6.714444444444444, "reusita": 97.82608695652173, "cnt": 92}, "LOGICA, ARGUMENTARE SI COMUNICARE": {"medie": 8.896153846153846, "reusita": 100.0, "cnt": 13}, "SOCIOLOGIE": {"medie": 7.933333333333333, "reusita": 96.42857142857143, "cnt": 28}, "FIZICA TEO": {"medie": 7.731249999999999, "reusita": 100.0, "cnt": 8}, "INFORMATICA MI C/C++": {"medie": 7.340624999999999, "reusita": 87.5, "cnt": 16}, "CHIMIE ANORGANICA TEO NIVEL I/II": {"medie": 6.63, "reusita": 80.0, "cnt": 5}, "CHIMIE ORGANICA TEO NIVEL I/II": {"medie": 7.6, "reusita": 100.0, "cnt": 1}, "FILOSOFIE": {"medie": 6.988461538461539, "reusita": 100.0, "cnt": 13}, "PSIHOLOGIE": {"medie": 8.579166666666666, "reusita": 100.0, "cnt": 12}}, "nume": "LICEUL TEORETIC \"MIHAIL SADOVEANU\"\tBucure\u0219ti"}