{"specializari": {"FILOLOGIE": 32, "STIINTE ALE NATURII": 51, "MATEMATICA-INFORMATICA": 26}, "limba_moderna": {"LIMBA ENGLEZA": 105, "LIMBA FRANCEZA": 4}, "limba_materna": {"LIMBA ROMANA": 109}, "promotie_anterioara": {"DA": 15, "NU": 94}, "materii": {"LIMBA ROMANA": {"medie": 6.901415094339625, "reusita": 85.3211009174312, "cnt": 109}, "GENERAL": {"medie": 7.0160256410256405, "reusita": 66.97247706422019, "cnt": 109}, "GEOGRAFIE": {"medie": 7.249999999999999, "reusita": 83.33333333333334, "cnt": 30}, "ANATOMIE SI FIZIOLOGIE UMANA, GENETICA SI ECOLOGIE UMANA": {"medie": 7.812307692307692, "reusita": 92.64705882352942, "cnt": 68}, "MATEMATICA ST-NAT": {"medie": 5.512765957446808, "reusita": 58.82352941176471, "cnt": 51}, "MATEMATICA MATE-INFO": {"medie": 7.573076923076925, "reusita": 100.0, "cnt": 26}, "ISTORIE": {"medie": 6.7145161290322575, "reusita": 90.625, "cnt": 32}, "SOCIOLOGIE": {"medie": 5.375, "reusita": 100.0, "cnt": 2}, "INFORMATICA MI C/C++": {"medie": 8.833333333333334, "reusita": 100.0, "cnt": 3}, "CHIMIE ANORGANICA TEO NIVEL I/II": {"medie": 8.441666666666666, "reusita": 100.0, "cnt": 6}}, "nume": "LICEUL TEORETIC NEGRESTI OAS\tSatu-Mare"}