{"specializari": {"TEHNICIAN IN ACTIVITATI ECONOMICE": 31}, "limba_moderna": {"LIMBA ENGLEZA": 31}, "limba_materna": {"LIMBA ROMANA": 31}, "promotie_anterioara": {"DA": 6, "NU": 25}, "materii": {"LIMBA ROMANA": {"medie": 5.7233333333333345, "reusita": 83.87096774193549, "cnt": 31}, "MATEMATICA TEHN": {"medie": 5.251724137931034, "reusita": 64.51612903225806, "cnt": 31}, "GENERAL": {"medie": 6.083333333333334, "reusita": 51.61290322580645, "cnt": 31}, "GEOGRAFIE": {"medie": 7.174999999999999, "reusita": 93.54838709677419, "cnt": 31}}, "nume": "LICEUL TEHNOLOGIC VINGA\tArad"}