{"specializari": {"MATEMATICA-INFORMATICA": 7, "STIINTE ALE NATURII": 23, "FILOLOGIE": 41, "STIINTE SOCIALE": 56, "INVATATOR - EDUCATOARE": 28}, "limba_moderna": {"LIMBA ENGLEZA": 137, "LIMBA FRANCEZA": 18}, "limba_materna": {"LIMBA ROMANA": 155}, "promotie_anterioara": {"DA": 45, "NU": 110}, "materii": {"LIMBA ROMANA": {"medie": 5.325333333333335, "reusita": 75.48387096774194, "cnt": 155}, "BIOLOGIE VEGETALA SI ANIMALA": {"medie": 4.27, "reusita": 25.0, "cnt": 8}, "GENERAL": {"medie": 5.400724637681161, "reusita": 32.903225806451616, "cnt": 155}, "GEOGRAFIE": {"medie": 6.112295081967216, "reusita": 71.21212121212122, "cnt": 66}, "ANATOMIE SI FIZIOLOGIE UMANA, GENETICA SI ECOLOGIE UMANA": {"medie": 3.2199999999999998, "reusita": 15.0, "cnt": 20}, "MATEMATICA PED": {"medie": 5.979629629629627, "reusita": 71.42857142857143, "cnt": 28}, "MATEMATICA ST-NAT": {"medie": 3.1500000000000004, "reusita": 26.08695652173913, "cnt": 23}, "MATEMATICA MATE-INFO": {"medie": 2.95, "reusita": 28.57142857142857, "cnt": 7}, "ISTORIE": {"medie": 5.012365591397849, "reusita": 71.1340206185567, "cnt": 97}, "LOGICA, ARGUMENTARE SI COMUNICARE": {"medie": 6.635185185185186, "reusita": 79.3103448275862, "cnt": 29}, "SOCIOLOGIE": {"medie": 5.097058823529411, "reusita": 58.82352941176471, "cnt": 17}, "FIZICA TEO": {"medie": 2.8, "reusita": 0.0, "cnt": 2}, "PSIHOLOGIE": {"medie": 7.403846153846154, "reusita": 100.0, "cnt": 13}}, "nume": "LICEUL TEORETIC \"NICOLAE CARTOJAN\" GIURGIU\tGiurgiu"}