{"specializari": {"MATEMATICA-INFORMATICA": 12, "FILOLOGIE": 26}, "limba_moderna": {"LIMBA ENGLEZA": 36, "LIMBA FRANCEZA": 2}, "limba_materna": {"LIMBA ROMANA": 38}, "promotie_anterioara": {"DA": 8, "NU": 30}, "materii": {"LIMBA ROMANA": {"medie": 7.199999999999999, "reusita": 94.73684210526315, "cnt": 38}, "BIOLOGIE VEGETALA SI ANIMALA": {"medie": 6.036363636363637, "reusita": 81.81818181818183, "cnt": 11}, "GENERAL": {"medie": 6.9903508771929825, "reusita": 68.42105263157895, "cnt": 38}, "GEOGRAFIE": {"medie": 8.129999999999999, "reusita": 100.0, "cnt": 15}, "MATEMATICA MATE-INFO": {"medie": 4.491666666666666, "reusita": 41.66666666666667, "cnt": 12}, "ISTORIE": {"medie": 6.578846153846152, "reusita": 88.46153846153845, "cnt": 26}, "LOGICA, ARGUMENTARE SI COMUNICARE": {"medie": 9.354545454545455, "reusita": 100.0, "cnt": 11}, "CHIMIE ANORGANICA TEO NIVEL I/II": {"medie": 7.1, "reusita": 100.0, "cnt": 1}}, "nume": "LICEUL TEORETIC ORAS POGOANELE\tBuz\u0103u"}