{"specializari": {"STIINTE ALE NATURII": 27, "FILOLOGIE": 25, "MATEMATICA-INFORMATICA": 29}, "limba_moderna": {"LIMBA ENGLEZA": 81}, "limba_materna": {"LIMBA ROMANA": 81}, "promotie_anterioara": {"DA": 8, "NU": 73}, "materii": {"LIMBA ROMANA": {"medie": 7.04320987654321, "reusita": 95.06172839506173, "cnt": 81}, "GENERAL": {"medie": 7.038124999999999, "reusita": 70.37037037037037, "cnt": 81}, "GEOGRAFIE": {"medie": 7.253846153846154, "reusita": 100.0, "cnt": 13}, "ANATOMIE SI FIZIOLOGIE UMANA, GENETICA SI ECOLOGIE UMANA": {"medie": 7.06551724137931, "reusita": 90.0, "cnt": 30}, "MATEMATICA ST-NAT": {"medie": 4.957407407407406, "reusita": 51.85185185185185, "cnt": 27}, "MATEMATICA MATE-INFO": {"medie": 8.191379310344828, "reusita": 100.0, "cnt": 29}, "ISTORIE": {"medie": 6.556000000000001, "reusita": 96.0, "cnt": 25}, "FIZICA TEO": {"medie": 8.597727272727274, "reusita": 100.0, "cnt": 22}, "INFORMATICA MI C/C++": {"medie": 6.833333333333333, "reusita": 66.66666666666666, "cnt": 3}, "CHIMIE ANORGANICA TEO NIVEL I/II": {"medie": 7.85, "reusita": 100.0, "cnt": 1}, "PSIHOLOGIE": {"medie": 6.3125, "reusita": 91.66666666666666, "cnt": 12}}, "nume": "LICEUL TEORETIC \"ANGHEL SALIGNY\" CERNAVODA\tConstan\u021ba"}