{"specializari": {"TEHNICIAN IN ACTIVITATI ECONOMICE": 1, "MATEMATICA-INFORMATICA": 3, "TEHNICIAN MECANIC PENTRU INTRETINERE SI REPARATII": 7, "TEHNICIAN OPERATOR TEHNICA DE CALCUL": 1, "LICEU CU PROGRAM SPORTIV": 1, "FILOLOGIE": 18, "TEHNICIAN ELECTROMECANIC": 1, "STIINTE ALE NATURII": 7}, "limba_moderna": {"LIMBA ENGLEZA": 39}, "limba_materna": {"LIMBA ROMANA": 32, "LIMBA MAGHIARA": 7}, "promotie_anterioara": {"DA": 11, "NU": 28}, "materii": {"LIMBA ROMANA": {"medie": 5.504285714285715, "reusita": 64.1025641025641, "cnt": 39}, "MATEMATICA TEHN": {"medie": 3.322222222222222, "reusita": 30.0, "cnt": 10}, "BIOLOGIE VEGETALA SI ANIMALA": {"medie": 4.433333333333334, "reusita": 23.076923076923077, "cnt": 13}, "GENERAL": {"medie": 5.599242424242424, "reusita": 30.76923076923077, "cnt": 39}, "GEOGRAFIE": {"medie": 6.9944444444444445, "reusita": 88.88888888888889, "cnt": 9}, "ANATOMIE SI FIZIOLOGIE UMANA, GENETICA SI ECOLOGIE UMANA": {"medie": 7.633333333333334, "reusita": 100.0, "cnt": 6}, "LIMBA MAGHIARA (REAL)": {"medie": 4.383333333333333, "reusita": 28.57142857142857, "cnt": 7}, "MATEMATICA ST-NAT": {"medie": 6.066666666666666, "reusita": 71.42857142857143, "cnt": 7}, "MATEMATICA MATE-INFO": {"medie": 5.5, "reusita": 66.66666666666666, "cnt": 3}, "ISTORIE": {"medie": 5.2555555555555555, "reusita": 63.1578947368421, "cnt": 19}, "PSIHOLOGIE": {"medie": 6.76, "reusita": 90.9090909090909, "cnt": 11}}, "nume": "LICEUL TEHNOLOGIC \"LIVIU REBREANU\" BALAN\tHarghita"}