{"specializari": {"TEHNICIAN ELECTRICIAN/ELECTRONIST AUTO": 21, "COAFOR STILIST": 25, "TEHNICIAN TRANSPORTURI": 1}, "limba_moderna": {"LIMBA ENGLEZA": 47}, "limba_materna": {"LIMBA ROMANA": 25, "LIMBA MAGHIARA": 22}, "promotie_anterioara": {"DA": 9, "NU": 38}, "materii": {"LIMBA ROMANA": {"medie": 4.711627906976744, "reusita": 53.191489361702125, "cnt": 47}, "MATEMATICA TEHN": {"medie": 3.2872093023255813, "reusita": 29.78723404255319, "cnt": 47}, "BIOLOGIE VEGETALA SI ANIMALA": {"medie": 3.978947368421053, "reusita": 30.0, "cnt": 20}, "GENERAL": {"medie": 4.568948412698413, "reusita": 12.76595744680851, "cnt": 47}, "GEOGRAFIE": {"medie": 5.336111111111111, "reusita": 65.0, "cnt": 20}, "LIMBA MAGHIARA (REAL)": {"medie": 6.542500000000001, "reusita": 81.81818181818183, "cnt": 22}, "CHIMIE ANORGANICA TEH NIVEL I/II": {"medie": 5.824999999999999, "reusita": 100.0, "cnt": 2}, "PSIHOLOGIE": {"medie": 5.316666666666666, "reusita": 66.66666666666666, "cnt": 3}, "ECONOMIE": {"medie": 3.0, "reusita": 0.0, "cnt": 2}}, "nume": "LICEUL TEHNOLOGIC \"TRAIAN VUIA\" TIRGU MURES\tMure\u0219"}