{"specializari": {"MUZICA": 31, "INVATATOR - EDUCATOARE": 30}, "limba_moderna": {"LIMBA ENGLEZA": 48, "LIMBA ITALIANA": 13}, "limba_materna": {"LIMBA ROMANA": 61}, "promotie_anterioara": {"DA": 3, "NU": 58}, "materii": {"LIMBA ROMANA": {"medie": 7.6191666666666675, "reusita": 93.44262295081968, "cnt": 61}, "GENERAL": {"medie": 7.598055555555556, "reusita": 83.60655737704919, "cnt": 61}, "GEOGRAFIE": {"medie": 7.413333333333335, "reusita": 89.13043478260869, "cnt": 46}, "MATEMATICA PED": {"medie": 8.455000000000004, "reusita": 100.0, "cnt": 30}, "ISTORIE": {"medie": 6.506666666666667, "reusita": 93.54838709677419, "cnt": 31}, "LOGICA, ARGUMENTARE SI COMUNICARE": {"medie": 9.6, "reusita": 100.0, "cnt": 1}, "PSIHOLOGIE": {"medie": 8.460714285714285, "reusita": 100.0, "cnt": 14}}, "nume": "LICEUL DE MUZICA \"TUDOR JARDA\" BISTRITA\tBistri\u021ba-N\u0103s\u0103ud"}