{"specializari": {"TEHNICIAN OPERATOR TEHNICA DE CALCUL": 13}, "limba_moderna": {"LIMBA ENGLEZA": 13}, "limba_materna": {"LIMBA ROMANA": 13}, "promotie_anterioara": {"DA": 2, "NU": 11}, "materii": {"LIMBA ROMANA": {"medie": 3.4192307692307695, "reusita": 23.076923076923077, "cnt": 13}, "MATEMATICA TEHN": {"medie": 3.6653846153846152, "reusita": 38.46153846153847, "cnt": 13}, "BIOLOGIE VEGETALA SI ANIMALA": {"medie": 3.9769230769230766, "reusita": 23.076923076923077, "cnt": 13}, "GENERAL": {"medie": 3.687179487179487, "reusita": 15.384615384615385, "cnt": 13}}, "nume": "LICEUL TEHNOLOGIC SPECIAL PENTRU DEFICIENTI DE AUZ CLUJ-NAPOCA\tCluj"}