{"specializari": {"STIINTE ALE NATURII": 9, "FILOLOGIE": 25}, "limba_moderna": {"LIMBA ENGLEZA": 34}, "limba_materna": {"LIMBA ROMANA": 34}, "promotie_anterioara": {"DA": 8, "NU": 26}, "materii": {"LIMBA ROMANA": {"medie": 6.952941176470588, "reusita": 97.05882352941177, "cnt": 34}, "BIOLOGIE VEGETALA SI ANIMALA": {"medie": 6.066666666666666, "reusita": 77.77777777777779, "cnt": 9}, "GENERAL": {"medie": 6.3431372549019605, "reusita": 55.88235294117647, "cnt": 34}, "GEOGRAFIE": {"medie": 7.275, "reusita": 80.0, "cnt": 10}, "MATEMATICA ST-NAT": {"medie": 4.550000000000001, "reusita": 55.55555555555556, "cnt": 9}, "ISTORIE": {"medie": 6.03, "reusita": 96.0, "cnt": 25}, "LOGICA, ARGUMENTARE SI COMUNICARE": {"medie": 6.165384615384615, "reusita": 61.53846153846154, "cnt": 13}, "FILOSOFIE": {"medie": 5.7, "reusita": 50.0, "cnt": 2}}, "nume": "LICEUL TEORETIC \"GHEORGHE LAZAR\" AVRIG\tSibiu"}