{"specializari": {"MATEMATICA-INFORMATICA": 67, "STIINTE SOCIALE": 63, "STIINTE ALE NATURII": 55, "FILOLOGIE": 89}, "limba_moderna": {"LIMBA ENGLEZA": 267, "LIMBA FRANCEZA": 6, "LIMBA RUSA": 1}, "limba_materna": {"LIMBA ROMANA": 274}, "promotie_anterioara": {"DA": 9, "NU": 265}, "materii": {"LIMBA ROMANA": {"medie": 7.9679629629629645, "reusita": 97.44525547445255, "cnt": 274}, "BIOLOGIE VEGETALA SI ANIMALA": {"medie": 7.2, "reusita": 90.9090909090909, "cnt": 11}, "GENERAL": {"medie": 8.152292441140023, "reusita": 93.43065693430657, "cnt": 274}, "GEOGRAFIE": {"medie": 8.807936507936502, "reusita": 98.4375, "cnt": 128}, "ANATOMIE SI FIZIOLOGIE UMANA, GENETICA SI ECOLOGIE UMANA": {"medie": 8.164705882352942, "reusita": 98.07692307692307, "cnt": 52}, "MATEMATICA ST-NAT": {"medie": 8.383018867924525, "reusita": 94.54545454545455, "cnt": 55}, "MATEMATICA MATE-INFO": {"medie": 8.07089552238806, "reusita": 98.50746268656717, "cnt": 67}, "ISTORIE": {"medie": 7.88, "reusita": 98.68421052631578, "cnt": 152}, "LOGICA, ARGUMENTARE SI COMUNICARE": {"medie": 8.208695652173914, "reusita": 100.0, "cnt": 23}, "FIZICA TEO": {"medie": 8.583333333333334, "reusita": 100.0, "cnt": 6}, "INFORMATICA MI C/C++": {"medie": 8.037837837837836, "reusita": 100.0, "cnt": 37}, "CHIMIE ANORGANICA TEO NIVEL I/II": {"medie": 8.454545454545455, "reusita": 100.0, "cnt": 11}, "CHIMIE ORGANICA TEO NIVEL I/II": {"medie": "-", "reusita": 0.0, "cnt": 1}, "FILOSOFIE": {"medie": 7.3, "reusita": 100.0, "cnt": 1}, "INFORMATICA SN C/C++": {"medie": 8.924999999999999, "reusita": 100.0, "cnt": 4}}, "nume": "LICEUL TEORETIC \"ALEXANDRU IOAN CUZA\", IASI\tIa\u0219i"}