{"specializari": {"STIINTE ALE NATURII": 10, "STIINTE SOCIALE": 44, "LICEU CU PROGRAM SPORTIV": 16, "MATEMATICA-INFORMATICA": 23}, "limba_moderna": {"LIMBA ENGLEZA": 93}, "limba_materna": {"LIMBA ROMANA": 93}, "promotie_anterioara": {"DA": 14, "NU": 79}, "materii": {"LIMBA ROMANA": {"medie": 6.736956521739132, "reusita": 84.94623655913979, "cnt": 93}, "GENERAL": {"medie": 6.844629629629628, "reusita": 62.365591397849464, "cnt": 93}, "GEOGRAFIE": {"medie": 6.943617021276597, "reusita": 85.71428571428571, "cnt": 49}, "ANATOMIE SI FIZIOLOGIE UMANA, GENETICA SI ECOLOGIE UMANA": {"medie": 7.724074074074076, "reusita": 100.0, "cnt": 27}, "MATEMATICA ST-NAT": {"medie": 4.165000000000001, "reusita": 30.0, "cnt": 10}, "MATEMATICA MATE-INFO": {"medie": 6.754347826086956, "reusita": 91.30434782608695, "cnt": 23}, "ISTORIE": {"medie": 6.302586206896552, "reusita": 81.66666666666667, "cnt": 60}, "SOCIOLOGIE": {"medie": 8.977272727272727, "reusita": 100.0, "cnt": 11}, "CHIMIE ANORGANICA TEO NIVEL I/II": {"medie": 9.629999999999999, "reusita": 100.0, "cnt": 5}, "CHIMIE ORGANICA TEO NIVEL I/II": {"medie": 6.2, "reusita": 100.0, "cnt": 1}}, "nume": "LICEUL TEORETIC \"TRAIAN LALESCU\"\tMehedin\u021bi"}