{"specializari": {"MATEMATICA-INFORMATICA": 42, "STIINTE ALE NATURII": 36, "FILOLOGIE": 33, "STIINTE SOCIALE": 52}, "limba_moderna": {"LIMBA FRANCEZA": 11, "LIMBA ENGLEZA": 152}, "limba_materna": {"LIMBA ROMANA": 163}, "promotie_anterioara": {"DA": 16, "NU": 147}, "materii": {"LIMBA ROMANA": {"medie": 6.781901840490794, "reusita": 98.77300613496932, "cnt": 163}, "BIOLOGIE VEGETALA SI ANIMALA": {"medie": 7.009523809523809, "reusita": 92.85714285714286, "cnt": 42}, "GENERAL": {"medie": 6.907716049382719, "reusita": 79.75460122699386, "cnt": 163}, "GEOGRAFIE": {"medie": 7.710227272727272, "reusita": 95.45454545454545, "cnt": 44}, "ANATOMIE SI FIZIOLOGIE UMANA, GENETICA SI ECOLOGIE UMANA": {"medie": 7.196666666666667, "reusita": 100.0, "cnt": 15}, "MATEMATICA ST-NAT": {"medie": 5.934722222222224, "reusita": 86.11111111111111, "cnt": 36}, "MATEMATICA MATE-INFO": {"medie": 6.457142857142857, "reusita": 95.23809523809523, "cnt": 42}, "ISTORIE": {"medie": 7.103529411764707, "reusita": 100.0, "cnt": 85}, "LOGICA, ARGUMENTARE SI COMUNICARE": {"medie": 8.214285714285714, "reusita": 100.0, "cnt": 7}, "SOCIOLOGIE": {"medie": 7.296296296296295, "reusita": 100.0, "cnt": 27}, "FIZICA TEO": {"medie": 3.6, "reusita": 0.0, "cnt": 2}, "INFORMATICA MI C/C++": {"medie": 6.589473684210527, "reusita": 100.0, "cnt": 19}, "PSIHOLOGIE": {"medie": 7.314285714285715, "reusita": 100.0, "cnt": 7}}, "nume": "LICEUL TEORETIC \"PANAIT CERNA\"\tBr\u0103ila"}