{"specializari": {"MATEMATICA-INFORMATICA": 62, "STIINTE ALE NATURII": 63, "FILOLOGIE": 78}, "limba_moderna": {"LIMBA ENGLEZA": 121, "LIMBA FRANCEZA": 71, "LIMBA GERMANA MODERNA": 11}, "limba_materna": {"LIMBA ROMANA": 182, "LIMBA UCRAINEANA": 21}, "promotie_anterioara": {"DA": 28, "NU": 175}, "materii": {"LIMBA ROMANA": {"medie": 6.802955665024628, "reusita": 93.10344827586206, "cnt": 203}, "BIOLOGIE VEGETALA SI ANIMALA": {"medie": 5.99245283018868, "reusita": 68.51851851851852, "cnt": 54}, "GENERAL": {"medie": 6.481062500000003, "reusita": 56.15763546798029, "cnt": 203}, "GEOGRAFIE": {"medie": 7.379999999999997, "reusita": 96.05263157894737, "cnt": 76}, "ANATOMIE SI FIZIOLOGIE UMANA, GENETICA SI ECOLOGIE UMANA": {"medie": 6.074999999999999, "reusita": 80.0, "cnt": 20}, "MATEMATICA ST-NAT": {"medie": 5.373015873015872, "reusita": 63.49206349206349, "cnt": 63}, "MATEMATICA MATE-INFO": {"medie": 6.790163934426229, "reusita": 83.87096774193549, "cnt": 62}, "ISTORIE": {"medie": 4.921153846153844, "reusita": 60.256410256410255, "cnt": 78}, "FIZICA TEO": {"medie": 8.9, "reusita": 100.0, "cnt": 4}, "INFORMATICA MI C/C++": {"medie": 6.769736842105263, "reusita": 84.21052631578947, "cnt": 38}, "CHIMIE ORGANICA TEO NIVEL I/II": {"medie": 8.508333333333333, "reusita": 100.0, "cnt": 6}, "PSIHOLOGIE": {"medie": 8.3, "reusita": 100.0, "cnt": 2}, "INFORMATICA SN C/C++": {"medie": 6.8999999999999995, "reusita": 100.0, "cnt": 3}, "LIMBA UCRAINEANA": {"medie": 7.285714285714285, "reusita": 100.0, "cnt": 21}}, "nume": "LICEUL TEORETIC \"IULIA HASDEU\" LUGOJ\tTimi\u0219"}