{"specializari": {"FILOLOGIE": 3, "STIINTE ALE NATURII": 29, "MATEMATICA-INFORMATICA": 1, "TEHNICIAN IN TURISM": 18}, "limba_moderna": {"LIMBA ENGLEZA": 51}, "limba_materna": {"LIMBA MAGHIARA": 51}, "promotie_anterioara": {"DA": 13, "NU": 38}, "materii": {"LIMBA ROMANA": {"medie": 6.521999999999999, "reusita": 98.0392156862745, "cnt": 51}, "MATEMATICA TEHN": {"medie": 5.676470588235294, "reusita": 77.77777777777779, "cnt": 18}, "GENERAL": {"medie": 6.792187499999998, "reusita": 68.62745098039215, "cnt": 51}, "GEOGRAFIE": {"medie": 6.147368421052632, "reusita": 80.95238095238095, "cnt": 21}, "ANATOMIE SI FIZIOLOGIE UMANA, GENETICA SI ECOLOGIE UMANA": {"medie": 7.347916666666667, "reusita": 95.83333333333334, "cnt": 24}, "LIMBA MAGHIARA (REAL)": {"medie": 7.043617021276595, "reusita": 97.91666666666666, "cnt": 48}, "MATEMATICA ST-NAT": {"medie": 7.036206896551722, "reusita": 96.55172413793103, "cnt": 29}, "MATEMATICA MATE-INFO": {"medie": "-", "reusita": 0.0, "cnt": 1}, "ISTORIE": {"medie": 5.683333333333333, "reusita": 100.0, "cnt": 3}, "CHIMIE ANORGANICA TEO NIVEL I/II": {"medie": 9.25, "reusita": 100.0, "cnt": 3}, "CHIMIE ORGANICA TEO NIVEL I/II": {"medie": 8.933333333333334, "reusita": 100.0, "cnt": 3}, "LIMBA MAGHIARA (UMAN)": {"medie": 5.866666666666667, "reusita": 100.0, "cnt": 3}}, "nume": "LICEUL TEORETIC \"BRASSAI SAMUEL\" CLUJ-NAPOCA\tCluj"}