{"specializari": {"TEHNICIAN IN GASTRONOMIE": 1, "TEHNICIAN IN TURISM": 18}, "limba_moderna": {"LIMBA ENGLEZA": 14, "LIMBA GERMANA MODERNA": 5}, "limba_materna": {"LIMBA MAGHIARA": 19}, "promotie_anterioara": {"DA": 4, "NU": 15}, "materii": {"LIMBA ROMANA": {"medie": 2.8027777777777776, "reusita": 21.052631578947366, "cnt": 19}, "MATEMATICA TEHN": {"medie": 2.9611111111111112, "reusita": 15.789473684210526, "cnt": 19}, "GENERAL": {"medie": 4.502777777777777, "reusita": 0.0, "cnt": 19}, "GEOGRAFIE": {"medie": 6.086111111111111, "reusita": 84.21052631578947, "cnt": 19}, "LIMBA MAGHIARA (REAL)": {"medie": 6.1611111111111105, "reusita": 84.21052631578947, "cnt": 19}}, "nume": "LICEUL TEHNOLOGIC \"TIVAI NAGY IMRE\" SANMARTIN\tHarghita"}