{"specializari": {"STIINTE SOCIALE": 73, "STIINTE ALE NATURII": 52, "MATEMATICA-INFORMATICA": 32, "FILOLOGIE": 61}, "limba_moderna": {"LIMBA FRANCEZA": 1, "LIMBA ENGLEZA": 215, "LIMBA GERMANA MODERNA": 2}, "limba_materna": {"LIMBA ROMANA": 218}, "promotie_anterioara": {"DA": 27, "NU": 191}, "materii": {"LIMBA ROMANA": {"medie": 6.734792626728116, "reusita": 95.41284403669725, "cnt": 218}, "BIOLOGIE VEGETALA SI ANIMALA": {"medie": 6.856896551724139, "reusita": 82.75862068965517, "cnt": 29}, "GENERAL": {"medie": 6.587286821705426, "reusita": 67.88990825688074, "cnt": 218}, "GEOGRAFIE": {"medie": 7.41172839506173, "reusita": 92.7710843373494, "cnt": 83}, "ANATOMIE SI FIZIOLOGIE UMANA, GENETICA SI ECOLOGIE UMANA": {"medie": 5.620588235294118, "reusita": 76.47058823529412, "cnt": 34}, "MATEMATICA ST-NAT": {"medie": 3.3490196078431373, "reusita": 26.923076923076923, "cnt": 52}, "MATEMATICA MATE-INFO": {"medie": 7.118750000000002, "reusita": 90.625, "cnt": 32}, "ISTORIE": {"medie": 6.265037593984959, "reusita": 95.52238805970148, "cnt": 134}, "LOGICA, ARGUMENTARE SI COMUNICARE": {"medie": 8.594871794871793, "reusita": 97.43589743589743, "cnt": 39}, "SOCIOLOGIE": {"medie": 7.07, "reusita": 100.0, "cnt": 10}, "FIZICA TEO": {"medie": 7.644736842105263, "reusita": 94.73684210526315, "cnt": 19}, "CHIMIE ORGANICA TEO NIVEL I/II": {"medie": 7.375, "reusita": 100.0, "cnt": 2}, "PSIHOLOGIE": {"medie": 8.4, "reusita": 100.0, "cnt": 1}, "ECONOMIE": {"medie": 7.55, "reusita": 100.0, "cnt": 1}}, "nume": "LICEUL TEORETIC \"TUDOR VIANU\" GIURGIU\tGiurgiu"}