{"specializari": {"STIINTE ALE NATURII": 26, "MATEMATICA-INFORMATICA": 67, "FILOLOGIE": 37}, "limba_moderna": {"LIMBA ENGLEZA": 113, "LIMBA FRANCEZA": 17}, "limba_materna": {"LIMBA ROMANA": 130}, "promotie_anterioara": {"DA": 3, "NU": 127}, "materii": {"LIMBA ROMANA": {"medie": 8.1171875, "reusita": 98.46153846153847, "cnt": 130}, "BIOLOGIE VEGETALA SI ANIMALA": {"medie": 6.244999999999999, "reusita": 85.71428571428571, "cnt": 21}, "GENERAL": {"medie": 8.078645833333331, "reusita": 91.53846153846153, "cnt": 130}, "GEOGRAFIE": {"medie": 8.011764705882353, "reusita": 94.11764705882352, "cnt": 34}, "ANATOMIE SI FIZIOLOGIE UMANA, GENETICA SI ECOLOGIE UMANA": {"medie": 7.425, "reusita": 100.0, "cnt": 4}, "MATEMATICA ST-NAT": {"medie": 6.604166666666667, "reusita": 88.46153846153845, "cnt": 26}, "MATEMATICA MATE-INFO": {"medie": 8.535820895522388, "reusita": 98.50746268656717, "cnt": 67}, "ISTORIE": {"medie": 7.3364864864864865, "reusita": 94.5945945945946, "cnt": 37}, "LOGICA, ARGUMENTARE SI COMUNICARE": {"medie": 8.466666666666667, "reusita": 100.0, "cnt": 3}, "FIZICA TEO": {"medie": 8.975757575757576, "reusita": 100.0, "cnt": 66}, "CHIMIE ORGANICA TEO NIVEL I/II": {"medie": 9.475000000000001, "reusita": 100.0, "cnt": 2}}, "nume": "LICEUL TEORETIC \"RADU VLADESCU\" ORAS PATARLAGELE\tBuz\u0103u"}