{"specializari": {"TEHNICIAN ECOLOG SI PROTECTIA CALITATII MEDIULUI": 4, "TEHNICIAN IN GASTRONOMIE": 10, "INVATATOR - EDUCATOARE": 46}, "limba_moderna": {"LIMBA ENGLEZA": 60}, "limba_materna": {"LIMBA ROMANA": 60}, "promotie_anterioara": {"DA": 11, "NU": 49}, "materii": {"LIMBA ROMANA": {"medie": 5.744915254237289, "reusita": 83.33333333333334, "cnt": 60}, "MATEMATICA TEHN": {"medie": 3.004166666666666, "reusita": 21.428571428571427, "cnt": 14}, "BIOLOGIE VEGETALA SI ANIMALA": {"medie": 5.262499999999999, "reusita": 50.0, "cnt": 4}, "GENERAL": {"medie": 5.8997023809523785, "reusita": 43.333333333333336, "cnt": 60}, "GEOGRAFIE": {"medie": 6.597727272727273, "reusita": 82.97872340425532, "cnt": 47}, "MATEMATICA PED": {"medie": 6.1544444444444455, "reusita": 71.73913043478261, "cnt": 46}, "PSIHOLOGIE": {"medie": 5.616666666666667, "reusita": 77.77777777777779, "cnt": 9}}, "nume": "LICEUL PEDAGOGIC \"STEFAN BANULESCU\" CALARASI\tC\u0103l\u0103ra\u0219i"}