{"specializari": {"FILOLOGIE": 20, "MATEMATICA-INFORMATICA": 15, "TEOLOGIE REFORMATA": 18}, "limba_moderna": {"LIMBA ENGLEZA": 38, "LIMBA GERMANA MODERNA": 15}, "limba_materna": {"LIMBA MAGHIARA": 53}, "promotie_anterioara": {"DA": 10, "NU": 43}, "materii": {"LIMBA ROMANA": {"medie": 5.345283018867924, "reusita": 79.24528301886792, "cnt": 53}, "GENERAL": {"medie": 6.758490566037737, "reusita": 71.69811320754717, "cnt": 53}, "GEOGRAFIE": {"medie": 7.770967741935485, "reusita": 100.0, "cnt": 31}, "ANATOMIE SI FIZIOLOGIE UMANA, GENETICA SI ECOLOGIE UMANA": {"medie": 6.550000000000001, "reusita": 100.0, "cnt": 3}, "LIMBA MAGHIARA (REAL)": {"medie": 7.130303030303029, "reusita": 96.96969696969697, "cnt": 33}, "MATEMATICA MATE-INFO": {"medie": 7.303333333333333, "reusita": 93.33333333333333, "cnt": 15}, "ISTORIE": {"medie": 7.386842105263156, "reusita": 100.0, "cnt": 38}, "FIZICA TEO": {"medie": 9.8, "reusita": 100.0, "cnt": 1}, "CHIMIE ANORGANICA TEO NIVEL I/II": {"medie": 6.57142857142857, "reusita": 85.71428571428571, "cnt": 7}, "FILOSOFIE": {"medie": 6.533333333333334, "reusita": 100.0, "cnt": 3}, "PSIHOLOGIE": {"medie": 6.6, "reusita": 100.0, "cnt": 4}, "INFORMATICA MI PASCAL": {"medie": 7.7875, "reusita": 100.0, "cnt": 4}, "LIMBA MAGHIARA (UMAN)": {"medie": 6.522499999999999, "reusita": 100.0, "cnt": 20}}, "nume": "LICEUL REFORMAT SATU MARE\tSatu-Mare"}