{"specializari": {"FILOLOGIE": 33, "MATEMATICA-INFORMATICA": 28}, "limba_moderna": {"LIMBA ENGLEZA": 57, "LIMBA GERMANA MODERNA": 4}, "limba_materna": {"LIMBA ROMANA": 61}, "promotie_anterioara": {"DA": 5, "NU": 56}, "materii": {"LIMBA ROMANA": {"medie": 7.891803278688525, "reusita": 98.36065573770492, "cnt": 61}, "GENERAL": {"medie": 7.760655737704919, "reusita": 91.80327868852459, "cnt": 61}, "GEOGRAFIE": {"medie": 7.945, "reusita": 90.0, "cnt": 10}, "ANATOMIE SI FIZIOLOGIE UMANA, GENETICA SI ECOLOGIE UMANA": {"medie": 7.675, "reusita": 100.0, "cnt": 8}, "MATEMATICA MATE-INFO": {"medie": 7.455357142857143, "reusita": 96.42857142857143, "cnt": 28}, "ISTORIE": {"medie": 7.578787878787878, "reusita": 96.96969696969697, "cnt": 33}, "LOGICA, ARGUMENTARE SI COMUNICARE": {"medie": 7.394999999999999, "reusita": 100.0, "cnt": 20}, "FIZICA TEO": {"medie": 8.316666666666665, "reusita": 100.0, "cnt": 3}, "INFORMATICA MI C/C++": {"medie": 7.983333333333334, "reusita": 100.0, "cnt": 12}, "CHIMIE ORGANICA TEO NIVEL I/II": {"medie": 9.010000000000002, "reusita": 100.0, "cnt": 5}, "PSIHOLOGIE": {"medie": 8.466666666666667, "reusita": 100.0, "cnt": 3}}, "nume": "LICEUL TEORETIC \"FILADELFIA\" SUCEAVA\tSuceava"}