{"specializari": {"FILOLOGIE": 60, "TEHNICIAN IN ACTIVITATI ECONOMICE": 28, "MATEMATICA-INFORMATICA": 19}, "limba_moderna": {"LIMBA FRANCEZA": 15, "LIMBA ENGLEZA": 92}, "limba_materna": {"LIMBA ROMANA": 107}, "promotie_anterioara": {"DA": 7, "NU": 100}, "materii": {"LIMBA ROMANA": {"medie": 6.947641509433961, "reusita": 94.39252336448598, "cnt": 107}, "MATEMATICA TEHN": {"medie": 6.6660714285714295, "reusita": 96.42857142857143, "cnt": 28}, "BIOLOGIE VEGETALA SI ANIMALA": {"medie": 7.895833333333335, "reusita": 100.0, "cnt": 12}, "GENERAL": {"medie": 7.165064102564107, "reusita": 72.89719626168224, "cnt": 107}, "GEOGRAFIE": {"medie": 8.056164383561642, "reusita": 97.33333333333334, "cnt": 75}, "MATEMATICA MATE-INFO": {"medie": 8.210526315789473, "reusita": 94.73684210526315, "cnt": 19}, "ISTORIE": {"medie": 6.035344827586205, "reusita": 75.0, "cnt": 60}, "LOGICA, ARGUMENTARE SI COMUNICARE": {"medie": 6.677272727272728, "reusita": 81.81818181818183, "cnt": 11}, "SOCIOLOGIE": {"medie": 6.75, "reusita": 100.0, "cnt": 2}, "FIZICA TEO": {"medie": 8.85, "reusita": 100.0, "cnt": 4}, "CHIMIE ORGANICA TEO NIVEL I/II": {"medie": 8.016666666666667, "reusita": 100.0, "cnt": 3}}, "nume": "LICEUL TEORETIC \"SERBAN VODA\", ORASUL SLANIC\tPrahova"}