{"specializari": {"STIINTE ALE NATURII": 38}, "limba_moderna": {"LIMBA ENGLEZA": 38}, "limba_materna": {"LIMBA ROMANA": 38}, "promotie_anterioara": {"DA": 3, "NU": 35}, "materii": {"LIMBA ROMANA": {"medie": 6.7662162162162165, "reusita": 89.47368421052632, "cnt": 38}, "GENERAL": {"medie": 6.854054054054055, "reusita": 60.526315789473685, "cnt": 38}, "ANATOMIE SI FIZIOLOGIE UMANA, GENETICA SI ECOLOGIE UMANA": {"medie": 7.9202702702702705, "reusita": 97.36842105263158, "cnt": 38}, "MATEMATICA ST-NAT": {"medie": 5.875675675675676, "reusita": 65.78947368421053, "cnt": 38}}, "nume": "LICEUL TEORETIC PECIU NOU\tTimi\u0219"}