{"specializari": {"STIINTE SOCIALE": 33, "MATEMATICA-INFORMATICA": 29, "TEHNICIAN IN ACTIVITATI ECONOMICE": 23, "TEHNICIAN IN AGRICULTURA": 4}, "limba_moderna": {"LIMBA ENGLEZA": 89}, "limba_materna": {"LIMBA ROMANA": 89}, "promotie_anterioara": {"DA": 23, "NU": 66}, "materii": {"LIMBA ROMANA": {"medie": 6.124404761904763, "reusita": 78.65168539325843, "cnt": 89}, "MATEMATICA TEHN": {"medie": 3.897500000000001, "reusita": 33.33333333333333, "cnt": 27}, "BIOLOGIE VEGETALA SI ANIMALA": {"medie": 3.6666666666666665, "reusita": 20.0, "cnt": 5}, "GENERAL": {"medie": 5.9616033755274245, "reusita": 42.69662921348314, "cnt": 89}, "GEOGRAFIE": {"medie": 5.392307692307693, "reusita": 64.28571428571429, "cnt": 14}, "ANATOMIE SI FIZIOLOGIE UMANA, GENETICA SI ECOLOGIE UMANA": {"medie": 5.840909090909091, "reusita": 72.72727272727273, "cnt": 22}, "MATEMATICA MATE-INFO": {"medie": 5.460344827586207, "reusita": 68.96551724137932, "cnt": 29}, "ISTORIE": {"medie": 6.081250000000002, "reusita": 75.75757575757575, "cnt": 33}, "LOGICA, ARGUMENTARE SI COMUNICARE": {"medie": 7.063888888888891, "reusita": 72.5, "cnt": 40}, "INFORMATICA MI C/C++": {"medie": 7.516666666666667, "reusita": 100.0, "cnt": 3}, "CHIMIE ORGANICA TEO NIVEL I/II": {"medie": 8.083333333333334, "reusita": 100.0, "cnt": 3}, "PSIHOLOGIE": {"medie": 7.5, "reusita": 100.0, "cnt": 2}}, "nume": "LICEUL COBADIN\tConstan\u021ba"}