{"specializari": {"FILOLOGIE": 30}, "limba_moderna": {"LIMBA ENGLEZA": 30}, "limba_materna": {"LIMBA ROMANA": 30}, "promotie_anterioara": {"DA": 3, "NU": 27}, "materii": {"LIMBA ROMANA": {"medie": 6.621666666666666, "reusita": 93.33333333333333, "cnt": 30}, "GENERAL": {"medie": 6.879444444444445, "reusita": 76.66666666666667, "cnt": 30}, "GEOGRAFIE": {"medie": 7.245652173913041, "reusita": 91.30434782608695, "cnt": 23}, "ISTORIE": {"medie": 6.613333333333332, "reusita": 90.0, "cnt": 30}, "SOCIOLOGIE": {"medie": 7.658333333333332, "reusita": 100.0, "cnt": 6}, "ECONOMIE": {"medie": 9.5, "reusita": 100.0, "cnt": 1}}, "nume": "LICEUL TEORETIC WALDORF\tBucure\u0219ti"}