{"specializari": {"MATEMATICA-INFORMATICA": 28, "TEHNICIAN IN TURISM": 36, "FILOLOGIE": 35}, "limba_moderna": {"LIMBA ENGLEZA": 99}, "limba_materna": {"LIMBA ROMANA": 99}, "promotie_anterioara": {"DA": 20, "NU": 79}, "materii": {"LIMBA ROMANA": {"medie": 6.078947368421055, "reusita": 74.74747474747475, "cnt": 99}, "MATEMATICA TEHN": {"medie": 2.529032258064516, "reusita": 22.22222222222222, "cnt": 36}, "BIOLOGIE VEGETALA SI ANIMALA": {"medie": 5.614285714285714, "reusita": 50.0, "cnt": 10}, "GENERAL": {"medie": 5.844194756554307, "reusita": 47.474747474747474, "cnt": 99}, "GEOGRAFIE": {"medie": 6.439344262295082, "reusita": 65.67164179104478, "cnt": 67}, "ANATOMIE SI FIZIOLOGIE UMANA, GENETICA SI ECOLOGIE UMANA": {"medie": 6.8374999999999995, "reusita": 91.66666666666666, "cnt": 12}, "MATEMATICA MATE-INFO": {"medie": 4.938461538461537, "reusita": 53.57142857142857, "cnt": 28}, "ISTORIE": {"medie": 6.944285714285713, "reusita": 97.14285714285714, "cnt": 35}, "LOGICA, ARGUMENTARE SI COMUNICARE": {"medie": 6.916666666666667, "reusita": 100.0, "cnt": 3}, "FIZICA TEO": {"medie": 6.15, "reusita": 80.0, "cnt": 5}, "INFORMATICA MI C/C++": {"medie": 9.0, "reusita": 100.0, "cnt": 1}, "PSIHOLOGIE": {"medie": 7.7, "reusita": 100.0, "cnt": 1}}, "nume": "LICEUL TEORETIC \"CARMEN SYLVA\" EFORIE\tConstan\u021ba"}