{"specializari": {"MATEMATICA-INFORMATICA": 25, "LICEU CU PROGRAM SPORTIV": 58, "STIINTE ALE NATURII": 29, "FILOLOGIE": 67, "STIINTE SOCIALE": 32}, "limba_moderna": {"LIMBA FRANCEZA": 48, "LIMBA ENGLEZA": 154, "LIMBA SPANIOLA": 9}, "limba_materna": {"LIMBA ROMANA": 211}, "promotie_anterioara": {"DA": 25, "NU": 186}, "materii": {"LIMBA ROMANA": {"medie": 6.876515151515154, "reusita": 87.67772511848341, "cnt": 211}, "GENERAL": {"medie": 6.822222222222222, "reusita": 63.507109004739334, "cnt": 211}, "GEOGRAFIE": {"medie": 6.961475409836068, "reusita": 79.6875, "cnt": 64}, "ANATOMIE SI FIZIOLOGIE UMANA, GENETICA SI ECOLOGIE UMANA": {"medie": 6.812222222222221, "reusita": 85.41666666666666, "cnt": 48}, "MATEMATICA ST-NAT": {"medie": 6.180769230769229, "reusita": 75.86206896551724, "cnt": 29}, "MATEMATICA MATE-INFO": {"medie": 6.590000000000001, "reusita": 96.0, "cnt": 25}, "ISTORIE": {"medie": 6.071232876712331, "reusita": 77.70700636942675, "cnt": 157}, "LOGICA, ARGUMENTARE SI COMUNICARE": {"medie": 7.996794871794876, "reusita": 85.71428571428571, "cnt": 84}, "SOCIOLOGIE": {"medie": 7.466666666666666, "reusita": 75.0, "cnt": 4}, "FIZICA TEO": {"medie": 7.333333333333333, "reusita": 100.0, "cnt": 6}, "FILOSOFIE": {"medie": 7.8, "reusita": 100.0, "cnt": 1}, "PSIHOLOGIE": {"medie": 7.987500000000001, "reusita": 100.0, "cnt": 4}}, "nume": "LICEUL TEORETIC \"STEFAN CEL MARE\" MUNICIPIUL RAMNICU SARAT\tBuz\u0103u"}