{"specializari": {"FILOLOGIE": 58, "MATEMATICA-INFORMATICA": 29, "INVATATOR - EDUCATOARE": 57, "EDUCATOR-PUERICULTOR": 1, "STIINTE ALE NATURII": 28}, "limba_moderna": {"LIMBA ENGLEZA": 149, "LIMBA FRANCEZA": 24}, "limba_materna": {"LIMBA ROMANA": 173}, "promotie_anterioara": {"DA": 8, "NU": 165}, "materii": {"LIMBA ROMANA": {"medie": 7.413872832369943, "reusita": 97.6878612716763, "cnt": 173}, "GENERAL": {"medie": 7.615895953757225, "reusita": 87.86127167630057, "cnt": 173}, "GEOGRAFIE": {"medie": 7.357692307692307, "reusita": 96.15384615384616, "cnt": 26}, "ANATOMIE SI FIZIOLOGIE UMANA, GENETICA SI ECOLOGIE UMANA": {"medie": 7.034523809523808, "reusita": 97.61904761904762, "cnt": 42}, "MATEMATICA PED": {"medie": 8.543859649122808, "reusita": 98.24561403508771, "cnt": 57}, "MATEMATICA ST-NAT": {"medie": 6.469642857142858, "reusita": 85.71428571428571, "cnt": 28}, "MATEMATICA MATE-INFO": {"medie": 7.470689655172413, "reusita": 89.65517241379311, "cnt": 29}, "ISTORIE": {"medie": 6.589830508474578, "reusita": 93.22033898305084, "cnt": 59}, "LOGICA, ARGUMENTARE SI COMUNICARE": {"medie": 8.782499999999997, "reusita": 98.75, "cnt": 80}, "SOCIOLOGIE": {"medie": 7.3, "reusita": 100.0, "cnt": 3}, "FIZICA TEO": {"medie": 8.485714285714286, "reusita": 100.0, "cnt": 14}, "INFORMATICA MI C/C++": {"medie": 5.0, "reusita": 100.0, "cnt": 1}, "PSIHOLOGIE": {"medie": 8.816666666666666, "reusita": 100.0, "cnt": 6}, "ECONOMIE": {"medie": 8.5, "reusita": 100.0, "cnt": 1}}, "nume": "LICEUL PEDAGOGIC \"MATEI BASARAB\" SLOBOZIA\tIalomi\u021ba"}