{"specializari": {"TEHNICIAN IN ACTIVITATI ECONOMICE": 19}, "limba_moderna": {"LIMBA ENGLEZA": 19}, "limba_materna": {"LIMBA ROMANA": 19}, "promotie_anterioara": {"DA": 6, "NU": 13}, "materii": {"LIMBA ROMANA": {"medie": 5.944444444444444, "reusita": 84.21052631578947, "cnt": 19}, "MATEMATICA TEHN": {"medie": 4.925, "reusita": 57.89473684210527, "cnt": 19}, "GENERAL": {"medie": 5.957843137254901, "reusita": 36.84210526315789, "cnt": 19}, "GEOGRAFIE": {"medie": 6.797368421052631, "reusita": 84.21052631578947, "cnt": 19}}, "nume": "LICEUL TEHNOLOGIC \"IOAN LUPAS\" SALISTE\tSibiu"}