{"specializari": {"FILOLOGIE": 86}, "limba_moderna": {"LIMBA ENGLEZA": 73, "LIMBA FRANCEZA": 1, "LIMBA GERMANA MODERNA": 12}, "limba_materna": {"LIMBA ROMANA": 86}, "promotie_anterioara": {"DA": 1, "NU": 85}, "materii": {"LIMBA ROMANA": {"medie": 7.773809523809523, "reusita": 96.51162790697676, "cnt": 86}, "GENERAL": {"medie": 8.08472222222222, "reusita": 95.34883720930233, "cnt": 86}, "GEOGRAFIE": {"medie": 9.128205128205126, "reusita": 100.0, "cnt": 39}, "ISTORIE": {"medie": 7.789880952380954, "reusita": 97.67441860465115, "cnt": 86}, "LOGICA, ARGUMENTARE SI COMUNICARE": {"medie": 8.389473684210527, "reusita": 90.0, "cnt": 20}, "SOCIOLOGIE": {"medie": 7.984374999999999, "reusita": 94.11764705882352, "cnt": 17}, "PSIHOLOGIE": {"medie": 9.28, "reusita": 100.0, "cnt": 5}, "ECONOMIE": {"medie": 8.09, "reusita": 100.0, "cnt": 5}}, "nume": "LICEUL TEORETIC \"ALEXANDRU VLAHUTA\"\tBucure\u0219ti"}