{"specializari": {"TEHNICIAN MECANIC PENTRU INTRETINERE SI REPARATII": 13, "STIINTE ALE NATURII": 4, "MATEMATICA-INFORMATICA": 28, "FILOLOGIE": 36}, "limba_moderna": {"LIMBA ENGLEZA": 79, "LIMBA FRANCEZA": 2}, "limba_materna": {"LIMBA ROMANA": 81}, "promotie_anterioara": {"DA": 16, "NU": 65}, "materii": {"LIMBA ROMANA": {"medie": 6.8478571428571415, "reusita": 75.30864197530865, "cnt": 81}, "MATEMATICA TEHN": {"medie": 5.25, "reusita": 30.76923076923077, "cnt": 13}, "BIOLOGIE VEGETALA SI ANIMALA": {"medie": 4.5, "reusita": 7.6923076923076925, "cnt": 13}, "GENERAL": {"medie": 6.975384615384614, "reusita": 58.0246913580247, "cnt": 81}, "GEOGRAFIE": {"medie": 6.8308823529411775, "reusita": 86.11111111111111, "cnt": 36}, "ANATOMIE SI FIZIOLOGIE UMANA, GENETICA SI ECOLOGIE UMANA": {"medie": 8.535714285714286, "reusita": 91.30434782608695, "cnt": 23}, "MATEMATICA ST-NAT": {"medie": 3.025, "reusita": 25.0, "cnt": 4}, "MATEMATICA MATE-INFO": {"medie": 7.9499999999999975, "reusita": 96.42857142857143, "cnt": 28}, "ISTORIE": {"medie": 5.6117647058823525, "reusita": 83.33333333333334, "cnt": 36}, "INFORMATICA MI C/C++": {"medie": 8.372222222222222, "reusita": 100.0, "cnt": 9}}, "nume": "LICEUL \"DR. LAZAR CHIRILA\" BAIA DE ARIES\tAlba"}