{"specializari": {"MATEMATICA-INFORMATICA": 13, "STIINTE SOCIALE": 28}, "limba_moderna": {"LIMBA FRANCEZA": 17, "LIMBA ENGLEZA": 24}, "limba_materna": {"LIMBA ROMANA": 41}, "promotie_anterioara": {"DA": 5, "NU": 36}, "materii": {"LIMBA ROMANA": {"medie": 5.608750000000001, "reusita": 60.97560975609756, "cnt": 41}, "BIOLOGIE VEGETALA SI ANIMALA": {"medie": 6.45, "reusita": 100.0, "cnt": 2}, "GENERAL": {"medie": 5.730416666666666, "reusita": 31.70731707317073, "cnt": 41}, "GEOGRAFIE": {"medie": 5.7, "reusita": 73.68421052631578, "cnt": 19}, "ANATOMIE SI FIZIOLOGIE UMANA, GENETICA SI ECOLOGIE UMANA": {"medie": 6.795454545454546, "reusita": 90.9090909090909, "cnt": 11}, "MATEMATICA MATE-INFO": {"medie": 6.150000000000001, "reusita": 76.92307692307693, "cnt": 13}, "ISTORIE": {"medie": 4.953571428571428, "reusita": 64.28571428571429, "cnt": 28}, "SOCIOLOGIE": {"medie": 6.5375000000000005, "reusita": 87.5, "cnt": 8}, "PSIHOLOGIE": {"medie": 7.95, "reusita": 100.0, "cnt": 1}}, "nume": "LICEUL TEORETIC \"ALEXANDRU MOCIONI\" CIACOVA\tTimi\u0219"}