{"specializari": {"MUZICA": 29, "ARTE PLASTICE SI DECORATIVE": 34, "ARHITECTURA, ARTE AMBIENTALE SI DESIGN": 25}, "limba_moderna": {"LIMBA ITALIANA": 15, "LIMBA ENGLEZA": 73}, "limba_materna": {"LIMBA ROMANA": 88}, "promotie_anterioara": {"DA": 5, "NU": 83}, "materii": {"LIMBA ROMANA": {"medie": 7.416477272727274, "reusita": 94.31818181818183, "cnt": 88}, "GENERAL": {"medie": 7.338068181818181, "reusita": 81.81818181818183, "cnt": 88}, "GEOGRAFIE": {"medie": 8.415625, "reusita": 100.0, "cnt": 16}, "ISTORIE": {"medie": 6.639772727272731, "reusita": 88.63636363636364, "cnt": 88}, "LOGICA, ARGUMENTARE SI COMUNICARE": {"medie": 7.831884057971016, "reusita": 97.10144927536231, "cnt": 69}, "PSIHOLOGIE": {"medie": 8.416666666666666, "reusita": 100.0, "cnt": 3}}, "nume": "LICEUL DE ARTE \"DINU LIPATTI\" PITESTI\tArge\u0219"}