{"specializari": {"ARTE PLASTICE SI DECORATIVE": 25, "MUZICA": 37}, "limba_moderna": {"LIMBA ENGLEZA": 62}, "limba_materna": {"LIMBA ROMANA": 62}, "promotie_anterioara": {"DA": 6, "NU": 56}, "materii": {"LIMBA ROMANA": {"medie": 6.537704918032786, "reusita": 88.70967741935483, "cnt": 62}, "GENERAL": {"medie": 6.871388888888888, "reusita": 66.12903225806451, "cnt": 62}, "GEOGRAFIE": {"medie": 7.636363636363637, "reusita": 90.9090909090909, "cnt": 11}, "ISTORIE": {"medie": 6.382258064516128, "reusita": 91.93548387096774, "cnt": 62}, "LOGICA, ARGUMENTARE SI COMUNICARE": {"medie": 7.420454545454546, "reusita": 88.88888888888889, "cnt": 45}, "FILOSOFIE": {"medie": 8.1, "reusita": 100.0, "cnt": 1}, "PSIHOLOGIE": {"medie": 7.68, "reusita": 100.0, "cnt": 5}}, "nume": "LICEUL DE ARTE \"VICTOR BRAUNER\", MUNICIPIUL PIATRA-NEAMT\tNeam\u021b"}