{"specializari": {"MATEMATICA-INFORMATICA": 39, "FILOLOGIE": 141}, "limba_moderna": {"LIMBA ENGLEZA": 167, "LIMBA FRANCEZA": 13}, "limba_materna": {"LIMBA ROMANA": 180}, "promotie_anterioara": {"DA": 48, "NU": 132}, "materii": {"LIMBA ROMANA": {"medie": 5.794512195121953, "reusita": 77.77777777777779, "cnt": 180}, "BIOLOGIE VEGETALA SI ANIMALA": {"medie": 5.6, "reusita": 80.0, "cnt": 5}, "GENERAL": {"medie": 5.8572327044025165, "reusita": 40.0, "cnt": 180}, "GEOGRAFIE": {"medie": 6.68545454545455, "reusita": 77.11864406779661, "cnt": 118}, "ANATOMIE SI FIZIOLOGIE UMANA, GENETICA SI ECOLOGIE UMANA": {"medie": 5.928846153846155, "reusita": 57.57575757575758, "cnt": 33}, "MATEMATICA MATE-INFO": {"medie": 3.3171875, "reusita": 28.205128205128204, "cnt": 39}, "ISTORIE": {"medie": 5.730303030303029, "reusita": 73.75886524822694, "cnt": 141}, "SOCIOLOGIE": {"medie": 5.582352941176471, "reusita": 77.77777777777779, "cnt": 18}, "FILOSOFIE": {"medie": 6.1, "reusita": 100.0, "cnt": 1}, "PSIHOLOGIE": {"medie": 6.3375, "reusita": 100.0, "cnt": 4}, "INFORMATICA MI PASCAL": {"medie": 8.7, "reusita": 100.0, "cnt": 1}}, "nume": "LICEUL TEORETIC \"CONSTANTIN NOICA\" ALEXANDRIA\tTeleorman"}