{"specializari": {"MATEMATICA-INFORMATICA": 25, "TEHNICIAN IN INDUSTRIA TEXTILA": 19, "FILOLOGIE": 56, "STIINTE ALE NATURII": 37, "TEHNICIAN DESIGNER VESTIMENTAR": 22}, "limba_moderna": {"LIMBA ENGLEZA": 140, "LIMBA FRANCEZA": 19}, "limba_materna": {"LIMBA ROMANA": 159}, "promotie_anterioara": {"DA": 28, "NU": 131}, "materii": {"LIMBA ROMANA": {"medie": 6.437179487179486, "reusita": 90.56603773584906, "cnt": 159}, "MATEMATICA TEHN": {"medie": 5.2105263157894735, "reusita": 65.85365853658537, "cnt": 41}, "BIOLOGIE VEGETALA SI ANIMALA": {"medie": 4.593548387096774, "reusita": 44.11764705882353, "cnt": 34}, "GENERAL": {"medie": 6.423684210526315, "reusita": 62.893081761006286, "cnt": 159}, "GEOGRAFIE": {"medie": 7.408333333333334, "reusita": 91.66666666666666, "cnt": 12}, "ANATOMIE SI FIZIOLOGIE UMANA, GENETICA SI ECOLOGIE UMANA": {"medie": 6.530555555555554, "reusita": 81.08108108108108, "cnt": 37}, "FIZICA TEH": {"medie": 8.080000000000002, "reusita": 100.0, "cnt": 5}, "MATEMATICA ST-NAT": {"medie": 5.955714285714284, "reusita": 83.78378378378379, "cnt": 37}, "MATEMATICA MATE-INFO": {"medie": 6.2620000000000005, "reusita": 92.0, "cnt": 25}, "ISTORIE": {"medie": 6.514545454545458, "reusita": 92.85714285714286, "cnt": 56}, "CHIMIE ANORGANICA TEH NIVEL I/II": {"medie": "-", "reusita": 0.0, "cnt": 1}, "CHIMIE ORGANICA TEH NIVEL I/II": {"medie": 6.0, "reusita": 100.0, "cnt": 1}, "LOGICA, ARGUMENTARE SI COMUNICARE": {"medie": 7.830952380952379, "reusita": 95.34883720930233, "cnt": 43}, "SOCIOLOGIE": {"medie": 5.15, "reusita": 100.0, "cnt": 1}, "FIZICA TEO": {"medie": 7.435714285714286, "reusita": 100.0, "cnt": 7}, "INFORMATICA MI C/C++": {"medie": 6.675, "reusita": 100.0, "cnt": 4}, "CHIMIE ORGANICA TEO NIVEL I/II": {"medie": 7.760714285714285, "reusita": 100.0, "cnt": 14}}, "nume": "LICEUL TEORETIC \"SFANTA MARIA\", LOCALITATEA GALATI\tGala\u021bi"}