{"specializari": {"STIINTE ALE NATURII": 58, "TEOLOGIE ORTODOXA": 39}, "limba_moderna": {"LIMBA ENGLEZA": 55, "LIMBA FRANCEZA": 42}, "limba_materna": {"LIMBA ROMANA": 97}, "promotie_anterioara": {"DA": 17, "NU": 80}, "materii": {"LIMBA ROMANA": {"medie": 7.015104166666668, "reusita": 94.84536082474226, "cnt": 97}, "BIOLOGIE VEGETALA SI ANIMALA": {"medie": 8.524999999999999, "reusita": 100.0, "cnt": 2}, "GENERAL": {"medie": 6.494791666666665, "reusita": 58.76288659793815, "cnt": 97}, "GEOGRAFIE": {"medie": 7.397222222222222, "reusita": 94.44444444444444, "cnt": 36}, "ANATOMIE SI FIZIOLOGIE UMANA, GENETICA SI ECOLOGIE UMANA": {"medie": 6.827999999999999, "reusita": 94.0, "cnt": 50}, "MATEMATICA ST-NAT": {"medie": 4.553448275862069, "reusita": 51.724137931034484, "cnt": 58}, "ISTORIE": {"medie": 6.607692307692307, "reusita": 87.17948717948718, "cnt": 39}, "LOGICA, ARGUMENTARE SI COMUNICARE": {"medie": 7.583333333333335, "reusita": 100.0, "cnt": 3}, "CHIMIE ANORGANICA TEO NIVEL I/II": {"medie": 5.891666666666667, "reusita": 83.33333333333334, "cnt": 6}}, "nume": "SEMINARUL TEOLOGIC LICEAL \"SF. IOSIF MARTURISITORUL\" BAIA MARE\tMaramure\u0219"}