{"specializari": {"TEOLOGIE ORTODOXA": 22}, "limba_moderna": {"LIMBA ENGLEZA": 22}, "limba_materna": {"LIMBA ROMANA": 22}, "promotie_anterioara": {"DA": 2, "NU": 20}, "materii": {"LIMBA ROMANA": {"medie": 7.845454545454545, "reusita": 95.45454545454545, "cnt": 22}, "GENERAL": {"medie": 7.746969696969696, "reusita": 95.45454545454545, "cnt": 22}, "GEOGRAFIE": {"medie": 6.714285714285714, "reusita": 85.71428571428571, "cnt": 7}, "ISTORIE": {"medie": 7.418181818181819, "reusita": 100.0, "cnt": 22}, "LOGICA, ARGUMENTARE SI COMUNICARE": {"medie": 8.566666666666666, "reusita": 100.0, "cnt": 15}}, "nume": "SEMINARUL TEOLOGIC ORTODOX \"SF.IOAN GURA DE AUR\" SLOBOZIA\tIalomi\u021ba"}