{"specializari": {"MATEMATICA-INFORMATICA": 58, "STIINTE SOCIALE": 40, "STIINTE ALE NATURII": 55, "FILOLOGIE": 49}, "limba_moderna": {"LIMBA FRANCEZA": 71, "LIMBA ENGLEZA": 130, "LIMBA SPANIOLA": 1}, "limba_materna": {"LIMBA ROMANA": 202}, "promotie_anterioara": {"NU": 195, "DA": 7}, "materii": {"LIMBA ROMANA": {"medie": 7.3462686567164175, "reusita": 94.55445544554455, "cnt": 202}, "MATEMATICA MATE-INFO": {"medie": 9.09051724137931, "reusita": 98.27586206896551, "cnt": 58}, "BIOLOGIE VEGETALA SI ANIMALA": {"medie": 5.8, "reusita": 100.0, "cnt": 1}, "GENERAL": {"medie": 8.180961857379765, "reusita": 91.0891089108911, "cnt": 202}, "CHIMIE ORGANICA TEO NIVEL I/II": {"medie": 9.141666666666666, "reusita": 100.0, "cnt": 24}, "INFORMATICA MI C/C++": {"medie": 8.694444444444445, "reusita": 100.0, "cnt": 18}, "ISTORIE": {"medie": 8.022471910112365, "reusita": 98.87640449438202, "cnt": 89}, "GEOGRAFIE": {"medie": 8.62142857142857, "reusita": 100.0, "cnt": 14}, "MATEMATICA ST-NAT": {"medie": 8.329999999999998, "reusita": 98.18181818181819, "cnt": 55}, "ANATOMIE SI FIZIOLOGIE UMANA, GENETICA SI ECOLOGIE UMANA": {"medie": 8.702127659574469, "reusita": 97.87234042553192, "cnt": 47}, "FIZICA TEO": {"medie": 8.530434782608694, "reusita": 100.0, "cnt": 23}, "LOGICA, ARGUMENTARE SI COMUNICARE": {"medie": 8.801600000000002, "reusita": 96.0, "cnt": 75}}, "nume": "COLEGIUL NATIONAL \"CUZA VODA\", MUN. HUSI\tVaslui"}