{"specializari": {"MATEMATICA-INFORMATICA": 99, "STIINTE SOCIALE": 33, "STIINTE ALE NATURII": 60, "FILOLOGIE": 31}, "limba_moderna": {"LIMBA ENGLEZA": 201, "LIMBA FRANCEZA": 20, "LIMBA SPANIOLA": 2}, "limba_materna": {"LIMBA ROMANA": 223}, "promotie_anterioara": {"NU": 223}, "materii": {"LIMBA ROMANA": {"medie": 8.253153153153152, "reusita": 99.10313901345292, "cnt": 223}, "MATEMATICA MATE-INFO": {"medie": 9.079797979797979, "reusita": 100.0, "cnt": 99}, "BIOLOGIE VEGETALA SI ANIMALA": {"medie": 7.525000000000001, "reusita": 100.0, "cnt": 6}, "GENERAL": {"medie": 8.558183183183182, "reusita": 98.65470852017937, "cnt": 223}, "CHIMIE ORGANICA TEO NIVEL I/II": {"medie": 9.386363636363638, "reusita": 100.0, "cnt": 11}, "INFORMATICA MI C/C++": {"medie": 8.656410256410258, "reusita": 100.0, "cnt": 39}, "ISTORIE": {"medie": 8.223015873015875, "reusita": 98.4375, "cnt": 64}, "GEOGRAFIE": {"medie": 8.894444444444446, "reusita": 94.73684210526315, "cnt": 19}, "PSIHOLOGIE": {"medie": 9.475, "reusita": 100.0, "cnt": 2}, "MATEMATICA ST-NAT": {"medie": 8.375000000000002, "reusita": 100.0, "cnt": 60}, "ANATOMIE SI FIZIOLOGIE UMANA, GENETICA SI ECOLOGIE UMANA": {"medie": 9.002816901408451, "reusita": 100.0, "cnt": 71}, "FIZICA TEO": {"medie": 7.6656249999999995, "reusita": 100.0, "cnt": 32}, "FILOSOFIE": {"medie": 9.7, "reusita": 100.0, "cnt": 1}, "ECONOMIE": {"medie": 9.528571428571428, "reusita": 100.0, "cnt": 7}, "LOGICA, ARGUMENTARE SI COMUNICARE": {"medie": 9.204285714285716, "reusita": 97.14285714285714, "cnt": 35}}, "nume": "COLEGIUL NATIONAL \"MIHAI EMINESCU\" BOTOSANI\tBoto\u0219ani"}