{"specializari": {"MATEMATICA-INFORMATICA": 41, "STIINTE ALE NATURII": 54, "STIINTE SOCIALE": 29, "FILOLOGIE": 29}, "limba_moderna": {"LIMBA ENGLEZA": 147, "LIMBA GERMANA MODERNA": 6}, "limba_materna": {"LIMBA MAGHIARA": 153}, "promotie_anterioara": {"NU": 147, "DA": 6}, "materii": {"LIMBA ROMANA": {"medie": 6.104276315789472, "reusita": 81.69934640522875, "cnt": 153}, "MATEMATICA MATE-INFO": {"medie": 8.224390243902441, "reusita": 97.5609756097561, "cnt": 41}, "GENERAL": {"medie": 7.530711920529802, "reusita": 76.47058823529412, "cnt": 153}, "CHIMIE ORGANICA TEO NIVEL I/II": {"medie": 7.594117647058823, "reusita": 100.0, "cnt": 17}, "ISTORIE": {"medie": 7.163157894736844, "reusita": 98.27586206896551, "cnt": 58}, "GEOGRAFIE": {"medie": 8.075675675675678, "reusita": 100.0, "cnt": 37}, "MATEMATICA ST-NAT": {"medie": 7.060185185185187, "reusita": 96.29629629629629, "cnt": 54}, "ANATOMIE SI FIZIOLOGIE UMANA, GENETICA SI ECOLOGIE UMANA": {"medie": 7.906521739130436, "reusita": 100.0, "cnt": 46}, "FIZICA TEO": {"medie": 6.0, "reusita": 50.0, "cnt": 2}, "FILOSOFIE": {"medie": 8.8, "reusita": 95.23809523809523, "cnt": 21}, "INFORMATICA MI PASCAL": {"medie": 8.443333333333333, "reusita": 100.0, "cnt": 30}, "LIMBA MAGHIARA (REAL)": {"medie": 8.92526315789474, "reusita": 100.0, "cnt": 95}, "LIMBA MAGHIARA (UMAN)": {"medie": 7.608771929824561, "reusita": 98.27586206896551, "cnt": 58}}, "nume": "COLEGIUL NATIONAL \"KOLCSEY FERENC\" SATU MARE\tSatu-Mare"}