{"specializari": {"STIINTE SOCIALE": 68, "FILOLOGIE": 63, "MATEMATICA-INFORMATICA": 84, "STIINTE ALE NATURII": 36}, "limba_moderna": {"LIMBA ENGLEZA": 242, "LIMBA FRANCEZA": 9}, "limba_materna": {"LIMBA ROMANA": 251}, "promotie_anterioara": {"NU": 248, "DA": 3}, "materii": {"LIMBA ROMANA": {"medie": 7.709561752988052, "reusita": 98.00796812749005, "cnt": 251}, "MATEMATICA MATE-INFO": {"medie": 8.541666666666668, "reusita": 100.0, "cnt": 84}, "BIOLOGIE VEGETALA SI ANIMALA": {"medie": 8.125, "reusita": 100.0, "cnt": 4}, "GENERAL": {"medie": 8.211819389110222, "reusita": 94.82071713147411, "cnt": 251}, "CHIMIE ORGANICA TEO NIVEL I/II": {"medie": 9.170731707317072, "reusita": 100.0, "cnt": 41}, "INFORMATICA MI C/C++": {"medie": 8.753333333333334, "reusita": 100.0, "cnt": 15}, "CHIMIE ANORGANICA TEO NIVEL I/II": {"medie": 7.835714285714286, "reusita": 100.0, "cnt": 28}, "ISTORIE": {"medie": 8.146946564885498, "reusita": 100.0, "cnt": 131}, "GEOGRAFIE": {"medie": 8.853623188405795, "reusita": 100.0, "cnt": 69}, "PSIHOLOGIE": {"medie": 6.366666666666667, "reusita": 66.66666666666666, "cnt": 3}, "MATEMATICA ST-NAT": {"medie": 8.41527777777778, "reusita": 100.0, "cnt": 36}, "ANATOMIE SI FIZIOLOGIE UMANA, GENETICA SI ECOLOGIE UMANA": {"medie": 8.814583333333331, "reusita": 100.0, "cnt": 24}, "FIZICA TEO": {"medie": 7.2375, "reusita": 87.5, "cnt": 8}, "FILOSOFIE": {"medie": 9.016666666666666, "reusita": 100.0, "cnt": 3}, "ECONOMIE": {"medie": 8.028571428571428, "reusita": 85.71428571428571, "cnt": 7}, "LOGICA, ARGUMENTARE SI COMUNICARE": {"medie": 9.370454545454544, "reusita": 100.0, "cnt": 22}, "SOCIOLOGIE": {"medie": 7.875925925925926, "reusita": 100.0, "cnt": 27}}, "nume": "COLEGIUL NATIONAL \"VASILE ALECSANDRI\" BACAU\tBac\u0103u"}