{"specializari": {"FILOLOGIE": 109, "MATEMATICA-INFORMATICA": 65}, "limba_moderna": {"LIMBA FRANCEZA": 54, "LIMBA ENGLEZA": 120}, "limba_materna": {"LIMBA ROMANA": 174}, "promotie_anterioara": {"NU": 165, "DA": 9}, "materii": {"LIMBA ROMANA": {"medie": 7.38843930635838, "reusita": 95.97701149425288, "cnt": 174}, "MATEMATICA MATE-INFO": {"medie": 7.85078125, "reusita": 98.46153846153847, "cnt": 65}, "BIOLOGIE VEGETALA SI ANIMALA": {"medie": 6.858333333333333, "reusita": 100.0, "cnt": 6}, "GENERAL": {"medie": 7.544797687861275, "reusita": 89.08045977011494, "cnt": 174}, "CHIMIE ORGANICA TEO NIVEL I/II": {"medie": 8.885714285714286, "reusita": 100.0, "cnt": 7}, "INFORMATICA MI C/C++": {"medie": 7.1625000000000005, "reusita": 100.0, "cnt": 12}, "ISTORIE": {"medie": 7.22889908256881, "reusita": 99.08256880733946, "cnt": 109}, "GEOGRAFIE": {"medie": 7.6, "reusita": 92.3076923076923, "cnt": 13}, "PSIHOLOGIE": {"medie": 7.644444444444444, "reusita": 100.0, "cnt": 9}, "ANATOMIE SI FIZIOLOGIE UMANA, GENETICA SI ECOLOGIE UMANA": {"medie": 8.254347826086956, "reusita": 91.66666666666666, "cnt": 24}, "FIZICA TEO": {"medie": 6.4875, "reusita": 81.25, "cnt": 16}, "FILOSOFIE": {"medie": 8.733333333333333, "reusita": 100.0, "cnt": 6}, "ECONOMIE": {"medie": 6.341666666666666, "reusita": 100.0, "cnt": 12}, "LOGICA, ARGUMENTARE SI COMUNICARE": {"medie": 9.725, "reusita": 100.0, "cnt": 2}, "SOCIOLOGIE": {"medie": 8.188805970149254, "reusita": 100.0, "cnt": 67}}, "nume": "COLEGIUL NATIONAL \"SCOALA CENTRALA\"\tBucure\u0219ti"}