{"specializari": {"MATEMATICA-INFORMATICA": 66, "STIINTE SOCIALE": 36, "STIINTE ALE NATURII": 25, "FILOLOGIE": 53, "LICEU CU PROGRAM SPORTIV": 2}, "limba_moderna": {"LIMBA ENGLEZA": 158, "LIMBA FRANCEZA": 24}, "limba_materna": {"LIMBA ROMANA": 182}, "promotie_anterioara": {"NU": 174, "DA": 8}, "materii": {"LIMBA ROMANA": {"medie": 6.52234636871508, "reusita": 86.81318681318682, "cnt": 182}, "MATEMATICA MATE-INFO": {"medie": 7.570000000000002, "reusita": 95.45454545454545, "cnt": 66}, "GENERAL": {"medie": 7.2091760299625465, "reusita": 81.31868131868131, "cnt": 182}, "CHIMIE ORGANICA TEO NIVEL I/II": {"medie": 9.55, "reusita": 100.0, "cnt": 1}, "INFORMATICA MI C/C++": {"medie": 8.825, "reusita": 100.0, "cnt": 2}, "ISTORIE": {"medie": 6.789444444444443, "reusita": 96.7032967032967, "cnt": 91}, "GEOGRAFIE": {"medie": 7.883707865168541, "reusita": 97.77777777777777, "cnt": 90}, "MATEMATICA ST-NAT": {"medie": 6.129166666666666, "reusita": 88.0, "cnt": 25}, "ANATOMIE SI FIZIOLOGIE UMANA, GENETICA SI ECOLOGIE UMANA": {"medie": 8.324999999999998, "reusita": 96.47058823529412, "cnt": 85}, "FIZICA TEO": {"medie": 7.266666666666667, "reusita": 100.0, "cnt": 3}, "SOCIOLOGIE": {"medie": 9.5, "reusita": 100.0, "cnt": 1}}, "nume": "COLEGIUL NATIONAL \"SAMUIL VULCAN\" BEIUS\tBihor"}