{"specializari": {"MATEMATICA-INFORMATICA": 69, "STIINTE ALE NATURII": 39, "STIINTE SOCIALE": 44, "FILOLOGIE": 40}, "limba_moderna": {"LIMBA ENGLEZA": 189, "LIMBA FRANCEZA": 3}, "limba_materna": {"LIMBA ROMANA": 192}, "promotie_anterioara": {"NU": 181, "DA": 11}, "materii": {"LIMBA ROMANA": {"medie": 7.384554973821985, "reusita": 95.3125, "cnt": 192}, "MATEMATICA MATE-INFO": {"medie": 7.28695652173913, "reusita": 88.40579710144928, "cnt": 69}, "BIOLOGIE VEGETALA SI ANIMALA": {"medie": 7.012857142857141, "reusita": 77.77777777777779, "cnt": 36}, "GENERAL": {"medie": 7.6504409171075825, "reusita": 82.8125, "cnt": 192}, "CHIMIE ORGANICA TEO NIVEL I/II": {"medie": 7.922727272727272, "reusita": 90.9090909090909, "cnt": 11}, "INFORMATICA MI C/C++": {"medie": 7.589473684210527, "reusita": 100.0, "cnt": 19}, "CHIMIE ANORGANICA TEO NIVEL I/II": {"medie": 7.894999999999999, "reusita": 100.0, "cnt": 10}, "ISTORIE": {"medie": 7.852976190476188, "reusita": 96.42857142857143, "cnt": 84}, "GEOGRAFIE": {"medie": 8.432051282051285, "reusita": 100.0, "cnt": 78}, "MATEMATICA ST-NAT": {"medie": 7.115789473684211, "reusita": 87.17948717948718, "cnt": 39}, "ANATOMIE SI FIZIOLOGIE UMANA, GENETICA SI ECOLOGIE UMANA": {"medie": 7.723076923076923, "reusita": 96.15384615384616, "cnt": 26}, "FIZICA TEO": {"medie": 9.88, "reusita": 83.33333333333334, "cnt": 6}, "FILOSOFIE": {"medie": 9.5, "reusita": 100.0, "cnt": 3}, "LOGICA, ARGUMENTARE SI COMUNICARE": {"medie": 9.7, "reusita": 100.0, "cnt": 1}, "SOCIOLOGIE": {"medie": 8.075, "reusita": 100.0, "cnt": 2}}, "nume": "COLEGIUL NATIONAL \"IANCU DE HUNEDOARA\" HUNEDOARA\tHunedoara"}