{"specializari": {"TEHNICIAN POLIGRAF": 92, "LICEU CU PROGRAM SPORTIV": 28, "TEHNICIAN PRODUCTIE FILM SI TELEVIZIUNE": 66, "TEHNICIAN OPERATOR PROCESARE TEXT IMAGINE": 49, "TEHNICIAN MECATRONIST": 12, "MATEMATICA-INFORMATICA": 42, "STIINTE ALE NATURII": 1}, "limba_moderna": {"LIMBA ENGLEZA": 286, "LIMBA FRANCEZA": 4}, "limba_materna": {"LIMBA ROMANA": 290}, "promotie_anterioara": {"DA": 100, "NU": 190}, "materii": {"LIMBA ROMANA": {"medie": 5.057067137809188, "reusita": 65.51724137931035, "cnt": 290}, "MATEMATICA MATE-INFO": {"medie": 3.353571428571429, "reusita": 33.33333333333333, "cnt": 42}, "BIOLOGIE VEGETALA SI ANIMALA": {"medie": 4.083018867924528, "reusita": 36.32286995515695, "cnt": 223}, "GENERAL": {"medie": 4.802029520295204, "reusita": 20.344827586206897, "cnt": 290}, "CHIMIE ORGANICA TEO NIVEL I/II": {"medie": "-", "reusita": 0.0, "cnt": 1}, "INFORMATICA MI C/C++": {"medie": 3.1499999999999995, "reusita": 0.0, "cnt": 10}, "CHIMIE ANORGANICA TEO NIVEL I/II": {"medie": 6.5, "reusita": 100.0, "cnt": 3}, "ISTORIE": {"medie": 5.585185185185185, "reusita": 82.14285714285714, "cnt": 28}, "GEOGRAFIE": {"medie": 6.716666666666667, "reusita": 92.85714285714286, "cnt": 28}, "MATEMATICA ST-NAT": {"medie": 7.85, "reusita": 100.0, "cnt": 1}, "MATEMATICA TEHN": {"medie": 5.028199052132702, "reusita": 56.16438356164384, "cnt": 219}, "FIZICA TEH": {"medie": 4.445, "reusita": 40.0, "cnt": 10}, "CHIMIE ANORGANICA TEH NIVEL I/II": {"medie": 6.075000000000001, "reusita": 73.33333333333333, "cnt": 15}}, "nume": "COLEGIUL TEHNIC \"MEDIA\"\tBucure\u0219ti"}