{"specializari": {"STIINTE ALE NATURII": 19, "FILOLOGIE": 39, "MATEMATICA-INFORMATICA": 21, "TEHNICIAN IN TURISM": 3, "TEHNICIAN OPERATOR TEHNICA DE CALCUL": 1}, "limba_moderna": {"LIMBA ENGLEZA": 67, "LIMBA FRANCEZA": 16}, "limba_materna": {"LIMBA ROMANA": 83}, "promotie_anterioara": {"NU": 79, "DA": 4}, "materii": {"LIMBA ROMANA": {"medie": 6.82987804878049, "reusita": 89.1566265060241, "cnt": 83}, "MATEMATICA MATE-INFO": {"medie": 7.500000000000002, "reusita": 95.23809523809523, "cnt": 21}, "BIOLOGIE VEGETALA SI ANIMALA": {"medie": 6.499999999999999, "reusita": 91.30434782608695, "cnt": 23}, "GENERAL": {"medie": 6.898353909465021, "reusita": 68.67469879518072, "cnt": 83}, "INFORMATICA MI C/C++": {"medie": 7.054166666666667, "reusita": 91.66666666666666, "cnt": 12}, "ISTORIE": {"medie": 6.644871794871796, "reusita": 89.74358974358975, "cnt": 39}, "GEOGRAFIE": {"medie": 7.774390243902439, "reusita": 88.09523809523809, "cnt": 42}, "MATEMATICA ST-NAT": {"medie": 5.118421052631579, "reusita": 73.68421052631578, "cnt": 19}, "ANATOMIE SI FIZIOLOGIE UMANA, GENETICA SI ECOLOGIE UMANA": {"medie": 8.066666666666666, "reusita": 100.0, "cnt": 6}, "MATEMATICA TEHN": {"medie": 6.233333333333334, "reusita": 75.0, "cnt": 4}}, "nume": "COLEGIUL NATIONAL \"AVRAM IANCU\" STEI\tBihor"}