{"specializari": {"MATEMATICA-INFORMATICA": 28, "FILOLOGIE": 34, "STIINTE ALE NATURII": 25, "STIINTE SOCIALE": 40}, "limba_moderna": {"LIMBA ENGLEZA": 122, "LIMBA FRANCEZA": 5}, "limba_materna": {"LIMBA ROMANA": 127}, "promotie_anterioara": {"NU": 110, "DA": 17}, "materii": {"LIMBA ROMANA": {"medie": 7.148818897637797, "reusita": 90.5511811023622, "cnt": 127}, "MATEMATICA MATE-INFO": {"medie": 8.27857142857143, "reusita": 96.42857142857143, "cnt": 28}, "GENERAL": {"medie": 7.660892388451442, "reusita": 84.25196850393701, "cnt": 127}, "CHIMIE ORGANICA TEO NIVEL I/II": {"medie": 9.05625, "reusita": 100.0, "cnt": 8}, "ISTORIE": {"medie": 7.293918918918919, "reusita": 98.64864864864865, "cnt": 74}, "GEOGRAFIE": {"medie": 8.378767123287673, "reusita": 98.63013698630137, "cnt": 73}, "MATEMATICA ST-NAT": {"medie": 7.2200000000000015, "reusita": 96.0, "cnt": 25}, "ANATOMIE SI FIZIOLOGIE UMANA, GENETICA SI ECOLOGIE UMANA": {"medie": 8.096153846153847, "reusita": 100.0, "cnt": 26}, "SOCIOLOGIE": {"medie": 7.4, "reusita": 100.0, "cnt": 1}, "INFORMATICA MI PASCAL": {"medie": 8.255263157894737, "reusita": 100.0, "cnt": 19}}, "nume": "COLEGIUL NATIONAL \"OCTAVIAN GOGA\" MIERCUREA CIUC\tHarghita"}