{"specializari": {"MATEMATICA-INFORMATICA": 21, "FILOLOGIE": 38, "STIINTE ALE NATURII": 34, "TEHNICIAN MECATRONIST": 35, "TEHNICIAN IN ACTIVITATI ECONOMICE": 35, "TEHNICIAN ELECTROTEHNIST": 23, "TEHNICIAN IN ACTIVITATI DE COMERT": 1, "TEHNICIAN IN CONSTRUCTII SI LUCRARI PUBLICE": 1}, "limba_moderna": {"LIMBA ENGLEZA": 164, "LIMBA FRANCEZA": 24}, "limba_materna": {"LIMBA ROMANA": 188}, "promotie_anterioara": {"NU": 167, "DA": 21}, "materii": {"LIMBA ROMANA": {"medie": 5.944623655913979, "reusita": 71.27659574468085, "cnt": 188}, "MATEMATICA MATE-INFO": {"medie": 7.988095238095238, "reusita": 95.23809523809523, "cnt": 21}, "BIOLOGIE VEGETALA SI ANIMALA": {"medie": 3.066666666666666, "reusita": 13.333333333333334, "cnt": 60}, "GENERAL": {"medie": 5.991252302025786, "reusita": 47.87234042553192, "cnt": 188}, "INFORMATICA MI C/C++": {"medie": 8.775, "reusita": 100.0, "cnt": 4}, "CHIMIE ANORGANICA TEO NIVEL I/II": {"medie": 4.637499999999999, "reusita": 50.0, "cnt": 4}, "ISTORIE": {"medie": 7.0065789473684195, "reusita": 97.36842105263158, "cnt": 38}, "GEOGRAFIE": {"medie": 7.428787878787878, "reusita": 92.53731343283582, "cnt": 67}, "PSIHOLOGIE": {"medie": 8.05, "reusita": 100.0, "cnt": 4}, "MATEMATICA ST-NAT": {"medie": 6.667647058823529, "reusita": 85.29411764705883, "cnt": 34}, "ANATOMIE SI FIZIOLOGIE UMANA, GENETICA SI ECOLOGIE UMANA": {"medie": 9.04777777777778, "reusita": 100.0, "cnt": 45}, "FIZICA TEO": {"medie": 8.6, "reusita": 100.0, "cnt": 1}, "FILOSOFIE": {"medie": 8.350000000000001, "reusita": 100.0, "cnt": 2}, "MATEMATICA TEHN": {"medie": 3.7022222222222223, "reusita": 33.68421052631579, "cnt": 95}, "ECONOMIE": {"medie": 3.55, "reusita": 0.0, "cnt": 1}}, "nume": "COLEGIUL \"MIHAI VITEAZUL\" INEU\tArad"}