{"specializari": {"MATEMATICA-INFORMATICA": 24, "TEHNICIAN IN ACTIVITATI ECONOMICE": 163, "ORGANIZATOR BANQUETING": 49, "TEHNICIAN IN GASTRONOMIE": 50, "TEHNICIAN IN TURISM": 49, "TEHNICIAN IN ADMINISTRATIE": 31, "TEHNICIAN IN ACTIVITATI DE COMERT": 29}, "limba_moderna": {"LIMBA FRANCEZA": 71, "LIMBA ENGLEZA": 323, "LIMBA RUSA": 1}, "limba_materna": {"LIMBA ROMANA": 395}, "promotie_anterioara": {"NU": 317, "DA": 78}, "materii": {"LIMBA ROMANA": {"medie": 6.42109374999999, "reusita": 89.1139240506329, "cnt": 395}, "MATEMATICA MATE-INFO": {"medie": 7.641666666666666, "reusita": 95.83333333333334, "cnt": 24}, "BIOLOGIE VEGETALA SI ANIMALA": {"medie": 7.047058823529411, "reusita": 88.23529411764706, "cnt": 17}, "GENERAL": {"medie": 7.121252204585547, "reusita": 77.46835443037975, "cnt": 395}, "INFORMATICA MI C/C++": {"medie": 8.87142857142857, "reusita": 100.0, "cnt": 7}, "GEOGRAFIE": {"medie": 7.334808259587021, "reusita": 94.88636363636364, "cnt": 352}, "PSIHOLOGIE": {"medie": 8.625, "reusita": 100.0, "cnt": 4}, "MATEMATICA TEHN": {"medie": 7.493277310924373, "reusita": 90.56603773584906, "cnt": 371}, "ECONOMIE": {"medie": 5.950000000000001, "reusita": 71.42857142857143, "cnt": 7}, "LOGICA, ARGUMENTARE SI COMUNICARE": {"medie": 9.10625, "reusita": 100.0, "cnt": 8}}, "nume": "COLEGIUL ECONOMIC \"ION GHICA\" BACAU\tBac\u0103u"}