{"specializari": {"FILOLOGIE": 68, "MATEMATICA-INFORMATICA": 191, "STIINTE ALE NATURII": 12, "STIINTE SOCIALE": 1}, "limba_moderna": {"LIMBA ENGLEZA": 262, "LIMBA FRANCEZA": 10}, "limba_materna": {"LIMBA ROMANA": 272}, "promotie_anterioara": {"NU": 230, "DA": 42}, "materii": {"LIMBA ROMANA": {"medie": 6.955514705882352, "reusita": 96.32352941176471, "cnt": 272}, "MATEMATICA MATE-INFO": {"medie": 6.449214659685863, "reusita": 80.6282722513089, "cnt": 191}, "BIOLOGIE VEGETALA SI ANIMALA": {"medie": 7.140068493150685, "reusita": 92.51700680272108, "cnt": 147}, "GENERAL": {"medie": 7.074169741697421, "reusita": 73.89705882352942, "cnt": 272}, "CHIMIE ORGANICA TEO NIVEL I/II": {"medie": 9.783333333333333, "reusita": 100.0, "cnt": 6}, "INFORMATICA MI C/C++": {"medie": 10.0, "reusita": 100.0, "cnt": 1}, "CHIMIE ANORGANICA TEO NIVEL I/II": {"medie": 6.7, "reusita": 100.0, "cnt": 1}, "ISTORIE": {"medie": 6.930434782608694, "reusita": 97.10144927536231, "cnt": 69}, "GEOGRAFIE": {"medie": 8.512727272727274, "reusita": 98.18181818181819, "cnt": 55}, "PSIHOLOGIE": {"medie": 8.72857142857143, "reusita": 100.0, "cnt": 7}, "MATEMATICA ST-NAT": {"medie": 4.5625, "reusita": 66.66666666666666, "cnt": 12}, "ANATOMIE SI FIZIOLOGIE UMANA, GENETICA SI ECOLOGIE UMANA": {"medie": 8.683333333333335, "reusita": 100.0, "cnt": 33}, "FIZICA TEO": {"medie": 7.0857142857142845, "reusita": 100.0, "cnt": 14}, "ECONOMIE": {"medie": 8.4, "reusita": 85.71428571428571, "cnt": 7}, "INFORMATICA MI PASCAL": {"medie": 9.65, "reusita": 100.0, "cnt": 1}}, "nume": "COLEGIUL NATIONAL \"ALEXANDRU IOAN CUZA\" ALEXANDRIA\tTeleorman"}