{"specializari": {"FILOLOGIE": 74, "STIINTE ALE NATURII": 85, "MATEMATICA-INFORMATICA": 46, "STIINTE SOCIALE": 40, "TEOLOGIE ORTODOXA": 1}, "limba_moderna": {"LIMBA ENGLEZA": 199, "LIMBA FRANCEZA": 47}, "limba_materna": {"LIMBA ROMANA": 246}, "promotie_anterioara": {"NU": 198, "DA": 48}, "materii": {"LIMBA ROMANA": {"medie": 6.233898305084743, "reusita": 79.26829268292683, "cnt": 246}, "MATEMATICA MATE-INFO": {"medie": 7.894565217391305, "reusita": 100.0, "cnt": 46}, "BIOLOGIE VEGETALA SI ANIMALA": {"medie": 4.872222222222223, "reusita": 60.0, "cnt": 10}, "GENERAL": {"medie": 6.296494992846926, "reusita": 53.65853658536586, "cnt": 246}, "CHIMIE ORGANICA TEO NIVEL I/II": {"medie": 8.88125, "reusita": 100.0, "cnt": 8}, "CHIMIE ANORGANICA TEO NIVEL I/II": {"medie": 7.1579999999999995, "reusita": 100.0, "cnt": 25}, "ISTORIE": {"medie": 5.934821428571427, "reusita": 85.21739130434783, "cnt": 115}, "GEOGRAFIE": {"medie": 7.6241379310344835, "reusita": 94.44444444444444, "cnt": 90}, "MATEMATICA ST-NAT": {"medie": 4.072435897435898, "reusita": 41.17647058823529, "cnt": 85}, "ANATOMIE SI FIZIOLOGIE UMANA, GENETICA SI ECOLOGIE UMANA": {"medie": 6.087500000000003, "reusita": 68.75, "cnt": 80}, "FIZICA TEO": {"medie": 8.206249999999999, "reusita": 100.0, "cnt": 8}, "LOGICA, ARGUMENTARE SI COMUNICARE": {"medie": 7.55, "reusita": 80.0, "cnt": 5}, "SOCIOLOGIE": {"medie": 6.047500000000001, "reusita": 75.0, "cnt": 20}}, "nume": "COLEGIUL NATIONAL \"ION LUCA CARAGIALE\" MORENI\tD\u00e2mbovi\u021ba"}