{"specializari": {"ARTE PLASTICE SI DECORATIVE": 23, "FILOLOGIE": 25, "CONSERVARE - RESTAURARE": 14, "ARHITECTURA, ARTE AMBIENTALE SI DESIGN": 25, "MUZICA": 29}, "limba_moderna": {"LIMBA ENGLEZA": 109, "LIMBA FRANCEZA": 7}, "limba_materna": {"LIMBA ROMANA": 116}, "promotie_anterioara": {"NU": 112, "DA": 4}, "materii": {"LIMBA ROMANA": {"medie": 7.552173913043479, "reusita": 98.27586206896551, "cnt": 116}, "GENERAL": {"medie": 7.657894736842104, "reusita": 90.51724137931035, "cnt": 116}, "ISTORIE": {"medie": 7.367826086956524, "reusita": 99.13793103448276, "cnt": 116}, "GEOGRAFIE": {"medie": 7.94923076923077, "reusita": 98.46153846153847, "cnt": 65}, "PSIHOLOGIE": {"medie": 8.266666666666667, "reusita": 75.0, "cnt": 4}, "FILOSOFIE": {"medie": 7.016666666666667, "reusita": 100.0, "cnt": 6}, "LOGICA, ARGUMENTARE SI COMUNICARE": {"medie": 8.413157894736841, "reusita": 100.0, "cnt": 38}, "SOCIOLOGIE": {"medie": 8.666666666666668, "reusita": 100.0, "cnt": 3}}, "nume": "COLEGIUL DE ARTA \"CIPRIAN PORUMBESCU\" SUCEAVA\tSuceava"}