{"specializari": {"INVATATOR - EDUCATOARE": 29, "MATEMATICA-INFORMATICA": 27, "STIINTE SOCIALE": 32, "FILOLOGIE": 32}, "limba_moderna": {"LIMBA ENGLEZA": 116, "LIMBA FRANCEZA": 4}, "limba_materna": {"LIMBA ROMANA": 120}, "promotie_anterioara": {"NU": 116, "DA": 4}, "materii": {"LIMBA ROMANA": {"medie": 7.385833333333336, "reusita": 98.33333333333333, "cnt": 120}, "MATEMATICA MATE-INFO": {"medie": 7.53888888888889, "reusita": 92.5925925925926, "cnt": 27}, "BIOLOGIE VEGETALA SI ANIMALA": {"medie": 5.88, "reusita": 80.0, "cnt": 5}, "GENERAL": {"medie": 7.70607344632768, "reusita": 84.16666666666667, "cnt": 120}, "INFORMATICA MI C/C++": {"medie": 7.916666666666668, "reusita": 100.0, "cnt": 9}, "CHIMIE ANORGANICA TEO NIVEL I/II": {"medie": 6.208333333333333, "reusita": 83.33333333333334, "cnt": 12}, "ISTORIE": {"medie": 7.199999999999999, "reusita": 95.3125, "cnt": 64}, "GEOGRAFIE": {"medie": 8.92463768115942, "reusita": 97.1830985915493, "cnt": 71}, "PSIHOLOGIE": {"medie": 6.749999999999999, "reusita": 71.42857142857143, "cnt": 7}, "FIZICA TEO": {"medie": 7.4, "reusita": 100.0, "cnt": 1}, "FILOSOFIE": {"medie": 8.775, "reusita": 100.0, "cnt": 2}, "MATEMATICA PED": {"medie": 9.2, "reusita": 100.0, "cnt": 29}, "SOCIOLOGIE": {"medie": 5.834615384615384, "reusita": 76.92307692307693, "cnt": 13}}, "nume": "COLEGIUL NATIONAL PEDAGOGIC \"REGINA MARIA\" DEVA\tHunedoara"}