{"specializari": {"MATEMATICA-INFORMATICA": 49, "STIINTE SOCIALE": 62, "STIINTE ALE NATURII": 42, "FILOLOGIE": 64}, "limba_moderna": {"LIMBA ENGLEZA": 202, "LIMBA FRANCEZA": 15}, "limba_materna": {"LIMBA ROMANA": 217}, "promotie_anterioara": {"NU": 198, "DA": 19}, "materii": {"LIMBA ROMANA": {"medie": 6.855555555555555, "reusita": 95.85253456221197, "cnt": 217}, "MATEMATICA MATE-INFO": {"medie": 8.536734693877547, "reusita": 100.0, "cnt": 49}, "BIOLOGIE VEGETALA SI ANIMALA": {"medie": "-", "reusita": 0.0, "cnt": 1}, "GENERAL": {"medie": 7.3972403100775175, "reusita": 83.41013824884793, "cnt": 217}, "CHIMIE ORGANICA TEO NIVEL I/II": {"medie": 8.483333333333334, "reusita": 88.88888888888889, "cnt": 9}, "INFORMATICA MI C/C++": {"medie": 8.799999999999999, "reusita": 100.0, "cnt": 3}, "CHIMIE ANORGANICA TEO NIVEL I/II": {"medie": 7.383333333333333, "reusita": 100.0, "cnt": 3}, "ISTORIE": {"medie": 7.128800000000001, "reusita": 96.82539682539682, "cnt": 126}, "GEOGRAFIE": {"medie": 8.614534883720925, "reusita": 98.85057471264368, "cnt": 87}, "PSIHOLOGIE": {"medie": 6.6, "reusita": 100.0, "cnt": 1}, "MATEMATICA ST-NAT": {"medie": 6.764285714285713, "reusita": 88.09523809523809, "cnt": 42}, "ANATOMIE SI FIZIOLOGIE UMANA, GENETICA SI ECOLOGIE UMANA": {"medie": 7.687671232876712, "reusita": 93.15068493150685, "cnt": 73}, "FIZICA TEO": {"medie": 7.285, "reusita": 100.0, "cnt": 2}, "ECONOMIE": {"medie": 6.55, "reusita": 100.0, "cnt": 1}, "LOGICA, ARGUMENTARE SI COMUNICARE": {"medie": 8.9, "reusita": 100.0, "cnt": 7}, "SOCIOLOGIE": {"medie": 6.396666666666667, "reusita": 86.66666666666667, "cnt": 30}}, "nume": "COLEGIUL NATIONAL \"GRIGORE GHICA\" DOROHOI\tBoto\u0219ani"}