{"specializari": {"TEHNICIAN IN ACTIVITATI ECONOMICE": 99, "TEHNICIAN IN ACHIZITII SI CONTRACTARI": 60, "MATEMATICA-INFORMATICA": 31, "TEHNICIAN IN TURISM": 30, "TEHNICIAN IN ACTIVITATI DE COMERT": 36, "ORGANIZATOR BANQUETING": 8, "TEHNICIAN IN GASTRONOMIE": 4}, "limba_moderna": {"LIMBA ENGLEZA": 228, "LIMBA FRANCEZA": 38, "LIMBA GERMANA MODERNA": 2}, "limba_materna": {"LIMBA ROMANA": 268}, "promotie_anterioara": {"DA": 26, "NU": 242}, "materii": {"LIMBA ROMANA": {"medie": 6.943584905660382, "reusita": 96.26865671641791, "cnt": 268}, "MATEMATICA MATE-INFO": {"medie": 7.7451612903225815, "reusita": 90.32258064516128, "cnt": 31}, "BIOLOGIE VEGETALA SI ANIMALA": {"medie": 7.104545454545456, "reusita": 90.9090909090909, "cnt": 11}, "GENERAL": {"medie": 7.768055555555558, "reusita": 87.31343283582089, "cnt": 268}, "CHIMIE ORGANICA TEO NIVEL I/II": {"medie": 8.175, "reusita": 100.0, "cnt": 2}, "CHIMIE ANORGANICA TEO NIVEL I/II": {"medie": 8.075, "reusita": 100.0, "cnt": 2}, "GEOGRAFIE": {"medie": 7.614953271028038, "reusita": 93.51851851851852, "cnt": 108}, "PSIHOLOGIE": {"medie": 6.383333333333333, "reusita": 100.0, "cnt": 3}, "ANATOMIE SI FIZIOLOGIE UMANA, GENETICA SI ECOLOGIE UMANA": {"medie": 7.48846153846154, "reusita": 92.3076923076923, "cnt": 13}, "FIZICA TEO": {"medie": 8.333333333333334, "reusita": 100.0, "cnt": 3}, "MATEMATICA TEHN": {"medie": 8.586595744680853, "reusita": 94.51476793248945, "cnt": 237}, "ECONOMIE": {"medie": 7.668749999999999, "reusita": 100.0, "cnt": 8}, "LOGICA, ARGUMENTARE SI COMUNICARE": {"medie": 8.234745762711867, "reusita": 96.61016949152543, "cnt": 118}}, "nume": "COLEGIUL ECONOMIC \"VIRGIL MADGEARU\", MUNICIPIUL PLOIESTI\tPrahova"}