{"specializari": {"MATEMATICA-INFORMATICA": 106, "FILOLOGIE": 59, "STIINTE ALE NATURII": 32, "STIINTE SOCIALE": 36}, "limba_moderna": {"LIMBA ENGLEZA": 206, "LIMBA FRANCEZA": 27}, "limba_materna": {"LIMBA ROMANA": 233}, "promotie_anterioara": {"NU": 228, "DA": 5}, "materii": {"LIMBA ROMANA": {"medie": 7.560560344827584, "reusita": 99.57081545064378, "cnt": 233}, "MATEMATICA MATE-INFO": {"medie": 8.272169811320754, "reusita": 97.16981132075472, "cnt": 106}, "BIOLOGIE VEGETALA SI ANIMALA": {"medie": 7.7250000000000005, "reusita": 100.0, "cnt": 2}, "GENERAL": {"medie": 8.050360750360747, "reusita": 92.27467811158799, "cnt": 233}, "CHIMIE ORGANICA TEO NIVEL I/II": {"medie": 9.206666666666667, "reusita": 100.0, "cnt": 15}, "INFORMATICA MI C/C++": {"medie": 7.11851851851852, "reusita": 92.5925925925926, "cnt": 27}, "CHIMIE ANORGANICA TEO NIVEL I/II": {"medie": 3.4749999999999996, "reusita": 0.0, "cnt": 2}, "ISTORIE": {"medie": 8.329255319148936, "reusita": 98.94736842105263, "cnt": 95}, "GEOGRAFIE": {"medie": 8.344444444444443, "reusita": 97.82608695652173, "cnt": 46}, "PSIHOLOGIE": {"medie": 8.91, "reusita": 100.0, "cnt": 5}, "MATEMATICA ST-NAT": {"medie": 8.657812499999999, "reusita": 96.875, "cnt": 32}, "ANATOMIE SI FIZIOLOGIE UMANA, GENETICA SI ECOLOGIE UMANA": {"medie": 8.166923076923077, "reusita": 93.84615384615384, "cnt": 65}, "FIZICA TEO": {"medie": 7.894444444444442, "reusita": 100.0, "cnt": 27}, "ECONOMIE": {"medie": 8.164285714285715, "reusita": 100.0, "cnt": 7}, "LOGICA, ARGUMENTARE SI COMUNICARE": {"medie": 9.076562499999998, "reusita": 96.875, "cnt": 32}, "SOCIOLOGIE": {"medie": 8.559999999999999, "reusita": 100.0, "cnt": 5}}, "nume": "COLEGIUL NATIONAL \"A.T.LAURIAN\" BOTOSANI\tBoto\u0219ani"}