{"specializari": {"STIINTE ALE NATURII": 32, "MATEMATICA-INFORMATICA": 53, "FILOLOGIE": 62, "STIINTE SOCIALE": 30, "INVATATOR - EDUCATOARE": 28}, "limba_moderna": {"LIMBA ENGLEZA": 200, "LIMBA GERMANA MODERNA": 2, "LIMBA FRANCEZA": 3}, "limba_materna": {"LIMBA ROMANA": 205}, "promotie_anterioara": {"NU": 194, "DA": 11}, "materii": {"LIMBA ROMANA": {"medie": 7.241089108910892, "reusita": 92.19512195121952, "cnt": 205}, "MATEMATICA MATE-INFO": {"medie": 7.28653846153846, "reusita": 88.67924528301887, "cnt": 53}, "BIOLOGIE VEGETALA SI ANIMALA": {"medie": 7.417999999999999, "reusita": 90.0, "cnt": 50}, "GENERAL": {"medie": 7.416000000000004, "reusita": 81.46341463414633, "cnt": 205}, "INFORMATICA MI C/C++": {"medie": 7.46470588235294, "reusita": 100.0, "cnt": 17}, "ISTORIE": {"medie": 7.0651685393258425, "reusita": 95.65217391304348, "cnt": 92}, "GEOGRAFIE": {"medie": 8.13201754385965, "reusita": 97.43589743589743, "cnt": 117}, "PSIHOLOGIE": {"medie": 8.125, "reusita": 100.0, "cnt": 2}, "MATEMATICA ST-NAT": {"medie": 6.3129032258064495, "reusita": 90.625, "cnt": 32}, "ANATOMIE SI FIZIOLOGIE UMANA, GENETICA SI ECOLOGIE UMANA": {"medie": 8.104545454545454, "reusita": 90.9090909090909, "cnt": 11}, "FILOSOFIE": {"medie": 7.0, "reusita": 100.0, "cnt": 1}, "MATEMATICA PED": {"medie": 7.660714285714285, "reusita": 100.0, "cnt": 28}, "INFORMATICA MI PASCAL": {"medie": 8.164285714285713, "reusita": 100.0, "cnt": 7}}, "nume": "COLEGIUL NATIONAL \"IOAN SLAVICI\" SATU MARE\tSatu-Mare"}