{"specializari": {"FILOLOGIE": 32, "MATEMATICA-INFORMATICA": 125}, "limba_moderna": {"LIMBA ENGLEZA": 138, "LIMBA FRANCEZA": 19}, "limba_materna": {"LIMBA ROMANA": 157}, "promotie_anterioara": {"NU": 146, "DA": 11}, "materii": {"LIMBA ROMANA": {"medie": 7.778343949044582, "reusita": 96.81528662420382, "cnt": 157}, "MATEMATICA MATE-INFO": {"medie": 7.657999999999998, "reusita": 89.60000000000001, "cnt": 125}, "GENERAL": {"medie": 7.798513800424628, "reusita": 87.26114649681529, "cnt": 157}, "CHIMIE ORGANICA TEO NIVEL I/II": {"medie": 8.429999999999998, "reusita": 100.0, "cnt": 15}, "INFORMATICA MI C/C++": {"medie": 8.53888888888889, "reusita": 100.0, "cnt": 9}, "ISTORIE": {"medie": 7.971875, "reusita": 100.0, "cnt": 32}, "GEOGRAFIE": {"medie": 8.81346153846154, "reusita": 100.0, "cnt": 26}, "PSIHOLOGIE": {"medie": 8.7, "reusita": 100.0, "cnt": 2}, "ANATOMIE SI FIZIOLOGIE UMANA, GENETICA SI ECOLOGIE UMANA": {"medie": 7.02258064516129, "reusita": 91.93548387096774, "cnt": 62}, "FIZICA TEO": {"medie": 8.289743589743592, "reusita": 100.0, "cnt": 39}, "ECONOMIE": {"medie": 6.2, "reusita": 100.0, "cnt": 2}, "SOCIOLOGIE": {"medie": 9.3, "reusita": 100.0, "cnt": 2}}, "nume": "COLEGIUL NATIONAL \"TRAIAN\"\tMehedin\u021bi"}