{"specializari": {"STIINTE ALE NATURII": 31, "STIINTE SOCIALE": 35, "MATEMATICA-INFORMATICA": 94, "FILOLOGIE": 35}, "limba_moderna": {"LIMBA FRANCEZA": 32, "LIMBA ENGLEZA": 163}, "limba_materna": {"LIMBA ROMANA": 195}, "promotie_anterioara": {"NU": 190, "DA": 5}, "materii": {"LIMBA ROMANA": {"medie": 7.837692307692312, "reusita": 98.46153846153847, "cnt": 195}, "MATEMATICA MATE-INFO": {"medie": 8.417553191489365, "reusita": 97.87234042553192, "cnt": 94}, "BIOLOGIE VEGETALA SI ANIMALA": {"medie": 8.795384615384616, "reusita": 98.46153846153847, "cnt": 65}, "GENERAL": {"medie": 8.196048109965632, "reusita": 95.38461538461539, "cnt": 195}, "CHIMIE ORGANICA TEO NIVEL I/II": {"medie": 8.908064516129032, "reusita": 100.0, "cnt": 31}, "ISTORIE": {"medie": 7.343571428571428, "reusita": 100.0, "cnt": 70}, "GEOGRAFIE": {"medie": 8.934328358208953, "reusita": 98.50746268656717, "cnt": 67}, "MATEMATICA ST-NAT": {"medie": 7.772580645161291, "reusita": 93.54838709677419, "cnt": 31}, "ANATOMIE SI FIZIOLOGIE UMANA, GENETICA SI ECOLOGIE UMANA": {"medie": 8.825, "reusita": 100.0, "cnt": 2}, "FIZICA TEO": {"medie": 8.029629629629628, "reusita": 100.0, "cnt": 27}, "FILOSOFIE": {"medie": 9.45, "reusita": 100.0, "cnt": 1}, "ECONOMIE": {"medie": 8.7, "reusita": 100.0, "cnt": 2}}, "nume": "COLEGIUL NATIONAL \"GEORGE COSBUC\" MOTRU\tGorj"}