{"specializari": {"FILOLOGIE": 33, "MATEMATICA-INFORMATICA": 18, "TEHNICIAN IN INDUSTRIA ALIMENTARA": 15, "TEHNICIAN IN ACTIVITATI ECONOMICE": 68, "TEHNICIAN MECANIC PENTRU INTRETINERE SI REPARATII": 21, "TEHNICIAN ELECTRONIST": 15, "TEHNICIAN ELECTROMECANIC": 1, "TEHNICIAN PROIECTANT CAD": 1, "TEHNICIAN OPERATOR TEHNICA DE CALCUL": 1}, "limba_moderna": {"LIMBA FRANCEZA": 83, "LIMBA ENGLEZA": 90}, "limba_materna": {"LIMBA ROMANA": 173}, "promotie_anterioara": {"NU": 116, "DA": 57}, "materii": {"LIMBA ROMANA": {"medie": 5.650581395348838, "reusita": 80.34682080924856, "cnt": 173}, "MATEMATICA MATE-INFO": {"medie": 6.794444444444443, "reusita": 100.0, "cnt": 18}, "BIOLOGIE VEGETALA SI ANIMALA": {"medie": 2.707692307692308, "reusita": 15.384615384615385, "cnt": 13}, "GENERAL": {"medie": 5.737425149700598, "reusita": 42.77456647398844, "cnt": 173}, "ISTORIE": {"medie": 6.427272727272727, "reusita": 96.96969696969697, "cnt": 33}, "GEOGRAFIE": {"medie": 7.874747474747475, "reusita": 98.01980198019803, "cnt": 101}, "ANATOMIE SI FIZIOLOGIE UMANA, GENETICA SI ECOLOGIE UMANA": {"medie": 5.408823529411764, "reusita": 64.70588235294117, "cnt": 34}, "MATEMATICA TEHN": {"medie": 4.433050847457627, "reusita": 56.557377049180324, "cnt": 122}, "FIZICA TEH": {"medie": 3.3391304347826085, "reusita": 32.0, "cnt": 25}}, "nume": "COLEGIUL TEHNIC MATASARI\tGorj"}