{"specializari": {"TEHNICIAN IN HOTELARIE": 74, "TEHNICIAN IN ACTIVITATI ECONOMICE": 160, "TEHNICIAN IN ACTIVITATI DE COMERT": 28}, "limba_moderna": {"LIMBA ENGLEZA": 240, "LIMBA FRANCEZA": 3, "LIMBA SPANIOLA": 19}, "limba_materna": {"LIMBA ROMANA": 262}, "promotie_anterioara": {"DA": 102, "NU": 160}, "materii": {"LIMBA ROMANA": {"medie": 5.369094488188977, "reusita": 72.90076335877863, "cnt": 262}, "GENERAL": {"medie": 6.289784946236558, "reusita": 53.05343511450382, "cnt": 262}, "GEOGRAFIE": {"medie": 7.047767857142851, "reusita": 93.47826086956522, "cnt": 230}, "PSIHOLOGIE": {"medie": 5.05, "reusita": 50.0, "cnt": 2}, "MATEMATICA TEHN": {"medie": 6.67380952380953, "reusita": 80.91603053435115, "cnt": 262}, "ECONOMIE": {"medie": 4.596666666666666, "reusita": 56.666666666666664, "cnt": 30}}, "nume": "COLEGIUL ECONOMIC \"HERMES\"\tBucure\u0219ti"}