{"specializari": {"MATEMATICA-INFORMATICA": 48, "STIINTE ALE NATURII": 23, "FILOLOGIE": 35}, "limba_moderna": {"LIMBA ENGLEZA": 95, "LIMBA FRANCEZA": 11}, "limba_materna": {"LIMBA ROMANA": 106}, "promotie_anterioara": {"NU": 96, "DA": 10}, "materii": {"LIMBA ROMANA": {"medie": 7.618269230769229, "reusita": 95.28301886792453, "cnt": 106}, "MATEMATICA MATE-INFO": {"medie": 8.658333333333335, "reusita": 97.91666666666666, "cnt": 48}, "BIOLOGIE VEGETALA SI ANIMALA": {"medie": 7.91774193548387, "reusita": 96.875, "cnt": 32}, "GENERAL": {"medie": 7.811812297734628, "reusita": 85.84905660377359, "cnt": 106}, "CHIMIE ORGANICA TEO NIVEL I/II": {"medie": 10.0, "reusita": 100.0, "cnt": 1}, "INFORMATICA MI C/C++": {"medie": 8.79736842105263, "reusita": 100.0, "cnt": 19}, "ISTORIE": {"medie": 6.695454545454544, "reusita": 88.57142857142857, "cnt": 35}, "GEOGRAFIE": {"medie": 7.5983333333333345, "reusita": 93.75, "cnt": 32}, "PSIHOLOGIE": {"medie": 6.766666666666667, "reusita": 100.0, "cnt": 3}, "MATEMATICA ST-NAT": {"medie": 7.310869565217393, "reusita": 100.0, "cnt": 23}, "ANATOMIE SI FIZIOLOGIE UMANA, GENETICA SI ECOLOGIE UMANA": {"medie": 8.626666666666665, "reusita": 100.0, "cnt": 15}, "FIZICA TEO": {"medie": 6.725, "reusita": 100.0, "cnt": 4}}, "nume": "COLEGIUL NATIONAL \"TRAIAN LALESCU\" RESITA\tCara\u0219-Severin"}