{"specializari": {"FILOLOGIE": 132, "MATEMATICA-INFORMATICA": 108, "STIINTE ALE NATURII": 34, "STIINTE SOCIALE": 34}, "limba_moderna": {"LIMBA ENGLEZA": 278, "LIMBA FRANCEZA": 20, "LIMBA GERMANA MODERNA": 10}, "limba_materna": {"LIMBA ROMANA": 226, "LIMBA MAGHIARA": 82}, "promotie_anterioara": {"NU": 301, "DA": 7}, "materii": {"LIMBA ROMANA": {"medie": 7.638762214983713, "reusita": 97.07792207792207, "cnt": 308}, "MATEMATICA MATE-INFO": {"medie": 7.914351851851852, "reusita": 99.07407407407408, "cnt": 108}, "BIOLOGIE VEGETALA SI ANIMALA": {"medie": 7.916666666666667, "reusita": 100.0, "cnt": 3}, "GENERAL": {"medie": 8.216612377850161, "reusita": 93.83116883116884, "cnt": 308}, "CHIMIE ORGANICA TEO NIVEL I/II": {"medie": 9.316666666666666, "reusita": 100.0, "cnt": 6}, "INFORMATICA MI C/C++": {"medie": 8.042499999999999, "reusita": 100.0, "cnt": 60}, "ISTORIE": {"medie": 8.187575757575756, "reusita": 95.78313253012048, "cnt": 166}, "GEOGRAFIE": {"medie": 8.363636363636356, "reusita": 99.0, "cnt": 100}, "PSIHOLOGIE": {"medie": 9.11875, "reusita": 100.0, "cnt": 8}, "MATEMATICA ST-NAT": {"medie": 8.774999999999999, "reusita": 100.0, "cnt": 34}, "ANATOMIE SI FIZIOLOGIE UMANA, GENETICA SI ECOLOGIE UMANA": {"medie": 8.93972602739726, "reusita": 100.0, "cnt": 73}, "FILOSOFIE": {"medie": 5.7, "reusita": 100.0, "cnt": 1}, "ECONOMIE": {"medie": 7.95, "reusita": 100.0, "cnt": 2}, "LOGICA, ARGUMENTARE SI COMUNICARE": {"medie": 9.617272727272733, "reusita": 100.0, "cnt": 55}, "LIMBA MAGHIARA (REAL)": {"medie": 7.798039215686275, "reusita": 100.0, "cnt": 51}, "LIMBA MAGHIARA (UMAN)": {"medie": 7.666129032258063, "reusita": 96.7741935483871, "cnt": 31}}, "nume": "COLEGIUL NATIONAL \"MIHAI EMINESCU\" ORADEA\tBihor"}