{"specializari": {"MATEMATICA-INFORMATICA": 57, "STIINTE ALE NATURII": 64, "STIINTE SOCIALE": 34, "FILOLOGIE": 34}, "limba_moderna": {"LIMBA ENGLEZA": 182, "LIMBA FRANCEZA": 6, "LIMBA SPANIOLA": 1}, "limba_materna": {"LIMBA ROMANA": 189}, "promotie_anterioara": {"NU": 189}, "materii": {"LIMBA ROMANA": {"medie": 6.927513227513227, "reusita": 97.88359788359789, "cnt": 189}, "MATEMATICA MATE-INFO": {"medie": 7.915789473684212, "reusita": 96.49122807017544, "cnt": 57}, "BIOLOGIE VEGETALA SI ANIMALA": {"medie": 7.86875, "reusita": 100.0, "cnt": 16}, "GENERAL": {"medie": 7.429982363315694, "reusita": 87.3015873015873, "cnt": 189}, "CHIMIE ORGANICA TEO NIVEL I/II": {"medie": 7.280000000000001, "reusita": 100.0, "cnt": 5}, "INFORMATICA MI C/C++": {"medie": 6.875, "reusita": 75.0, "cnt": 4}, "CHIMIE ANORGANICA TEO NIVEL I/II": {"medie": 7.616666666666667, "reusita": 100.0, "cnt": 3}, "ISTORIE": {"medie": 7.2411764705882335, "reusita": 92.64705882352942, "cnt": 68}, "GEOGRAFIE": {"medie": 8.392708333333337, "reusita": 100.0, "cnt": 48}, "MATEMATICA ST-NAT": {"medie": 7.26953125, "reusita": 92.1875, "cnt": 64}, "ANATOMIE SI FIZIOLOGIE UMANA, GENETICA SI ECOLOGIE UMANA": {"medie": 7.701875000000001, "reusita": 100.0, "cnt": 80}, "FIZICA TEO": {"medie": 6.449999999999999, "reusita": 84.61538461538461, "cnt": 13}, "ECONOMIE": {"medie": 8.225, "reusita": 100.0, "cnt": 2}, "LOGICA, ARGUMENTARE SI COMUNICARE": {"medie": 9.038888888888888, "reusita": 100.0, "cnt": 18}}, "nume": "COLEGIUL NATIONAL \"MIHAI EMINESCU\" CONSTANTA\tConstan\u021ba"}