{"specializari": {"MATEMATICA-INFORMATICA": 46, "FILOLOGIE": 58, "STIINTE ALE NATURII": 31}, "limba_moderna": {"LIMBA ENGLEZA": 135}, "limba_materna": {"LIMBA ROMANA": 135}, "promotie_anterioara": {"NU": 133, "DA": 2}, "materii": {"LIMBA ROMANA": {"medie": 7.355597014925375, "reusita": 97.03703703703704, "cnt": 135}, "MATEMATICA MATE-INFO": {"medie": 8.379347826086958, "reusita": 97.82608695652173, "cnt": 46}, "BIOLOGIE VEGETALA SI ANIMALA": {"medie": 7.461538461538461, "reusita": 96.15384615384616, "cnt": 26}, "GENERAL": {"medie": 7.712437810945276, "reusita": 90.37037037037037, "cnt": 135}, "CHIMIE ORGANICA TEO NIVEL I/II": {"medie": 8.326, "reusita": 100.0, "cnt": 25}, "INFORMATICA MI C/C++": {"medie": 8.15, "reusita": 92.3076923076923, "cnt": 13}, "ISTORIE": {"medie": 7.617241379310342, "reusita": 98.27586206896551, "cnt": 58}, "GEOGRAFIE": {"medie": 8.477678571428573, "reusita": 100.0, "cnt": 56}, "PSIHOLOGIE": {"medie": 7.45, "reusita": 100.0, "cnt": 1}, "MATEMATICA ST-NAT": {"medie": 6.83548387096774, "reusita": 93.54838709677419, "cnt": 31}, "ANATOMIE SI FIZIOLOGIE UMANA, GENETICA SI ECOLOGIE UMANA": {"medie": 7.407692307692307, "reusita": 100.0, "cnt": 13}, "FILOSOFIE": {"medie": 6.55, "reusita": 100.0, "cnt": 1}}, "nume": "COLEGIUL NATIONAL \"VASILE GOLDIS\" ARAD\tArad"}