{"specializari": {"MATEMATICA-INFORMATICA": 109, "STIINTE ALE NATURII": 35, "STIINTE SOCIALE": 45}, "limba_moderna": {"LIMBA ENGLEZA": 163, "LIMBA FRANCEZA": 2, "LIMBA SPANIOLA": 23, "LIMBA GERMANA MODERNA": 1}, "limba_materna": {"LIMBA ROMANA": 189}, "promotie_anterioara": {"NU": 188, "DA": 1}, "materii": {"LIMBA ROMANA": {"medie": 8.021164021164024, "reusita": 100.0, "cnt": 189}, "MATEMATICA MATE-INFO": {"medie": 8.600458715596332, "reusita": 100.0, "cnt": 109}, "BIOLOGIE VEGETALA SI ANIMALA": {"medie": 7.760000000000001, "reusita": 100.0, "cnt": 5}, "GENERAL": {"medie": 8.327160493827162, "reusita": 96.82539682539682, "cnt": 189}, "CHIMIE ORGANICA TEO NIVEL I/II": {"medie": 8.840625000000001, "reusita": 100.0, "cnt": 16}, "INFORMATICA MI C/C++": {"medie": 8.898611111111114, "reusita": 100.0, "cnt": 36}, "CHIMIE ANORGANICA TEO NIVEL I/II": {"medie": 7.739999999999999, "reusita": 100.0, "cnt": 5}, "ISTORIE": {"medie": 8.390000000000002, "reusita": 100.0, "cnt": 45}, "GEOGRAFIE": {"medie": 8.678947368421055, "reusita": 100.0, "cnt": 19}, "PSIHOLOGIE": {"medie": 8.75, "reusita": 100.0, "cnt": 2}, "MATEMATICA ST-NAT": {"medie": 8.152857142857144, "reusita": 97.14285714285714, "cnt": 35}, "ANATOMIE SI FIZIOLOGIE UMANA, GENETICA SI ECOLOGIE UMANA": {"medie": 8.443478260869563, "reusita": 100.0, "cnt": 69}, "FIZICA TEO": {"medie": 7.496153846153845, "reusita": 92.3076923076923, "cnt": 13}, "FILOSOFIE": {"medie": 8.966666666666667, "reusita": 100.0, "cnt": 3}, "ECONOMIE": {"medie": 8.433333333333332, "reusita": 100.0, "cnt": 3}, "LOGICA, ARGUMENTARE SI COMUNICARE": {"medie": 8.347058823529412, "reusita": 100.0, "cnt": 17}, "SOCIOLOGIE": {"medie": 9.3, "reusita": 100.0, "cnt": 1}}, "nume": "COLEGIUL NATIONAL \"STEFAN CEL MARE\" SUCEAVA\tSuceava"}