{"specializari": {"MATEMATICA-INFORMATICA": 86, "FILOLOGIE": 35, "STIINTE ALE NATURII": 33, "STIINTE SOCIALE": 65}, "limba_moderna": {"LIMBA ENGLEZA": 197, "LIMBA FRANCEZA": 22}, "limba_materna": {"LIMBA ROMANA": 219}, "promotie_anterioara": {"NU": 213, "DA": 6}, "materii": {"LIMBA ROMANA": {"medie": 7.50550458715596, "reusita": 97.26027397260275, "cnt": 219}, "MATEMATICA MATE-INFO": {"medie": 8.381395348837215, "reusita": 100.0, "cnt": 86}, "BIOLOGIE VEGETALA SI ANIMALA": {"medie": 7.365714285714287, "reusita": 100.0, "cnt": 35}, "GENERAL": {"medie": 7.936314984709478, "reusita": 94.06392694063926, "cnt": 219}, "CHIMIE ORGANICA TEO NIVEL I/II": {"medie": 9.131818181818181, "reusita": 91.66666666666666, "cnt": 12}, "INFORMATICA MI C/C++": {"medie": 8.985714285714286, "reusita": 100.0, "cnt": 14}, "CHIMIE ANORGANICA TEO NIVEL I/II": {"medie": 8.37142857142857, "reusita": 100.0, "cnt": 7}, "ISTORIE": {"medie": 7.825999999999999, "reusita": 100.0, "cnt": 100}, "GEOGRAFIE": {"medie": 8.319354838709678, "reusita": 96.7741935483871, "cnt": 31}, "PSIHOLOGIE": {"medie": 9.05, "reusita": 100.0, "cnt": 5}, "MATEMATICA ST-NAT": {"medie": 7.759375000000001, "reusita": 93.93939393939394, "cnt": 33}, "ANATOMIE SI FIZIOLOGIE UMANA, GENETICA SI ECOLOGIE UMANA": {"medie": 8.085, "reusita": 100.0, "cnt": 10}, "FIZICA TEO": {"medie": 7.5673076923076925, "reusita": 96.15384615384616, "cnt": 26}, "ECONOMIE": {"medie": 8.05, "reusita": 100.0, "cnt": 5}, "LOGICA, ARGUMENTARE SI COMUNICARE": {"medie": 8.96379310344828, "reusita": 100.0, "cnt": 58}, "SOCIOLOGIE": {"medie": 9.2, "reusita": 100.0, "cnt": 1}, "INFORMATICA MI PASCAL": {"medie": 7.3307692307692305, "reusita": 100.0, "cnt": 13}, "INFORMATICA SN PASCAL": {"medie": 7.2, "reusita": 100.0, "cnt": 2}}, "nume": "COLEGIUL NATIONAL \"NICHITA STANESCU\", MUNICIPIUL PLOIESTI\tPrahova"}