{"specializari": {"MATEMATICA-INFORMATICA": 113, "FILOLOGIE": 69, "STIINTE ALE NATURII": 3}, "limba_moderna": {"LIMBA ENGLEZA": 147, "LIMBA FRANCEZA": 3, "LIMBA ITALIANA": 35}, "limba_materna": {"LIMBA ROMANA": 185}, "promotie_anterioara": {"NU": 163, "DA": 22}, "materii": {"LIMBA ROMANA": {"medie": 7.3832432432432435, "reusita": 98.37837837837839, "cnt": 185}, "MATEMATICA MATE-INFO": {"medie": 7.788495575221238, "reusita": 96.46017699115043, "cnt": 113}, "BIOLOGIE VEGETALA SI ANIMALA": {"medie": 7.675, "reusita": 90.0, "cnt": 10}, "GENERAL": {"medie": 7.600634057971013, "reusita": 88.64864864864866, "cnt": 185}, "CHIMIE ORGANICA TEO NIVEL I/II": {"medie": 7.228571428571429, "reusita": 85.71428571428571, "cnt": 7}, "INFORMATICA MI C/C++": {"medie": 7.819444444444443, "reusita": 100.0, "cnt": 18}, "CHIMIE ANORGANICA TEO NIVEL I/II": {"medie": 7.610000000000001, "reusita": 100.0, "cnt": 5}, "ISTORIE": {"medie": 6.968115942028985, "reusita": 97.10144927536231, "cnt": 69}, "GEOGRAFIE": {"medie": 8.350000000000001, "reusita": 100.0, "cnt": 17}, "PSIHOLOGIE": {"medie": 8.149999999999999, "reusita": 100.0, "cnt": 2}, "MATEMATICA ST-NAT": {"medie": 4.333333333333333, "reusita": 66.66666666666666, "cnt": 3}, "ANATOMIE SI FIZIOLOGIE UMANA, GENETICA SI ECOLOGIE UMANA": {"medie": 8.42674418604651, "reusita": 95.45454545454545, "cnt": 44}, "FIZICA TEO": {"medie": 6.823437499999999, "reusita": 90.625, "cnt": 32}, "ECONOMIE": {"medie": 8.620000000000001, "reusita": 100.0, "cnt": 5}, "LOGICA, ARGUMENTARE SI COMUNICARE": {"medie": 8.912068965517241, "reusita": 100.0, "cnt": 29}, "SOCIOLOGIE": {"medie": 7.496875, "reusita": 100.0, "cnt": 16}}, "nume": "COLEGIUL NATIONAL \"ION NECULCE\"\tBucure\u0219ti"}