{"specializari": {"STIINTE SOCIALE": 74, "FILOLOGIE": 156}, "limba_moderna": {"LIMBA ENGLEZA": 136, "LIMBA SPANIOLA": 39, "LIMBA FRANCEZA": 32, "LIMBA ITALIANA": 14, "LIMBA GERMANA MODERNA": 9}, "limba_materna": {"LIMBA ROMANA": 230}, "promotie_anterioara": {"NU": 221, "DA": 9}, "materii": {"LIMBA ROMANA": {"medie": 7.7814410480349325, "reusita": 96.08695652173913, "cnt": 230}, "GENERAL": {"medie": 8.020467836257307, "reusita": 91.73913043478261, "cnt": 230}, "ISTORIE": {"medie": 7.935589519650655, "reusita": 97.82608695652173, "cnt": 230}, "GEOGRAFIE": {"medie": 8.298198198198202, "reusita": 99.09909909909909, "cnt": 111}, "PSIHOLOGIE": {"medie": 8.246875, "reusita": 100.0, "cnt": 16}, "FILOSOFIE": {"medie": 7.61875, "reusita": 100.0, "cnt": 8}, "ECONOMIE": {"medie": 10.0, "reusita": 100.0, "cnt": 1}, "LOGICA, ARGUMENTARE SI COMUNICARE": {"medie": 8.960975609756098, "reusita": 100.0, "cnt": 41}, "SOCIOLOGIE": {"medie": 7.893396226415095, "reusita": 100.0, "cnt": 53}}, "nume": "COLEGIUL NATIONAL \"MIHAI EMINESCU\" BAIA MARE\tMaramure\u0219"}