{"specializari": {"MATEMATICA-INFORMATICA": 110, "FILOLOGIE": 31, "STIINTE SOCIALE": 33, "STIINTE ALE NATURII": 58}, "limba_moderna": {"LIMBA ENGLEZA": 180, "LIMBA FRANCEZA": 25, "LIMBA ITALIANA": 26, "LIMBA GERMANA MODERNA": 1}, "limba_materna": {"LIMBA ROMANA": 232}, "promotie_anterioara": {"NU": 232}, "materii": {"LIMBA ROMANA": {"medie": 8.069047619047621, "reusita": 99.56896551724138, "cnt": 232}, "MATEMATICA MATE-INFO": {"medie": 7.983944954128442, "reusita": 96.36363636363636, "cnt": 110}, "BIOLOGIE VEGETALA SI ANIMALA": {"medie": 9.484210526315788, "reusita": 100.0, "cnt": 19}, "GENERAL": {"medie": 8.1573593073593, "reusita": 94.82758620689656, "cnt": 232}, "CHIMIE ORGANICA TEO NIVEL I/II": {"medie": 9.141176470588235, "reusita": 100.0, "cnt": 17}, "INFORMATICA MI C/C++": {"medie": 9.2796875, "reusita": 96.96969696969697, "cnt": 33}, "ISTORIE": {"medie": 7.4046875, "reusita": 100.0, "cnt": 64}, "GEOGRAFIE": {"medie": 8.807407407407409, "reusita": 100.0, "cnt": 54}, "PSIHOLOGIE": {"medie": 8.266666666666666, "reusita": 100.0, "cnt": 3}, "MATEMATICA ST-NAT": {"medie": 6.7379310344827585, "reusita": 93.10344827586206, "cnt": 58}, "ANATOMIE SI FIZIOLOGIE UMANA, GENETICA SI ECOLOGIE UMANA": {"medie": 8.682530120481927, "reusita": 100.0, "cnt": 83}, "FIZICA TEO": {"medie": 8.653125000000001, "reusita": 100.0, "cnt": 16}, "ECONOMIE": {"medie": 9.025, "reusita": 100.0, "cnt": 4}, "SOCIOLOGIE": {"medie": 8.666666666666666, "reusita": 100.0, "cnt": 3}}, "nume": "COLEGIUL NATIONAL \"TUDOR VLADIMIRESCU\" TG-JIU\tGorj"}