{"specializari": {"MATEMATICA-INFORMATICA": 135, "FILOLOGIE": 127}, "limba_moderna": {"LIMBA ENGLEZA": 209, "LIMBA GERMANA MODERNA": 48, "LIMBA FRANCEZA": 5}, "limba_materna": {"LIMBA ROMANA": 262}, "promotie_anterioara": {"NU": 253, "DA": 9}, "materii": {"LIMBA ROMANA": {"medie": 7.55632183908046, "reusita": 99.61832061068702, "cnt": 262}, "MATEMATICA MATE-INFO": {"medie": 7.879477611940296, "reusita": 97.77777777777777, "cnt": 135}, "BIOLOGIE VEGETALA SI ANIMALA": {"medie": 7.883823529411765, "reusita": 94.28571428571428, "cnt": 35}, "GENERAL": {"medie": 7.763537675606645, "reusita": 95.0381679389313, "cnt": 262}, "CHIMIE ORGANICA TEO NIVEL I/II": {"medie": 7.794444444444445, "reusita": 88.88888888888889, "cnt": 9}, "INFORMATICA MI C/C++": {"medie": 7.347540983606557, "reusita": 100.0, "cnt": 61}, "CHIMIE ANORGANICA TEO NIVEL I/II": {"medie": 8.2, "reusita": 100.0, "cnt": 1}, "ISTORIE": {"medie": 8.03267716535433, "reusita": 100.0, "cnt": 127}, "GEOGRAFIE": {"medie": 8.679761904761904, "reusita": 100.0, "cnt": 42}, "PSIHOLOGIE": {"medie": 6.199999999999999, "reusita": 100.0, "cnt": 4}, "ANATOMIE SI FIZIOLOGIE UMANA, GENETICA SI ECOLOGIE UMANA": {"medie": 8.467857142857143, "reusita": 100.0, "cnt": 14}, "FIZICA TEO": {"medie": 7.036666666666666, "reusita": 100.0, "cnt": 15}, "FILOSOFIE": {"medie": 6.390000000000001, "reusita": 80.0, "cnt": 5}, "ECONOMIE": {"medie": 7.840909090909091, "reusita": 100.0, "cnt": 11}, "LOGICA, ARGUMENTARE SI COMUNICARE": {"medie": 8.68125, "reusita": 100.0, "cnt": 8}, "SOCIOLOGIE": {"medie": 7.630701754385966, "reusita": 100.0, "cnt": 57}}, "nume": "COLEGIUL NATIONAL \"I.L.CARAGIALE\"\tBucure\u0219ti"}