{"specializari": {"MATEMATICA-INFORMATICA": 111, "STIINTE ALE NATURII": 39, "FILOLOGIE": 40, "STIINTE SOCIALE": 42}, "limba_moderna": {"LIMBA ENGLEZA": 208, "LIMBA FRANCEZA": 21, "LIMBA GERMANA MODERNA": 2, "LIMBA SPANIOLA": 1}, "limba_materna": {"LIMBA ROMANA": 232}, "promotie_anterioara": {"NU": 225, "DA": 7}, "materii": {"LIMBA ROMANA": {"medie": 7.750000000000002, "reusita": 99.13793103448276, "cnt": 232}, "MATEMATICA MATE-INFO": {"medie": 8.610810810810811, "reusita": 99.09909909909909, "cnt": 111}, "BIOLOGIE VEGETALA SI ANIMALA": {"medie": 8.137195121951217, "reusita": 100.0, "cnt": 82}, "GENERAL": {"medie": 8.072701149425288, "reusita": 96.55172413793103, "cnt": 232}, "CHIMIE ORGANICA TEO NIVEL I/II": {"medie": 8.382608695652173, "reusita": 100.0, "cnt": 23}, "INFORMATICA MI C/C++": {"medie": 7.484615384615386, "reusita": 100.0, "cnt": 13}, "ISTORIE": {"medie": 7.64878048780488, "reusita": 100.0, "cnt": 82}, "GEOGRAFIE": {"medie": 8.982999999999999, "reusita": 100.0, "cnt": 50}, "PSIHOLOGIE": {"medie": 8.985714285714284, "reusita": 100.0, "cnt": 7}, "MATEMATICA ST-NAT": {"medie": 7.98846153846154, "reusita": 97.43589743589743, "cnt": 39}, "ANATOMIE SI FIZIOLOGIE UMANA, GENETICA SI ECOLOGIE UMANA": {"medie": 7.05, "reusita": 83.33333333333334, "cnt": 6}, "FIZICA TEO": {"medie": 7.573076923076921, "reusita": 96.15384615384616, "cnt": 26}, "FILOSOFIE": {"medie": 8.95, "reusita": 100.0, "cnt": 1}, "ECONOMIE": {"medie": 8.135714285714286, "reusita": 100.0, "cnt": 14}, "SOCIOLOGIE": {"medie": 9.46, "reusita": 100.0, "cnt": 10}}, "nume": "COLEGIUL NATIONAL \"SPIRU HARET\"\tBucure\u0219ti"}