{"specializari": {"ORGANIZATOR BANQUETING": 7, "TEHNICIAN OPERATOR TEHNICA DE CALCUL": 56, "TEHNICIAN MECANIC PENTRU INTRETINERE SI REPARATII": 12, "TEHNICIAN IN ADMINISTRATIE": 37, "TEHNICIAN MECATRONIST": 28}, "limba_moderna": {"LIMBA ENGLEZA": 136, "LIMBA GERMANA MODERNA": 2, "LIMBA FRANCEZA": 2}, "limba_materna": {"LIMBA ROMANA": 140}, "promotie_anterioara": {"DA": 37, "NU": 103}, "materii": {"LIMBA ROMANA": {"medie": 5.65729927007299, "reusita": 83.57142857142857, "cnt": 140}, "BIOLOGIE VEGETALA SI ANIMALA": {"medie": 5.2511904761904775, "reusita": 59.55056179775281, "cnt": 89}, "GENERAL": {"medie": 6.123134328358206, "reusita": 55.714285714285715, "cnt": 140}, "GEOGRAFIE": {"medie": 6.943023255813955, "reusita": 95.34883720930233, "cnt": 43}, "PSIHOLOGIE": {"medie": 5.5, "reusita": 100.0, "cnt": 1}, "MATEMATICA TEHN": {"medie": 6.8774074074074045, "reusita": 83.57142857142857, "cnt": 140}, "FIZICA TEH": {"medie": 5.685714285714285, "reusita": 85.71428571428571, "cnt": 7}}, "nume": "COLEGIUL TEHNIC \"HENRI COANDA\" TIMISOARA\tTimi\u0219"}