{"specializari": {"STIINTE ALE NATURII": 1, "STIINTE SOCIALE": 65, "MATEMATICA-INFORMATICA": 58, "INVATATOR - EDUCATOARE": 28, "FILOLOGIE": 27}, "limba_moderna": {"LIMBA FRANCEZA": 40, "LIMBA ENGLEZA": 139}, "limba_materna": {"LIMBA ROMANA": 179}, "promotie_anterioara": {"DA": 3, "NU": 176}, "materii": {"LIMBA ROMANA": {"medie": 7.5688202247191025, "reusita": 98.88268156424581, "cnt": 179}, "MATEMATICA MATE-INFO": {"medie": 7.27155172413793, "reusita": 91.37931034482759, "cnt": 58}, "GENERAL": {"medie": 7.978932584269659, "reusita": 92.73743016759776, "cnt": 179}, "CHIMIE ORGANICA TEO NIVEL I/II": {"medie": 7.6, "reusita": 100.0, "cnt": 1}, "INFORMATICA MI C/C++": {"medie": 7.378571428571429, "reusita": 100.0, "cnt": 14}, "ISTORIE": {"medie": 7.89021739130435, "reusita": 100.0, "cnt": 92}, "GEOGRAFIE": {"medie": 8.412121212121212, "reusita": 96.96969696969697, "cnt": 33}, "MATEMATICA ST-NAT": {"medie": 1.25, "reusita": 0.0, "cnt": 1}, "ANATOMIE SI FIZIOLOGIE UMANA, GENETICA SI ECOLOGIE UMANA": {"medie": 8.619767441860466, "reusita": 97.67441860465115, "cnt": 43}, "FIZICA TEO": {"medie": 8.5, "reusita": 100.0, "cnt": 1}, "FILOSOFIE": {"medie": 6.475, "reusita": 50.0, "cnt": 2}, "ECONOMIE": {"medie": 7.5600000000000005, "reusita": 100.0, "cnt": 5}, "LOGICA, ARGUMENTARE SI COMUNICARE": {"medie": 9.027564102564103, "reusita": 98.71794871794873, "cnt": 78}, "MATEMATICA PED": {"medie": 8.642857142857142, "reusita": 96.42857142857143, "cnt": 28}, "SOCIOLOGIE": {"medie": 9.2, "reusita": 100.0, "cnt": 2}}, "nume": "COLEGIUL NATIONAL \"MIHAI EMINESCU\" SUCEAVA\tSuceava"}