{"specializari": {"MATEMATICA-INFORMATICA": 41, "TEHNICIAN MECATRONIST": 94, "TEHNICIAN IN INSTALATII ELECTRICE": 35, "TEHNICIAN ECOLOG SI PROTECTIA CALITATII MEDIULUI": 45, "TEHNICIAN MECANIC PENTRU INTRETINERE SI REPARATII": 10, "TEHNICIAN ELECTROTEHNIST": 5, "TEHNICIAN PRELUCRARI MECANICE": 2, "FILOLOGIE": 1}, "limba_moderna": {"LIMBA ENGLEZA": 198, "LIMBA FRANCEZA": 35}, "limba_materna": {"LIMBA ROMANA": 233}, "promotie_anterioara": {"NU": 136, "DA": 97}, "materii": {"LIMBA ROMANA": {"medie": 4.797906976744184, "reusita": 54.077253218884124, "cnt": 233}, "MATEMATICA MATE-INFO": {"medie": 5.371250000000002, "reusita": 78.04878048780488, "cnt": 41}, "BIOLOGIE VEGETALA SI ANIMALA": {"medie": 4.176035502958581, "reusita": 33.1578947368421, "cnt": 190}, "GENERAL": {"medie": 4.649043062200958, "reusita": 14.592274678111588, "cnt": 233}, "INFORMATICA MI C/C++": {"medie": 5.766666666666667, "reusita": 66.66666666666666, "cnt": 3}, "ISTORIE": {"medie": 5.25, "reusita": 100.0, "cnt": 1}, "GEOGRAFIE": {"medie": 6.55, "reusita": 100.0, "cnt": 1}, "ANATOMIE SI FIZIOLOGIE UMANA, GENETICA SI ECOLOGIE UMANA": {"medie": 6.316666666666666, "reusita": 86.66666666666667, "cnt": 15}, "FIZICA TEO": {"medie": 2.8499999999999996, "reusita": 0.0, "cnt": 2}, "MATEMATICA TEHN": {"medie": 4.645000000000001, "reusita": 50.78534031413613, "cnt": 191}, "FIZICA TEH": {"medie": 6.5200000000000005, "reusita": 100.0, "cnt": 5}, "CHIMIE ANORGANICA TEH NIVEL I/II": {"medie": 3.5000000000000004, "reusita": 21.428571428571427, "cnt": 14}, "CHIMIE ORGANICA TEH NIVEL I/II": {"medie": 5.1000000000000005, "reusita": 100.0, "cnt": 3}}, "nume": "COLEGIUL TEHNIC \"PETRU MAIOR\"\tBucure\u0219ti"}