{"specializari": {"STIINTE ALE NATURII": 33, "MATEMATICA-INFORMATICA": 48, "FILOLOGIE": 35}, "limba_moderna": {"LIMBA ENGLEZA": 112, "LIMBA GERMANA MODERNA": 2, "LIMBA FRANCEZA": 2}, "limba_materna": {"LIMBA ROMANA": 116}, "promotie_anterioara": {"DA": 25, "NU": 91}, "materii": {"LIMBA ROMANA": {"medie": 6.392105263157892, "reusita": 81.03448275862068, "cnt": 116}, "MATEMATICA MATE-INFO": {"medie": 4.996511627906977, "reusita": 58.333333333333336, "cnt": 48}, "BIOLOGIE VEGETALA SI ANIMALA": {"medie": 5.701886792452831, "reusita": 70.17543859649122, "cnt": 57}, "GENERAL": {"medie": 6.134722222222224, "reusita": 51.724137931034484, "cnt": 116}, "CHIMIE ORGANICA TEO NIVEL I/II": {"medie": 5.183333333333334, "reusita": 66.66666666666666, "cnt": 3}, "INFORMATICA MI C/C++": {"medie": 5.070833333333333, "reusita": 58.333333333333336, "cnt": 12}, "ISTORIE": {"medie": 7.068571428571428, "reusita": 100.0, "cnt": 35}, "GEOGRAFIE": {"medie": 7.891071428571429, "reusita": 96.55172413793103, "cnt": 29}, "PSIHOLOGIE": {"medie": 7.475, "reusita": 100.0, "cnt": 2}, "MATEMATICA ST-NAT": {"medie": 4.3578125, "reusita": 51.515151515151516, "cnt": 33}, "ANATOMIE SI FIZIOLOGIE UMANA, GENETICA SI ECOLOGIE UMANA": {"medie": 7.0888888888888895, "reusita": 100.0, "cnt": 9}, "SOCIOLOGIE": {"medie": 6.387499999999999, "reusita": 100.0, "cnt": 4}}, "nume": "COLEGIUL NATIONAL \"MIRCEA ELIADE\" RESITA\tCara\u0219-Severin"}