{"specializari": {"MATEMATICA-INFORMATICA": 126, "STIINTE SOCIALE": 32, "STIINTE ALE NATURII": 34, "FILOLOGIE": 30}, "limba_moderna": {"LIMBA ENGLEZA": 175, "LIMBA GERMANA MODERNA": 3, "LIMBA FRANCEZA": 44}, "limba_materna": {"LIMBA ROMANA": 222}, "promotie_anterioara": {"NU": 206, "DA": 16}, "materii": {"LIMBA ROMANA": {"medie": 7.004751131221716, "reusita": 95.94594594594594, "cnt": 222}, "MATEMATICA MATE-INFO": {"medie": 7.416400000000003, "reusita": 90.47619047619048, "cnt": 126}, "BIOLOGIE VEGETALA SI ANIMALA": {"medie": 7.397727272727273, "reusita": 93.98496240601504, "cnt": 133}, "GENERAL": {"medie": 7.28666666666667, "reusita": 80.63063063063063, "cnt": 222}, "CHIMIE ORGANICA TEO NIVEL I/II": {"medie": 7.800000000000001, "reusita": 100.0, "cnt": 2}, "INFORMATICA MI C/C++": {"medie": 8.757142857142858, "reusita": 100.0, "cnt": 7}, "ISTORIE": {"medie": 7.038709677419353, "reusita": 98.38709677419355, "cnt": 62}, "GEOGRAFIE": {"medie": 8.274193548387094, "reusita": 100.0, "cnt": 62}, "MATEMATICA ST-NAT": {"medie": 5.641176470588235, "reusita": 82.35294117647058, "cnt": 34}, "ANATOMIE SI FIZIOLOGIE UMANA, GENETICA SI ECOLOGIE UMANA": {"medie": 9.495, "reusita": 100.0, "cnt": 10}, "FIZICA TEO": {"medie": 7.26875, "reusita": 100.0, "cnt": 8}}, "nume": "COLEGIUL NATIONAL \"VLADIMIR STREINU\" GAESTI\tD\u00e2mbovi\u021ba"}