{"specializari": {"STIINTE SOCIALE": 33, "FILOLOGIE": 34, "STIINTE ALE NATURII": 56, "TEOLOGIE GRECO-CATOLICA": 31, "MATEMATICA-INFORMATICA": 23}, "limba_moderna": {"LIMBA ENGLEZA": 147, "LIMBA FRANCEZA": 28, "LIMBA GERMANA MODERNA": 2}, "limba_materna": {"LIMBA ROMANA": 177}, "promotie_anterioara": {"NU": 167, "DA": 10}, "materii": {"LIMBA ROMANA": {"medie": 7.584090909090907, "reusita": 96.045197740113, "cnt": 177}, "MATEMATICA MATE-INFO": {"medie": 6.554347826086955, "reusita": 95.65217391304348, "cnt": 23}, "BIOLOGIE VEGETALA SI ANIMALA": {"medie": 7.869512195121952, "reusita": 97.61904761904762, "cnt": 42}, "GENERAL": {"medie": 7.592803030303028, "reusita": 89.83050847457628, "cnt": 177}, "CHIMIE ORGANICA TEO NIVEL I/II": {"medie": 9.239285714285716, "reusita": 100.0, "cnt": 14}, "CHIMIE ANORGANICA TEO NIVEL I/II": {"medie": 8.149999999999999, "reusita": 100.0, "cnt": 2}, "ISTORIE": {"medie": 7.108163265306121, "reusita": 98.9795918367347, "cnt": 98}, "GEOGRAFIE": {"medie": 8.002083333333337, "reusita": 100.0, "cnt": 96}, "PSIHOLOGIE": {"medie": 8.725, "reusita": 100.0, "cnt": 2}, "MATEMATICA ST-NAT": {"medie": 7.28636363636364, "reusita": 94.64285714285714, "cnt": 56}, "ANATOMIE SI FIZIOLOGIE UMANA, GENETICA SI ECOLOGIE UMANA": {"medie": 8.197619047619046, "reusita": 100.0, "cnt": 21}}, "nume": "COLEGIUL NATIONAL \"DOAMNA STANCA\" SATU MARE\tSatu-Mare"}