{"specializari": {"MATEMATICA-INFORMATICA": 45, "STIINTE ALE NATURII": 41, "FILOLOGIE": 60, "STIINTE SOCIALE": 29}, "limba_moderna": {"LIMBA FRANCEZA": 83, "LIMBA ENGLEZA": 92}, "limba_materna": {"LIMBA ROMANA": 175}, "promotie_anterioara": {"NU": 140, "DA": 35}, "materii": {"LIMBA ROMANA": {"medie": 6.614655172413792, "reusita": 90.85714285714286, "cnt": 175}, "MATEMATICA MATE-INFO": {"medie": 7.093333333333333, "reusita": 93.33333333333333, "cnt": 45}, "GENERAL": {"medie": 6.9745614035087735, "reusita": 71.42857142857143, "cnt": 175}, "INFORMATICA MI C/C++": {"medie": 9.8, "reusita": 100.0, "cnt": 1}, "CHIMIE ANORGANICA TEO NIVEL I/II": {"medie": 6.108333333333333, "reusita": 100.0, "cnt": 6}, "ISTORIE": {"medie": 6.848295454545453, "reusita": 95.50561797752809, "cnt": 89}, "GEOGRAFIE": {"medie": 7.869047619047623, "reusita": 94.31818181818183, "cnt": 88}, "PSIHOLOGIE": {"medie": 9.6, "reusita": 100.0, "cnt": 1}, "MATEMATICA ST-NAT": {"medie": 5.315853658536587, "reusita": 68.29268292682927, "cnt": 41}, "ANATOMIE SI FIZIOLOGIE UMANA, GENETICA SI ECOLOGIE UMANA": {"medie": 7.787704918032786, "reusita": 100.0, "cnt": 61}, "FIZICA TEO": {"medie": 6.936111111111112, "reusita": 94.44444444444444, "cnt": 18}}, "nume": "COLEGIUL NATIONAL \"COSTACHE NEGRI\" TARGU OCNA\tBac\u0103u"}