{"specializari": {"MATEMATICA-INFORMATICA": 96, "STIINTE ALE NATURII": 72, "STIINTE SOCIALE": 41, "FILOLOGIE": 82}, "limba_moderna": {"LIMBA ENGLEZA": 255, "LIMBA FRANCEZA": 35, "LIMBA GERMANA MODERNA": 1}, "limba_materna": {"LIMBA ROMANA": 291}, "promotie_anterioara": {"NU": 278, "DA": 13}, "materii": {"LIMBA ROMANA": {"medie": 8.057413793103457, "reusita": 98.96907216494846, "cnt": 291}, "MATEMATICA MATE-INFO": {"medie": 7.888541666666666, "reusita": 92.70833333333334, "cnt": 96}, "BIOLOGIE VEGETALA SI ANIMALA": {"medie": 7.67264150943396, "reusita": 94.33962264150944, "cnt": 53}, "GENERAL": {"medie": 7.868171296296293, "reusita": 88.65979381443299, "cnt": 291}, "CHIMIE ORGANICA TEO NIVEL I/II": {"medie": 9.264285714285714, "reusita": 100.0, "cnt": 7}, "INFORMATICA MI C/C++": {"medie": 7.861111111111111, "reusita": 100.0, "cnt": 9}, "ISTORIE": {"medie": 7.502500000000004, "reusita": 95.1219512195122, "cnt": 123}, "GEOGRAFIE": {"medie": 8.28170731707317, "reusita": 96.47058823529412, "cnt": 85}, "PSIHOLOGIE": {"medie": 8.8, "reusita": 100.0, "cnt": 4}, "MATEMATICA ST-NAT": {"medie": 6.700000000000002, "reusita": 83.33333333333334, "cnt": 72}, "ANATOMIE SI FIZIOLOGIE UMANA, GENETICA SI ECOLOGIE UMANA": {"medie": 8.005208333333334, "reusita": 93.75, "cnt": 48}, "FIZICA TEO": {"medie": 8.080392156862747, "reusita": 98.0392156862745, "cnt": 51}, "ECONOMIE": {"medie": 8.065, "reusita": 100.0, "cnt": 10}, "LOGICA, ARGUMENTARE SI COMUNICARE": {"medie": 8.508333333333335, "reusita": 95.83333333333334, "cnt": 24}}, "nume": "COLEGIUL NATIONAL \"ION MINULESCU\" SLATINA\tOlt"}