{"specializari": {"INVATATOR - EDUCATOARE": 93, "FILOLOGIE": 27, "TEOLOGIE ROMANO-CATOLICA": 33, "PEDAGOG SCOLAR": 1}, "limba_moderna": {"LIMBA FRANCEZA": 48, "LIMBA ENGLEZA": 106}, "limba_materna": {"LIMBA ROMANA": 154}, "promotie_anterioara": {"NU": 149, "DA": 5}, "materii": {"LIMBA ROMANA": {"medie": 7.105704697986579, "reusita": 90.9090909090909, "cnt": 154}, "GENERAL": {"medie": 7.748648648648647, "reusita": 86.36363636363636, "cnt": 154}, "ISTORIE": {"medie": 7.18813559322034, "reusita": 96.72131147540983, "cnt": 61}, "GEOGRAFIE": {"medie": 8.339130434782609, "reusita": 97.87234042553192, "cnt": 141}, "LOGICA, ARGUMENTARE SI COMUNICARE": {"medie": 9.066666666666668, "reusita": 92.3076923076923, "cnt": 13}, "MATEMATICA PED": {"medie": 8.03846153846154, "reusita": 94.6236559139785, "cnt": 93}}, "nume": "COLEGIUL PEDAGOGIC \"VASILE LUPU\", IASI\tIa\u0219i"}