{"specializari": {"MATEMATICA-INFORMATICA": 23, "FILOLOGIE": 34, "STIINTE ALE NATURII": 70}, "limba_moderna": {"LIMBA ENGLEZA": 95, "LIMBA FRANCEZA": 30, "LIMBA GERMANA MODERNA": 2}, "limba_materna": {"LIMBA ROMANA": 127}, "promotie_anterioara": {"NU": 116, "DA": 11}, "materii": {"LIMBA ROMANA": {"medie": 6.6763779527559075, "reusita": 96.06299212598425, "cnt": 127}, "MATEMATICA MATE-INFO": {"medie": 7.336956521739131, "reusita": 100.0, "cnt": 23}, "BIOLOGIE VEGETALA SI ANIMALA": {"medie": 7.7948529411764715, "reusita": 97.05882352941177, "cnt": 68}, "GENERAL": {"medie": 7.086482939632546, "reusita": 81.88976377952756, "cnt": 127}, "CHIMIE ORGANICA TEO NIVEL I/II": {"medie": 6.400000000000001, "reusita": 100.0, "cnt": 3}, "INFORMATICA MI C/C++": {"medie": 5.814285714285715, "reusita": 100.0, "cnt": 7}, "CHIMIE ANORGANICA TEO NIVEL I/II": {"medie": 6.8, "reusita": 100.0, "cnt": 1}, "ISTORIE": {"medie": 7.919117647058823, "reusita": 100.0, "cnt": 34}, "GEOGRAFIE": {"medie": 8.488235294117645, "reusita": 100.0, "cnt": 17}, "MATEMATICA ST-NAT": {"medie": 5.964999999999999, "reusita": 84.28571428571429, "cnt": 70}, "ANATOMIE SI FIZIOLOGIE UMANA, GENETICA SI ECOLOGIE UMANA": {"medie": 8.89375, "reusita": 100.0, "cnt": 8}, "FIZICA TEO": {"medie": 6.233333333333333, "reusita": 83.33333333333334, "cnt": 6}, "LOGICA, ARGUMENTARE SI COMUNICARE": {"medie": 8.555555555555554, "reusita": 100.0, "cnt": 9}, "SOCIOLOGIE": {"medie": 8.7375, "reusita": 100.0, "cnt": 8}}, "nume": "LICEUL TEORETIC \"ION CANTACUZINO\" PITESTI\tArge\u0219"}