{"specializari": {"FILOLOGIE": 35, "LICEU CU PROGRAM SPORTIV": 154, "STIINTE ALE NATURII": 24, "MATEMATICA-INFORMATICA": 9}, "limba_moderna": {"LIMBA FRANCEZA": 38, "LIMBA ENGLEZA": 184}, "limba_materna": {"LIMBA ROMANA": 222}, "promotie_anterioara": {"NU": 196, "DA": 26}, "materii": {"LIMBA ROMANA": {"medie": 5.697477064220181, "reusita": 73.87387387387388, "cnt": 222}, "MATEMATICA MATE-INFO": {"medie": 6.072222222222222, "reusita": 88.88888888888889, "cnt": 9}, "BIOLOGIE VEGETALA SI ANIMALA": {"medie": 7.029032258064517, "reusita": 90.32258064516128, "cnt": 31}, "GENERAL": {"medie": 5.795756172839505, "reusita": 40.54054054054054, "cnt": 222}, "ISTORIE": {"medie": 5.04758064516129, "reusita": 56.08465608465608, "cnt": 189}, "GEOGRAFIE": {"medie": 6.437228260869565, "reusita": 87.2340425531915, "cnt": 188}, "PSIHOLOGIE": {"medie": 8.7, "reusita": 100.0, "cnt": 1}, "MATEMATICA ST-NAT": {"medie": 5.158333333333333, "reusita": 79.16666666666666, "cnt": 24}, "ANATOMIE SI FIZIOLOGIE UMANA, GENETICA SI ECOLOGIE UMANA": {"medie": 6.0, "reusita": 100.0, "cnt": 2}}, "nume": "LICEUL CU PROGRAM SPORTIV \"IOLANDA BALAS SOTER\" MUNICIPIUL BUZAU\tBuz\u0103u"}