{"specializari": {"MATEMATICA-INFORMATICA": 45, "STIINTE SOCIALE": 111, "FILOLOGIE": 78, "STIINTE ALE NATURII": 38}, "limba_moderna": {"LIMBA ENGLEZA": 154, "LIMBA FRANCEZA": 71, "LIMBA SPANIOLA": 45, "LIMBA ITALIANA": 2}, "limba_materna": {"LIMBA ROMANA": 272}, "promotie_anterioara": {"NU": 254, "DA": 18}, "materii": {"LIMBA ROMANA": {"medie": 7.62158671586716, "reusita": 97.79411764705883, "cnt": 272}, "MATEMATICA MATE-INFO": {"medie": 7.080681818181816, "reusita": 84.44444444444444, "cnt": 45}, "BIOLOGIE VEGETALA SI ANIMALA": {"medie": 7.5, "reusita": 100.0, "cnt": 1}, "GENERAL": {"medie": 7.978409090909094, "reusita": 88.23529411764706, "cnt": 272}, "CHIMIE ORGANICA TEO NIVEL I/II": {"medie": 8.22857142857143, "reusita": 100.0, "cnt": 7}, "INFORMATICA MI C/C++": {"medie": 7.933333333333333, "reusita": 100.0, "cnt": 3}, "CHIMIE ANORGANICA TEO NIVEL I/II": {"medie": 7.533333333333334, "reusita": 100.0, "cnt": 3}, "ISTORIE": {"medie": 8.005291005291005, "reusita": 99.47089947089947, "cnt": 189}, "GEOGRAFIE": {"medie": 8.089999999999998, "reusita": 96.0, "cnt": 25}, "PSIHOLOGIE": {"medie": 8.0, "reusita": 100.0, "cnt": 2}, "MATEMATICA ST-NAT": {"medie": 6.3, "reusita": 86.8421052631579, "cnt": 38}, "ANATOMIE SI FIZIOLOGIE UMANA, GENETICA SI ECOLOGIE UMANA": {"medie": 7.334482758620691, "reusita": 91.52542372881356, "cnt": 59}, "FILOSOFIE": {"medie": 9.733333333333333, "reusita": 100.0, "cnt": 9}, "ECONOMIE": {"medie": 8.8, "reusita": 100.0, "cnt": 4}, "LOGICA, ARGUMENTARE SI COMUNICARE": {"medie": 9.181756756756755, "reusita": 99.32885906040269, "cnt": 149}, "INFORMATICA MI PASCAL": {"medie": 7.305, "reusita": 100.0, "cnt": 10}}, "nume": "LICEUL TEORETIC \"EMIL RACOVITA\", MUN. VASLUI\tVaslui"}