{"specializari": {"MUZICA": 19, "ARTE PLASTICE SI DECORATIVE": 22, "ARHITECTURA, ARTE AMBIENTALE SI DESIGN": 12}, "limba_moderna": {"LIMBA ENGLEZA": 48, "LIMBA GERMANA MODERNA": 5}, "limba_materna": {"LIMBA MAGHIARA": 53}, "promotie_anterioara": {"NU": 40, "DA": 13}, "materii": {"LIMBA ROMANA": {"medie": 5.244117647058824, "reusita": 67.9245283018868, "cnt": 53}, "GENERAL": {"medie": 6.997193877551023, "reusita": 62.264150943396224, "cnt": 53}, "ISTORIE": {"medie": 6.6528301886792445, "reusita": 100.0, "cnt": 53}, "GEOGRAFIE": {"medie": 8.238235294117645, "reusita": 100.0, "cnt": 34}, "FILOSOFIE": {"medie": 7.594444444444444, "reusita": 94.73684210526315, "cnt": 19}, "LIMBA MAGHIARA (REAL)": {"medie": 7.7124999999999995, "reusita": 98.11320754716981, "cnt": 53}}, "nume": "LICEUL DE ARTE \"DR.PALLO IMRE\" ODORHEIU SECUIESC\tHarghita"}