{"specializari": {"MATEMATICA-INFORMATICA": 54, "STIINTE ALE NATURII": 61, "FILOLOGIE": 67, "STIINTE SOCIALE": 27}, "limba_moderna": {"LIMBA ENGLEZA": 179, "LIMBA FRANCEZA": 30}, "limba_materna": {"LIMBA ROMANA": 209}, "promotie_anterioara": {"NU": 201, "DA": 8}, "materii": {"LIMBA ROMANA": {"medie": 7.011594202898551, "reusita": 94.25837320574163, "cnt": 209}, "MATEMATICA MATE-INFO": {"medie": 8.143269230769231, "reusita": 96.29629629629629, "cnt": 54}, "BIOLOGIE VEGETALA SI ANIMALA": {"medie": 7.5755319148936175, "reusita": 95.91836734693877, "cnt": 49}, "GENERAL": {"medie": 7.437864077669903, "reusita": 85.16746411483254, "cnt": 209}, "CHIMIE ORGANICA TEO NIVEL I/II": {"medie": 9.4375, "reusita": 100.0, "cnt": 8}, "ISTORIE": {"medie": 6.733510638297874, "reusita": 100.0, "cnt": 94}, "GEOGRAFIE": {"medie": 8.419871794871796, "reusita": 98.73417721518987, "cnt": 79}, "MATEMATICA ST-NAT": {"medie": 6.629508196721312, "reusita": 95.08196721311475, "cnt": 61}, "ANATOMIE SI FIZIOLOGIE UMANA, GENETICA SI ECOLOGIE UMANA": {"medie": 8.789024390243902, "reusita": 100.0, "cnt": 41}, "FIZICA TEO": {"medie": 6.826470588235295, "reusita": 100.0, "cnt": 17}, "LOGICA, ARGUMENTARE SI COMUNICARE": {"medie": 8.72, "reusita": 100.0, "cnt": 15}}, "nume": "LICEUL TEORETIC \"SPIRU HARET\" MOINESTI\tBac\u0103u"}