{"specializari": {"INVATATOR - EDUCATOARE": 3, "MATEMATICA-INFORMATICA": 57, "FILOLOGIE": 33, "STIINTE ALE NATURII": 31, "STIINTE SOCIALE": 30}, "limba_moderna": {"LIMBA ENGLEZA": 143, "LIMBA GERMANA MODERNA": 11}, "limba_materna": {"LIMBA MAGHIARA": 154}, "promotie_anterioara": {"NU": 143, "DA": 11}, "materii": {"LIMBA ROMANA": {"medie": 6.34935064935065, "reusita": 88.31168831168831, "cnt": 154}, "MATEMATICA MATE-INFO": {"medie": 7.047321428571428, "reusita": 85.96491228070175, "cnt": 57}, "GENERAL": {"medie": 7.2819444444444414, "reusita": 81.81818181818183, "cnt": 154}, "CHIMIE ORGANICA TEO NIVEL I/II": {"medie": 8.516666666666667, "reusita": 100.0, "cnt": 3}, "ISTORIE": {"medie": 6.86984126984127, "reusita": 98.4126984126984, "cnt": 63}, "GEOGRAFIE": {"medie": 8.049999999999999, "reusita": 98.0, "cnt": 50}, "MATEMATICA ST-NAT": {"medie": 7.225806451612904, "reusita": 96.7741935483871, "cnt": 31}, "ANATOMIE SI FIZIOLOGIE UMANA, GENETICA SI ECOLOGIE UMANA": {"medie": 7.646031746031744, "reusita": 98.4126984126984, "cnt": 63}, "FIZICA TEO": {"medie": 6.275000000000001, "reusita": 100.0, "cnt": 6}, "FILOSOFIE": {"medie": 7.692857142857143, "reusita": 100.0, "cnt": 14}, "LOGICA, ARGUMENTARE SI COMUNICARE": {"medie": 7.175000000000001, "reusita": 100.0, "cnt": 2}, "MATEMATICA PED": {"medie": 7.516666666666667, "reusita": 100.0, "cnt": 3}, "INFORMATICA MI PASCAL": {"medie": 8.38125, "reusita": 93.75, "cnt": 16}, "LIMBA MAGHIARA (REAL)": {"medie": 7.901136363636365, "reusita": 98.86363636363636, "cnt": 88}, "LIMBA MAGHIARA (UMAN)": {"medie": 7.949242424242424, "reusita": 100.0, "cnt": 66}}, "nume": "LICEUL TEORETIC \"SALAMON ERNO\" GHEORGHENI\tHarghita"}