{"specializari": {"LICEU CU PROGRAM SPORTIV": 94, "STIINTE ALE NATURII": 21}, "limba_moderna": {"LIMBA ENGLEZA": 98, "LIMBA FRANCEZA": 17}, "limba_materna": {"LIMBA ROMANA": 115}, "promotie_anterioara": {"NU": 109, "DA": 6}, "materii": {"LIMBA ROMANA": {"medie": 5.6768181818181835, "reusita": 77.39130434782608, "cnt": 115}, "GENERAL": {"medie": 6.186060606060607, "reusita": 56.52173913043478, "cnt": 115}, "CHIMIE ORGANICA TEO NIVEL I/II": {"medie": 9.45, "reusita": 100.0, "cnt": 1}, "ISTORIE": {"medie": 5.70112359550562, "reusita": 86.17021276595744, "cnt": 94}, "GEOGRAFIE": {"medie": 7.139999999999999, "reusita": 94.44444444444444, "cnt": 90}, "PSIHOLOGIE": {"medie": 6.475, "reusita": 75.0, "cnt": 4}, "MATEMATICA ST-NAT": {"medie": 5.0738095238095235, "reusita": 80.95238095238095, "cnt": 21}, "ANATOMIE SI FIZIOLOGIE UMANA, GENETICA SI ECOLOGIE UMANA": {"medie": 8.037500000000001, "reusita": 100.0, "cnt": 20}}, "nume": "LICEUL CU PROGRAM SPORTIV TG-JIU\tGorj"}