{"specializari": {"ARHITECTURA, ARTE AMBIENTALE SI DESIGN": 20, "MUZICA": 2}, "limba_moderna": {"LIMBA ENGLEZA": 22}, "limba_materna": {"LIMBA ROMANA": 22}, "promotie_anterioara": {"NU": 20, "DA": 2}, "materii": {"LIMBA ROMANA": {"medie": 6.07142857142857, "reusita": 72.72727272727273, "cnt": 22}, "GENERAL": {"medie": 6.689682539682541, "reusita": 68.18181818181817, "cnt": 22}, "ISTORIE": {"medie": 6.586363636363635, "reusita": 90.9090909090909, "cnt": 22}, "GEOGRAFIE": {"medie": 7.202272727272727, "reusita": 90.9090909090909, "cnt": 22}}, "nume": "LICEUL DE ARTE \"GEORGE GEORGESCU\" TULCEA\tTulcea"}