{"specializari": {"TEHNICIAN DESENATOR PENTRU CONSTRUCTII SI INSTALATII": 52, "TEHNICIAN IN INSTALATII ELECTRICE": 45, "MATEMATICA-INFORMATICA": 59, "FILOLOGIE": 35, "STIINTE ALE NATURII": 48, "TEHNICIAN MECANIC PENTRU INTRETINERE SI REPARATII": 6, "TEHNICIAN ELECTROTEHNIST": 3, "TEHNICIAN INSTALATOR PENTRU CONSTRUCTII": 1}, "limba_moderna": {"LIMBA ENGLEZA": 186, "LIMBA FRANCEZA": 63}, "limba_materna": {"LIMBA ROMANA": 249}, "promotie_anterioara": {"DA": 78, "NU": 171}, "materii": {"LIMBA ROMANA": {"medie": 5.4421250000000025, "reusita": 69.87951807228916, "cnt": 249}, "MATEMATICA MATE-INFO": {"medie": 7.005084745762712, "reusita": 94.91525423728814, "cnt": 59}, "BIOLOGIE VEGETALA SI ANIMALA": {"medie": 4.098387096774193, "reusita": 34.34343434343434, "cnt": 99}, "GENERAL": {"medie": 5.47823529411765, "reusita": 32.1285140562249, "cnt": 249}, "INFORMATICA MI C/C++": {"medie": 9.95, "reusita": 100.0, "cnt": 1}, "ISTORIE": {"medie": 6.307142857142856, "reusita": 88.57142857142857, "cnt": 35}, "GEOGRAFIE": {"medie": 8.452083333333333, "reusita": 100.0, "cnt": 24}, "MATEMATICA ST-NAT": {"medie": 3.9767441860465116, "reusita": 47.91666666666667, "cnt": 48}, "ANATOMIE SI FIZIOLOGIE UMANA, GENETICA SI ECOLOGIE UMANA": {"medie": 6.303645833333334, "reusita": 75.0, "cnt": 100}, "FIZICA TEO": {"medie": 2.55, "reusita": 0.0, "cnt": 2}, "MATEMATICA TEHN": {"medie": 5.050490196078433, "reusita": 67.28971962616822, "cnt": 107}, "FIZICA TEH": {"medie": 2.6333333333333333, "reusita": 16.666666666666664, "cnt": 12}, "SOCIOLOGIE": {"medie": 5.763636363636363, "reusita": 81.81818181818183, "cnt": 11}}, "nume": "LICEUL TEHNOLOGIC \"DUMITRU DUMITRESCU\" BUFTEA\tIlfov"}