{"specializari": {"STIINTE ALE NATURII": 73, "MATEMATICA-INFORMATICA": 29, "FILOLOGIE": 30}, "limba_moderna": {"LIMBA ENGLEZA": 119, "LIMBA FRANCEZA": 13}, "limba_materna": {"LIMBA ROMANA": 132}, "promotie_anterioara": {"DA": 17, "NU": 115}, "materii": {"LIMBA ROMANA": {"medie": 7.235984848484847, "reusita": 94.6969696969697, "cnt": 132}, "MATEMATICA MATE-INFO": {"medie": 7.284482758620691, "reusita": 82.75862068965517, "cnt": 29}, "GENERAL": {"medie": 7.234217171717172, "reusita": 71.96969696969697, "cnt": 132}, "CHIMIE ANORGANICA TEO NIVEL I/II": {"medie": 7.900000000000001, "reusita": 100.0, "cnt": 3}, "ISTORIE": {"medie": 7.873333333333334, "reusita": 100.0, "cnt": 30}, "GEOGRAFIE": {"medie": 8.232608695652173, "reusita": 100.0, "cnt": 23}, "MATEMATICA ST-NAT": {"medie": 5.454109589041095, "reusita": 67.12328767123287, "cnt": 73}, "ANATOMIE SI FIZIOLOGIE UMANA, GENETICA SI ECOLOGIE UMANA": {"medie": 8.008510638297874, "reusita": 92.5531914893617, "cnt": 94}, "FIZICA TEO": {"medie": 6.866666666666667, "reusita": 100.0, "cnt": 3}, "FILOSOFIE": {"medie": 8.364285714285714, "reusita": 100.0, "cnt": 7}, "INFORMATICA MI PASCAL": {"medie": 9.5, "reusita": 100.0, "cnt": 2}}, "nume": "LICEUL TEORETIC \"ION AGARBICEANU\" JIBOU\tS\u0103laj"}