{"specializari": {"STIINTE ALE NATURII": 59}, "limba_moderna": {"LIMBA ENGLEZA": 59}, "limba_materna": {"LIMBA ROMANA": 59}, "promotie_anterioara": {"NU": 51, "DA": 8}, "materii": {"LIMBA ROMANA": {"medie": 5.354310344827587, "reusita": 64.40677966101694, "cnt": 59}, "GENERAL": {"medie": 5.002298850574712, "reusita": 28.8135593220339, "cnt": 59}, "MATEMATICA ST-NAT": {"medie": 4.133620689655173, "reusita": 42.3728813559322, "cnt": 59}, "ANATOMIE SI FIZIOLOGIE UMANA, GENETICA SI ECOLOGIE UMANA": {"medie": 5.51896551724138, "reusita": 64.40677966101694, "cnt": 59}}, "nume": "LICEUL TEORETIC VIRGIL IERUNCA, COM. LADESTI\tV\u00e2lcea"}