{"specializari": {"STIINTE SOCIALE": 35, "STIINTE ALE NATURII": 29, "MATEMATICA-INFORMATICA": 21}, "limba_moderna": {"LIMBA ENGLEZA": 52, "LIMBA FRANCEZA": 30, "LIMBA GERMANA MODERNA": 3}, "limba_materna": {"LIMBA ROMANA": 85}, "promotie_anterioara": {"NU": 75, "DA": 10}, "materii": {"LIMBA ROMANA": {"medie": 6.812650602409639, "reusita": 90.58823529411765, "cnt": 85}, "MATEMATICA MATE-INFO": {"medie": 6.5928571428571425, "reusita": 85.71428571428571, "cnt": 21}, "BIOLOGIE VEGETALA SI ANIMALA": {"medie": 8.2125, "reusita": 100.0, "cnt": 4}, "GENERAL": {"medie": 6.346184738955821, "reusita": 57.647058823529406, "cnt": 85}, "ISTORIE": {"medie": 6.5757142857142865, "reusita": 91.42857142857143, "cnt": 35}, "GEOGRAFIE": {"medie": 7.763636363636363, "reusita": 100.0, "cnt": 22}, "PSIHOLOGIE": {"medie": 6.214285714285714, "reusita": 100.0, "cnt": 7}, "MATEMATICA ST-NAT": {"medie": 2.7321428571428568, "reusita": 17.24137931034483, "cnt": 29}, "ANATOMIE SI FIZIOLOGIE UMANA, GENETICA SI ECOLOGIE UMANA": {"medie": 6.4439024390243915, "reusita": 90.47619047619048, "cnt": 42}, "FILOSOFIE": {"medie": 6.650000000000001, "reusita": 66.66666666666666, "cnt": 3}, "LOGICA, ARGUMENTARE SI COMUNICARE": {"medie": 7.8, "reusita": 100.0, "cnt": 1}, "SOCIOLOGIE": {"medie": 5.6, "reusita": 100.0, "cnt": 2}, "INFORMATICA MI PASCAL": {"medie": 7.8374999999999995, "reusita": 100.0, "cnt": 4}}, "nume": "LICEUL TEORETIC \"TATA OANCEA\" BOCSA\tCara\u0219-Severin"}