{"specializari": {"ARTE PLASTICE SI DECORATIVE": 37, "MUZICA": 25, "ARHITECTURA, ARTE AMBIENTALE SI DESIGN": 20}, "limba_moderna": {"LIMBA ENGLEZA": 47, "LIMBA ITALIANA": 35}, "limba_materna": {"LIMBA ROMANA": 82}, "promotie_anterioara": {"NU": 75, "DA": 7}, "materii": {"LIMBA ROMANA": {"medie": 6.686585365853661, "reusita": 92.6829268292683, "cnt": 82}, "GENERAL": {"medie": 7.2183127572016454, "reusita": 81.70731707317073, "cnt": 82}, "ISTORIE": {"medie": 6.993292682926828, "reusita": 98.78048780487805, "cnt": 82}, "GEOGRAFIE": {"medie": 8.081944444444444, "reusita": 94.5945945945946, "cnt": 37}, "PSIHOLOGIE": {"medie": 6.475, "reusita": 100.0, "cnt": 2}, "LOGICA, ARGUMENTARE SI COMUNICARE": {"medie": 7.9081395348837225, "reusita": 90.69767441860465, "cnt": 43}}, "nume": "LICEUL DE ARTE \"DINU LIPATTI\" PITESTI\tArge\u0219"}