{"specializari": {"MATEMATICA-INFORMATICA": 52, "STIINTE ALE NATURII": 127, "FILOLOGIE": 33}, "limba_moderna": {"LIMBA ENGLEZA": 201, "LIMBA GERMANA MODERNA": 2, "LIMBA FRANCEZA": 9}, "limba_materna": {"LIMBA ROMANA": 212}, "promotie_anterioara": {"NU": 212}, "materii": {"LIMBA ROMANA": {"medie": 7.884198113207546, "reusita": 100.0, "cnt": 212}, "MATEMATICA MATE-INFO": {"medie": 8.998076923076924, "reusita": 100.0, "cnt": 52}, "BIOLOGIE VEGETALA SI ANIMALA": {"medie": 8.328125, "reusita": 100.0, "cnt": 16}, "GENERAL": {"medie": 8.088050314465402, "reusita": 96.69811320754717, "cnt": 212}, "CHIMIE ORGANICA TEO NIVEL I/II": {"medie": 7.586363636363637, "reusita": 90.9090909090909, "cnt": 11}, "INFORMATICA MI C/C++": {"medie": 9.012500000000001, "reusita": 100.0, "cnt": 4}, "CHIMIE ANORGANICA TEO NIVEL I/II": {"medie": 6.588888888888889, "reusita": 100.0, "cnt": 9}, "ISTORIE": {"medie": 7.827272727272726, "reusita": 100.0, "cnt": 33}, "GEOGRAFIE": {"medie": 8.462499999999997, "reusita": 96.875, "cnt": 32}, "PSIHOLOGIE": {"medie": 7.85, "reusita": 100.0, "cnt": 1}, "MATEMATICA ST-NAT": {"medie": 7.88267716535433, "reusita": 97.63779527559055, "cnt": 127}, "ANATOMIE SI FIZIOLOGIE UMANA, GENETICA SI ECOLOGIE UMANA": {"medie": 8.752717391304348, "reusita": 100.0, "cnt": 92}, "FIZICA TEO": {"medie": 7.408888888888888, "reusita": 97.77777777777777, "cnt": 45}, "INFORMATICA SN C/C++": {"medie": 7.95, "reusita": 100.0, "cnt": 2}}, "nume": "LICEUL TEORETIC \"TRAIAN\" CONSTANTA\tConstan\u021ba"}