{"specializari": {"MATEMATICA-INFORMATICA": 72, "FILOLOGIE": 66}, "limba_moderna": {"LIMBA ENGLEZA": 122, "LIMBA FRANCEZA": 3, "LIMBA PORTUGHEZA": 13}, "limba_materna": {"LIMBA ROMANA": 138}, "promotie_anterioara": {"NU": 111, "DA": 27}, "materii": {"LIMBA ROMANA": {"medie": 7.076315789473687, "reusita": 94.92753623188406, "cnt": 138}, "MATEMATICA MATE-INFO": {"medie": 6.443571428571431, "reusita": 87.5, "cnt": 72}, "BIOLOGIE VEGETALA SI ANIMALA": {"medie": 6.1731250000000015, "reusita": 83.33333333333334, "cnt": 18}, "GENERAL": {"medie": 7.10712468193384, "reusita": 76.81159420289855, "cnt": 138}, "CHIMIE ORGANICA TEO NIVEL I/II": {"medie": 6.4, "reusita": 100.0, "cnt": 1}, "CHIMIE ANORGANICA TEO NIVEL I/II": {"medie": 6.575, "reusita": 100.0, "cnt": 2}, "ISTORIE": {"medie": 7.3269230769230775, "reusita": 98.48484848484848, "cnt": 66}, "GEOGRAFIE": {"medie": 8.753125, "reusita": 100.0, "cnt": 16}, "PSIHOLOGIE": {"medie": 7.8500000000000005, "reusita": 100.0, "cnt": 3}, "ANATOMIE SI FIZIOLOGIE UMANA, GENETICA SI ECOLOGIE UMANA": {"medie": 6.255, "reusita": 90.0, "cnt": 10}, "FIZICA TEO": {"medie": 5.45, "reusita": 72.72727272727273, "cnt": 11}, "ECONOMIE": {"medie": 7.833333333333333, "reusita": 100.0, "cnt": 3}, "LOGICA, ARGUMENTARE SI COMUNICARE": {"medie": 8.2, "reusita": 100.0, "cnt": 1}, "SOCIOLOGIE": {"medie": 8.130232558139536, "reusita": 100.0, "cnt": 43}, "INFORMATICA MI PASCAL": {"medie": 6.485000000000001, "reusita": 93.33333333333333, "cnt": 30}}, "nume": "LICEUL TEORETIC \"EUGEN LOVINESCU\"\tBucure\u0219ti"}