{"specializari": {"STIINTE SOCIALE": 47, "STIINTE ALE NATURII": 28}, "limba_moderna": {"LIMBA ENGLEZA": 75}, "limba_materna": {"LIMBA ROMANA": 75}, "promotie_anterioara": {"NU": 62, "DA": 13}, "materii": {"LIMBA ROMANA": {"medie": 4.264788732394366, "reusita": 42.66666666666667, "cnt": 75}, "GENERAL": {"medie": 4.936190476190475, "reusita": 18.666666666666668, "cnt": 75}, "ISTORIE": {"medie": 4.882954545454544, "reusita": 46.808510638297875, "cnt": 47}, "GEOGRAFIE": {"medie": 5.226744186046511, "reusita": 56.52173913043478, "cnt": 46}, "MATEMATICA ST-NAT": {"medie": 5.317857142857144, "reusita": 75.0, "cnt": 28}, "ANATOMIE SI FIZIOLOGIE UMANA, GENETICA SI ECOLOGIE UMANA": {"medie": 5.701785714285714, "reusita": 64.28571428571429, "cnt": 28}, "LOGICA, ARGUMENTARE SI COMUNICARE": {"medie": 2.7, "reusita": 0.0, "cnt": 1}}, "nume": "LICEUL TEORETIC NEGRU VODA\tConstan\u021ba"}