{"specializari": {"TEHNICIAN IN TURISM": 17}, "limba_moderna": {"LIMBA ENGLEZA": 17}, "limba_materna": {"LIMBA ROMANA": 17}, "promotie_anterioara": {"DA": 6, "NU": 11}, "materii": {"LIMBA ROMANA": {"medie": 4.320588235294117, "reusita": 47.05882352941176, "cnt": 17}, "GENERAL": {"medie": 5.245098039215685, "reusita": 17.647058823529413, "cnt": 17}, "GEOGRAFIE": {"medie": 6.479411764705883, "reusita": 100.0, "cnt": 17}, "MATEMATICA TEHN": {"medie": 4.935294117647058, "reusita": 58.82352941176471, "cnt": 17}}, "nume": "LICEUL TEHNOLOGIC \"OCTAVIAN GOGA\" ROZAVLEA\tMaramure\u0219"}