{"specializari": {"TEOLOGIE BAPTISTA": 32, "MATEMATICA-INFORMATICA": 17}, "limba_moderna": {"LIMBA ENGLEZA": 49}, "limba_materna": {"LIMBA ROMANA": 49}, "promotie_anterioara": {"NU": 44, "DA": 5}, "materii": {"LIMBA ROMANA": {"medie": 6.272916666666668, "reusita": 87.75510204081633, "cnt": 49}, "MATEMATICA MATE-INFO": {"medie": 6.364705882352943, "reusita": 82.35294117647058, "cnt": 17}, "BIOLOGIE VEGETALA SI ANIMALA": {"medie": 6.633333333333334, "reusita": 83.33333333333334, "cnt": 6}, "GENERAL": {"medie": 6.632624113475178, "reusita": 69.38775510204081, "cnt": 49}, "INFORMATICA MI C/C++": {"medie": 7.106249999999999, "reusita": 100.0, "cnt": 8}, "ISTORIE": {"medie": 6.361666666666665, "reusita": 90.625, "cnt": 32}, "GEOGRAFIE": {"medie": 7.145161290322582, "reusita": 87.5, "cnt": 32}, "ANATOMIE SI FIZIOLOGIE UMANA, GENETICA SI ECOLOGIE UMANA": {"medie": 9.35, "reusita": 100.0, "cnt": 3}}, "nume": "LICEUL TEOLOGIC BAPTIST TIMISOARA\tTimi\u0219"}