{"specializari": {"MATEMATICA-INFORMATICA": 13}, "limba_moderna": {"LIMBA GERMANA MODERNA": 13}, "limba_materna": {"LIMBA CROATA": 13}, "promotie_anterioara": {"NU": 11, "DA": 2}, "materii": {"LIMBA ROMANA": {"medie": 5.099999999999999, "reusita": 61.53846153846154, "cnt": 13}, "MATEMATICA MATE-INFO": {"medie": 3.7807692307692307, "reusita": 38.46153846153847, "cnt": 13}, "BIOLOGIE VEGETALA SI ANIMALA": {"medie": 6.1461538461538465, "reusita": 84.61538461538461, "cnt": 13}, "GENERAL": {"medie": 5.779807692307693, "reusita": 38.46153846153847, "cnt": 13}, "LIMBA CROATA": {"medie": 8.092307692307692, "reusita": 100.0, "cnt": 13}}, "nume": "LICEUL TEORETIC BILINGV ROMANO-CROAT CARASOVA\tCara\u0219-Severin"}