{"specializari": {"TEHNICIAN IN ACTIVITATI ECONOMICE": 30, "TEHNICIAN IN TURISM": 28, "STIINTE ALE NATURII": 110, "STIINTE SOCIALE": 66, "FILOLOGIE": 62, "MATEMATICA-INFORMATICA": 40, "LICEU CU PROGRAM SPORTIV": 1}, "limba_moderna": {"LIMBA ENGLEZA": 310, "LIMBA FRANCEZA": 25, "LIMBA RUSA": 2}, "limba_materna": {"LIMBA ROMANA": 337}, "promotie_anterioara": {"NU": 311, "DA": 26}, "materii": {"LIMBA ROMANA": {"medie": 6.681969696969695, "reusita": 91.69139465875371, "cnt": 337}, "MATEMATICA MATE-INFO": {"medie": 5.735897435897436, "reusita": 62.5, "cnt": 40}, "BIOLOGIE VEGETALA SI ANIMALA": {"medie": 6.78, "reusita": 90.0, "cnt": 30}, "GENERAL": {"medie": 7.108638211382108, "reusita": 73.88724035608308, "cnt": 337}, "CHIMIE ORGANICA TEO NIVEL I/II": {"medie": 8.3875, "reusita": 100.0, "cnt": 8}, "INFORMATICA MI C/C++": {"medie": 6.0200000000000005, "reusita": 80.0, "cnt": 5}, "ISTORIE": {"medie": 7.190873015873017, "reusita": 96.89922480620154, "cnt": 129}, "GEOGRAFIE": {"medie": 7.836904761904761, "reusita": 95.38461538461539, "cnt": 130}, "PSIHOLOGIE": {"medie": 8.75, "reusita": 100.0, "cnt": 1}, "MATEMATICA ST-NAT": {"medie": 6.031363636363634, "reusita": 80.0, "cnt": 110}, "ANATOMIE SI FIZIOLOGIE UMANA, GENETICA SI ECOLOGIE UMANA": {"medie": 7.816326530612245, "reusita": 93.0, "cnt": 100}, "FIZICA TEO": {"medie": 7.1642857142857155, "reusita": 85.71428571428571, "cnt": 7}, "MATEMATICA TEHN": {"medie": 7.650892857142858, "reusita": 86.20689655172413, "cnt": 58}, "LOGICA, ARGUMENTARE SI COMUNICARE": {"medie": 9.540322580645162, "reusita": 100.0, "cnt": 31}, "SOCIOLOGIE": {"medie": 8.222916666666668, "reusita": 96.0, "cnt": 25}}, "nume": "LICEUL TEORETIC \"MIHAI EMINESCU\", MUN. BARLAD\tVaslui"}