{"specializari": {"TEOLOGIE ORTODOXA": 63, "MUZICA BISERICEASCA": 5}, "limba_moderna": {"LIMBA ENGLEZA": 57, "LIMBA FRANCEZA": 11}, "limba_materna": {"LIMBA ROMANA": 68}, "promotie_anterioara": {"NU": 50, "DA": 18}, "materii": {"LIMBA ROMANA": {"medie": 5.873529411764705, "reusita": 80.88235294117648, "cnt": 68}, "GENERAL": {"medie": 6.526715686274509, "reusita": 61.76470588235294, "cnt": 68}, "ISTORIE": {"medie": 5.958823529411763, "reusita": 83.82352941176471, "cnt": 68}, "GEOGRAFIE": {"medie": 7.751492537313434, "reusita": 98.50746268656717, "cnt": 67}, "PSIHOLOGIE": {"medie": 7.5, "reusita": 100.0, "cnt": 1}}, "nume": "LICEUL TEOLOGIC \"EPISCOP MELCHISEDEC\", MUNICIPIUL ROMAN\tNeam\u021b"}