{"specializari": {"LICEU CU PROGRAM SPORTIV": 79}, "limba_moderna": {"LIMBA ENGLEZA": 79}, "limba_materna": {"LIMBA ROMANA": 79}, "promotie_anterioara": {"NU": 65, "DA": 14}, "materii": {"LIMBA ROMANA": {"medie": 5.3371794871794895, "reusita": 74.68354430379746, "cnt": 79}, "GENERAL": {"medie": 6.156709956709956, "reusita": 50.63291139240506, "cnt": 79}, "ISTORIE": {"medie": 5.58481012658228, "reusita": 89.87341772151899, "cnt": 79}, "GEOGRAFIE": {"medie": 7.543506493506494, "reusita": 97.43589743589743, "cnt": 78}, "FILOSOFIE": {"medie": 6.25, "reusita": 100.0, "cnt": 1}}, "nume": "LICEUL CU PROGRAM SPORTIV \"BIHORUL\" ORADEA\tBihor"}