{"specializari": {"FILOLOGIE": 31}, "limba_moderna": {"LIMBA ENGLEZA": 31}, "limba_materna": {"LIMBA SLOVACA": 31}, "promotie_anterioara": {"NU": 30, "DA": 1}, "materii": {"LIMBA ROMANA": {"medie": 3.0826923076923074, "reusita": 19.35483870967742, "cnt": 31}, "GENERAL": {"medie": 6.400000000000001, "reusita": 19.35483870967742, "cnt": 31}, "ISTORIE": {"medie": 7.13846153846154, "reusita": 83.87096774193549, "cnt": 31}, "FILOSOFIE": {"medie": 6.992307692307692, "reusita": 83.87096774193549, "cnt": 31}, "LIMBA SLOVACA": {"medie": 7.558695652173912, "reusita": 74.19354838709677, "cnt": 31}}, "nume": "LICEUL TEORETIC \"JOZEF KOZACEK\" BUDOI\tBihor"}