{"specializari": {"FILOLOGIE": 37, "STIINTE ALE NATURII": 39, "MATEMATICA-INFORMATICA": 35}, "limba_moderna": {"LIMBA ENGLEZA": 111}, "limba_materna": {"LIMBA ROMANA": 111}, "promotie_anterioara": {"NU": 96, "DA": 15}, "materii": {"LIMBA ROMANA": {"medie": 6.533783783783782, "reusita": 90.09009009009009, "cnt": 111}, "MATEMATICA MATE-INFO": {"medie": 8.03857142857143, "reusita": 94.28571428571428, "cnt": 35}, "GENERAL": {"medie": 6.253549382716052, "reusita": 54.95495495495496, "cnt": 111}, "INFORMATICA MI C/C++": {"medie": 6.5, "reusita": 100.0, "cnt": 2}, "ISTORIE": {"medie": 6.812162162162163, "reusita": 100.0, "cnt": 37}, "GEOGRAFIE": {"medie": 7.499999999999998, "reusita": 96.96969696969697, "cnt": 33}, "PSIHOLOGIE": {"medie": 7.083333333333333, "reusita": 100.0, "cnt": 3}, "MATEMATICA ST-NAT": {"medie": 2.9702702702702695, "reusita": 23.076923076923077, "cnt": 39}, "ANATOMIE SI FIZIOLOGIE UMANA, GENETICA SI ECOLOGIE UMANA": {"medie": 5.625694444444445, "reusita": 73.61111111111111, "cnt": 72}, "SOCIOLOGIE": {"medie": 9.7, "reusita": 100.0, "cnt": 1}}, "nume": "LICEUL TEORETIC \"MIHAI VELICIU\" CHISINEU-CRIS\tArad"}