{"specializari": {"FILOLOGIE": 25, "MATEMATICA-INFORMATICA": 24, "TEOLOGIE REFORMATA": 25}, "limba_moderna": {"LIMBA ENGLEZA": 49, "LIMBA GERMANA MODERNA": 25}, "limba_materna": {"LIMBA MAGHIARA": 74}, "promotie_anterioara": {"NU": 61, "DA": 13}, "materii": {"LIMBA ROMANA": {"medie": 4.301369863013699, "reusita": 44.5945945945946, "cnt": 74}, "MATEMATICA MATE-INFO": {"medie": 6.8999999999999995, "reusita": 87.5, "cnt": 24}, "GENERAL": {"medie": 6.072395833333332, "reusita": 37.83783783783784, "cnt": 74}, "CHIMIE ANORGANICA TEO NIVEL I/II": {"medie": 5.832142857142856, "reusita": 93.33333333333333, "cnt": 15}, "ISTORIE": {"medie": 5.805, "reusita": 94.0, "cnt": 50}, "GEOGRAFIE": {"medie": 7.421111111111111, "reusita": 100.0, "cnt": 45}, "FIZICA TEO": {"medie": 4.975, "reusita": 50.0, "cnt": 2}, "FILOSOFIE": {"medie": 4.433333333333334, "reusita": 66.66666666666666, "cnt": 3}, "ECONOMIE": {"medie": 3.65, "reusita": 50.0, "cnt": 2}, "INFORMATICA MI PASCAL": {"medie": 6.614285714285714, "reusita": 100.0, "cnt": 7}, "LIMBA MAGHIARA (REAL)": {"medie": 7.096938775510204, "reusita": 100.0, "cnt": 49}, "LIMBA MAGHIARA (UMAN)": {"medie": 7.187999999999999, "reusita": 100.0, "cnt": 25}}, "nume": "LICEUL REFORMAT SATU MARE\tSatu-Mare"}