{"specializari": {"MATEMATICA-INFORMATICA": 35, "FILOLOGIE": 77, "STIINTE SOCIALE": 1, "TEHNICIAN IN TURISM": 1}, "limba_moderna": {"LIMBA FRANCEZA": 19, "LIMBA ENGLEZA": 28, "LIMBA ITALIANA": 28, "LIMBA SPANIOLA": 39}, "limba_materna": {"LIMBA ROMANA": 114}, "promotie_anterioara": {"NU": 106, "DA": 8}, "materii": {"LIMBA ROMANA": {"medie": 6.541150442477879, "reusita": 90.35087719298247, "cnt": 114}, "MATEMATICA MATE-INFO": {"medie": 6.732857142857141, "reusita": 91.42857142857143, "cnt": 35}, "BIOLOGIE VEGETALA SI ANIMALA": {"medie": 8.714285714285714, "reusita": 100.0, "cnt": 7}, "GENERAL": {"medie": 6.93834808259587, "reusita": 72.80701754385966, "cnt": 114}, "ISTORIE": {"medie": 6.722077922077922, "reusita": 96.15384615384616, "cnt": 78}, "GEOGRAFIE": {"medie": 7.775362318840581, "reusita": 94.20289855072464, "cnt": 69}, "PSIHOLOGIE": {"medie": 5.199999999999999, "reusita": 50.0, "cnt": 2}, "ANATOMIE SI FIZIOLOGIE UMANA, GENETICA SI ECOLOGIE UMANA": {"medie": 7.401851851851854, "reusita": 96.29629629629629, "cnt": 27}, "FIZICA TEO": {"medie": 6.1, "reusita": 100.0, "cnt": 1}, "MATEMATICA TEHN": {"medie": 1.2, "reusita": 0.0, "cnt": 1}, "LOGICA, ARGUMENTARE SI COMUNICARE": {"medie": 5.35, "reusita": 100.0, "cnt": 1}, "SOCIOLOGIE": {"medie": 6.550000000000001, "reusita": 85.71428571428571, "cnt": 7}}, "nume": "LICEUL TEORETIC \"JEAN LOUIS CALDERON\" TIMISOARA\tTimi\u0219"}