{"specializari": {"FILOLOGIE": 12, "MATEMATICA-INFORMATICA": 17}, "limba_moderna": {"LIMBA ENGLEZA": 29}, "limba_materna": {"LIMBA ROMANA": 12, "LIMBA MAGHIARA": 17}, "promotie_anterioara": {"NU": 25, "DA": 4}, "materii": {"LIMBA ROMANA": {"medie": 5.435185185185185, "reusita": 62.06896551724138, "cnt": 29}, "MATEMATICA MATE-INFO": {"medie": 6.246874999999999, "reusita": 70.58823529411765, "cnt": 17}, "BIOLOGIE VEGETALA SI ANIMALA": {"medie": 7.121428571428572, "reusita": 86.66666666666667, "cnt": 15}, "GENERAL": {"medie": 5.8961538461538465, "reusita": 37.93103448275862, "cnt": 29}, "ISTORIE": {"medie": 5.418181818181818, "reusita": 66.66666666666666, "cnt": 12}, "GEOGRAFIE": {"medie": 7.078571428571429, "reusita": 87.5, "cnt": 8}, "PSIHOLOGIE": {"medie": 4.133333333333333, "reusita": 33.33333333333333, "cnt": 3}, "ANATOMIE SI FIZIOLOGIE UMANA, GENETICA SI ECOLOGIE UMANA": {"medie": "-", "reusita": 0.0, "cnt": 1}, "FIZICA TEO": {"medie": 7.3, "reusita": 100.0, "cnt": 1}, "ECONOMIE": {"medie": 2.0, "reusita": 0.0, "cnt": 1}, "LIMBA MAGHIARA (REAL)": {"medie": 5.909375, "reusita": 94.11764705882352, "cnt": 17}}, "nume": "LICEUL TEORETIC \"ADY ENDRE\"\tBucure\u0219ti"}