{"specializari": {"TEHNICIAN IN ACTIVITATI ECONOMICE": 22, "TEHNICIAN IN AGRICULTURA": 10, "TEHNICIAN ANALIZE PRODUSE ALIMENTARE": 1}, "limba_moderna": {"LIMBA ENGLEZA": 33}, "limba_materna": {"LIMBA ROMANA": 33}, "promotie_anterioara": {"NU": 27, "DA": 6}, "materii": {"LIMBA ROMANA": {"medie": 4.494642857142857, "reusita": 48.484848484848484, "cnt": 33}, "BIOLOGIE VEGETALA SI ANIMALA": {"medie": 3.505555555555555, "reusita": 18.181818181818183, "cnt": 11}, "GENERAL": {"medie": 4.264197530864197, "reusita": 18.181818181818183, "cnt": 33}, "GEOGRAFIE": {"medie": 5.6611111111111105, "reusita": 54.54545454545454, "cnt": 22}, "MATEMATICA TEHN": {"medie": 3.276785714285714, "reusita": 21.21212121212121, "cnt": 33}}, "nume": "LICEUL TEHNOLOGIC \"VASILE JUNCU\" MINIS\tArad"}