{"specializari": {"MATEMATICA-INFORMATICA": 30, "TEHNICIAN ECOLOG SI PROTECTIA CALITATII MEDIULUI": 28, "TEHNICIAN IN PRELUCRAREA LEMNULUI": 16, "FILOLOGIE": 31}, "limba_moderna": {"LIMBA FRANCEZA": 34, "LIMBA ENGLEZA": 71}, "limba_materna": {"LIMBA ROMANA": 105}, "promotie_anterioara": {"NU": 82, "DA": 23}, "materii": {"LIMBA ROMANA": {"medie": 5.701136363636362, "reusita": 59.04761904761905, "cnt": 105}, "MATEMATICA MATE-INFO": {"medie": 3.4107142857142856, "reusita": 20.0, "cnt": 30}, "BIOLOGIE VEGETALA SI ANIMALA": {"medie": 2.375, "reusita": 0.0, "cnt": 13}, "GENERAL": {"medie": 5.628488372093024, "reusita": 32.38095238095238, "cnt": 105}, "ISTORIE": {"medie": 6.7766666666666655, "reusita": 93.54838709677419, "cnt": 31}, "GEOGRAFIE": {"medie": 6.5613636363636365, "reusita": 90.9090909090909, "cnt": 22}, "PSIHOLOGIE": {"medie": 6.583333333333333, "reusita": 100.0, "cnt": 3}, "ANATOMIE SI FIZIOLOGIE UMANA, GENETICA SI ECOLOGIE UMANA": {"medie": 5.840740740740741, "reusita": 59.01639344262295, "cnt": 61}, "FILOSOFIE": {"medie": 6.0, "reusita": 100.0, "cnt": 1}, "MATEMATICA TEHN": {"medie": 5.372413793103449, "reusita": 38.63636363636363, "cnt": 44}, "LOGICA, ARGUMENTARE SI COMUNICARE": {"medie": 5.283333333333333, "reusita": 33.33333333333333, "cnt": 3}, "SOCIOLOGIE": {"medie": 5.699999999999999, "reusita": 100.0, "cnt": 2}}, "nume": "LICEUL \"GH. RUSET ROZNOVANU\", ORAS ROZNOV\tNeam\u021b"}