{"specializari": {"MATEMATICA-INFORMATICA": 81, "STIINTE ALE NATURII": 36, "FILOLOGIE": 35}, "limba_moderna": {"LIMBA ENGLEZA": 133, "LIMBA FRANCEZA": 16, "LIMBA ITALIANA": 2, "LIMBA GERMANA MODERNA": 1}, "limba_materna": {"LIMBA ROMANA": 152}, "promotie_anterioara": {"NU": 143, "DA": 9}, "materii": {"LIMBA ROMANA": {"medie": 6.266666666666665, "reusita": 77.63157894736842, "cnt": 152}, "MATEMATICA MATE-INFO": {"medie": 8.011111111111113, "reusita": 91.35802469135803, "cnt": 81}, "GENERAL": {"medie": 7.187666666666666, "reusita": 66.44736842105263, "cnt": 152}, "CHIMIE ORGANICA TEO NIVEL I/II": {"medie": 9.533333333333333, "reusita": 100.0, "cnt": 3}, "INFORMATICA MI C/C++": {"medie": 8.85, "reusita": 100.0, "cnt": 16}, "ISTORIE": {"medie": 6.487142857142857, "reusita": 91.42857142857143, "cnt": 35}, "GEOGRAFIE": {"medie": 8.491428571428571, "reusita": 100.0, "cnt": 35}, "MATEMATICA ST-NAT": {"medie": 5.358571428571428, "reusita": 83.33333333333334, "cnt": 36}, "ANATOMIE SI FIZIOLOGIE UMANA, GENETICA SI ECOLOGIE UMANA": {"medie": 8.392261904761906, "reusita": 98.82352941176471, "cnt": 85}, "FIZICA TEO": {"medie": 8.05, "reusita": 100.0, "cnt": 2}, "INFORMATICA MI PASCAL": {"medie": 4.672727272727273, "reusita": 54.54545454545454, "cnt": 11}}, "nume": "LICEUL TEORETIC \"AUREL VLAICU\" ORASTIE\tHunedoara"}