{"specializari": {"FILOLOGIE": 57}, "limba_moderna": {"LIMBA ENGLEZA": 52, "LIMBA FRANCEZA": 5}, "limba_materna": {"LIMBA ROMANA": 57}, "promotie_anterioara": {"NU": 38, "DA": 19}, "materii": {"LIMBA ROMANA": {"medie": 4.700925925925926, "reusita": 54.385964912280706, "cnt": 57}, "GENERAL": {"medie": 5.627564102564102, "reusita": 35.08771929824561, "cnt": 57}, "ISTORIE": {"medie": 5.828181818181819, "reusita": 87.71929824561403, "cnt": 57}, "GEOGRAFIE": {"medie": 6.296296296296294, "reusita": 82.45614035087719, "cnt": 57}}, "nume": "LICEUL TEORETIC \"GEORGE POP DE BASESTI\" VISEU DE SUS\tMaramure\u0219"}