{"specializari": {"MATEMATICA-INFORMATICA": 19, "STIINTE SOCIALE": 29, "STIINTE ALE NATURII": 51, "FILOLOGIE": 34}, "limba_moderna": {"LIMBA ENGLEZA": 105, "LIMBA FRANCEZA": 28}, "limba_materna": {"LIMBA ROMANA": 133}, "promotie_anterioara": {"NU": 119, "DA": 14}, "materii": {"LIMBA ROMANA": {"medie": 6.757894736842105, "reusita": 91.72932330827066, "cnt": 133}, "MATEMATICA MATE-INFO": {"medie": 8.421052631578947, "reusita": 100.0, "cnt": 19}, "GENERAL": {"medie": 7.262280701754386, "reusita": 77.44360902255639, "cnt": 133}, "CHIMIE ORGANICA TEO NIVEL I/II": {"medie": 7.625, "reusita": 100.0, "cnt": 2}, "INFORMATICA MI C/C++": {"medie": 8.896153846153846, "reusita": 100.0, "cnt": 13}, "CHIMIE ANORGANICA TEO NIVEL I/II": {"medie": 9.15, "reusita": 100.0, "cnt": 1}, "ISTORIE": {"medie": 7.400000000000004, "reusita": 93.65079365079364, "cnt": 63}, "GEOGRAFIE": {"medie": 8.555172413793105, "reusita": 98.27586206896551, "cnt": 58}, "MATEMATICA ST-NAT": {"medie": 5.686274509803919, "reusita": 72.54901960784314, "cnt": 51}, "ANATOMIE SI FIZIOLOGIE UMANA, GENETICA SI ECOLOGIE UMANA": {"medie": 7.4519607843137265, "reusita": 94.11764705882352, "cnt": 51}, "FIZICA TEO": {"medie": 7.066666666666666, "reusita": 100.0, "cnt": 3}, "ECONOMIE": {"medie": 8.2, "reusita": 100.0, "cnt": 1}, "SOCIOLOGIE": {"medie": 9.2375, "reusita": 100.0, "cnt": 4}}, "nume": "LICEUL TEORETIC \"PETRU RARES\" TARGU LAPUS\tMaramure\u0219"}