{"specializari": {"MATEMATICA-INFORMATICA": 132, "STIINTE ALE NATURII": 61, "FILOLOGIE": 33}, "limba_moderna": {"LIMBA ENGLEZA": 185, "LIMBA FRANCEZA": 40, "LIMBA GERMANA MODERNA": 1}, "limba_materna": {"LIMBA ROMANA": 226}, "promotie_anterioara": {"NU": 201, "DA": 25}, "materii": {"LIMBA ROMANA": {"medie": 6.832964601769912, "reusita": 96.90265486725663, "cnt": 226}, "MATEMATICA MATE-INFO": {"medie": 6.364393939393938, "reusita": 84.84848484848484, "cnt": 132}, "BIOLOGIE VEGETALA SI ANIMALA": {"medie": 6.783333333333334, "reusita": 97.22222222222221, "cnt": 36}, "GENERAL": {"medie": 6.767035398230093, "reusita": 72.12389380530973, "cnt": 226}, "CHIMIE ORGANICA TEO NIVEL I/II": {"medie": 7.85, "reusita": 100.0, "cnt": 4}, "INFORMATICA MI C/C++": {"medie": 7.575, "reusita": 100.0, "cnt": 20}, "CHIMIE ANORGANICA TEO NIVEL I/II": {"medie": 6.783333333333334, "reusita": 100.0, "cnt": 3}, "ISTORIE": {"medie": 7.854545454545453, "reusita": 100.0, "cnt": 33}, "GEOGRAFIE": {"medie": 8.3225, "reusita": 100.0, "cnt": 20}, "PSIHOLOGIE": {"medie": 2.75, "reusita": 0.0, "cnt": 1}, "MATEMATICA ST-NAT": {"medie": 6.504918032786886, "reusita": 88.52459016393442, "cnt": 61}, "ANATOMIE SI FIZIOLOGIE UMANA, GENETICA SI ECOLOGIE UMANA": {"medie": 6.4798913043478255, "reusita": 76.08695652173914, "cnt": 92}, "FIZICA TEO": {"medie": 5.81111111111111, "reusita": 77.77777777777779, "cnt": 27}, "LOGICA, ARGUMENTARE SI COMUNICARE": {"medie": 8.9, "reusita": 100.0, "cnt": 1}, "SOCIOLOGIE": {"medie": 9.35909090909091, "reusita": 100.0, "cnt": 11}, "INFORMATICA MI PASCAL": {"medie": 6.013636363636365, "reusita": 100.0, "cnt": 11}}, "nume": "LICEUL TEORETIC \"ION BARBU\" PITESTI\tArge\u0219"}