{"specializari": {"FILOLOGIE": 60, "TEHNICIAN IN ACTIVITATI ECONOMICE": 34, "MATEMATICA-INFORMATICA": 23, "TEHNICIAN IN SILVICULTURA SI EXPLOATARI FORESTIERE": 11, "TEHNICIAN IN AGRICULTURA": 1, "TEHNICIAN ECOLOG SI PROTECTIA CALITATII MEDIULUI": 1}, "limba_moderna": {"LIMBA ENGLEZA": 120, "LIMBA FRANCEZA": 10}, "limba_materna": {"LIMBA ROMANA": 130}, "promotie_anterioara": {"NU": 120, "DA": 10}, "materii": {"LIMBA ROMANA": {"medie": 4.8852, "reusita": 52.307692307692314, "cnt": 130}, "MATEMATICA MATE-INFO": {"medie": 6.302173913043478, "reusita": 86.95652173913044, "cnt": 23}, "GENERAL": {"medie": 5.22997311827957, "reusita": 36.92307692307693, "cnt": 130}, "ISTORIE": {"medie": 5.591379310344828, "reusita": 68.33333333333333, "cnt": 60}, "GEOGRAFIE": {"medie": 5.920879120879123, "reusita": 76.59574468085107, "cnt": 94}, "ANATOMIE SI FIZIOLOGIE UMANA, GENETICA SI ECOLOGIE UMANA": {"medie": 6.173529411764708, "reusita": 63.888888888888886, "cnt": 36}, "MATEMATICA TEHN": {"medie": 2.767045454545455, "reusita": 17.02127659574468, "cnt": 47}}, "nume": "LICEUL \"IOAN BUTEANU\" GURAHONT\tArad"}