{"specializari": {"MATEMATICA-INFORMATICA": 22, "FILOLOGIE": 54, "STIINTE ALE NATURII": 1}, "limba_moderna": {"LIMBA FRANCEZA": 15, "LIMBA ENGLEZA": 62}, "limba_materna": {"LIMBA ROMANA": 77}, "promotie_anterioara": {"NU": 75, "DA": 2}, "materii": {"LIMBA ROMANA": {"medie": 5.418666666666666, "reusita": 58.44155844155844, "cnt": 77}, "MATEMATICA MATE-INFO": {"medie": 6.988636363636362, "reusita": 86.36363636363636, "cnt": 22}, "BIOLOGIE VEGETALA SI ANIMALA": {"medie": 7.683333333333333, "reusita": 94.44444444444444, "cnt": 18}, "GENERAL": {"medie": 6.3980000000000015, "reusita": 51.94805194805194, "cnt": 77}, "CHIMIE ANORGANICA TEO NIVEL I/II": {"medie": 8.483333333333334, "reusita": 100.0, "cnt": 3}, "ISTORIE": {"medie": 5.971153846153845, "reusita": 79.62962962962963, "cnt": 54}, "GEOGRAFIE": {"medie": 7.3500000000000005, "reusita": 90.74074074074075, "cnt": 54}, "MATEMATICA ST-NAT": {"medie": 5.75, "reusita": 100.0, "cnt": 1}, "ANATOMIE SI FIZIOLOGIE UMANA, GENETICA SI ECOLOGIE UMANA": {"medie": 10.0, "reusita": 100.0, "cnt": 1}, "FIZICA TEO": {"medie": 7.2, "reusita": 100.0, "cnt": 1}}, "nume": "LICEUL TEORETIC GATAIA\tTimi\u0219"}