{"specializari": {"MATEMATICA-INFORMATICA": 28, "STIINTE SOCIALE": 38, "FILOLOGIE": 35, "STIINTE ALE NATURII": 24, "TEHNICIAN TRANSPORTURI": 24, "TEHNICIAN MECANIC PENTRU INTRETINERE SI REPARATII": 18, "TEHNICIAN ELECTROMECANIC": 19, "TEHNICIAN IN AUTOMATIZARI": 33, "TEHNICIAN IN ACTIVITATI ECONOMICE": 63, "TEHNICIAN IN INDUSTRIA TEXTILA": 16, "TEHNICIAN DESENATOR PENTRU CONSTRUCTII SI INSTALATII": 5, "TEHNICIAN IN INSTALATII ELECTRICE": 7}, "limba_moderna": {"LIMBA ENGLEZA": 309, "LIMBA FRANCEZA": 1}, "limba_materna": {"LIMBA ROMANA": 310}, "promotie_anterioara": {"DA": 66, "NU": 244}, "materii": {"LIMBA ROMANA": {"medie": 5.071299638989171, "reusita": 59.67741935483871, "cnt": 310}, "MATEMATICA MATE-INFO": {"medie": 4.574999999999998, "reusita": 64.28571428571429, "cnt": 28}, "BIOLOGIE VEGETALA SI ANIMALA": {"medie": 3.2365168539325837, "reusita": 16.666666666666664, "cnt": 120}, "GENERAL": {"medie": 5.040676883780333, "reusita": 25.806451612903224, "cnt": 310}, "CHIMIE ORGANICA TEO NIVEL I/II": {"medie": 7.516666666666667, "reusita": 100.0, "cnt": 3}, "ISTORIE": {"medie": 5.8208333333333355, "reusita": 90.41095890410958, "cnt": 73}, "GEOGRAFIE": {"medie": 6.556967213114753, "reusita": 89.68253968253968, "cnt": 126}, "PSIHOLOGIE": {"medie": 5.8999999999999995, "reusita": 66.66666666666666, "cnt": 6}, "MATEMATICA ST-NAT": {"medie": 3.9291666666666667, "reusita": 54.166666666666664, "cnt": 24}, "ANATOMIE SI FIZIOLOGIE UMANA, GENETICA SI ECOLOGIE UMANA": {"medie": 6.314893617021277, "reusita": 85.1063829787234, "cnt": 47}, "FILOSOFIE": {"medie": 9.05, "reusita": 100.0, "cnt": 2}, "MATEMATICA TEHN": {"medie": 3.5449324324324323, "reusita": 33.513513513513516, "cnt": 185}, "FIZICA TEH": {"medie": 2.0, "reusita": 0.0, "cnt": 4}, "ECONOMIE": {"medie": 3.3, "reusita": 0.0, "cnt": 1}, "SOCIOLOGIE": {"medie": 6.0, "reusita": 100.0, "cnt": 1}}, "nume": "LICEUL TEHNOLOGIC \"NICOLAE BALCESCU\" OLTENITA\tC\u0103l\u0103ra\u0219i"}