{"specializari": {"LICEU CU PROGRAM SPORTIV": 66}, "limba_moderna": {"LIMBA ENGLEZA": 66}, "limba_materna": {"LIMBA ROMANA": 66}, "promotie_anterioara": {"NU": 51, "DA": 15}, "materii": {"LIMBA ROMANA": {"medie": 4.642063492063491, "reusita": 54.54545454545454, "cnt": 66}, "GENERAL": {"medie": 5.242896174863387, "reusita": 27.27272727272727, "cnt": 66}, "ISTORIE": {"medie": 5.111290322580645, "reusita": 63.63636363636363, "cnt": 66}, "GEOGRAFIE": {"medie": 5.926984126984127, "reusita": 77.27272727272727, "cnt": 66}}, "nume": "LICEUL CU PROGRAM SPORTIV SLATINA\tOlt"}