{"specializari": {"MUZICA": 15, "ARTE PLASTICE SI DECORATIVE": 22, "ARHITECTURA, ARTE AMBIENTALE SI DESIGN": 32}, "limba_moderna": {"LIMBA FRANCEZA": 11, "LIMBA ENGLEZA": 58}, "limba_materna": {"LIMBA ROMANA": 69}, "promotie_anterioara": {"NU": 67, "DA": 2}, "materii": {"LIMBA ROMANA": {"medie": 7.386956521739131, "reusita": 95.65217391304348, "cnt": 69}, "GENERAL": {"medie": 7.504830917874397, "reusita": 85.5072463768116, "cnt": 69}, "ISTORIE": {"medie": 6.907246376811593, "reusita": 94.20289855072464, "cnt": 69}, "GEOGRAFIE": {"medie": 8.4, "reusita": 98.36065573770492, "cnt": 61}, "PSIHOLOGIE": {"medie": 6.614285714285715, "reusita": 85.71428571428571, "cnt": 7}, "ECONOMIE": {"medie": 8.5, "reusita": 100.0, "cnt": 1}}, "nume": "LICEUL DE ARTE \"BALASA DOAMNA\" TARGOVISTE\tD\u00e2mbovi\u021ba"}