{"specializari": {"FILOLOGIE": 27}, "limba_moderna": {"LIMBA ENGLEZA": 23, "LIMBA FRANCEZA": 4}, "limba_materna": {"LIMBA ROMANA": 27}, "promotie_anterioara": {"NU": 23, "DA": 4}, "materii": {"LIMBA ROMANA": {"medie": 4.721999999999998, "reusita": 51.85185185185185, "cnt": 27}, "GENERAL": {"medie": 5.791666666666667, "reusita": 44.44444444444444, "cnt": 27}, "ISTORIE": {"medie": 6.419230769230769, "reusita": 81.48148148148148, "cnt": 27}, "GEOGRAFIE": {"medie": 6.026470588235294, "reusita": 76.47058823529412, "cnt": 17}, "PSIHOLOGIE": {"medie": 3.1, "reusita": 0.0, "cnt": 1}, "FILOSOFIE": {"medie": 6.5874999999999995, "reusita": 88.88888888888889, "cnt": 9}}, "nume": "LICEUL SPECIAL PENTRU DEFICIENTI DE VEDERE CLUJ-NAPOCA\tCluj"}