{"specializari": {"MATEMATICA-INFORMATICA": 79, "STIINTE ALE NATURII": 21, "TEHNICIAN ECOLOG SI PROTECTIA CALITATII MEDIULUI": 25, "FILOLOGIE": 30, "TEHNICIAN MECATRONIST": 21, "STIINTE SOCIALE": 34, "TEHNICIAN MECANIC PENTRU INTRETINERE SI REPARATII": 12, "LICEU CU PROGRAM SPORTIV": 37, "TEHNICIAN ELECTROMECANIC": 24, "TEHNICIAN PRELUCRARI MECANICE": 1, "TEHNICIAN IN AUTOMATIZARI": 2}, "limba_moderna": {"LIMBA ENGLEZA": 245, "LIMBA FRANCEZA": 41}, "limba_materna": {"LIMBA ROMANA": 286}, "promotie_anterioara": {"NU": 220, "DA": 66}, "materii": {"LIMBA ROMANA": {"medie": 5.489169675090252, "reusita": 72.37762237762237, "cnt": 286}, "MATEMATICA MATE-INFO": {"medie": 4.819078947368421, "reusita": 54.43037974683544, "cnt": 79}, "BIOLOGIE VEGETALA SI ANIMALA": {"medie": 3.824561403508772, "reusita": 32.20338983050847, "cnt": 59}, "GENERAL": {"medie": 5.585714285714286, "reusita": 38.81118881118881, "cnt": 286}, "INFORMATICA MI C/C++": {"medie": 6.318181818181818, "reusita": 72.72727272727273, "cnt": 11}, "ISTORIE": {"medie": 5.489285714285715, "reusita": 73.26732673267327, "cnt": 101}, "GEOGRAFIE": {"medie": 6.947448979591836, "reusita": 85.14851485148515, "cnt": 101}, "MATEMATICA ST-NAT": {"medie": 6.025, "reusita": 80.95238095238095, "cnt": 21}, "ANATOMIE SI FIZIOLOGIE UMANA, GENETICA SI ECOLOGIE UMANA": {"medie": 6.215887850467286, "reusita": 78.18181818181819, "cnt": 110}, "FIZICA TEO": {"medie": 5.7, "reusita": 100.0, "cnt": 1}, "MATEMATICA TEHN": {"medie": 5.334810126582278, "reusita": 68.23529411764706, "cnt": 85}, "FIZICA TEH": {"medie": 3.033333333333333, "reusita": 0.0, "cnt": 3}, "INFORMATICA MI PASCAL": {"medie": 5.55, "reusita": 100.0, "cnt": 1}}, "nume": "LICEUL \"VOIEVODUL MIRCEA\" TARGOVISTE\tD\u00e2mbovi\u021ba"}