{"specializari": {"STIINTE SOCIALE": 34, "MATEMATICA-INFORMATICA": 57, "FILOLOGIE": 35, "STIINTE ALE NATURII": 34}, "limba_moderna": {"LIMBA FRANCEZA": 26, "LIMBA ENGLEZA": 134}, "limba_materna": {"LIMBA ROMANA": 160}, "promotie_anterioara": {"NU": 141, "DA": 19}, "materii": {"LIMBA ROMANA": {"medie": 7.042452830188678, "reusita": 95.625, "cnt": 160}, "MATEMATICA MATE-INFO": {"medie": 6.637272727272727, "reusita": 85.96491228070175, "cnt": 57}, "BIOLOGIE VEGETALA SI ANIMALA": {"medie": 7.106666666666667, "reusita": 91.93548387096774, "cnt": 62}, "GENERAL": {"medie": 7.180215053763446, "reusita": 77.5, "cnt": 160}, "CHIMIE ORGANICA TEO NIVEL I/II": {"medie": 9.35, "reusita": 100.0, "cnt": 2}, "INFORMATICA MI C/C++": {"medie": 8.200000000000001, "reusita": 100.0, "cnt": 3}, "ISTORIE": {"medie": 7.2746376811594216, "reusita": 98.55072463768117, "cnt": 69}, "GEOGRAFIE": {"medie": 8.190350877192984, "reusita": 100.0, "cnt": 57}, "PSIHOLOGIE": {"medie": 7.199999999999999, "reusita": 100.0, "cnt": 2}, "MATEMATICA ST-NAT": {"medie": 6.019696969696971, "reusita": 70.58823529411765, "cnt": 34}, "ANATOMIE SI FIZIOLOGIE UMANA, GENETICA SI ECOLOGIE UMANA": {"medie": 7.204166666666666, "reusita": 91.66666666666666, "cnt": 12}, "FIZICA TEO": {"medie": 7.6375, "reusita": 100.0, "cnt": 12}, "LOGICA, ARGUMENTARE SI COMUNICARE": {"medie": 7.574999999999999, "reusita": 100.0, "cnt": 4}, "SOCIOLOGIE": {"medie": 7.308333333333333, "reusita": 100.0, "cnt": 6}}, "nume": "LICEUL TEORETIC \"IULIA ZAMFIRESCU\" MIOVENI\tArge\u0219"}