{"specializari": {"STIINTE ALE NATURII": 33, "TEOLOGIE REFORMATA": 28}, "limba_moderna": {"LIMBA ENGLEZA": 51, "LIMBA GERMANA MODERNA": 10}, "limba_materna": {"LIMBA MAGHIARA": 61}, "promotie_anterioara": {"NU": 51, "DA": 10}, "materii": {"LIMBA ROMANA": {"medie": 3.972950819672131, "reusita": 40.98360655737705, "cnt": 61}, "BIOLOGIE VEGETALA SI ANIMALA": {"medie": 5.916666666666667, "reusita": 100.0, "cnt": 3}, "GENERAL": {"medie": 5.926844262295083, "reusita": 34.42622950819672, "cnt": 61}, "CHIMIE ORGANICA TEO NIVEL I/II": {"medie": 6.359999999999999, "reusita": 100.0, "cnt": 5}, "ISTORIE": {"medie": 5.108928571428571, "reusita": 75.0, "cnt": 28}, "GEOGRAFIE": {"medie": 5.762500000000002, "reusita": 89.28571428571429, "cnt": 28}, "MATEMATICA ST-NAT": {"medie": 7.395454545454547, "reusita": 96.96969696969697, "cnt": 33}, "ANATOMIE SI FIZIOLOGIE UMANA, GENETICA SI ECOLOGIE UMANA": {"medie": 7.894, "reusita": 100.0, "cnt": 25}, "LIMBA MAGHIARA (REAL)": {"medie": 6.695901639344263, "reusita": 91.80327868852459, "cnt": 61}}, "nume": "LICEUL TEOLOGIC REFORMAT TARGU SECUIESC\tCovasna"}