{"specializari": {"MATEMATICA-INFORMATICA": 150, "FILOLOGIE": 82, "STIINTE ALE NATURII": 1}, "limba_moderna": {"LIMBA ENGLEZA": 164, "LIMBA FRANCEZA": 69}, "limba_materna": {"LIMBA ROMANA": 233}, "promotie_anterioara": {"NU": 149, "DA": 84}, "materii": {"LIMBA ROMANA": {"medie": 4.893333333333333, "reusita": 67.38197424892704, "cnt": 233}, "MATEMATICA MATE-INFO": {"medie": 3.026785714285715, "reusita": 26.0, "cnt": 150}, "BIOLOGIE VEGETALA SI ANIMALA": {"medie": 5.114285714285716, "reusita": 59.34065934065934, "cnt": 91}, "GENERAL": {"medie": 4.899847792998478, "reusita": 20.600858369098713, "cnt": 233}, "ISTORIE": {"medie": 5.294444444444443, "reusita": 80.48780487804879, "cnt": 82}, "GEOGRAFIE": {"medie": 7.078947368421051, "reusita": 94.87179487179486, "cnt": 78}, "PSIHOLOGIE": {"medie": 4.1499999999999995, "reusita": 25.0, "cnt": 4}, "MATEMATICA ST-NAT": {"medie": 5.0, "reusita": 100.0, "cnt": 1}, "ANATOMIE SI FIZIOLOGIE UMANA, GENETICA SI ECOLOGIE UMANA": {"medie": 5.71293103448276, "reusita": 75.0, "cnt": 60}}, "nume": "LICEUL TEORETIC \"CONSTANTIN NOICA\" ALEXANDRIA\tTeleorman"}