{"specializari": {"TEOLOGIE PENTICOSTALA": 26, "MATEMATICA-INFORMATICA": 13}, "limba_moderna": {"LIMBA ENGLEZA": 39}, "limba_materna": {"LIMBA ROMANA": 39}, "promotie_anterioara": {"NU": 33, "DA": 6}, "materii": {"LIMBA ROMANA": {"medie": 6.3802631578947375, "reusita": 89.74358974358975, "cnt": 39}, "MATEMATICA MATE-INFO": {"medie": 3.4666666666666663, "reusita": 23.076923076923077, "cnt": 13}, "BIOLOGIE VEGETALA SI ANIMALA": {"medie": 7.25, "reusita": 50.0, "cnt": 2}, "GENERAL": {"medie": 6.3045045045045045, "reusita": 48.717948717948715, "cnt": 39}, "ISTORIE": {"medie": 6.248000000000001, "reusita": 88.46153846153845, "cnt": 26}, "GEOGRAFIE": {"medie": 7.349999999999999, "reusita": 88.46153846153845, "cnt": 26}, "ANATOMIE SI FIZIOLOGIE UMANA, GENETICA SI ECOLOGIE UMANA": {"medie": 6.822727272727272, "reusita": 100.0, "cnt": 11}}, "nume": "LICEUL TEOLOGIC PENTICOSTAL ARAD\tArad"}