{"specializari": {"INVATATOR - EDUCATOARE": 50, "FILOLOGIE": 34, "INSTRUCTOR PENTRU ACTIVITATI EXTRASCOLARE": 27, "LICEU CU PROGRAM SPORTIV": 26, "MUZICA": 21, "ARTE PLASTICE SI DECORATIVE": 23}, "limba_moderna": {"LIMBA ENGLEZA": 154, "LIMBA SPANIOLA": 8, "LIMBA FRANCEZA": 18, "LIMBA RUSA": 1}, "limba_materna": {"LIMBA ROMANA": 181}, "promotie_anterioara": {"NU": 164, "DA": 17}, "materii": {"LIMBA ROMANA": {"medie": 6.543785310734461, "reusita": 87.29281767955801, "cnt": 181}, "GENERAL": {"medie": 6.582007575757576, "reusita": 62.98342541436463, "cnt": 181}, "ISTORIE": {"medie": 5.928906249999996, "reusita": 87.02290076335878, "cnt": 131}, "GEOGRAFIE": {"medie": 6.9901515151515135, "reusita": 83.08823529411765, "cnt": 136}, "PSIHOLOGIE": {"medie": 7.574999999999999, "reusita": 92.10526315789474, "cnt": 38}, "FILOSOFIE": {"medie": 7.842857142857142, "reusita": 100.0, "cnt": 7}, "MATEMATICA PED": {"medie": 6.254999999999999, "reusita": 80.0, "cnt": 50}}, "nume": "LICEUL PEDAGOGIC \"IOAN POPESCU\", MUN. BARLAD\tVaslui"}