{"specializari": {"MATEMATICA-INFORMATICA": 27, "TEHNICIAN IN ACTIVITATI ECONOMICE": 99, "TEHNICIAN IN ACHIZITII SI CONTRACTARI": 4, "TEHNICIAN IN TURISM": 3, "TEHNICIAN IN ACTIVITATI DE COMERT": 1, "ORGANIZATOR BANQUETING": 1}, "limba_moderna": {"LIMBA ENGLEZA": 133, "LIMBA FRANCEZA": 2}, "limba_materna": {"LIMBA ROMANA": 135}, "promotie_anterioara": {"NU": 117, "DA": 18}, "materii": {"LIMBA ROMANA": {"medie": 5.771052631578948, "reusita": 79.25925925925927, "cnt": 135}, "MATEMATICA MATE-INFO": {"medie": 7.694444444444445, "reusita": 92.5925925925926, "cnt": 27}, "GENERAL": {"medie": 6.627777777777776, "reusita": 62.96296296296296, "cnt": 135}, "GEOGRAFIE": {"medie": 7.6747619047619065, "reusita": 97.22222222222221, "cnt": 108}, "ANATOMIE SI FIZIOLOGIE UMANA, GENETICA SI ECOLOGIE UMANA": {"medie": 7.2666666666666675, "reusita": 96.29629629629629, "cnt": 27}, "MATEMATICA TEHN": {"medie": 6.174056603773584, "reusita": 82.4074074074074, "cnt": 108}}, "nume": "LICEUL ECONOMIC NASAUD\tBistri\u021ba-N\u0103s\u0103ud"}