{"specializari": {"TEHNICIAN OPERATOR TEHNICA DE CALCUL": 27, "TEHNICIAN IN INSTALATII ELECTRICE": 68, "TEHNICIAN DE TELECOMUNICATII": 36, "TEHNICIAN ELECTROTEHNIST": 5, "TEHNICIAN MECANIC PENTRU INTRETINERE SI REPARATII": 29}, "limba_moderna": {"LIMBA ENGLEZA": 151, "LIMBA FRANCEZA": 14}, "limba_materna": {"LIMBA ROMANA": 165}, "promotie_anterioara": {"NU": 141, "DA": 24}, "materii": {"LIMBA ROMANA": {"medie": 6.4453987730061355, "reusita": 93.93939393939394, "cnt": 165}, "BIOLOGIE VEGETALA SI ANIMALA": {"medie": 5.607199999999998, "reusita": 68.50393700787401, "cnt": 127}, "GENERAL": {"medie": 6.594025157232708, "reusita": 58.18181818181818, "cnt": 165}, "MATEMATICA TEHN": {"medie": 7.445061728395057, "reusita": 89.0909090909091, "cnt": 165}, "FIZICA TEH": {"medie": 6.572727272727272, "reusita": 74.28571428571429, "cnt": 35}, "CHIMIE ANORGANICA TEH NIVEL I/II": {"medie": 6.1000000000000005, "reusita": 66.66666666666666, "cnt": 3}}, "nume": "LICEUL TEHNOLOGIC \"FERDINAND I\" CURTEA DE ARGES\tArge\u0219"}