{"specializari": {"INVATATOR - EDUCATOARE": 52, "FILOLOGIE": 123, "STIINTE SOCIALE": 35}, "limba_moderna": {"LIMBA ENGLEZA": 173, "LIMBA FRANCEZA": 28, "LIMBA GERMANA MODERNA": 9}, "limba_materna": {"LIMBA ROMANA": 145, "LIMBA MAGHIARA": 55, "LIMBA GERMANA": 10}, "promotie_anterioara": {"NU": 207, "DA": 3}, "materii": {"LIMBA ROMANA": {"medie": 7.198333333333332, "reusita": 93.33333333333333, "cnt": 210}, "GENERAL": {"medie": 7.845218253968254, "reusita": 91.42857142857143, "cnt": 210}, "ISTORIE": {"medie": 7.6278481012658235, "reusita": 100.0, "cnt": 158}, "GEOGRAFIE": {"medie": 8.773451327433625, "reusita": 100.0, "cnt": 113}, "PSIHOLOGIE": {"medie": 9.134615384615385, "reusita": 100.0, "cnt": 13}, "FILOSOFIE": {"medie": 8.4, "reusita": 100.0, "cnt": 17}, "LIMBA GERMANA": {"medie": 6.95, "reusita": 100.0, "cnt": 10}, "ECONOMIE": {"medie": 9.3, "reusita": 100.0, "cnt": 1}, "MATEMATICA PED": {"medie": 8.090384615384616, "reusita": 94.23076923076923, "cnt": 52}, "SOCIOLOGIE": {"medie": 8.621212121212121, "reusita": 100.0, "cnt": 66}, "LIMBA MAGHIARA (UMAN)": {"medie": 6.847272727272728, "reusita": 96.36363636363636, "cnt": 55}}, "nume": "LICEUL PEDAGOGIC \"GHEORGHE SINCAI\" ZALAU\tS\u0103laj"}