{"specializari": {"TEHNICIAN IN INDUSTRIA TEXTILA": 27, "TEHNICIAN IN PRELUCRAREA LEMNULUI": 1}, "limba_moderna": {"LIMBA ENGLEZA": 28}, "limba_materna": {"LIMBA ROMANA": 28}, "promotie_anterioara": {"DA": 8, "NU": 20}, "materii": {"LIMBA ROMANA": {"medie": 5.05, "reusita": 57.14285714285714, "cnt": 28}, "BIOLOGIE VEGETALA SI ANIMALA": {"medie": 3.1937500000000005, "reusita": 9.523809523809524, "cnt": 21}, "GENERAL": {"medie": 4.9261904761904765, "reusita": 10.714285714285714, "cnt": 28}, "MATEMATICA TEHN": {"medie": 5.886363636363637, "reusita": 60.71428571428571, "cnt": 28}, "CHIMIE ANORGANICA TEH NIVEL I/II": {"medie": 4.457142857142856, "reusita": 57.14285714285714, "cnt": 7}}, "nume": "LICEUL TEHNOLOGIC \"ION CREANGA\", COMUNA PIPIRIG\tNeam\u021b"}