{"specializari": {"LICEU CU PROGRAM SPORTIV": 97, "FILOLOGIE": 44}, "limba_moderna": {"LIMBA ENGLEZA": 133, "LIMBA FRANCEZA": 8}, "limba_materna": {"LIMBA ROMANA": 141}, "promotie_anterioara": {"NU": 125, "DA": 16}, "materii": {"LIMBA ROMANA": {"medie": 5.984558823529412, "reusita": 81.56028368794325, "cnt": 141}, "GENERAL": {"medie": 6.218283582089551, "reusita": 51.77304964539007, "cnt": 141}, "ISTORIE": {"medie": 5.993703703703704, "reusita": 77.30496453900709, "cnt": 141}, "GEOGRAFIE": {"medie": 6.626999999999999, "reusita": 86.40776699029125, "cnt": 103}, "LOGICA, ARGUMENTARE SI COMUNICARE": {"medie": 6.718055555555553, "reusita": 81.57894736842105, "cnt": 38}}, "nume": "LICEUL CU PROGRAM SPORTIV SUCEAVA\tSuceava"}