{"specializari": {"TEHNICIAN IN INDUSTRIA ALIMENTARA": 55, "STIINTE ALE NATURII": 53, "LICEU CU PROGRAM SPORTIV": 17}, "limba_moderna": {"LIMBA ENGLEZA": 124, "LIMBA FRANCEZA": 1}, "limba_materna": {"LIMBA ROMANA": 125}, "promotie_anterioara": {"DA": 67, "NU": 58}, "materii": {"LIMBA ROMANA": {"medie": 5.063247863247865, "reusita": 65.60000000000001, "cnt": 125}, "BIOLOGIE VEGETALA SI ANIMALA": {"medie": 4.4712499999999995, "reusita": 55.81395348837209, "cnt": 43}, "GENERAL": {"medie": 4.72247023809524, "reusita": 12.0, "cnt": 125}, "ISTORIE": {"medie": 5.570588235294117, "reusita": 64.70588235294117, "cnt": 17}, "GEOGRAFIE": {"medie": 6.238235294117647, "reusita": 76.47058823529412, "cnt": 17}, "MATEMATICA ST-NAT": {"medie": 3.7132075471698123, "reusita": 37.735849056603776, "cnt": 53}, "ANATOMIE SI FIZIOLOGIE UMANA, GENETICA SI ECOLOGIE UMANA": {"medie": 4.90263157894737, "reusita": 45.3125, "cnt": 64}, "MATEMATICA TEHN": {"medie": 3.932222222222222, "reusita": 38.18181818181819, "cnt": 55}, "CHIMIE ANORGANICA TEH NIVEL I/II": {"medie": 5.4, "reusita": 100.0, "cnt": 1}}, "nume": "LICEUL TEHNOLOGIC \"ION PODARU\" OVIDIU\tConstan\u021ba"}