{"specializari": {"TEHNICIAN IN ADMINISTRATIE": 61}, "limba_moderna": {"LIMBA ENGLEZA": 58, "LIMBA FRANCEZA": 3}, "limba_materna": {"LIMBA ROMANA": 61}, "promotie_anterioara": {"NU": 44, "DA": 17}, "materii": {"LIMBA ROMANA": {"medie": 5.444827586206897, "reusita": 77.04918032786885, "cnt": 61}, "GENERAL": {"medie": 5.571264367816091, "reusita": 31.147540983606557, "cnt": 61}, "GEOGRAFIE": {"medie": 7.0749999999999975, "reusita": 90.1639344262295, "cnt": 61}, "MATEMATICA TEHN": {"medie": 4.193965517241379, "reusita": 50.81967213114754, "cnt": 61}}, "nume": "LICEUL TEHNOLOGIC BELIU\tArad"}