{"specializari": {"TEHNICIAN OPERATOR TEHNICA DE CALCUL": 13}, "limba_moderna": {"LIMBA ENGLEZA": 13}, "limba_materna": {"LIMBA ROMANA": 13}, "promotie_anterioara": {"NU": 13}, "materii": {"LIMBA ROMANA": {"medie": 5.666666666666667, "reusita": 84.61538461538461, "cnt": 13}, "GENERAL": {"medie": 6.788888888888888, "reusita": 84.61538461538461, "cnt": 13}, "MATEMATICA TEHN": {"medie": 8.033333333333335, "reusita": 92.3076923076923, "cnt": 13}, "CHIMIE ANORGANICA TEH NIVEL I/II": {"medie": 6.666666666666667, "reusita": 92.3076923076923, "cnt": 13}}, "nume": "LICEUL TEHNOLOGIC SPECIAL BIVOLARIE\tSuceava"}