{"specializari": {"LICEU CU PROGRAM SPORTIV": 105}, "limba_moderna": {"LIMBA ENGLEZA": 101, "LIMBA FRANCEZA": 4}, "limba_materna": {"LIMBA ROMANA": 105}, "promotie_anterioara": {"NU": 89, "DA": 16}, "materii": {"LIMBA ROMANA": {"medie": 5.092857142857143, "reusita": 61.904761904761905, "cnt": 105}, "GENERAL": {"medie": 5.816842105263157, "reusita": 41.904761904761905, "cnt": 105}, "ISTORIE": {"medie": 5.446354166666668, "reusita": 64.76190476190476, "cnt": 105}, "GEOGRAFIE": {"medie": 7.134328358208953, "reusita": 85.33333333333334, "cnt": 75}, "PSIHOLOGIE": {"medie": 5.7, "reusita": 100.0, "cnt": 1}, "ECONOMIE": {"medie": 8.5, "reusita": 100.0, "cnt": 1}, "LOGICA, ARGUMENTARE SI COMUNICARE": {"medie": 6.21730769230769, "reusita": 67.85714285714286, "cnt": 28}}, "nume": "LICEUL CU PROGRAM SPORTIV, MUNICIPIUL PIATRA-NEAMT\tNeam\u021b"}