{"specializari": {"TEHNICIAN IN TURISM": 22, "ORGANIZATOR BANQUETING": 1}, "limba_moderna": {"LIMBA FRANCEZA": 21, "LIMBA ENGLEZA": 2}, "limba_materna": {"LIMBA ROMANA": 23}, "promotie_anterioara": {"NU": 22, "DA": 1}, "materii": {"LIMBA ROMANA": {"medie": 3.979411764705883, "reusita": 26.08695652173913, "cnt": 23}, "GENERAL": {"medie": 4.321875, "reusita": 13.043478260869565, "cnt": 23}, "GEOGRAFIE": {"medie": 5.608823529411765, "reusita": 52.17391304347826, "cnt": 23}, "MATEMATICA TEHN": {"medie": 3.2264705882352933, "reusita": 21.73913043478261, "cnt": 23}}, "nume": "LICEUL TEHNOLOGIC OCNA SUGATAG\tMaramure\u0219"}