{"specializari": {"TEHNICIAN ECOLOG SI PROTECTIA CALITATII MEDIULUI": 19, "INVATATOR - EDUCATOARE": 24, "TEHNICIAN ANALIZE PRODUSE ALIMENTARE": 4, "TEHNICIAN IN TURISM": 18, "PEDAGOG SCOLAR": 1, "TEHNICIAN IN INDUSTRIA ALIMENTARA": 1}, "limba_moderna": {"LIMBA ENGLEZA": 62, "LIMBA FRANCEZA": 5}, "limba_materna": {"LIMBA ROMANA": 67}, "promotie_anterioara": {"NU": 52, "DA": 15}, "materii": {"LIMBA ROMANA": {"medie": 5.780303030303033, "reusita": 76.11940298507463, "cnt": 67}, "BIOLOGIE VEGETALA SI ANIMALA": {"medie": 4.078571428571428, "reusita": 33.33333333333333, "cnt": 24}, "GENERAL": {"medie": 5.745052083333332, "reusita": 38.80597014925373, "cnt": 67}, "ISTORIE": {"medie": 5.0, "reusita": 100.0, "cnt": 1}, "GEOGRAFIE": {"medie": 6.720588235294118, "reusita": 88.23529411764706, "cnt": 34}, "PSIHOLOGIE": {"medie": 6.471428571428572, "reusita": 85.71428571428571, "cnt": 7}, "MATEMATICA TEHN": {"medie": 4.903750000000001, "reusita": 66.66666666666666, "cnt": 42}, "ECONOMIE": {"medie": 7.45, "reusita": 100.0, "cnt": 2}, "MATEMATICA PED": {"medie": 6.639583333333333, "reusita": 83.33333333333334, "cnt": 24}}, "nume": "LICEUL PEDAGOGIC \"STEFAN BANULESCU\" CALARASI\tC\u0103l\u0103ra\u0219i"}