{"specializari": {"MATEMATICA-INFORMATICA": 22, "FILOLOGIE": 33}, "limba_moderna": {"LIMBA ENGLEZA": 46, "LIMBA GERMANA MODERNA": 9}, "limba_materna": {"LIMBA MAGHIARA": 55}, "promotie_anterioara": {"NU": 51, "DA": 4}, "materii": {"LIMBA ROMANA": {"medie": 5.464545454545455, "reusita": 63.63636363636363, "cnt": 55}, "MATEMATICA MATE-INFO": {"medie": 8.047727272727274, "reusita": 100.0, "cnt": 22}, "BIOLOGIE VEGETALA SI ANIMALA": {"medie": 7.8999999999999995, "reusita": 100.0, "cnt": 8}, "GENERAL": {"medie": 6.799318181818183, "reusita": 56.36363636363636, "cnt": 55}, "CHIMIE ORGANICA TEO NIVEL I/II": {"medie": 8.65, "reusita": 100.0, "cnt": 3}, "ISTORIE": {"medie": 5.79848484848485, "reusita": 87.87878787878788, "cnt": 33}, "GEOGRAFIE": {"medie": 6.672727272727271, "reusita": 90.9090909090909, "cnt": 33}, "ANATOMIE SI FIZIOLOGIE UMANA, GENETICA SI ECOLOGIE UMANA": {"medie": 9.8, "reusita": 100.0, "cnt": 1}, "INFORMATICA MI PASCAL": {"medie": 9.040000000000001, "reusita": 100.0, "cnt": 10}, "LIMBA MAGHIARA (REAL)": {"medie": 8.554545454545455, "reusita": 100.0, "cnt": 22}, "LIMBA MAGHIARA (UMAN)": {"medie": 6.943939393939394, "reusita": 90.9090909090909, "cnt": 33}}, "nume": "LICEUL TEORETIC \"ORBAN BALAZS\" CRISTURU SECUIESC\tHarghita"}