{"specializari": {"STIINTE ALE NATURII": 83, "STIINTE SOCIALE": 108, "TEHNICIAN MECANIC PENTRU INTRETINERE SI REPARATII": 79, "MATEMATICA-INFORMATICA": 15, "TEHNICIAN PRELUCRARI MECANICE": 21, "TEHNICIAN ELECTRONIST": 1}, "limba_moderna": {"LIMBA ENGLEZA": 299, "LIMBA FRANCEZA": 8}, "limba_materna": {"LIMBA ROMANA": 307}, "promotie_anterioara": {"NU": 227, "DA": 80}, "materii": {"LIMBA ROMANA": {"medie": 3.631015037593984, "reusita": 26.384364820846905, "cnt": 307}, "MATEMATICA MATE-INFO": {"medie": 4.0, "reusita": 40.0, "cnt": 15}, "BIOLOGIE VEGETALA SI ANIMALA": {"medie": 3.556666666666667, "reusita": 21.929824561403507, "cnt": 114}, "GENERAL": {"medie": 3.6824822695035455, "reusita": 7.491856677524431, "cnt": 307}, "ISTORIE": {"medie": 4.519444444444445, "reusita": 40.74074074074074, "cnt": 108}, "GEOGRAFIE": {"medie": 5.255797101449277, "reusita": 50.0, "cnt": 88}, "PSIHOLOGIE": {"medie": 6.2, "reusita": 83.33333333333334, "cnt": 6}, "MATEMATICA ST-NAT": {"medie": 2.669565217391305, "reusita": 21.686746987951807, "cnt": 83}, "ANATOMIE SI FIZIOLOGIE UMANA, GENETICA SI ECOLOGIE UMANA": {"medie": 4.418000000000001, "reusita": 46.42857142857143, "cnt": 28}, "MATEMATICA TEHN": {"medie": 1.7196202531645566, "reusita": 4.9504950495049505, "cnt": 101}, "FIZICA TEH": {"medie": 2.114583333333334, "reusita": 2.564102564102564, "cnt": 39}, "SOCIOLOGIE": {"medie": 5.715384615384616, "reusita": 57.14285714285714, "cnt": 14}, "CHIMIE ANORGANICA TEH NIVEL I/II": {"medie": 8.5, "reusita": 100.0, "cnt": 1}, "CHIMIE ORGANICA TEH NIVEL I/II": {"medie": 2.3000000000000003, "reusita": 0.0, "cnt": 17}}, "nume": "LICEUL TEHNOLOGIC \"DIMITRIE GUSTI\"\tBucure\u0219ti"}