{"specializari": {"STIINTE SOCIALE": 75, "INVATATOR - EDUCATOARE": 18, "STIINTE ALE NATURII": 25, "FILOLOGIE": 26, "LICEU CU PROGRAM SPORTIV": 30, "MATEMATICA-INFORMATICA": 4}, "limba_moderna": {"LIMBA ENGLEZA": 145, "LIMBA FRANCEZA": 32, "LIMBA RUSA": 1}, "limba_materna": {"LIMBA ROMANA": 178}, "promotie_anterioara": {"NU": 152, "DA": 26}, "materii": {"LIMBA ROMANA": {"medie": 5.923391812865498, "reusita": 78.65168539325843, "cnt": 178}, "MATEMATICA MATE-INFO": {"medie": 4.416666666666667, "reusita": 50.0, "cnt": 4}, "BIOLOGIE VEGETALA SI ANIMALA": {"medie": 4.683333333333334, "reusita": 42.857142857142854, "cnt": 7}, "GENERAL": {"medie": 6.492702169625247, "reusita": 56.74157303370787, "cnt": 178}, "ISTORIE": {"medie": 6.528571428571428, "reusita": 83.96946564885496, "cnt": 131}, "GEOGRAFIE": {"medie": 7.192213114754098, "reusita": 83.59375, "cnt": 128}, "PSIHOLOGIE": {"medie": 7.3, "reusita": 100.0, "cnt": 1}, "MATEMATICA ST-NAT": {"medie": 5.440000000000001, "reusita": 80.0, "cnt": 25}, "ANATOMIE SI FIZIOLOGIE UMANA, GENETICA SI ECOLOGIE UMANA": {"medie": 6.371428571428572, "reusita": 80.95238095238095, "cnt": 21}, "FIZICA TEO": {"medie": 2.35, "reusita": 0.0, "cnt": 1}, "LOGICA, ARGUMENTARE SI COMUNICARE": {"medie": 8.163157894736841, "reusita": 85.0, "cnt": 20}, "MATEMATICA PED": {"medie": 7.172222222222222, "reusita": 88.88888888888889, "cnt": 18}}, "nume": "LICEUL TEORETIC \"ION CREANGA\" TULCEA\tTulcea"}