{"specializari": {"STIINTE SOCIALE": 9, "TEHNICIAN IN ACTIVITATI ECONOMICE": 6}, "limba_moderna": {"LIMBA ENGLEZA": 14, "LIMBA FRANCEZA": 1}, "limba_materna": {"LIMBA ROMANA": 15}, "promotie_anterioara": {"NU": 9, "DA": 6}, "materii": {"LIMBA ROMANA": {"medie": 3.8833333333333333, "reusita": 40.0, "cnt": 15}, "GENERAL": {"medie": 4.533333333333333, "reusita": 13.333333333333334, "cnt": 15}, "ISTORIE": {"medie": 4.449999999999999, "reusita": 11.11111111111111, "cnt": 9}, "GEOGRAFIE": {"medie": 5.7666666666666675, "reusita": 66.66666666666666, "cnt": 15}, "MATEMATICA TEHN": {"medie": 3.9799999999999995, "reusita": 33.33333333333333, "cnt": 6}}, "nume": "LICEUL TEORETIC \"HENRI COANDA\" DEJ\tCluj"}