{"specializari": {"LICEU CU PROGRAM SPORTIV": 138}, "limba_moderna": {"LIMBA ENGLEZA": 138}, "limba_materna": {"LIMBA ROMANA": 138}, "promotie_anterioara": {"NU": 124, "DA": 14}, "materii": {"LIMBA ROMANA": {"medie": 5.084090909090912, "reusita": 67.3913043478261, "cnt": 138}, "GENERAL": {"medie": 5.788005050505051, "reusita": 42.028985507246375, "cnt": 138}, "ISTORIE": {"medie": 5.378030303030303, "reusita": 68.11594202898551, "cnt": 138}, "GEOGRAFIE": {"medie": 6.873828124999995, "reusita": 87.31343283582089, "cnt": 134}, "PSIHOLOGIE": {"medie": 7.366666666666667, "reusita": 100.0, "cnt": 3}, "LOGICA, ARGUMENTARE SI COMUNICARE": {"medie": 9.1, "reusita": 100.0, "cnt": 1}}, "nume": "LICEUL CU PROGRAM SPORTIV \"NICOLAE ROTARU\" CONSTANTA\tConstan\u021ba"}