{"specializari": {"STIINTE ALE NATURII": 23}, "limba_moderna": {"LIMBA FRANCEZA": 14, "LIMBA ENGLEZA": 9}, "limba_materna": {"LIMBA ROMANA": 23}, "promotie_anterioara": {"NU": 17, "DA": 6}, "materii": {"LIMBA ROMANA": {"medie": 6.102173913043478, "reusita": 82.6086956521739, "cnt": 23}, "GENERAL": {"medie": 5.827272727272728, "reusita": 34.78260869565217, "cnt": 23}, "MATEMATICA ST-NAT": {"medie": 4.445454545454545, "reusita": 47.82608695652174, "cnt": 23}, "ANATOMIE SI FIZIOLOGIE UMANA, GENETICA SI ECOLOGIE UMANA": {"medie": 6.891304347826087, "reusita": 86.95652173913044, "cnt": 23}}, "nume": "LICEUL TEORETIC CERMEI\tArad"}