{"specializari": {"MATEMATICA-INFORMATICA": 58, "STIINTE ALE NATURII": 58, "FILOLOGIE": 67, "STIINTE SOCIALE": 38}, "limba_moderna": {"LIMBA ENGLEZA": 174, "LIMBA FRANCEZA": 44, "LIMBA GERMANA MODERNA": 3}, "limba_materna": {"LIMBA ROMANA": 221}, "promotie_anterioara": {"NU": 185, "DA": 36}, "materii": {"LIMBA ROMANA": {"medie": 7.216363636363637, "reusita": 93.21266968325791, "cnt": 221}, "MATEMATICA MATE-INFO": {"medie": 6.053508771929826, "reusita": 75.86206896551724, "cnt": 58}, "BIOLOGIE VEGETALA SI ANIMALA": {"medie": 5.8296875, "reusita": 72.72727272727273, "cnt": 66}, "GENERAL": {"medie": 6.81913580246914, "reusita": 65.15837104072398, "cnt": 221}, "CHIMIE ORGANICA TEO NIVEL I/II": {"medie": 7.63, "reusita": 100.0, "cnt": 5}, "CHIMIE ANORGANICA TEO NIVEL I/II": {"medie": 8.8, "reusita": 100.0, "cnt": 5}, "ISTORIE": {"medie": 7.262019230769233, "reusita": 97.14285714285714, "cnt": 105}, "GEOGRAFIE": {"medie": 8.07525773195876, "reusita": 98.96907216494846, "cnt": 97}, "MATEMATICA ST-NAT": {"medie": 4.201754385964913, "reusita": 41.37931034482759, "cnt": 58}, "ANATOMIE SI FIZIOLOGIE UMANA, GENETICA SI ECOLOGIE UMANA": {"medie": 6.223809523809523, "reusita": 76.19047619047619, "cnt": 21}, "FIZICA TEO": {"medie": 5.997368421052631, "reusita": 84.21052631578947, "cnt": 19}, "ECONOMIE": {"medie": 7.85, "reusita": 100.0, "cnt": 2}, "LOGICA, ARGUMENTARE SI COMUNICARE": {"medie": 10.0, "reusita": 100.0, "cnt": 1}, "SOCIOLOGIE": {"medie": 6.29, "reusita": 60.0, "cnt": 5}}, "nume": "LICEUL TEORETIC \"TUDOR VIANU\" GIURGIU\tGiurgiu"}