{"specializari": {"TEHNICIAN IN AUTOMATIZARI": 48, "TEHNICIAN OPERATOR TEHNICA DE CALCUL": 91, "MATEMATICA-INFORMATICA": 54, "TEHNICIAN METROLOG": 23}, "limba_moderna": {"LIMBA ENGLEZA": 198, "LIMBA FRANCEZA": 18}, "limba_materna": {"LIMBA ROMANA": 216}, "promotie_anterioara": {"DA": 139, "NU": 77}, "materii": {"LIMBA ROMANA": {"medie": 5.765258215962439, "reusita": 85.18518518518519, "cnt": 216}, "MATEMATICA MATE-INFO": {"medie": 5.666981132075473, "reusita": 81.48148148148148, "cnt": 54}, "BIOLOGIE VEGETALA SI ANIMALA": {"medie": 4.225974025974026, "reusita": 42.675159235668794, "cnt": 157}, "GENERAL": {"medie": 5.329246794871792, "reusita": 28.240740740740737, "cnt": 216}, "INFORMATICA MI C/C++": {"medie": 5.800000000000001, "reusita": 81.25, "cnt": 32}, "ANATOMIE SI FIZIOLOGIE UMANA, GENETICA SI ECOLOGIE UMANA": {"medie": 4.922727272727273, "reusita": 63.63636363636363, "cnt": 11}, "MATEMATICA TEHN": {"medie": 5.7546875, "reusita": 80.24691358024691, "cnt": 162}, "FIZICA TEH": {"medie": 3.569230769230769, "reusita": 28.57142857142857, "cnt": 14}, "CHIMIE ANORGANICA TEH NIVEL I/II": {"medie": 6.4, "reusita": 100.0, "cnt": 2}}, "nume": "LICEUL TEHNOLOGIC DE METROLOGIE \"TRAIAN VUIA\"\tBucure\u0219ti"}