{"specializari": {"TEHNICIAN IN GASTRONOMIE": 39, "STIINTE ALE NATURII": 11}, "limba_moderna": {"LIMBA ENGLEZA": 49, "LIMBA FRANCEZA": 1}, "limba_materna": {"LIMBA ROMANA": 50}, "promotie_anterioara": {"NU": 35, "DA": 15}, "materii": {"LIMBA ROMANA": {"medie": 4.929591836734694, "reusita": 50.0, "cnt": 50}, "GENERAL": {"medie": 5.286956521739131, "reusita": 24.0, "cnt": 50}, "GEOGRAFIE": {"medie": 6.634285714285714, "reusita": 87.17948717948718, "cnt": 39}, "MATEMATICA ST-NAT": {"medie": 2.1681818181818184, "reusita": 27.27272727272727, "cnt": 11}, "ANATOMIE SI FIZIOLOGIE UMANA, GENETICA SI ECOLOGIE UMANA": {"medie": 4.013636363636365, "reusita": 45.45454545454545, "cnt": 11}, "MATEMATICA TEHN": {"medie": 5.355405405405406, "reusita": 66.66666666666666, "cnt": 39}}, "nume": "LICEUL TEORETIC \"EMIL RACOVITA\" TECHIRGHIOL\tConstan\u021ba"}