{"specializari": {"MATEMATICA-INFORMATICA": 21, "STIINTE SOCIALE": 24, "TEHNICIAN IN ACTIVITATI ECONOMICE": 7}, "limba_moderna": {"LIMBA ENGLEZA": 50, "LIMBA GERMANA MODERNA": 2}, "limba_materna": {"LIMBA MAGHIARA": 52}, "promotie_anterioara": {"NU": 40, "DA": 12}, "materii": {"LIMBA ROMANA": {"medie": 6.026470588235293, "reusita": 76.92307692307693, "cnt": 52}, "MATEMATICA MATE-INFO": {"medie": 7.4833333333333325, "reusita": 100.0, "cnt": 21}, "BIOLOGIE VEGETALA SI ANIMALA": {"medie": 7.889999999999999, "reusita": 90.0, "cnt": 10}, "GENERAL": {"medie": 6.730612244897957, "reusita": 57.692307692307686, "cnt": 52}, "ISTORIE": {"medie": 5.7586956521739125, "reusita": 62.5, "cnt": 24}, "GEOGRAFIE": {"medie": 6.72413793103448, "reusita": 86.66666666666667, "cnt": 30}, "PSIHOLOGIE": {"medie": 5.1, "reusita": 100.0, "cnt": 1}, "MATEMATICA TEHN": {"medie": 5.133333333333334, "reusita": 71.42857142857143, "cnt": 7}, "INFORMATICA MI PASCAL": {"medie": 8.281818181818183, "reusita": 100.0, "cnt": 11}, "LIMBA MAGHIARA (REAL)": {"medie": 7.842857142857142, "reusita": 100.0, "cnt": 28}, "LIMBA MAGHIARA (UMAN)": {"medie": 6.540909090909091, "reusita": 83.33333333333334, "cnt": 24}}, "nume": "LICEUL TEORETIC \"BARTOK BELA\" TIMISOARA\tTimi\u0219"}