{"specializari": {"INVATATOR - EDUCATOARE": 32, "FILOLOGIE": 31, "MATEMATICA-INFORMATICA": 29}, "limba_moderna": {"LIMBA ENGLEZA": 92}, "limba_materna": {"LIMBA ROMANA": 92}, "promotie_anterioara": {"NU": 90, "DA": 2}, "materii": {"LIMBA ROMANA": {"medie": 6.706521739130435, "reusita": 92.3913043478261, "cnt": 92}, "MATEMATICA MATE-INFO": {"medie": 7.915517241379311, "reusita": 100.0, "cnt": 29}, "GENERAL": {"medie": 7.411111111111112, "reusita": 84.78260869565217, "cnt": 92}, "ISTORIE": {"medie": 5.801666666666667, "reusita": 87.09677419354838, "cnt": 31}, "GEOGRAFIE": {"medie": 7.783333333333331, "reusita": 94.0, "cnt": 50}, "PSIHOLOGIE": {"medie": 7.207692307692307, "reusita": 100.0, "cnt": 13}, "ANATOMIE SI FIZIOLOGIE UMANA, GENETICA SI ECOLOGIE UMANA": {"medie": 9.313793103448276, "reusita": 100.0, "cnt": 29}, "MATEMATICA PED": {"medie": 7.959375000000001, "reusita": 100.0, "cnt": 32}}, "nume": "LICEUL VOCATIONAL PEDAGOGIC \"NICOLAE BOLCAS\" BEIUS\tBihor"}