{"specializari": {"TEHNICIAN ELECTROMECANIC": 32, "TEHNICIAN IN INSTALATII ELECTRICE": 44, "TEHNICIAN IN AUTOMATIZARI": 59, "TEHNICIAN MECATRONIST": 16, "TEHNICIAN METROLOG": 24, "TEHNICIAN OPERATOR TELEMATICA": 22}, "limba_moderna": {"LIMBA ENGLEZA": 192, "LIMBA FRANCEZA": 5}, "limba_materna": {"LIMBA ROMANA": 197}, "promotie_anterioara": {"NU": 154, "DA": 43}, "materii": {"LIMBA ROMANA": {"medie": 6.1616580310880815, "reusita": 87.81725888324873, "cnt": 197}, "BIOLOGIE VEGETALA SI ANIMALA": {"medie": 5.582967032967035, "reusita": 77.71739130434783, "cnt": 184}, "GENERAL": {"medie": 5.886754385964915, "reusita": 48.223350253807105, "cnt": 197}, "MATEMATICA TEHN": {"medie": 5.934871794871797, "reusita": 81.21827411167513, "cnt": 197}, "FIZICA TEH": {"medie": 5.288461538461538, "reusita": 76.92307692307693, "cnt": 13}}, "nume": "LICEUL ENERGETIC TG-JIU\tGorj"}