{"specializari": {"FILOLOGIE": 42, "MATEMATICA-INFORMATICA": 29, "STIINTE ALE NATURII": 39}, "limba_moderna": {"LIMBA ENGLEZA": 101, "LIMBA FRANCEZA": 9}, "limba_materna": {"LIMBA ROMANA": 110}, "promotie_anterioara": {"NU": 102, "DA": 8}, "materii": {"LIMBA ROMANA": {"medie": 7.199090909090909, "reusita": 99.0909090909091, "cnt": 110}, "MATEMATICA MATE-INFO": {"medie": 7.565517241379309, "reusita": 93.10344827586206, "cnt": 29}, "BIOLOGIE VEGETALA SI ANIMALA": {"medie": 7.332857142857144, "reusita": 100.0, "cnt": 35}, "GENERAL": {"medie": 7.32033639143731, "reusita": 78.18181818181819, "cnt": 110}, "CHIMIE ORGANICA TEO NIVEL I/II": {"medie": 8.45, "reusita": 100.0, "cnt": 7}, "INFORMATICA MI C/C++": {"medie": 8.283333333333335, "reusita": 100.0, "cnt": 9}, "CHIMIE ANORGANICA TEO NIVEL I/II": {"medie": 7.545833333333332, "reusita": 100.0, "cnt": 12}, "ISTORIE": {"medie": 7.5951219512195145, "reusita": 97.61904761904762, "cnt": 42}, "GEOGRAFIE": {"medie": 8.266176470588235, "reusita": 100.0, "cnt": 34}, "MATEMATICA ST-NAT": {"medie": 5.533333333333334, "reusita": 71.7948717948718, "cnt": 39}, "ANATOMIE SI FIZIOLOGIE UMANA, GENETICA SI ECOLOGIE UMANA": {"medie": 8.45, "reusita": 100.0, "cnt": 2}, "FIZICA TEO": {"medie": 8.666666666666666, "reusita": 100.0, "cnt": 3}, "ECONOMIE": {"medie": 9.0, "reusita": 100.0, "cnt": 1}, "LOGICA, ARGUMENTARE SI COMUNICARE": {"medie": 7.642857142857143, "reusita": 100.0, "cnt": 7}}, "nume": "LICEUL TEORETIC \"BRANCOVEANU VODA\", ORASUL URLATI\tPrahova"}