{"specializari": {"STIINTE ALE NATURII": 27, "STIINTE SOCIALE": 28, "FILOLOGIE": 32, "MATEMATICA-INFORMATICA": 35, "TEHNICIAN MECANIC PENTRU INTRETINERE SI REPARATII": 1}, "limba_moderna": {"LIMBA ENGLEZA": 112, "LIMBA FRANCEZA": 11}, "limba_materna": {"LIMBA ROMANA": 123}, "promotie_anterioara": {"NU": 103, "DA": 20}, "materii": {"LIMBA ROMANA": {"medie": 6.1384297520661155, "reusita": 82.11382113821138, "cnt": 123}, "MATEMATICA MATE-INFO": {"medie": 6.679411764705883, "reusita": 77.14285714285715, "cnt": 35}, "BIOLOGIE VEGETALA SI ANIMALA": {"medie": 8.425, "reusita": 100.0, "cnt": 2}, "GENERAL": {"medie": 6.334166666666666, "reusita": 51.21951219512195, "cnt": 123}, "CHIMIE ORGANICA TEO NIVEL I/II": {"medie": 9.25, "reusita": 100.0, "cnt": 1}, "ISTORIE": {"medie": 6.984745762711866, "reusita": 96.66666666666667, "cnt": 60}, "GEOGRAFIE": {"medie": 7.7780000000000005, "reusita": 92.3076923076923, "cnt": 26}, "PSIHOLOGIE": {"medie": 7.9, "reusita": 100.0, "cnt": 2}, "MATEMATICA ST-NAT": {"medie": 2.4222222222222225, "reusita": 14.814814814814813, "cnt": 27}, "ANATOMIE SI FIZIOLOGIE UMANA, GENETICA SI ECOLOGIE UMANA": {"medie": 6.5367924528301895, "reusita": 84.90566037735849, "cnt": 53}, "FIZICA TEO": {"medie": 6.7142857142857135, "reusita": 71.42857142857143, "cnt": 7}, "MATEMATICA TEHN": {"medie": 1.0, "reusita": 0.0, "cnt": 1}, "LOGICA, ARGUMENTARE SI COMUNICARE": {"medie": 6.963636363636365, "reusita": 77.27272727272727, "cnt": 22}, "SOCIOLOGIE": {"medie": 7.1850000000000005, "reusita": 100.0, "cnt": 10}}, "nume": "LICEUL TEORETIC \"MIHAI VITEAZUL\" BAILESTI\tDolj"}