{"specializari": {"MATEMATICA-INFORMATICA": 57, "STIINTE ALE NATURII": 27, "FILOLOGIE": 33, "LICEU CU PROGRAM SPORTIV": 29}, "limba_moderna": {"LIMBA ENGLEZA": 115, "LIMBA FRANCEZA": 31}, "limba_materna": {"LIMBA ROMANA": 146}, "promotie_anterioara": {"NU": 143, "DA": 3}, "materii": {"LIMBA ROMANA": {"medie": 7.0848275862069, "reusita": 95.8904109589041, "cnt": 146}, "MATEMATICA MATE-INFO": {"medie": 7.4631578947368435, "reusita": 94.73684210526315, "cnt": 57}, "GENERAL": {"medie": 7.378850574712639, "reusita": 86.98630136986301, "cnt": 146}, "CHIMIE ORGANICA TEO NIVEL I/II": {"medie": 7.4125000000000005, "reusita": 100.0, "cnt": 12}, "INFORMATICA MI C/C++": {"medie": 7.411764705882352, "reusita": 94.11764705882352, "cnt": 34}, "ISTORIE": {"medie": 6.9319672131147545, "reusita": 93.54838709677419, "cnt": 62}, "GEOGRAFIE": {"medie": 7.8813953488372075, "reusita": 93.18181818181817, "cnt": 44}, "PSIHOLOGIE": {"medie": 8.649999999999999, "reusita": 100.0, "cnt": 4}, "MATEMATICA ST-NAT": {"medie": 7.409259259259261, "reusita": 100.0, "cnt": 27}, "ANATOMIE SI FIZIOLOGIE UMANA, GENETICA SI ECOLOGIE UMANA": {"medie": 8.197058823529414, "reusita": 100.0, "cnt": 34}, "FIZICA TEO": {"medie": 6.8375, "reusita": 100.0, "cnt": 4}, "SOCIOLOGIE": {"medie": 8.12142857142857, "reusita": 100.0, "cnt": 14}}, "nume": "LICEUL TEORETIC \"ALEXANDRU PAPIU ILARIAN\" DEJ\tCluj"}