{"specializari": {"INVATATOR - EDUCATOARE": 31, "MATEMATICA-INFORMATICA": 16}, "limba_moderna": {"LIMBA RUSA": 45, "LIMBA ENGLEZA": 2}, "limba_materna": {"LIMBA UCRAINEANA": 47}, "promotie_anterioara": {"DA": 14, "NU": 33}, "materii": {"LIMBA ROMANA": {"medie": 4.322826086956522, "reusita": 51.06382978723404, "cnt": 47}, "MATEMATICA MATE-INFO": {"medie": 3.7928571428571423, "reusita": 37.5, "cnt": 16}, "GENERAL": {"medie": 5.489722222222225, "reusita": 19.148936170212767, "cnt": 47}, "CHIMIE ANORGANICA TEO NIVEL I/II": {"medie": 4.673333333333334, "reusita": 56.25, "cnt": 16}, "GEOGRAFIE": {"medie": 6.403225806451612, "reusita": 90.32258064516128, "cnt": 31}, "MATEMATICA PED": {"medie": 3.4483870967741943, "reusita": 35.483870967741936, "cnt": 31}, "LIMBA UCRAINEANA": {"medie": 8.258695652173913, "reusita": 97.87234042553192, "cnt": 47}}, "nume": "LICEUL PEDAGOGIC \"TARAS SEVCENKO\" SIGHETU MARMATIEI\tMaramure\u0219"}