{"specializari": {"FILOLOGIE": 21, "STIINTE ALE NATURII": 12}, "limba_moderna": {"LIMBA ENGLEZA": 28, "LIMBA FRANCEZA": 5}, "limba_materna": {"LIMBA ROMANA": 33}, "promotie_anterioara": {"NU": 21, "DA": 12}, "materii": {"LIMBA ROMANA": {"medie": 6.3596774193548375, "reusita": 84.84848484848484, "cnt": 33}, "GENERAL": {"medie": 6.602777777777778, "reusita": 57.57575757575758, "cnt": 33}, "ISTORIE": {"medie": 6.514285714285713, "reusita": 100.0, "cnt": 21}, "GEOGRAFIE": {"medie": 7.080555555555556, "reusita": 89.47368421052632, "cnt": 19}, "PSIHOLOGIE": {"medie": 5.0, "reusita": 100.0, "cnt": 1}, "MATEMATICA ST-NAT": {"medie": 6.2727272727272725, "reusita": 91.66666666666666, "cnt": 12}, "ANATOMIE SI FIZIOLOGIE UMANA, GENETICA SI ECOLOGIE UMANA": {"medie": 6.70909090909091, "reusita": 81.81818181818183, "cnt": 11}, "FIZICA TEO": {"medie": 3.0, "reusita": 0.0, "cnt": 1}, "SOCIOLOGIE": {"medie": 7.2, "reusita": 100.0, "cnt": 1}}, "nume": "LICEUL TEORETIC \"GEORGE MOROIANU\" SACELE\tBra\u0219ov"}