{"specializari": {"MATEMATICA-INFORMATICA": 67, "FILOLOGIE": 69, "STIINTE SOCIALE": 32, "STIINTE ALE NATURII": 26}, "limba_moderna": {"LIMBA ENGLEZA": 181, "LIMBA FRANCEZA": 13}, "limba_materna": {"LIMBA ROMANA": 194}, "promotie_anterioara": {"NU": 170, "DA": 24}, "materii": {"LIMBA ROMANA": {"medie": 6.841842105263154, "reusita": 94.84536082474226, "cnt": 194}, "MATEMATICA MATE-INFO": {"medie": 6.935384615384617, "reusita": 91.04477611940298, "cnt": 67}, "BIOLOGIE VEGETALA SI ANIMALA": {"medie": 6.563235294117646, "reusita": 82.85714285714286, "cnt": 35}, "GENERAL": {"medie": 7.2811051693404645, "reusita": 84.5360824742268, "cnt": 194}, "CHIMIE ORGANICA TEO NIVEL I/II": {"medie": 7.492857142857143, "reusita": 87.5, "cnt": 8}, "INFORMATICA MI C/C++": {"medie": 7.795, "reusita": 100.0, "cnt": 20}, "CHIMIE ANORGANICA TEO NIVEL I/II": {"medie": 8.024999999999999, "reusita": 100.0, "cnt": 8}, "ISTORIE": {"medie": 6.689795918367345, "reusita": 96.03960396039604, "cnt": 101}, "GEOGRAFIE": {"medie": 8.68296703296703, "reusita": 98.91304347826086, "cnt": 92}, "PSIHOLOGIE": {"medie": 7.550000000000001, "reusita": 100.0, "cnt": 2}, "MATEMATICA ST-NAT": {"medie": 7.763461538461538, "reusita": 96.15384615384616, "cnt": 26}, "ANATOMIE SI FIZIOLOGIE UMANA, GENETICA SI ECOLOGIE UMANA": {"medie": 7.729411764705882, "reusita": 76.47058823529412, "cnt": 17}, "FIZICA TEO": {"medie": 7.210000000000001, "reusita": 100.0, "cnt": 5}, "SOCIOLOGIE": {"medie": 8.171428571428573, "reusita": 100.0, "cnt": 7}}, "nume": "LICEUL TEORETIC \"ALEXANDRU IOAN CUZA\", IASI\tIa\u0219i"}