{"specializari": {"STIINTE ALE NATURII": 18, "FILOLOGIE": 28, "MATEMATICA-INFORMATICA": 22, "TEHNICIAN ELECTROTEHNIST": 1, "TEHNICIAN MECANIC PENTRU INTRETINERE SI REPARATII": 2}, "limba_moderna": {"LIMBA ENGLEZA": 71}, "limba_materna": {"LIMBA MAGHIARA": 70, "LIMBA ROMANA": 1}, "promotie_anterioara": {"NU": 59, "DA": 12}, "materii": {"LIMBA ROMANA": {"medie": 5.098529411764707, "reusita": 66.19718309859155, "cnt": 71}, "MATEMATICA MATE-INFO": {"medie": 7.361904761904763, "reusita": 95.45454545454545, "cnt": 22}, "GENERAL": {"medie": 6.764054726368158, "reusita": 61.97183098591549, "cnt": 71}, "ISTORIE": {"medie": 6.333333333333333, "reusita": 96.42857142857143, "cnt": 28}, "GEOGRAFIE": {"medie": 7.4624999999999995, "reusita": 77.77777777777779, "cnt": 27}, "PSIHOLOGIE": {"medie": 8.6, "reusita": 100.0, "cnt": 1}, "MATEMATICA ST-NAT": {"medie": 6.780555555555555, "reusita": 94.44444444444444, "cnt": 18}, "ANATOMIE SI FIZIOLOGIE UMANA, GENETICA SI ECOLOGIE UMANA": {"medie": 7.6923076923076925, "reusita": 97.5, "cnt": 40}, "MATEMATICA TEHN": {"medie": 7.766666666666667, "reusita": 100.0, "cnt": 3}, "FIZICA TEH": {"medie": 5.9, "reusita": 100.0, "cnt": 1}, "LIMBA MAGHIARA (REAL)": {"medie": 7.801219512195124, "reusita": 97.61904761904762, "cnt": 42}, "CHIMIE ORGANICA TEH NIVEL I/II": {"medie": 6.9, "reusita": 100.0, "cnt": 2}, "LIMBA MAGHIARA (UMAN)": {"medie": 7.138888888888889, "reusita": 96.42857142857143, "cnt": 28}}, "nume": "LICEUL TEORETIC \"HORVATH JANOS\" MARGHITA\tBihor"}