{"specializari": {"MATEMATICA-INFORMATICA": 21, "STIINTE ALE NATURII": 36, "FILOLOGIE": 39}, "limba_moderna": {"LIMBA ENGLEZA": 93, "LIMBA FRANCEZA": 3}, "limba_materna": {"LIMBA ROMANA": 96}, "promotie_anterioara": {"NU": 86, "DA": 10}, "materii": {"LIMBA ROMANA": {"medie": 6.505729166666671, "reusita": 84.375, "cnt": 96}, "MATEMATICA MATE-INFO": {"medie": 8.061904761904763, "reusita": 100.0, "cnt": 21}, "BIOLOGIE VEGETALA SI ANIMALA": {"medie": 6.675806451612905, "reusita": 77.41935483870968, "cnt": 31}, "GENERAL": {"medie": 7.100701754385962, "reusita": 71.875, "cnt": 96}, "CHIMIE ORGANICA TEO NIVEL I/II": {"medie": 8.866666666666667, "reusita": 100.0, "cnt": 3}, "INFORMATICA MI C/C++": {"medie": 8.4, "reusita": 100.0, "cnt": 4}, "ISTORIE": {"medie": 7.094871794871797, "reusita": 94.87179487179486, "cnt": 39}, "GEOGRAFIE": {"medie": 7.575000000000002, "reusita": 95.45454545454545, "cnt": 22}, "PSIHOLOGIE": {"medie": 9.25, "reusita": 100.0, "cnt": 1}, "MATEMATICA ST-NAT": {"medie": 6.5263888888888895, "reusita": 88.88888888888889, "cnt": 36}, "ANATOMIE SI FIZIOLOGIE UMANA, GENETICA SI ECOLOGIE UMANA": {"medie": 7.8842105263157904, "reusita": 94.73684210526315, "cnt": 19}, "FILOSOFIE": {"medie": 9.7, "reusita": 100.0, "cnt": 1}, "LOGICA, ARGUMENTARE SI COMUNICARE": {"medie": 9.408333333333333, "reusita": 100.0, "cnt": 6}, "SOCIOLOGIE": {"medie": 8.416666666666666, "reusita": 100.0, "cnt": 9}}, "nume": "LICEUL TEORETIC \"PETRU MAIOR\" OCNA MURES\tAlba"}