{"specializari": {"FILOLOGIE": 29, "MATEMATICA-INFORMATICA": 28}, "limba_moderna": {"LIMBA ENGLEZA": 56, "LIMBA FRANCEZA": 1}, "limba_materna": {"LIMBA ROMANA": 57}, "promotie_anterioara": {"NU": 52, "DA": 5}, "materii": {"LIMBA ROMANA": {"medie": 5.952678571428571, "reusita": 68.42105263157895, "cnt": 57}, "MATEMATICA MATE-INFO": {"medie": 4.932142857142857, "reusita": 60.71428571428571, "cnt": 28}, "BIOLOGIE VEGETALA SI ANIMALA": {"medie": 6.831818181818181, "reusita": 81.81818181818183, "cnt": 22}, "GENERAL": {"medie": 6.03988095238095, "reusita": 52.63157894736842, "cnt": 57}, "ISTORIE": {"medie": 5.7196428571428575, "reusita": 79.3103448275862, "cnt": 29}, "GEOGRAFIE": {"medie": 6.591071428571428, "reusita": 82.75862068965517, "cnt": 29}, "ANATOMIE SI FIZIOLOGIE UMANA, GENETICA SI ECOLOGIE UMANA": {"medie": 8.041666666666666, "reusita": 100.0, "cnt": 6}}, "nume": "LICEUL TEORETIC PERIAM\tTimi\u0219"}