{"specializari": {"MATEMATICA-INFORMATICA": 51, "STIINTE ALE NATURII": 31, "FILOLOGIE": 35, "STIINTE SOCIALE": 30}, "limba_moderna": {"LIMBA ENGLEZA": 124, "LIMBA GERMANA MODERNA": 2, "LIMBA FRANCEZA": 21}, "limba_materna": {"LIMBA ROMANA": 147}, "promotie_anterioara": {"NU": 138, "DA": 9}, "materii": {"LIMBA ROMANA": {"medie": 6.937671232876712, "reusita": 96.5986394557823, "cnt": 147}, "MATEMATICA MATE-INFO": {"medie": 6.798039215686275, "reusita": 94.11764705882352, "cnt": 51}, "BIOLOGIE VEGETALA SI ANIMALA": {"medie": 6.658333333333333, "reusita": 87.27272727272727, "cnt": 55}, "GENERAL": {"medie": 7.17789351851852, "reusita": 80.27210884353741, "cnt": 147}, "CHIMIE ORGANICA TEO NIVEL I/II": {"medie": 7.9, "reusita": 100.0, "cnt": 1}, "INFORMATICA MI C/C++": {"medie": 7.5874999999999995, "reusita": 100.0, "cnt": 8}, "ISTORIE": {"medie": 7.767968750000001, "reusita": 98.46153846153847, "cnt": 65}, "GEOGRAFIE": {"medie": 8.423333333333336, "reusita": 97.82608695652173, "cnt": 46}, "PSIHOLOGIE": {"medie": 8.9, "reusita": 100.0, "cnt": 1}, "MATEMATICA ST-NAT": {"medie": 6.125806451612903, "reusita": 83.87096774193549, "cnt": 31}, "ANATOMIE SI FIZIOLOGIE UMANA, GENETICA SI ECOLOGIE UMANA": {"medie": 6.706666666666666, "reusita": 100.0, "cnt": 15}, "FIZICA TEO": {"medie": 7.8999999999999995, "reusita": 100.0, "cnt": 3}, "ECONOMIE": {"medie": 8.4, "reusita": 100.0, "cnt": 2}, "LOGICA, ARGUMENTARE SI COMUNICARE": {"medie": 8.6, "reusita": 100.0, "cnt": 2}, "SOCIOLOGIE": {"medie": 8.082142857142857, "reusita": 100.0, "cnt": 14}}, "nume": "LICEUL TEORETIC \"PANAIT CERNA\"\tBr\u0103ila"}