{"specializari": {"TEHNICIAN ELECTRICIAN/ELECTRONIST AUTO": 19, "TEHNICIAN PROIECTANT CAD": 42, "TEHNICIAN IN INSTALATII ELECTRICE": 25, "TEHNICIAN MECATRONIST": 38, "TEHNICIAN TRANSPORTURI": 73, "TEHNICIAN ELECTROTEHNIST": 12, "TEHNICIAN ELECTROMECANIC": 6}, "limba_moderna": {"LIMBA ENGLEZA": 198, "LIMBA FRANCEZA": 17}, "limba_materna": {"LIMBA ROMANA": 215}, "promotie_anterioara": {"NU": 132, "DA": 83}, "materii": {"LIMBA ROMANA": {"medie": 5.509761904761905, "reusita": 77.67441860465117, "cnt": 215}, "BIOLOGIE VEGETALA SI ANIMALA": {"medie": 4.749127906976747, "reusita": 49.43820224719101, "cnt": 178}, "GENERAL": {"medie": 5.393117744610282, "reusita": 28.837209302325583, "cnt": 215}, "MATEMATICA TEHN": {"medie": 5.8470873786407775, "reusita": 73.0232558139535, "cnt": 215}, "FIZICA TEH": {"medie": 4.046666666666667, "reusita": 31.57894736842105, "cnt": 19}, "CHIMIE ANORGANICA TEH NIVEL I/II": {"medie": 5.264705882352941, "reusita": 61.111111111111114, "cnt": 18}}, "nume": "LICEUL TEHNOLOGIC \"DACIA\" PITESTI\tArge\u0219"}