{"specializari": {"MUZICA": 33, "ARTE PLASTICE SI DECORATIVE": 28, "ARHITECTURA, ARTE AMBIENTALE SI DESIGN": 9}, "limba_moderna": {"LIMBA GERMANA MODERNA": 12, "LIMBA ENGLEZA": 58}, "limba_materna": {"LIMBA MAGHIARA": 70}, "promotie_anterioara": {"NU": 57, "DA": 13}, "materii": {"LIMBA ROMANA": {"medie": 5.053676470588236, "reusita": 62.857142857142854, "cnt": 70}, "GENERAL": {"medie": 6.637499999999999, "reusita": 55.714285714285715, "cnt": 70}, "ISTORIE": {"medie": 6.728985507246377, "reusita": 98.57142857142858, "cnt": 70}, "GEOGRAFIE": {"medie": 7.0352941176470605, "reusita": 98.55072463768117, "cnt": 69}, "PSIHOLOGIE": {"medie": 8.35, "reusita": 100.0, "cnt": 1}, "LIMBA MAGHIARA (REAL)": {"medie": 7.661029411764707, "reusita": 97.14285714285714, "cnt": 70}}, "nume": "LICEUL DE ARTE \"NAGY ISTVAN\" MIERCUREA CIUC\tHarghita"}