{"specializari": {"TEHNICIAN IN ACTIVITATI DE COMERT": 13}, "limba_moderna": {"LIMBA ENGLEZA": 13}, "limba_materna": {"LIMBA ROMANA": 13}, "promotie_anterioara": {"NU": 10, "DA": 3}, "materii": {"LIMBA ROMANA": {"medie": 5.157692307692309, "reusita": 61.53846153846154, "cnt": 13}, "GENERAL": {"medie": 5.388461538461538, "reusita": 38.46153846153847, "cnt": 13}, "GEOGRAFIE": {"medie": 6.453846153846153, "reusita": 92.3076923076923, "cnt": 13}, "MATEMATICA TEHN": {"medie": 4.553846153846154, "reusita": 46.15384615384615, "cnt": 13}}, "nume": "SCOALA GIMNAZIALA \"STEFAN PASCU\" APAHIDA\tCluj"}