{"specializari": {"PATRIMONIU CULTURAL": 33, "TEOLOGIE ORTODOXA": 41}, "limba_moderna": {"LIMBA ENGLEZA": 44, "LIMBA FRANCEZA": 27, "LIMBA RUSA": 3}, "limba_materna": {"LIMBA ROMANA": 74}, "promotie_anterioara": {"NU": 63, "DA": 11}, "materii": {"LIMBA ROMANA": {"medie": 6.637142857142857, "reusita": 89.1891891891892, "cnt": 74}, "GENERAL": {"medie": 7.14387254901961, "reusita": 77.02702702702703, "cnt": 74}, "ISTORIE": {"medie": 6.7390410958904114, "reusita": 93.24324324324324, "cnt": 74}, "GEOGRAFIE": {"medie": 7.763043478260872, "reusita": 95.77464788732394, "cnt": 71}, "LOGICA, ARGUMENTARE SI COMUNICARE": {"medie": 8.466666666666667, "reusita": 100.0, "cnt": 3}}, "nume": "SEMINARUL TEOLOGIC ORTODOX \"SF. VASILE CEL MARE\", IASI\tIa\u0219i"}