{"specializari": {"TEOLOGIE ORTODOXA": 23}, "limba_moderna": {"LIMBA ENGLEZA": 23}, "limba_materna": {"LIMBA ROMANA": 23}, "promotie_anterioara": {"NU": 22, "DA": 1}, "materii": {"LIMBA ROMANA": {"medie": 5.388636363636364, "reusita": 73.91304347826086, "cnt": 23}, "GENERAL": {"medie": 6.158333333333334, "reusita": 60.86956521739131, "cnt": 23}, "ISTORIE": {"medie": 5.925, "reusita": 82.6086956521739, "cnt": 23}, "GEOGRAFIE": {"medie": 7.161363636363635, "reusita": 91.30434782608695, "cnt": 23}}, "nume": "SEMINARUL TEOLOGIC ORTODOX \"SF. IOAN CASIAN\" TULCEA\tTulcea"}