{"specializari": {"TEOLOGIE ORTODOXA": 47}, "limba_moderna": {"LIMBA FRANCEZA": 19, "LIMBA ENGLEZA": 28}, "limba_materna": {"LIMBA ROMANA": 47}, "promotie_anterioara": {"NU": 39, "DA": 8}, "materii": {"LIMBA ROMANA": {"medie": 6.0042553191489345, "reusita": 85.1063829787234, "cnt": 47}, "GENERAL": {"medie": 6.806028368794326, "reusita": 65.95744680851064, "cnt": 47}, "ISTORIE": {"medie": 7.088297872340427, "reusita": 95.74468085106383, "cnt": 47}, "GEOGRAFIE": {"medie": 7.386666666666668, "reusita": 91.11111111111111, "cnt": 45}, "LOGICA, ARGUMENTARE SI COMUNICARE": {"medie": 5.949999999999999, "reusita": 50.0, "cnt": 2}}, "nume": "SEMINARUL TEOLOGIC ORTODOX\tBucure\u0219ti"}