{"specializari": {"MUZICA BISERICEASCA": 28, "TEOLOGIE ORTODOXA": 1}, "limba_moderna": {"LIMBA FRANCEZA": 20, "LIMBA ENGLEZA": 9}, "limba_materna": {"LIMBA ROMANA": 29}, "promotie_anterioara": {"NU": 23, "DA": 6}, "materii": {"LIMBA ROMANA": {"medie": 5.125862068965517, "reusita": 65.51724137931035, "cnt": 29}, "GENERAL": {"medie": 5.833333333333334, "reusita": 44.827586206896555, "cnt": 29}, "ISTORIE": {"medie": 5.713793103448276, "reusita": 89.65517241379311, "cnt": 29}, "GEOGRAFIE": {"medie": 6.660344827586208, "reusita": 93.10344827586206, "cnt": 29}}, "nume": "SEMINARUL TEOLOGIC ORTODOX \"EPISCOP IOAN POPASU\" CARANSEBES\tCara\u0219-Severin"}