{"specializari": {"TEOLOGIE ORTODOXA": 29, "FILOLOGIE": 34}, "limba_moderna": {"LIMBA FRANCEZA": 21, "LIMBA ENGLEZA": 42}, "limba_materna": {"LIMBA ROMANA": 63}, "promotie_anterioara": {"DA": 7, "NU": 56}, "materii": {"LIMBA ROMANA": {"medie": 7.158064516129033, "reusita": 96.82539682539682, "cnt": 63}, "GENERAL": {"medie": 7.3478494623655894, "reusita": 88.88888888888889, "cnt": 63}, "ISTORIE": {"medie": 6.649193548387099, "reusita": 98.4126984126984, "cnt": 63}, "GEOGRAFIE": {"medie": 8.361607142857142, "reusita": 100.0, "cnt": 56}, "SOCIOLOGIE": {"medie": 7.066666666666666, "reusita": 85.71428571428571, "cnt": 7}}, "nume": "SEMINARUL TEOLOGIC ORTODOX \"SFANTUL SIMION STEFAN\" ALBA IULIA\tAlba"}