{"specializari": {"TEOLOGIE ORTODOXA": 33}, "limba_moderna": {"LIMBA ENGLEZA": 28, "LIMBA FRANCEZA": 5}, "limba_materna": {"LIMBA ROMANA": 33}, "promotie_anterioara": {"NU": 28, "DA": 5}, "materii": {"LIMBA ROMANA": {"medie": 6.299999999999998, "reusita": 90.9090909090909, "cnt": 33}, "GENERAL": {"medie": 6.886868686868688, "reusita": 78.78787878787878, "cnt": 33}, "ISTORIE": {"medie": 6.725757575757576, "reusita": 96.96969696969697, "cnt": 33}, "GEOGRAFIE": {"medie": 7.6348484848484865, "reusita": 96.96969696969697, "cnt": 33}}, "nume": "SEMINARUL TEOLOGIC ORTODOX \"SFANTUL GRIGORIE TEOLOGUL\" CRAIOVA\tDolj"}