{"specializari": {"FILOLOGIE": 31, "STIINTE SOCIALE": 31, "INVATATOR - EDUCATOARE": 55, "STIINTE ALE NATURII": 29, "MATEMATICA-INFORMATICA": 25}, "limba_moderna": {"LIMBA ENGLEZA": 164, "LIMBA FRANCEZA": 7}, "limba_materna": {"LIMBA ROMANA": 171}, "promotie_anterioara": {"NU": 169, "DA": 2}, "materii": {"LIMBA ROMANA": {"medie": 8.553508771929824, "reusita": 99.41520467836257, "cnt": 171}, "MATEMATICA MATE-INFO": {"medie": 7.025999999999998, "reusita": 84.0, "cnt": 25}, "ANATOMIE SI FIZIOLOGIE UMANA, GENETICA SI ECOLOGIE UMANA": {"medie": 8.586206896551726, "reusita": 100.0, "cnt": 29}, "GENERAL": {"medie": 8.611598440545809, "reusita": 94.15204678362574, "cnt": 171}, "MATEMATICA ST-NAT": {"medie": 7.396551724137934, "reusita": 89.65517241379311, "cnt": 29}, "CHIMIE ORGANICA TEO NIVEL I/II": {"medie": 9.414285714285715, "reusita": 100.0, "cnt": 7}, "INFORMATICA MI C/C++": {"medie": 6.866666666666667, "reusita": 100.0, "cnt": 6}, "ISTORIE": {"medie": 9.107258064516133, "reusita": 100.0, "cnt": 62}, "LOGICA, ARGUMENTARE SI COMUNICARE": {"medie": 8.695454545454545, "reusita": 100.0, "cnt": 11}, "MATEMATICA PED": {"medie": 8.740909090909092, "reusita": 100.0, "cnt": 55}, "FIZICA TEO": {"medie": 7.490909090909091, "reusita": 90.9090909090909, "cnt": 11}, "SOCIOLOGIE": {"medie": 8.28, "reusita": 100.0, "cnt": 5}, "PSIHOLOGIE": {"medie": 9.140909090909092, "reusita": 100.0, "cnt": 11}, "GEOGRAFIE": {"medie": 9.292613636363635, "reusita": 98.86363636363636, "cnt": 88}, "INFORMATICA SN C/C++": {"medie": 9.3, "reusita": 100.0, "cnt": 1}, "ECONOMIE": {"medie": 8.2, "reusita": 100.0, "cnt": 2}}, "nume": "COLEGIUL NATIONAL PEDAGOGIC \"CONSTANTIN CANTACUZINO\" TARGOVISTE\tD\u00e2mbovi\u021ba"}