{"specializari": {"MATEMATICA-INFORMATICA": 88, "FILOLOGIE": 128}, "limba_moderna": {"LIMBA FRANCEZA": 65, "LIMBA ENGLEZA": 151}, "limba_materna": {"LIMBA ROMANA": 216}, "promotie_anterioara": {"NU": 214, "DA": 2}, "materii": {"LIMBA ROMANA": {"medie": 8.428009259259257, "reusita": 99.07407407407408, "cnt": 216}, "MATEMATICA MATE-INFO": {"medie": 8.506818181818181, "reusita": 100.0, "cnt": 88}, "ANATOMIE SI FIZIOLOGIE UMANA, GENETICA SI ECOLOGIE UMANA": {"medie": 9.149999999999999, "reusita": 96.875, "cnt": 32}, "GENERAL": {"medie": 8.491782945736425, "reusita": 95.83333333333334, "cnt": 216}, "CHIMIE ORGANICA TEO NIVEL I/II": {"medie": 9.9, "reusita": 100.0, "cnt": 1}, "INFORMATICA MI C/C++": {"medie": 8.6, "reusita": 100.0, "cnt": 30}, "ISTORIE": {"medie": 8.536718750000004, "reusita": 99.21875, "cnt": 128}, "LOGICA, ARGUMENTARE SI COMUNICARE": {"medie": 8.358333333333333, "reusita": 94.44444444444444, "cnt": 54}, "FIZICA TEO": {"medie": 7.824000000000002, "reusita": 92.0, "cnt": 25}, "SOCIOLOGIE": {"medie": 8.389062499999998, "reusita": 100.0, "cnt": 32}, "PSIHOLOGIE": {"medie": 8.683333333333334, "reusita": 100.0, "cnt": 9}, "GEOGRAFIE": {"medie": 8.934210526315788, "reusita": 100.0, "cnt": 19}, "FILOSOFIE": {"medie": 8.65, "reusita": 100.0, "cnt": 1}, "ECONOMIE": {"medie": 7.923076923076922, "reusita": 100.0, "cnt": 13}}, "nume": "COLEGIUL NATIONAL \"SCOALA CENTRALA\"\tBucure\u0219ti"}