{"specializari": {"FILOLOGIE": 58, "STIINTE ALE NATURII": 27, "MATEMATICA-INFORMATICA": 45, "LICEU CU PROGRAM SPORTIV": 43}, "limba_moderna": {"LIMBA ENGLEZA": 172, "LIMBA FRANCEZA": 1}, "limba_materna": {"LIMBA ROMANA": 173}, "promotie_anterioara": {"NU": 153, "DA": 20}, "materii": {"LIMBA ROMANA": {"medie": 7.298255813953488, "reusita": 98.84393063583815, "cnt": 173}, "MATEMATICA MATE-INFO": {"medie": 5.853333333333333, "reusita": 77.77777777777779, "cnt": 45}, "ANATOMIE SI FIZIOLOGIE UMANA, GENETICA SI ECOLOGIE UMANA": {"medie": 7.404385964912282, "reusita": 94.82758620689656, "cnt": 58}, "GENERAL": {"medie": 7.3554901960784385, "reusita": 80.34682080924856, "cnt": 173}, "MATEMATICA ST-NAT": {"medie": 7.142307692307692, "reusita": 88.88888888888889, "cnt": 27}, "CHIMIE ORGANICA TEO NIVEL I/II": {"medie": 8.4, "reusita": 100.0, "cnt": 1}, "INFORMATICA MI C/C++": {"medie": 6.9125000000000005, "reusita": 100.0, "cnt": 8}, "ISTORIE": {"medie": 7.499500000000004, "reusita": 94.05940594059405, "cnt": 101}, "LOGICA, ARGUMENTARE SI COMUNICARE": {"medie": 8.461290322580645, "reusita": 96.7741935483871, "cnt": 31}, "FIZICA TEO": {"medie": 8.2, "reusita": 100.0, "cnt": 1}, "SOCIOLOGIE": {"medie": 8.4, "reusita": 87.5, "cnt": 8}, "PSIHOLOGIE": {"medie": 8.280000000000001, "reusita": 100.0, "cnt": 15}, "GEOGRAFIE": {"medie": 7.647727272727269, "reusita": 95.45454545454545, "cnt": 44}, "INFORMATICA SN C/C++": {"medie": 4.1, "reusita": 0.0, "cnt": 1}, "BIOLOGIE VEGETALA SI ANIMALA": {"medie": 5.775, "reusita": 66.66666666666666, "cnt": 3}, "ECONOMIE": {"medie": 6.733333333333334, "reusita": 66.66666666666666, "cnt": 3}}, "nume": "COLEGIUL NATIONAL \"AUREL VLAICU\"\tBucure\u0219ti"}