{"specializari": {"STIINTE ALE NATURII": 74, "MATEMATICA-INFORMATICA": 29, "STIINTE SOCIALE": 33, "FILOLOGIE": 59}, "limba_moderna": {"LIMBA ENGLEZA": 182, "LIMBA FRANCEZA": 13}, "limba_materna": {"LIMBA ROMANA": 195}, "promotie_anterioara": {"NU": 194, "DA": 1}, "materii": {"LIMBA ROMANA": {"medie": 7.619845360824743, "reusita": 98.97435897435898, "cnt": 195}, "MATEMATICA MATE-INFO": {"medie": 9.336206896551726, "reusita": 100.0, "cnt": 29}, "ANATOMIE SI FIZIOLOGIE UMANA, GENETICA SI ECOLOGIE UMANA": {"medie": 8.557031250000003, "reusita": 98.46153846153847, "cnt": 65}, "GENERAL": {"medie": 8.266323024054987, "reusita": 97.43589743589743, "cnt": 195}, "MATEMATICA ST-NAT": {"medie": 8.891780821917807, "reusita": 98.64864864864865, "cnt": 74}, "CHIMIE ORGANICA TEO NIVEL I/II": {"medie": 9.542857142857143, "reusita": 100.0, "cnt": 7}, "INFORMATICA MI C/C++": {"medie": 9.387500000000001, "reusita": 100.0, "cnt": 16}, "ISTORIE": {"medie": 7.928260869565217, "reusita": 97.82608695652173, "cnt": 92}, "LOGICA, ARGUMENTARE SI COMUNICARE": {"medie": 8.612209302325583, "reusita": 100.0, "cnt": 86}, "FIZICA TEO": {"medie": 9.083333333333334, "reusita": 100.0, "cnt": 9}, "GEOGRAFIE": {"medie": 7.666666666666667, "reusita": 100.0, "cnt": 6}, "INFORMATICA SN C/C++": {"medie": 8.408333333333333, "reusita": 100.0, "cnt": 6}}, "nume": "COLEGIUL NATIONAL \"CUZA VODA\", MUN. HUSI\tVaslui"}