{"specializari": {"MATEMATICA-INFORMATICA": 29, "FILOLOGIE": 34, "STIINTE ALE NATURII": 22, "TEHNICIAN IN ACTIVITATI ECONOMICE": 35, "TEHNICIAN IN ACTIVITATI DE COMERT": 26, "TEHNICIAN MECATRONIST": 22, "TEHNICIAN ELECTRONIST": 1}, "limba_moderna": {"LIMBA ENGLEZA": 160, "LIMBA FRANCEZA": 9}, "limba_materna": {"LIMBA ROMANA": 169}, "promotie_anterioara": {"NU": 143, "DA": 26}, "materii": {"LIMBA ROMANA": {"medie": 6.699079754601224, "reusita": 88.16568047337277, "cnt": 169}, "MATEMATICA MATE-INFO": {"medie": 8.275862068965518, "reusita": 100.0, "cnt": 29}, "ANATOMIE SI FIZIOLOGIE UMANA, GENETICA SI ECOLOGIE UMANA": {"medie": 8.766279069767442, "reusita": 100.0, "cnt": 43}, "GENERAL": {"medie": 6.852096436058702, "reusita": 66.27218934911244, "cnt": 169}, "MATEMATICA ST-NAT": {"medie": 5.943181818181818, "reusita": 72.72727272727273, "cnt": 22}, "INFORMATICA MI C/C++": {"medie": 8.5875, "reusita": 100.0, "cnt": 4}, "ISTORIE": {"medie": 7.395588235294118, "reusita": 100.0, "cnt": 34}, "FIZICA TEO": {"medie": 8.0625, "reusita": 100.0, "cnt": 4}, "SOCIOLOGIE": {"medie": 7.980769230769231, "reusita": 100.0, "cnt": 13}, "PSIHOLOGIE": {"medie": 7.833333333333333, "reusita": 100.0, "cnt": 3}, "GEOGRAFIE": {"medie": 6.938356164383563, "reusita": 78.48101265822784, "cnt": 79}, "BIOLOGIE VEGETALA SI ANIMALA": {"medie": 5.411904761904762, "reusita": 56.52173913043478, "cnt": 23}, "MATEMATICA TEHN": {"medie": 5.311999999999998, "reusita": 58.333333333333336, "cnt": 84}}, "nume": "COLEGIUL \"MIHAI VITEAZUL\" INEU\tArad"}