{"specializari": {"MUZICA": 64, "ARTA ACTORULUI": 33}, "limba_moderna": {"LIMBA ENGLEZA": 97}, "limba_materna": {"LIMBA ROMANA": 97}, "promotie_anterioara": {"NU": 90, "DA": 7}, "materii": {"LIMBA ROMANA": {"medie": 6.984042553191483, "reusita": 89.69072164948454, "cnt": 97}, "GENERAL": {"medie": 7.4981481481481485, "reusita": 76.28865979381443, "cnt": 97}, "ISTORIE": {"medie": 7.389247311827957, "reusita": 90.72164948453609, "cnt": 97}, "LOGICA, ARGUMENTARE SI COMUNICARE": {"medie": 8.386363636363637, "reusita": 97.05882352941177, "cnt": 34}, "PSIHOLOGIE": {"medie": 7.75, "reusita": 100.0, "cnt": 2}, "GEOGRAFIE": {"medie": 7.573275862068966, "reusita": 85.24590163934425, "cnt": 61}}, "nume": "COLEGIUL NATIONAL DE ARTE \"DINU LIPATTI\"\tBucure\u0219ti"}