{"specializari": {"TEHNICIAN IN ACTIVITATI ECONOMICE": 35, "MATEMATICA-INFORMATICA": 6, "TEHNICIAN IN TURISM": 9, "TEHNICIAN IN GASTRONOMIE": 13}, "limba_moderna": {"LIMBA ENGLEZA": 62, "LIMBA FRANCEZA": 1}, "limba_materna": {"LIMBA ROMANA": 63}, "promotie_anterioara": {"NU": 40, "DA": 23}, "materii": {"LIMBA ROMANA": {"medie": 5.747580645161292, "reusita": 80.95238095238095, "cnt": 63}, "MATEMATICA MATE-INFO": {"medie": 4.75, "reusita": 33.33333333333333, "cnt": 6}, "GENERAL": {"medie": 6.324137931034484, "reusita": 55.55555555555556, "cnt": 63}, "LOGICA, ARGUMENTARE SI COMUNICARE": {"medie": 9.4, "reusita": 100.0, "cnt": 1}, "PSIHOLOGIE": {"medie": 6.255882352941177, "reusita": 83.33333333333334, "cnt": 18}, "GEOGRAFIE": {"medie": 7.109210526315792, "reusita": 92.10526315789474, "cnt": 38}, "BIOLOGIE VEGETALA SI ANIMALA": {"medie": 6.860000000000001, "reusita": 83.33333333333334, "cnt": 6}, "MATEMATICA TEHN": {"medie": 6.290909090909092, "reusita": 77.19298245614034, "cnt": 57}}, "nume": "COLEGIUL ECONOMIC CALARASI\tC\u0103l\u0103ra\u0219i"}