{"specializari": {"TEHNICIAN ELECTRICIAN/ELECTRONIST AUTO": 14, "LICEU CU PROGRAM SPORTIV": 21, "TEHNICIAN IN HOTELARIE": 12, "TEHNICIAN IN TURISM": 8, "TEHNICIAN TRANSPORTURI": 22, "MATEMATICA-INFORMATICA": 5, "TEHNICIAN ELECTROTEHNIST": 1}, "limba_moderna": {"LIMBA ENGLEZA": 81, "LIMBA FRANCEZA": 2}, "limba_materna": {"LIMBA ROMANA": 83}, "promotie_anterioara": {"NU": 53, "DA": 30}, "materii": {"LIMBA ROMANA": {"medie": 5.116463414634147, "reusita": 66.26506024096386, "cnt": 83}, "MATEMATICA MATE-INFO": {"medie": 3.9, "reusita": 60.0, "cnt": 5}, "GENERAL": {"medie": 5.338683127572013, "reusita": 32.53012048192771, "cnt": 83}, "ISTORIE": {"medie": 4.512499999999999, "reusita": 38.095238095238095, "cnt": 21}, "LOGICA, ARGUMENTARE SI COMUNICARE": {"medie": 4.6499999999999995, "reusita": 50.0, "cnt": 4}, "PSIHOLOGIE": {"medie": 5.8, "reusita": 100.0, "cnt": 1}, "GEOGRAFIE": {"medie": 7.464285714285714, "reusita": 86.11111111111111, "cnt": 36}, "BIOLOGIE VEGETALA SI ANIMALA": {"medie": 4.934285714285715, "reusita": 51.42857142857142, "cnt": 35}, "MATEMATICA TEHN": {"medie": 5.376315789473684, "reusita": 66.66666666666666, "cnt": 57}, "FIZICA TEH": {"medie": 2.6999999999999993, "reusita": 14.285714285714285, "cnt": 7}}, "nume": "COLEGIUL TEHNIC \"IULIU MANIU\"\tBucure\u0219ti"}