{"specializari": {"FILOLOGIE": 62, "STIINTE SOCIALE": 59, "MATEMATICA-INFORMATICA": 104, "LICEU CU PROGRAM SPORTIV": 2}, "limba_moderna": {"LIMBA ENGLEZA": 224, "LIMBA FRANCEZA": 3}, "limba_materna": {"LIMBA ROMANA": 227}, "promotie_anterioara": {"NU": 217, "DA": 10}, "materii": {"LIMBA ROMANA": {"medie": 7.875991189427314, "reusita": 99.55947136563876, "cnt": 227}, "MATEMATICA MATE-INFO": {"medie": 7.64326923076923, "reusita": 97.11538461538461, "cnt": 104}, "ANATOMIE SI FIZIOLOGIE UMANA, GENETICA SI ECOLOGIE UMANA": {"medie": 8.183035714285714, "reusita": 98.21428571428571, "cnt": 56}, "GENERAL": {"medie": 8.144713656387664, "reusita": 93.83259911894272, "cnt": 227}, "CHIMIE ORGANICA TEO NIVEL I/II": {"medie": 8.2, "reusita": 100.0, "cnt": 2}, "CHIMIE ANORGANICA TEO NIVEL I/II": {"medie": 8.175, "reusita": 100.0, "cnt": 2}, "INFORMATICA MI C/C++": {"medie": 7.960416666666667, "reusita": 91.66666666666666, "cnt": 24}, "ISTORIE": {"medie": 8.368699186991872, "reusita": 100.0, "cnt": 123}, "LOGICA, ARGUMENTARE SI COMUNICARE": {"medie": 8.892424242424243, "reusita": 100.0, "cnt": 33}, "FIZICA TEO": {"medie": 8.097222222222221, "reusita": 94.44444444444444, "cnt": 18}, "SOCIOLOGIE": {"medie": 8.943939393939395, "reusita": 100.0, "cnt": 33}, "PSIHOLOGIE": {"medie": 8.381250000000001, "reusita": 100.0, "cnt": 8}, "GEOGRAFIE": {"medie": 9.003333333333332, "reusita": 100.0, "cnt": 45}, "BIOLOGIE VEGETALA SI ANIMALA": {"medie": 8.475, "reusita": 100.0, "cnt": 2}, "FILOSOFIE": {"medie": 8.85, "reusita": 100.0, "cnt": 1}, "ECONOMIE": {"medie": 6.683333333333334, "reusita": 100.0, "cnt": 3}}, "nume": "COLEGIUL NATIONAL \"OCTAV ONICESCU\"\tBucure\u0219ti"}