{"specializari": {"STIINTE ALE NATURII": 29, "MATEMATICA-INFORMATICA": 52, "FILOLOGIE": 30, "INVATATOR - EDUCATOARE": 25}, "limba_moderna": {"LIMBA ENGLEZA": 136}, "limba_materna": {"LIMBA ROMANA": 136}, "promotie_anterioara": {"NU": 136}, "materii": {"LIMBA ROMANA": {"medie": 8.142647058823528, "reusita": 99.26470588235294, "cnt": 136}, "MATEMATICA MATE-INFO": {"medie": 8.315384615384614, "reusita": 92.3076923076923, "cnt": 52}, "ANATOMIE SI FIZIOLOGIE UMANA, GENETICA SI ECOLOGIE UMANA": {"medie": 8.419565217391302, "reusita": 93.47826086956522, "cnt": 46}, "GENERAL": {"medie": 8.215563725490194, "reusita": 91.17647058823529, "cnt": 136}, "MATEMATICA ST-NAT": {"medie": 8.505172413793105, "reusita": 100.0, "cnt": 29}, "INFORMATICA MI C/C++": {"medie": 8.842647058823529, "reusita": 100.0, "cnt": 34}, "ISTORIE": {"medie": 7.263333333333332, "reusita": 93.33333333333333, "cnt": 30}, "LOGICA, ARGUMENTARE SI COMUNICARE": {"medie": 9.01764705882353, "reusita": 100.0, "cnt": 17}, "MATEMATICA PED": {"medie": 8.126, "reusita": 92.0, "cnt": 25}, "PSIHOLOGIE": {"medie": 8.7875, "reusita": 100.0, "cnt": 4}, "GEOGRAFIE": {"medie": 7.676470588235294, "reusita": 91.17647058823529, "cnt": 34}, "INFORMATICA SN C/C++": {"medie": 7.05, "reusita": 100.0, "cnt": 1}}, "nume": "COLEGIUL NATIONAL \"INOCHENTIE MICU CLAIN\" BLAJ\tAlba"}