{"specializari": {"TEHNICIAN IN ACTIVITATI ECONOMICE": 116, "TEHNICIAN IN ACTIVITATI DE COMERT": 44, "TEHNICIAN IN TURISM": 20, "TEHNICIAN IN GASTRONOMIE": 21}, "limba_moderna": {"LIMBA ENGLEZA": 177, "LIMBA FRANCEZA": 24}, "limba_materna": {"LIMBA ROMANA": 201}, "promotie_anterioara": {"NU": 196, "DA": 5}, "materii": {"LIMBA ROMANA": {"medie": 6.772139303482589, "reusita": 98.00995024875621, "cnt": 201}, "GENERAL": {"medie": 7.601250000000005, "reusita": 93.03482587064677, "cnt": 201}, "LOGICA, ARGUMENTARE SI COMUNICARE": {"medie": 7.892307692307692, "reusita": 93.33333333333333, "cnt": 105}, "PSIHOLOGIE": {"medie": 8.566666666666665, "reusita": 100.0, "cnt": 3}, "GEOGRAFIE": {"medie": 8.325274725274724, "reusita": 98.9010989010989, "cnt": 91}, "MATEMATICA TEHN": {"medie": 7.923383084577116, "reusita": 100.0, "cnt": 201}, "ECONOMIE": {"medie": 6.699999999999999, "reusita": 100.0, "cnt": 2}}, "nume": "COLEGIUL ECONOMIC MUNICIPIUL BUZAU\tBuz\u0103u"}