{"specializari": {"FILOLOGIE": 151, "STIINTE SOCIALE": 69, "EDUCATOR-PUERICULTOR": 24}, "limba_moderna": {"LIMBA ENGLEZA": 193, "LIMBA FRANCEZA": 29, "LIMBA SPANIOLA": 17, "LIMBA GERMANA MODERNA": 3, "LIMBA ITALIANA": 2}, "limba_materna": {"LIMBA ROMANA": 244}, "promotie_anterioara": {"NU": 242, "DA": 2}, "materii": {"LIMBA ROMANA": {"medie": 7.861680327868852, "reusita": 99.59016393442623, "cnt": 244}, "GENERAL": {"medie": 8.148559670781895, "reusita": 96.31147540983606, "cnt": 244}, "ISTORIE": {"medie": 8.098155737704921, "reusita": 99.59016393442623, "cnt": 244}, "LOGICA, ARGUMENTARE SI COMUNICARE": {"medie": 8.55462184873949, "reusita": 96.63865546218487, "cnt": 119}, "SOCIOLOGIE": {"medie": 7.875, "reusita": 100.0, "cnt": 8}, "PSIHOLOGIE": {"medie": 7.972222222222222, "reusita": 100.0, "cnt": 9}, "GEOGRAFIE": {"medie": 8.465566037735847, "reusita": 99.06542056074767, "cnt": 107}, "FILOSOFIE": {"medie": 7.1, "reusita": 100.0, "cnt": 1}}, "nume": "COLEGIUL NATIONAL \"MIHAI EMINESCU\" BAIA MARE\tMaramure\u0219"}