{"specializari": {"STIINTE ALE NATURII": 30, "STIINTE SOCIALE": 60, "FILOLOGIE": 29, "MATEMATICA-INFORMATICA": 55}, "limba_moderna": {"LIMBA FRANCEZA": 5, "LIMBA ENGLEZA": 169}, "limba_materna": {"LIMBA ROMANA": 174}, "promotie_anterioara": {"NU": 174}, "materii": {"LIMBA ROMANA": {"medie": 8.786127167630053, "reusita": 99.42528735632183, "cnt": 174}, "MATEMATICA MATE-INFO": {"medie": 9.17909090909091, "reusita": 100.0, "cnt": 55}, "ANATOMIE SI FIZIOLOGIE UMANA, GENETICA SI ECOLOGIE UMANA": {"medie": 9.102173913043478, "reusita": 100.0, "cnt": 23}, "GENERAL": {"medie": 9.02880539499037, "reusita": 98.85057471264368, "cnt": 174}, "MATEMATICA ST-NAT": {"medie": 9.348275862068965, "reusita": 96.66666666666667, "cnt": 30}, "CHIMIE ORGANICA TEO NIVEL I/II": {"medie": 9.243750000000002, "reusita": 100.0, "cnt": 16}, "INFORMATICA MI C/C++": {"medie": 9.604761904761906, "reusita": 100.0, "cnt": 21}, "ISTORIE": {"medie": 9.041573033707866, "reusita": 98.87640449438202, "cnt": 89}, "LOGICA, ARGUMENTARE SI COMUNICARE": {"medie": 9.10324675324675, "reusita": 98.7012987012987, "cnt": 77}, "FIZICA TEO": {"medie": 8.863157894736842, "reusita": 95.0, "cnt": 20}, "SOCIOLOGIE": {"medie": 9.700000000000001, "reusita": 100.0, "cnt": 3}, "PSIHOLOGIE": {"medie": 9.2, "reusita": 100.0, "cnt": 2}, "GEOGRAFIE": {"medie": 9.291666666666666, "reusita": 100.0, "cnt": 6}, "INFORMATICA SN C/C++": {"medie": 9.549999999999999, "reusita": 100.0, "cnt": 3}, "BIOLOGIE VEGETALA SI ANIMALA": {"medie": 8.35, "reusita": 100.0, "cnt": 2}, "ECONOMIE": {"medie": 8.4, "reusita": 100.0, "cnt": 1}}, "nume": "COLEGIUL NATIONAL \"NICOLAE GRIGORESCU\", MUNICIPIUL CAMPINA\tPrahova"}