{"specializari": {"FILOLOGIE": 78, "STIINTE ALE NATURII": 32, "MATEMATICA-INFORMATICA": 22, "TEHNICIAN TRANSPORTURI": 37, "TEHNICIAN IN INDUSTRIA TEXTILA": 7}, "limba_moderna": {"LIMBA ENGLEZA": 162, "LIMBA FRANCEZA": 14}, "limba_materna": {"LIMBA ROMANA": 157, "LIMBA UCRAINEANA": 19}, "promotie_anterioara": {"NU": 153, "DA": 23}, "materii": {"LIMBA ROMANA": {"medie": 6.521951219512196, "reusita": 80.68181818181817, "cnt": 176}, "MATEMATICA MATE-INFO": {"medie": 4.8657894736842096, "reusita": 50.0, "cnt": 22}, "ANATOMIE SI FIZIOLOGIE UMANA, GENETICA SI ECOLOGIE UMANA": {"medie": 7.68472222222222, "reusita": 89.47368421052632, "cnt": 38}, "GENERAL": {"medie": 6.2724787685774945, "reusita": 49.43181818181818, "cnt": 176}, "MATEMATICA ST-NAT": {"medie": 7.794999999999998, "reusita": 84.375, "cnt": 32}, "CHIMIE ORGANICA TEO NIVEL I/II": {"medie": 9.05, "reusita": 100.0, "cnt": 2}, "CHIMIE ANORGANICA TEO NIVEL I/II": {"medie": 9.75, "reusita": 100.0, "cnt": 1}, "INFORMATICA MI C/C++": {"medie": 5.938888888888889, "reusita": 100.0, "cnt": 9}, "ISTORIE": {"medie": 6.061111111111111, "reusita": 69.23076923076923, "cnt": 78}, "LOGICA, ARGUMENTARE SI COMUNICARE": {"medie": 7.602777777777778, "reusita": 84.7457627118644, "cnt": 59}, "FIZICA TEO": {"medie": 7.333333333333333, "reusita": 100.0, "cnt": 3}, "PSIHOLOGIE": {"medie": 9.6, "reusita": 100.0, "cnt": 1}, "GEOGRAFIE": {"medie": 7.293749999999999, "reusita": 83.33333333333334, "cnt": 18}, "INFORMATICA SN C/C++": {"medie": 9.55, "reusita": 100.0, "cnt": 1}, "BIOLOGIE VEGETALA SI ANIMALA": {"medie": 3.58125, "reusita": 20.454545454545457, "cnt": 44}, "MATEMATICA TEHN": {"medie": 2.987179487179487, "reusita": 22.727272727272727, "cnt": 44}, "LIMBA UCRAINEANA": {"medie": 7.9, "reusita": 89.47368421052632, "cnt": 19}}, "nume": "COLEGIUL TEHNIC \"LATCU VODA\" SIRET\tSuceava"}