{"specializari": {"MATEMATICA-INFORMATICA": 31, "FILOLOGIE": 33, "STIINTE ALE NATURII": 27, "TEHNICIAN IN ACTIVITATI ECONOMICE": 30, "STIINTE SOCIALE": 34}, "limba_moderna": {"LIMBA ENGLEZA": 147, "LIMBA FRANCEZA": 8}, "limba_materna": {"LIMBA ROMANA": 155}, "promotie_anterioara": {"NU": 140, "DA": 15}, "materii": {"LIMBA ROMANA": {"medie": 7.706168831168828, "reusita": 96.7741935483871, "cnt": 155}, "MATEMATICA MATE-INFO": {"medie": 9.043548387096775, "reusita": 100.0, "cnt": 31}, "ANATOMIE SI FIZIOLOGIE UMANA, GENETICA SI ECOLOGIE UMANA": {"medie": 8.5984375, "reusita": 96.875, "cnt": 32}, "GENERAL": {"medie": 7.965904139433549, "reusita": 88.38709677419355, "cnt": 155}, "MATEMATICA ST-NAT": {"medie": 7.598148148148148, "reusita": 96.29629629629629, "cnt": 27}, "INFORMATICA MI C/C++": {"medie": 8.556000000000001, "reusita": 100.0, "cnt": 25}, "ISTORIE": {"medie": 7.231060606060609, "reusita": 97.01492537313433, "cnt": 67}, "LOGICA, ARGUMENTARE SI COMUNICARE": {"medie": 4.3, "reusita": 0.0, "cnt": 1}, "FIZICA TEO": {"medie": 6.45, "reusita": 100.0, "cnt": 1}, "SOCIOLOGIE": {"medie": 8.265909090909092, "reusita": 97.72727272727273, "cnt": 44}, "PSIHOLOGIE": {"medie": 8.758333333333333, "reusita": 100.0, "cnt": 6}, "GEOGRAFIE": {"medie": 7.920930232558138, "reusita": 95.45454545454545, "cnt": 44}, "MATEMATICA TEHN": {"medie": 8.386666666666667, "reusita": 100.0, "cnt": 30}, "ECONOMIE": {"medie": 7.45, "reusita": 100.0, "cnt": 2}}, "nume": "COLEGIUL NATIONAL \"PETRU RARES\" BECLEAN\tBistri\u021ba-N\u0103s\u0103ud"}