{"specializari": {"MATEMATICA-INFORMATICA": 54, "STIINTE SOCIALE": 37, "FILOLOGIE": 73, "STIINTE ALE NATURII": 58}, "limba_moderna": {"LIMBA ENGLEZA": 208, "LIMBA FRANCEZA": 14}, "limba_materna": {"LIMBA ROMANA": 222}, "promotie_anterioara": {"NU": 212, "DA": 10}, "materii": {"LIMBA ROMANA": {"medie": 7.945270270270269, "reusita": 97.2972972972973, "cnt": 222}, "MATEMATICA MATE-INFO": {"medie": 8.790740740740738, "reusita": 100.0, "cnt": 54}, "ANATOMIE SI FIZIOLOGIE UMANA, GENETICA SI ECOLOGIE UMANA": {"medie": 8.085810810810809, "reusita": 97.2972972972973, "cnt": 74}, "GENERAL": {"medie": 8.015315315315311, "reusita": 89.1891891891892, "cnt": 222}, "MATEMATICA ST-NAT": {"medie": 6.836206896551724, "reusita": 84.48275862068965, "cnt": 58}, "CHIMIE ORGANICA TEO NIVEL I/II": {"medie": 9.166666666666666, "reusita": 100.0, "cnt": 3}, "INFORMATICA MI C/C++": {"medie": 8.710526315789474, "reusita": 100.0, "cnt": 19}, "ISTORIE": {"medie": 7.775909090909088, "reusita": 98.18181818181819, "cnt": 110}, "LOGICA, ARGUMENTARE SI COMUNICARE": {"medie": 8.0, "reusita": 100.0, "cnt": 14}, "FIZICA TEO": {"medie": 8.863333333333333, "reusita": 100.0, "cnt": 15}, "SOCIOLOGIE": {"medie": 8.330303030303032, "reusita": 100.0, "cnt": 66}, "PSIHOLOGIE": {"medie": 8.7, "reusita": 100.0, "cnt": 1}, "GEOGRAFIE": {"medie": 8.551785714285716, "reusita": 96.42857142857143, "cnt": 28}, "INFORMATICA SN C/C++": {"medie": 5.35, "reusita": 100.0, "cnt": 1}, "ECONOMIE": {"medie": 8.2, "reusita": 100.0, "cnt": 1}}, "nume": "COLEGIUL NATIONAL \"GIB MIHAESCU\" DRAGASANI\tV\u00e2lcea"}