{"specializari": {"STIINTE ALE NATURII": 69, "TEHNICIAN OPERATOR TEHNICA DE CALCUL": 27, "MATEMATICA-INFORMATICA": 30, "TEHNICIAN IN ADMINISTRATIE": 30, "FILOLOGIE": 30, "TEHNICIAN ELECTROTEHNIST": 2, "TEHNICIAN MECANIC PENTRU INTRETINERE SI REPARATII": 1}, "limba_moderna": {"LIMBA ENGLEZA": 187, "LIMBA FRANCEZA": 2}, "limba_materna": {"LIMBA ROMANA": 162, "LIMBA MAGHIARA": 27}, "promotie_anterioara": {"NU": 171, "DA": 18}, "materii": {"LIMBA ROMANA": {"medie": 7.21489361702128, "reusita": 96.29629629629629, "cnt": 189}, "MATEMATICA MATE-INFO": {"medie": 7.505000000000002, "reusita": 90.0, "cnt": 30}, "ANATOMIE SI FIZIOLOGIE UMANA, GENETICA SI ECOLOGIE UMANA": {"medie": 7.502173913043476, "reusita": 94.28571428571428, "cnt": 70}, "GENERAL": {"medie": 7.2141129032258045, "reusita": 78.83597883597884, "cnt": 189}, "MATEMATICA ST-NAT": {"medie": 7.068115942028985, "reusita": 89.85507246376811, "cnt": 69}, "CHIMIE ORGANICA TEO NIVEL I/II": {"medie": 9.161111111111113, "reusita": 100.0, "cnt": 9}, "INFORMATICA MI C/C++": {"medie": 7.873076923076923, "reusita": 100.0, "cnt": 13}, "ISTORIE": {"medie": 6.746551724137929, "reusita": 96.66666666666667, "cnt": 30}, "LOGICA, ARGUMENTARE SI COMUNICARE": {"medie": 7.77727272727273, "reusita": 83.33333333333334, "cnt": 12}, "FIZICA TEO": {"medie": 9.6, "reusita": 100.0, "cnt": 1}, "GEOGRAFIE": {"medie": 7.849999999999998, "reusita": 100.0, "cnt": 48}, "INFORMATICA SN C/C++": {"medie": 7.45, "reusita": 100.0, "cnt": 2}, "BIOLOGIE VEGETALA SI ANIMALA": {"medie": 5.751612903225806, "reusita": 70.96774193548387, "cnt": 31}, "MATEMATICA TEHN": {"medie": 6.583898305084747, "reusita": 83.33333333333334, "cnt": 60}, "LIMBA MAGHIARA (REAL)": {"medie": 7.42962962962963, "reusita": 100.0, "cnt": 27}, "FIZICA TEH": {"medie": 6.8, "reusita": 100.0, "cnt": 3}}, "nume": "COLEGIUL \"PETRU MAIOR\" REGHIN\tMure\u0219"}