{"specializari": {"MATEMATICA-INFORMATICA": 53, "FILOLOGIE": 30, "TEHNICIAN IN TURISM": 30}, "limba_moderna": {"LIMBA ENGLEZA": 97, "LIMBA FRANCEZA": 16}, "limba_materna": {"LIMBA ROMANA": 113}, "promotie_anterioara": {"NU": 109, "DA": 4}, "materii": {"LIMBA ROMANA": {"medie": 6.745535714285716, "reusita": 92.03539823008849, "cnt": 113}, "MATEMATICA MATE-INFO": {"medie": 7.893396226415094, "reusita": 92.45283018867924, "cnt": 53}, "ANATOMIE SI FIZIOLOGIE UMANA, GENETICA SI ECOLOGIE UMANA": {"medie": 8.275, "reusita": 97.05882352941177, "cnt": 34}, "GENERAL": {"medie": 7.269196428571428, "reusita": 76.99115044247787, "cnt": 113}, "CHIMIE ORGANICA TEO NIVEL I/II": {"medie": 9.275, "reusita": 100.0, "cnt": 2}, "INFORMATICA MI C/C++": {"medie": 8.30625, "reusita": 100.0, "cnt": 8}, "ISTORIE": {"medie": 7.880000000000001, "reusita": 96.66666666666667, "cnt": 30}, "LOGICA, ARGUMENTARE SI COMUNICARE": {"medie": 4.360000000000001, "reusita": 33.33333333333333, "cnt": 6}, "FIZICA TEO": {"medie": 9.231250000000001, "reusita": 100.0, "cnt": 8}, "SOCIOLOGIE": {"medie": 8.745454545454544, "reusita": 100.0, "cnt": 22}, "PSIHOLOGIE": {"medie": 5.525, "reusita": 100.0, "cnt": 2}, "GEOGRAFIE": {"medie": 7.604999999999998, "reusita": 93.33333333333333, "cnt": 30}, "BIOLOGIE VEGETALA SI ANIMALA": {"medie": 6.85, "reusita": 100.0, "cnt": 1}, "MATEMATICA TEHN": {"medie": 4.543103448275862, "reusita": 50.0, "cnt": 30}}, "nume": "COLEGIUL \"MIHAIL CANTACUZINO\", ORASUL SINAIA\tPrahova"}