{"specializari": {"STIINTE ALE NATURII": 31, "STIINTE SOCIALE": 30, "MATEMATICA-INFORMATICA": 115, "FILOLOGIE": 30}, "limba_moderna": {"LIMBA ENGLEZA": 203, "LIMBA FRANCEZA": 3}, "limba_materna": {"LIMBA ROMANA": 206}, "promotie_anterioara": {"NU": 203, "DA": 3}, "materii": {"LIMBA ROMANA": {"medie": 8.128155339805822, "reusita": 99.02912621359224, "cnt": 206}, "MATEMATICA MATE-INFO": {"medie": 8.305217391304348, "reusita": 99.1304347826087, "cnt": 115}, "ANATOMIE SI FIZIOLOGIE UMANA, GENETICA SI ECOLOGIE UMANA": {"medie": 8.802631578947366, "reusita": 100.0, "cnt": 76}, "GENERAL": {"medie": 8.501941747572817, "reusita": 95.14563106796116, "cnt": 206}, "MATEMATICA ST-NAT": {"medie": 8.929032258064513, "reusita": 100.0, "cnt": 31}, "CHIMIE ORGANICA TEO NIVEL I/II": {"medie": 9.612499999999999, "reusita": 100.0, "cnt": 8}, "INFORMATICA MI C/C++": {"medie": 8.874999999999998, "reusita": 100.0, "cnt": 26}, "ISTORIE": {"medie": 8.704166666666664, "reusita": 100.0, "cnt": 60}, "LOGICA, ARGUMENTARE SI COMUNICARE": {"medie": 9.048863636363631, "reusita": 100.0, "cnt": 44}, "FIZICA TEO": {"medie": 8.441176470588237, "reusita": 100.0, "cnt": 34}, "SOCIOLOGIE": {"medie": 9.55, "reusita": 100.0, "cnt": 1}, "PSIHOLOGIE": {"medie": 9.583333333333334, "reusita": 100.0, "cnt": 3}, "GEOGRAFIE": {"medie": 8.991666666666667, "reusita": 100.0, "cnt": 6}, "BIOLOGIE VEGETALA SI ANIMALA": {"medie": 9.35, "reusita": 100.0, "cnt": 2}, "FILOSOFIE": {"medie": 10.0, "reusita": 100.0, "cnt": 1}, "ECONOMIE": {"medie": 8.580000000000002, "reusita": 100.0, "cnt": 5}}, "nume": "COLEGIUL NATIONAL \"MIHAI VITEAZUL\" SLOBOZIA\tIalomi\u021ba"}