{"specializari": {"STIINTE ALE NATURII": 23, "LICEU CU PROGRAM SPORTIV": 40, "TEHNICIAN PRODUCTIE FILM SI TELEVIZIUNE": 40, "TEHNICIAN POLIGRAF": 22, "MATEMATICA-INFORMATICA": 3, "TEHNICIAN OPERATOR PROCESARE TEXT IMAGINE": 42}, "limba_moderna": {"LIMBA ENGLEZA": 170}, "limba_materna": {"LIMBA ROMANA": 170}, "promotie_anterioara": {"NU": 126, "DA": 44}, "materii": {"LIMBA ROMANA": {"medie": 5.525925925925928, "reusita": 72.35294117647058, "cnt": 170}, "MATEMATICA MATE-INFO": {"medie": 5.083333333333333, "reusita": 66.66666666666666, "cnt": 3}, "ANATOMIE SI FIZIOLOGIE UMANA, GENETICA SI ECOLOGIE UMANA": {"medie": 7.13913043478261, "reusita": 91.30434782608695, "cnt": 23}, "GENERAL": {"medie": 5.085987261146498, "reusita": 30.0, "cnt": 170}, "MATEMATICA ST-NAT": {"medie": 4.8136363636363635, "reusita": 56.52173913043478, "cnt": 23}, "CHIMIE ANORGANICA TEO NIVEL I/II": {"medie": 5.4, "reusita": 50.0, "cnt": 2}, "ISTORIE": {"medie": 5.7153846153846155, "reusita": 70.0, "cnt": 40}, "LOGICA, ARGUMENTARE SI COMUNICARE": {"medie": 5.689473684210526, "reusita": 57.89473684210527, "cnt": 19}, "GEOGRAFIE": {"medie": 7.2880952380952415, "reusita": 90.47619047619048, "cnt": 21}, "BIOLOGIE VEGETALA SI ANIMALA": {"medie": 4.113157894736842, "reusita": 35.294117647058826, "cnt": 102}, "MATEMATICA TEHN": {"medie": 3.754166666666665, "reusita": 40.38461538461539, "cnt": 104}, "FIZICA TEH": {"medie": 3.9, "reusita": 0.0, "cnt": 1}, "CHIMIE ANORGANICA TEH NIVEL I/II": {"medie": 6.3, "reusita": 100.0, "cnt": 2}}, "nume": "COLEGIUL TEHNIC \"MEDIA\"\tBucure\u0219ti"}