{"specializari": {"TEHNICIAN IN ACTIVITATI ECONOMICE": 29, "TEHNICIAN IN SILVICULTURA SI EXPLOATARI FORESTIERE": 60, "TEHNICIAN IN TURISM": 27, "TEHNICIAN ECOLOG SI PROTECTIA CALITATII MEDIULUI": 17, "TEHNICIAN IN ADMINISTRATIE": 3}, "limba_moderna": {"LIMBA ENGLEZA": 130, "LIMBA FRANCEZA": 6}, "limba_materna": {"LIMBA ROMANA": 136}, "promotie_anterioara": {"NU": 109, "DA": 27}, "materii": {"LIMBA ROMANA": {"medie": 6.319485294117646, "reusita": 91.91176470588235, "cnt": 136}, "ANATOMIE SI FIZIOLOGIE UMANA, GENETICA SI ECOLOGIE UMANA": {"medie": 6.460273972602741, "reusita": 87.83783783783784, "cnt": 74}, "GENERAL": {"medie": 6.72994987468672, "reusita": 63.970588235294116, "cnt": 136}, "LOGICA, ARGUMENTARE SI COMUNICARE": {"medie": 6.571428571428571, "reusita": 57.14285714285714, "cnt": 7}, "PSIHOLOGIE": {"medie": 7.583333333333333, "reusita": 100.0, "cnt": 3}, "GEOGRAFIE": {"medie": 8.266666666666666, "reusita": 97.91666666666666, "cnt": 48}, "MATEMATICA TEHN": {"medie": 6.751492537313428, "reusita": 84.55882352941177, "cnt": 136}, "ECONOMIE": {"medie": 7.55, "reusita": 100.0, "cnt": 1}, "FIZICA TEH": {"medie": 6.366666666666667, "reusita": 66.66666666666666, "cnt": 3}}, "nume": "COLEGIUL SILVIC \"BUCOVINA\" CAMPULUNG MOLDOVENESC\tSuceava"}