{"specializari": {"MATEMATICA-INFORMATICA": 25, "FILOLOGIE": 35, "STIINTE SOCIALE": 35, "STIINTE ALE NATURII": 48}, "limba_moderna": {"LIMBA ENGLEZA": 137, "LIMBA FRANCEZA": 6}, "limba_materna": {"LIMBA ROMANA": 143}, "promotie_anterioara": {"NU": 139, "DA": 4}, "materii": {"LIMBA ROMANA": {"medie": 7.7246478873239415, "reusita": 98.6013986013986, "cnt": 143}, "MATEMATICA MATE-INFO": {"medie": 8.329999999999998, "reusita": 100.0, "cnt": 25}, "ANATOMIE SI FIZIOLOGIE UMANA, GENETICA SI ECOLOGIE UMANA": {"medie": 7.6445454545454545, "reusita": 98.21428571428571, "cnt": 56}, "GENERAL": {"medie": 7.893735224586283, "reusita": 95.1048951048951, "cnt": 143}, "MATEMATICA ST-NAT": {"medie": 7.91595744680851, "reusita": 97.91666666666666, "cnt": 48}, "CHIMIE ORGANICA TEO NIVEL I/II": {"medie": 8.450000000000001, "reusita": 100.0, "cnt": 3}, "INFORMATICA MI C/C++": {"medie": 8.108333333333333, "reusita": 100.0, "cnt": 6}, "ISTORIE": {"medie": 7.818840579710146, "reusita": 98.57142857142858, "cnt": 70}, "LOGICA, ARGUMENTARE SI COMUNICARE": {"medie": 8.05869565217391, "reusita": 95.65217391304348, "cnt": 46}, "FIZICA TEO": {"medie": 9.26, "reusita": 100.0, "cnt": 5}, "PSIHOLOGIE": {"medie": 8.66, "reusita": 100.0, "cnt": 5}, "GEOGRAFIE": {"medie": 8.549999999999999, "reusita": 94.73684210526315, "cnt": 19}, "INFORMATICA SN C/C++": {"medie": 7.066666666666666, "reusita": 100.0, "cnt": 3}}, "nume": "COLEGIUL \"MIHAI EMINESCU\" BACAU\tBac\u0103u"}