{"specializari": {"FILOLOGIE": 120, "STIINTE SOCIALE": 36, "STIINTE ALE NATURII": 56, "MATEMATICA-INFORMATICA": 58}, "limba_moderna": {"LIMBA ENGLEZA": 244, "LIMBA FRANCEZA": 26}, "limba_materna": {"LIMBA ROMANA": 270}, "promotie_anterioara": {"NU": 270}, "materii": {"LIMBA ROMANA": {"medie": 7.654460966542755, "reusita": 99.62962962962963, "cnt": 270}, "MATEMATICA MATE-INFO": {"medie": 8.63448275862069, "reusita": 100.0, "cnt": 58}, "ANATOMIE SI FIZIOLOGIE UMANA, GENETICA SI ECOLOGIE UMANA": {"medie": 8.539473684210526, "reusita": 95.0, "cnt": 20}, "GENERAL": {"medie": 8.35210656753408, "reusita": 97.4074074074074, "cnt": 270}, "MATEMATICA ST-NAT": {"medie": 8.385454545454543, "reusita": 96.42857142857143, "cnt": 56}, "CHIMIE ORGANICA TEO NIVEL I/II": {"medie": 8.418333333333333, "reusita": 100.0, "cnt": 30}, "CHIMIE ANORGANICA TEO NIVEL I/II": {"medie": 8.950000000000001, "reusita": 100.0, "cnt": 3}, "INFORMATICA MI C/C++": {"medie": 8.845833333333333, "reusita": 100.0, "cnt": 24}, "ISTORIE": {"medie": 8.873397435897438, "reusita": 99.35897435897436, "cnt": 156}, "LOGICA, ARGUMENTARE SI COMUNICARE": {"medie": 8.971238938053101, "reusita": 99.11504424778761, "cnt": 113}, "FIZICA TEO": {"medie": 8.075000000000001, "reusita": 100.0, "cnt": 18}, "PSIHOLOGIE": {"medie": 8.568750000000001, "reusita": 100.0, "cnt": 8}, "GEOGRAFIE": {"medie": 8.722580645161292, "reusita": 100.0, "cnt": 31}, "INFORMATICA SN C/C++": {"medie": 8.4, "reusita": 100.0, "cnt": 1}, "BIOLOGIE VEGETALA SI ANIMALA": {"medie": 7.83611111111111, "reusita": 94.44444444444444, "cnt": 18}, "ECONOMIE": {"medie": 8.35, "reusita": 100.0, "cnt": 4}}, "nume": "COLEGIUL NATIONAL \"MIHAI EMINESCU\" MUNICIPIUL BUZAU\tBuz\u0103u"}