{"specializari": {"MATEMATICA-INFORMATICA": 27, "STIINTE ALE NATURII": 29, "FILOLOGIE": 12, "TEHNICIAN IN ACTIVITATI ECONOMICE": 15}, "limba_moderna": {"LIMBA ENGLEZA": 77, "LIMBA GERMANA MODERNA": 6}, "limba_materna": {"LIMBA MAGHIARA": 83}, "promotie_anterioara": {"NU": 79, "DA": 4}, "materii": {"LIMBA ROMANA": {"medie": 6.679629629629628, "reusita": 91.56626506024097, "cnt": 83}, "MATEMATICA MATE-INFO": {"medie": 7.775925925925926, "reusita": 100.0, "cnt": 27}, "ANATOMIE SI FIZIOLOGIE UMANA, GENETICA SI ECOLOGIE UMANA": {"medie": 8.252941176470587, "reusita": 97.05882352941177, "cnt": 34}, "GENERAL": {"medie": 7.457343750000004, "reusita": 85.54216867469879, "cnt": 83}, "MATEMATICA ST-NAT": {"medie": 8.10689655172414, "reusita": 96.55172413793103, "cnt": 29}, "CHIMIE ORGANICA TEO NIVEL I/II": {"medie": 9.275, "reusita": 100.0, "cnt": 2}, "INFORMATICA MI C/C++": {"medie": 7.925000000000001, "reusita": 100.0, "cnt": 8}, "ISTORIE": {"medie": 7.513636363636365, "reusita": 83.33333333333334, "cnt": 12}, "FIZICA TEO": {"medie": 8.558333333333332, "reusita": 100.0, "cnt": 6}, "SOCIOLOGIE": {"medie": 8.175, "reusita": 100.0, "cnt": 2}, "PSIHOLOGIE": {"medie": 7.083333333333333, "reusita": 100.0, "cnt": 3}, "GEOGRAFIE": {"medie": 7.402499999999999, "reusita": 95.23809523809523, "cnt": 21}, "INFORMATICA SN C/C++": {"medie": 6.6, "reusita": 100.0, "cnt": 1}, "BIOLOGIE VEGETALA SI ANIMALA": {"medie": 7.38, "reusita": 100.0, "cnt": 5}, "MATEMATICA TEHN": {"medie": 6.639285714285714, "reusita": 80.0, "cnt": 15}, "FILOSOFIE": {"medie": 9.05, "reusita": 100.0, "cnt": 1}, "LIMBA MAGHIARA (REAL)": {"medie": 7.416197183098591, "reusita": 98.59154929577466, "cnt": 71}, "LIMBA MAGHIARA (UMAN)": {"medie": 7.422727272727273, "reusita": 91.66666666666666, "cnt": 12}}, "nume": "COLEGIUL NATIONAL \"APRILY LAJOS\" BRASOV\tBra\u0219ov"}