{"specializari": {"FILOLOGIE": 34, "LICEU CU PROGRAM SPORTIV": 67, "MATEMATICA-INFORMATICA": 31}, "limba_moderna": {"LIMBA ENGLEZA": 131, "LIMBA FRANCEZA": 1}, "limba_materna": {"LIMBA ROMANA": 132}, "promotie_anterioara": {"NU": 120, "DA": 12}, "materii": {"LIMBA ROMANA": {"medie": 6.777099236641222, "reusita": 92.42424242424242, "cnt": 132}, "MATEMATICA MATE-INFO": {"medie": 7.136666666666666, "reusita": 90.32258064516128, "cnt": 31}, "ANATOMIE SI FIZIOLOGIE UMANA, GENETICA SI ECOLOGIE UMANA": {"medie": 8.256250000000001, "reusita": 100.0, "cnt": 16}, "GENERAL": {"medie": 7.2305774278215225, "reusita": 78.03030303030303, "cnt": 132}, "CHIMIE ORGANICA TEO NIVEL I/II": {"medie": 9.0, "reusita": 100.0, "cnt": 1}, "INFORMATICA MI C/C++": {"medie": 3.825, "reusita": 0.0, "cnt": 2}, "ISTORIE": {"medie": 6.854591836734692, "reusita": 88.11881188118812, "cnt": 101}, "LOGICA, ARGUMENTARE SI COMUNICARE": {"medie": 8.483999999999998, "reusita": 100.0, "cnt": 25}, "FIZICA TEO": {"medie": 6.618181818181818, "reusita": 90.9090909090909, "cnt": 11}, "SOCIOLOGIE": {"medie": 9.05, "reusita": 100.0, "cnt": 1}, "PSIHOLOGIE": {"medie": 7.529999999999999, "reusita": 80.0, "cnt": 5}, "GEOGRAFIE": {"medie": 7.960606060606064, "reusita": 92.64705882352942, "cnt": 68}, "BIOLOGIE VEGETALA SI ANIMALA": {"medie": 5.9, "reusita": 100.0, "cnt": 1}, "ECONOMIE": {"medie": 6.825, "reusita": 100.0, "cnt": 2}}, "nume": "COLEGIUL NATIONAL \"EMIL RACOVITA\"\tBucure\u0219ti"}