{"specializari": {"STIINTE ALE NATURII": 57, "MATEMATICA-INFORMATICA": 115, "STIINTE SOCIALE": 38, "FILOLOGIE": 71}, "limba_moderna": {"LIMBA FRANCEZA": 13, "LIMBA ENGLEZA": 268}, "limba_materna": {"LIMBA ROMANA": 281}, "promotie_anterioara": {"NU": 277, "DA": 4}, "materii": {"LIMBA ROMANA": {"medie": 7.841103202846978, "reusita": 99.28825622775801, "cnt": 281}, "MATEMATICA MATE-INFO": {"medie": 8.523913043478258, "reusita": 98.26086956521739, "cnt": 115}, "ANATOMIE SI FIZIOLOGIE UMANA, GENETICA SI ECOLOGIE UMANA": {"medie": 8.646153846153851, "reusita": 99.14529914529915, "cnt": 117}, "GENERAL": {"medie": 8.346975088967968, "reusita": 96.44128113879003, "cnt": 281}, "MATEMATICA ST-NAT": {"medie": 8.862280701754383, "reusita": 100.0, "cnt": 57}, "CHIMIE ORGANICA TEO NIVEL I/II": {"medie": 9.174999999999999, "reusita": 100.0, "cnt": 8}, "INFORMATICA MI C/C++": {"medie": 8.49047619047619, "reusita": 100.0, "cnt": 21}, "ISTORIE": {"medie": 8.772935779816516, "reusita": 100.0, "cnt": 109}, "LOGICA, ARGUMENTARE SI COMUNICARE": {"medie": 8.173076923076922, "reusita": 92.3076923076923, "cnt": 13}, "FIZICA TEO": {"medie": 8.919565217391305, "reusita": 100.0, "cnt": 23}, "SOCIOLOGIE": {"medie": 7.824358974358974, "reusita": 94.87179487179486, "cnt": 39}, "PSIHOLOGIE": {"medie": 8.625, "reusita": 100.0, "cnt": 4}, "GEOGRAFIE": {"medie": 8.46698113207547, "reusita": 96.22641509433963, "cnt": 53}, "INFORMATICA SN C/C++": {"medie": 9.2, "reusita": 100.0, "cnt": 1}, "BIOLOGIE VEGETALA SI ANIMALA": {"medie": 9.6, "reusita": 100.0, "cnt": 2}}, "nume": "COLEGIUL NATIONAL \"STEFAN CEL MARE\", ORAS TARGU NEAMT\tNeam\u021b"}