{"specializari": {"FILOLOGIE": 29, "STIINTE ALE NATURII": 108, "STIINTE SOCIALE": 31, "MATEMATICA-INFORMATICA": 30}, "limba_moderna": {"LIMBA ENGLEZA": 197, "LIMBA FRANCEZA": 1}, "limba_materna": {"LIMBA ROMANA": 198}, "promotie_anterioara": {"NU": 186, "DA": 12}, "materii": {"LIMBA ROMANA": {"medie": 7.102538071065991, "reusita": 98.48484848484848, "cnt": 198}, "MATEMATICA MATE-INFO": {"medie": 7.686206896551725, "reusita": 93.33333333333333, "cnt": 30}, "ANATOMIE SI FIZIOLOGIE UMANA, GENETICA SI ECOLOGIE UMANA": {"medie": 8.211538461538456, "reusita": 97.19626168224299, "cnt": 107}, "GENERAL": {"medie": 7.729914529914532, "reusita": 88.88888888888889, "cnt": 198}, "MATEMATICA ST-NAT": {"medie": 7.5827102803738295, "reusita": 93.51851851851852, "cnt": 108}, "CHIMIE ORGANICA TEO NIVEL I/II": {"medie": 7.655555555555555, "reusita": 100.0, "cnt": 18}, "INFORMATICA MI C/C++": {"medie": 8.14, "reusita": 100.0, "cnt": 5}, "ISTORIE": {"medie": 8.367499999999998, "reusita": 100.0, "cnt": 60}, "LOGICA, ARGUMENTARE SI COMUNICARE": {"medie": 8.435, "reusita": 100.0, "cnt": 10}, "FIZICA TEO": {"medie": 7.612499999999999, "reusita": 87.5, "cnt": 8}, "SOCIOLOGIE": {"medie": 7.3999999999999995, "reusita": 100.0, "cnt": 3}, "PSIHOLOGIE": {"medie": 9.1, "reusita": 100.0, "cnt": 1}, "GEOGRAFIE": {"medie": 8.7625, "reusita": 97.5, "cnt": 40}, "FILOSOFIE": {"medie": 7.916666666666667, "reusita": 100.0, "cnt": 3}, "ECONOMIE": {"medie": 6.533333333333334, "reusita": 66.66666666666666, "cnt": 3}}, "nume": "COLEGIUL NATIONAL \"VICTOR BABES\"\tBucure\u0219ti"}