{"specializari": {"STIINTE ALE NATURII": 58, "FILOLOGIE": 115, "MATEMATICA-INFORMATICA": 87, "STIINTE SOCIALE": 32}, "limba_moderna": {"LIMBA ENGLEZA": 279, "LIMBA FRANCEZA": 4, "LIMBA GERMANA MODERNA": 9}, "limba_materna": {"LIMBA ROMANA": 208, "LIMBA MAGHIARA": 84}, "promotie_anterioara": {"NU": 283, "DA": 9}, "materii": {"LIMBA ROMANA": {"medie": 7.874482758620688, "reusita": 95.2054794520548, "cnt": 292}, "MATEMATICA MATE-INFO": {"medie": 8.212068965517236, "reusita": 97.70114942528735, "cnt": 87}, "ANATOMIE SI FIZIOLOGIE UMANA, GENETICA SI ECOLOGIE UMANA": {"medie": 8.897674418604653, "reusita": 98.83720930232558, "cnt": 86}, "GENERAL": {"medie": 8.449540229885054, "reusita": 93.15068493150685, "cnt": 292}, "MATEMATICA ST-NAT": {"medie": 8.406896551724136, "reusita": 100.0, "cnt": 58}, "CHIMIE ORGANICA TEO NIVEL I/II": {"medie": 8.462499999999999, "reusita": 100.0, "cnt": 4}, "INFORMATICA MI C/C++": {"medie": 8.860869565217394, "reusita": 100.0, "cnt": 46}, "ISTORIE": {"medie": 8.641034482758622, "reusita": 97.95918367346938, "cnt": 147}, "LOGICA, ARGUMENTARE SI COMUNICARE": {"medie": 9.120108695652172, "reusita": 96.7741935483871, "cnt": 93}, "FIZICA TEO": {"medie": 7.219999999999999, "reusita": 100.0, "cnt": 5}, "SOCIOLOGIE": {"medie": 8.95, "reusita": 100.0, "cnt": 2}, "PSIHOLOGIE": {"medie": 9.2, "reusita": 100.0, "cnt": 1}, "GEOGRAFIE": {"medie": 8.431632653061227, "reusita": 98.0, "cnt": 50}, "BIOLOGIE VEGETALA SI ANIMALA": {"medie": 9.075, "reusita": 100.0, "cnt": 4}, "FILOSOFIE": {"medie": 8.8, "reusita": 100.0, "cnt": 1}, "LIMBA MAGHIARA (REAL)": {"medie": 8.150000000000002, "reusita": 100.0, "cnt": 60}, "LIMBA MAGHIARA (UMAN)": {"medie": 7.670833333333331, "reusita": 95.83333333333334, "cnt": 24}}, "nume": "COLEGIUL NATIONAL \"MIHAI EMINESCU\" ORADEA\tBihor"}