{"specializari": {"MATEMATICA-INFORMATICA": 117, "FILOLOGIE": 33, "STIINTE ALE NATURII": 31, "STIINTE SOCIALE": 30}, "limba_moderna": {"LIMBA ENGLEZA": 188, "LIMBA FRANCEZA": 22, "LIMBA SPANIOLA": 1}, "limba_materna": {"LIMBA ROMANA": 211}, "promotie_anterioara": {"NU": 210, "DA": 1}, "materii": {"LIMBA ROMANA": {"medie": 7.8459715639810375, "reusita": 99.52606635071089, "cnt": 211}, "MATEMATICA MATE-INFO": {"medie": 8.13974358974359, "reusita": 94.01709401709401, "cnt": 117}, "ANATOMIE SI FIZIOLOGIE UMANA, GENETICA SI ECOLOGIE UMANA": {"medie": 9.04375, "reusita": 100.0, "cnt": 16}, "GENERAL": {"medie": 8.245418641390206, "reusita": 93.8388625592417, "cnt": 211}, "MATEMATICA ST-NAT": {"medie": 8.438709677419354, "reusita": 100.0, "cnt": 31}, "CHIMIE ORGANICA TEO NIVEL I/II": {"medie": 9.370000000000001, "reusita": 100.0, "cnt": 20}, "INFORMATICA MI C/C++": {"medie": 7.964285714285715, "reusita": 95.23809523809523, "cnt": 21}, "ISTORIE": {"medie": 8.41666666666667, "reusita": 98.4126984126984, "cnt": 63}, "LOGICA, ARGUMENTARE SI COMUNICARE": {"medie": 8.65, "reusita": 100.0, "cnt": 1}, "FIZICA TEO": {"medie": 8.381666666666666, "reusita": 98.33333333333333, "cnt": 60}, "PSIHOLOGIE": {"medie": 8.986956521739131, "reusita": 100.0, "cnt": 23}, "GEOGRAFIE": {"medie": 9.112121212121213, "reusita": 100.0, "cnt": 33}, "BIOLOGIE VEGETALA SI ANIMALA": {"medie": 8.141935483870968, "reusita": 100.0, "cnt": 31}, "ECONOMIE": {"medie": 8.158333333333333, "reusita": 100.0, "cnt": 6}}, "nume": "COLEGIUL NATIONAL \"VLAICU VODA\" CURTEA DE ARGES\tArge\u0219"}