{"specializari": {"STIINTE ALE NATURII": 61, "MATEMATICA-INFORMATICA": 63, "FILOLOGIE": 60}, "limba_moderna": {"LIMBA ENGLEZA": 184}, "limba_materna": {"LIMBA ROMANA": 184}, "promotie_anterioara": {"NU": 177, "DA": 7}, "materii": {"LIMBA ROMANA": {"medie": 7.619836956521737, "reusita": 99.45652173913044, "cnt": 184}, "MATEMATICA MATE-INFO": {"medie": 7.696031746031746, "reusita": 96.82539682539682, "cnt": 63}, "ANATOMIE SI FIZIOLOGIE UMANA, GENETICA SI ECOLOGIE UMANA": {"medie": 8.344767441860466, "reusita": 98.83720930232558, "cnt": 86}, "GENERAL": {"medie": 7.923132969034607, "reusita": 92.93478260869566, "cnt": 184}, "MATEMATICA ST-NAT": {"medie": 7.8172131147540975, "reusita": 93.44262295081968, "cnt": 61}, "CHIMIE ORGANICA TEO NIVEL I/II": {"medie": 9.37777777777778, "reusita": 100.0, "cnt": 9}, "INFORMATICA MI C/C++": {"medie": 8.041666666666666, "reusita": 95.83333333333334, "cnt": 24}, "ISTORIE": {"medie": 7.590000000000001, "reusita": 100.0, "cnt": 60}, "LOGICA, ARGUMENTARE SI COMUNICARE": {"medie": 7.233333333333332, "reusita": 66.66666666666666, "cnt": 3}, "FIZICA TEO": {"medie": 8.816666666666666, "reusita": 100.0, "cnt": 3}, "PSIHOLOGIE": {"medie": 9.7, "reusita": 100.0, "cnt": 1}, "GEOGRAFIE": {"medie": 8.704807692307693, "reusita": 98.11320754716981, "cnt": 53}, "INFORMATICA SN C/C++": {"medie": 7.6, "reusita": 100.0, "cnt": 1}, "BIOLOGIE VEGETALA SI ANIMALA": {"medie": 9.8, "reusita": 100.0, "cnt": 1}, "FILOSOFIE": {"medie": 7.425000000000001, "reusita": 100.0, "cnt": 2}, "ECONOMIE": {"medie": 7.9, "reusita": 100.0, "cnt": 1}}, "nume": "COLEGIUL NATIONAL \"CALISTRAT HOGAS\", LOCALITATEA TECUCI\tGala\u021bi"}