{"specializari": {"FILOLOGIE": 30, "MATEMATICA-INFORMATICA": 60, "STIINTE SOCIALE": 31}, "limba_moderna": {"LIMBA ENGLEZA": 121}, "limba_materna": {"LIMBA ROMANA": 121}, "promotie_anterioara": {"NU": 115, "DA": 6}, "materii": {"LIMBA ROMANA": {"medie": 7.617355371900826, "reusita": 98.34710743801654, "cnt": 121}, "MATEMATICA MATE-INFO": {"medie": 6.425833333333332, "reusita": 76.66666666666667, "cnt": 60}, "ANATOMIE SI FIZIOLOGIE UMANA, GENETICA SI ECOLOGIE UMANA": {"medie": 7.7027777777777775, "reusita": 85.18518518518519, "cnt": 54}, "GENERAL": {"medie": 7.535994397759104, "reusita": 80.99173553719008, "cnt": 121}, "INFORMATICA MI C/C++": {"medie": 7.583333333333333, "reusita": 100.0, "cnt": 6}, "ISTORIE": {"medie": 7.1008196721311485, "reusita": 98.36065573770492, "cnt": 61}, "LOGICA, ARGUMENTARE SI COMUNICARE": {"medie": 9.01153846153846, "reusita": 95.0, "cnt": 40}, "PSIHOLOGIE": {"medie": 6.65, "reusita": 100.0, "cnt": 1}, "GEOGRAFIE": {"medie": 7.7475, "reusita": 100.0, "cnt": 20}}, "nume": "COLEGIUL NATIONAL \"TEODOR NES\" SALONTA\tBihor"}