{"specializari": {"MATEMATICA-INFORMATICA": 96, "STIINTE ALE NATURII": 95, "STIINTE SOCIALE": 60, "FILOLOGIE": 29}, "limba_moderna": {"LIMBA ENGLEZA": 264, "LIMBA FRANCEZA": 15, "LIMBA GERMANA MODERNA": 1}, "limba_materna": {"LIMBA ROMANA": 280}, "promotie_anterioara": {"NU": 280}, "materii": {"LIMBA ROMANA": {"medie": 9.331654676258989, "reusita": 99.28571428571429, "cnt": 280}, "MATEMATICA MATE-INFO": {"medie": 9.30833333333333, "reusita": 100.0, "cnt": 96}, "ANATOMIE SI FIZIOLOGIE UMANA, GENETICA SI ECOLOGIE UMANA": {"medie": 9.397727272727272, "reusita": 100.0, "cnt": 22}, "GENERAL": {"medie": 9.439088729016788, "reusita": 99.28571428571429, "cnt": 280}, "MATEMATICA ST-NAT": {"medie": 9.79521276595745, "reusita": 98.94736842105263, "cnt": 95}, "CHIMIE ORGANICA TEO NIVEL I/II": {"medie": 9.614062500000001, "reusita": 98.46153846153847, "cnt": 65}, "CHIMIE ANORGANICA TEO NIVEL I/II": {"medie": 9.712499999999999, "reusita": 100.0, "cnt": 4}, "INFORMATICA MI C/C++": {"medie": 9.395652173913044, "reusita": 100.0, "cnt": 23}, "ISTORIE": {"medie": 9.561363636363634, "reusita": 98.87640449438202, "cnt": 89}, "LOGICA, ARGUMENTARE SI COMUNICARE": {"medie": 9.59102564102564, "reusita": 100.0, "cnt": 39}, "FIZICA TEO": {"medie": 9.325352112676056, "reusita": 100.0, "cnt": 71}, "SOCIOLOGIE": {"medie": 9.658333333333333, "reusita": 100.0, "cnt": 6}, "PSIHOLOGIE": {"medie": 9.171428571428573, "reusita": 87.5, "cnt": 8}, "GEOGRAFIE": {"medie": 9.544117647058824, "reusita": 100.0, "cnt": 17}, "INFORMATICA SN C/C++": {"medie": 9.733333333333334, "reusita": 100.0, "cnt": 6}, "FILOSOFIE": {"medie": 9.5, "reusita": 100.0, "cnt": 1}, "ECONOMIE": {"medie": 8.711111111111112, "reusita": 100.0, "cnt": 18}}, "nume": "COLEGIUL NATIONAL \"GHEORGHE LAZAR\"\tBucure\u0219ti"}