{"specializari": {"FILOLOGIE": 53, "MATEMATICA-INFORMATICA": 27, "STIINTE ALE NATURII": 18}, "limba_moderna": {"LIMBA ENGLEZA": 97, "LIMBA FRANCEZA": 1}, "limba_materna": {"LIMBA ROMANA": 98}, "promotie_anterioara": {"NU": 95, "DA": 3}, "materii": {"LIMBA ROMANA": {"medie": 6.815816326530613, "reusita": 84.6938775510204, "cnt": 98}, "MATEMATICA MATE-INFO": {"medie": 7.912962962962962, "reusita": 96.29629629629629, "cnt": 27}, "ANATOMIE SI FIZIOLOGIE UMANA, GENETICA SI ECOLOGIE UMANA": {"medie": 8.601785714285715, "reusita": 96.42857142857143, "cnt": 28}, "GENERAL": {"medie": 7.243814432989691, "reusita": 75.51020408163265, "cnt": 98}, "MATEMATICA ST-NAT": {"medie": 6.802777777777779, "reusita": 94.44444444444444, "cnt": 18}, "INFORMATICA MI C/C++": {"medie": 7.868749999999999, "reusita": 93.75, "cnt": 16}, "ISTORIE": {"medie": 6.718867924528304, "reusita": 92.45283018867924, "cnt": 53}, "PSIHOLOGIE": {"medie": 6.553846153846155, "reusita": 92.3076923076923, "cnt": 26}, "GEOGRAFIE": {"medie": 7.938888888888889, "reusita": 92.5925925925926, "cnt": 27}, "BIOLOGIE VEGETALA SI ANIMALA": {"medie": 9.15, "reusita": 100.0, "cnt": 1}}, "nume": "COLEGIUL NATIONAL \"AVRAM IANCU\" STEI\tBihor"}