{"specializari": {"FILOLOGIE": 56, "STIINTE ALE NATURII": 28, "TEHNICIAN DESIGNER VESTIMENTAR": 22, "MATEMATICA-INFORMATICA": 24, "TEHNICIAN MECANIC PENTRU INTRETINERE SI REPARATII": 1, "TEHNICIAN IN INDUSTRIA TEXTILA": 3}, "limba_moderna": {"LIMBA ENGLEZA": 128, "LIMBA FRANCEZA": 6}, "limba_materna": {"LIMBA ROMANA": 134}, "promotie_anterioara": {"NU": 119, "DA": 15}, "materii": {"LIMBA ROMANA": {"medie": 6.630152671755723, "reusita": 96.26865671641791, "cnt": 134}, "MATEMATICA MATE-INFO": {"medie": 6.283333333333332, "reusita": 91.66666666666666, "cnt": 24}, "ANATOMIE SI FIZIOLOGIE UMANA, GENETICA SI ECOLOGIE UMANA": {"medie": 6.790000000000001, "reusita": 80.0, "cnt": 25}, "GENERAL": {"medie": 6.969847328244274, "reusita": 78.35820895522389, "cnt": 134}, "MATEMATICA ST-NAT": {"medie": 6.739285714285715, "reusita": 85.71428571428571, "cnt": 28}, "CHIMIE ORGANICA TEO NIVEL I/II": {"medie": 7.26875, "reusita": 87.5, "cnt": 8}, "INFORMATICA MI C/C++": {"medie": 5.808333333333334, "reusita": 83.33333333333334, "cnt": 6}, "ISTORIE": {"medie": 7.479629629629631, "reusita": 94.64285714285714, "cnt": 56}, "LOGICA, ARGUMENTARE SI COMUNICARE": {"medie": 8.63720930232558, "reusita": 97.72727272727273, "cnt": 44}, "FIZICA TEO": {"medie": 8.372222222222222, "reusita": 100.0, "cnt": 9}, "GEOGRAFIE": {"medie": 8.122727272727273, "reusita": 91.66666666666666, "cnt": 12}, "INFORMATICA SN C/C++": {"medie": 6.6000000000000005, "reusita": 100.0, "cnt": 3}, "BIOLOGIE VEGETALA SI ANIMALA": {"medie": 6.285000000000001, "reusita": 71.42857142857143, "cnt": 21}, "MATEMATICA TEHN": {"medie": 5.866000000000001, "reusita": 80.76923076923077, "cnt": 26}, "CHIMIE ORGANICA TEH NIVEL I/II": {"medie": 5.9, "reusita": 100.0, "cnt": 4}, "FIZICA TEH": {"medie": 6.3, "reusita": 100.0, "cnt": 2}}, "nume": "LICEUL TEORETIC \"SFANTA MARIA\", LOCALITATEA GALATI\tGala\u021bi"}