{"specializari": {"FILOLOGIE": 29, "STIINTE ALE NATURII": 18, "STIINTE SOCIALE": 30, "TEHNICIAN ZOOTEHNIST": 1}, "limba_moderna": {"LIMBA ENGLEZA": 77, "LIMBA FRANCEZA": 1}, "limba_materna": {"LIMBA ROMANA": 78}, "promotie_anterioara": {"NU": 70, "DA": 8}, "materii": {"LIMBA ROMANA": {"medie": 6.83051948051948, "reusita": 97.43589743589743, "cnt": 78}, "ANATOMIE SI FIZIOLOGIE UMANA, GENETICA SI ECOLOGIE UMANA": {"medie": 7.431578947368419, "reusita": 100.0, "cnt": 19}, "GENERAL": {"medie": 7.019298245614034, "reusita": 69.23076923076923, "cnt": 78}, "MATEMATICA ST-NAT": {"medie": 5.902777777777777, "reusita": 77.77777777777779, "cnt": 18}, "ISTORIE": {"medie": 6.336206896551724, "reusita": 84.7457627118644, "cnt": 59}, "LOGICA, ARGUMENTARE SI COMUNICARE": {"medie": 8.392857142857142, "reusita": 100.0, "cnt": 28}, "GEOGRAFIE": {"medie": 7.894827586206896, "reusita": 93.54838709677419, "cnt": 31}, "MATEMATICA TEHN": {"medie": 6.4, "reusita": 100.0, "cnt": 1}}, "nume": "LICEUL TEORETIC \"LASCAR ROSETTI\", RADUCANENI\tIa\u0219i"}