{"specializari": {"STIINTE ALE NATURII": 59, "FILOLOGIE": 66, "MATEMATICA-INFORMATICA": 56, "STIINTE SOCIALE": 32}, "limba_moderna": {"LIMBA ENGLEZA": 207, "LIMBA FRANCEZA": 6}, "limba_materna": {"LIMBA ROMANA": 213}, "promotie_anterioara": {"NU": 202, "DA": 11}, "materii": {"LIMBA ROMANA": {"medie": 7.73278301886792, "reusita": 98.59154929577466, "cnt": 213}, "MATEMATICA MATE-INFO": {"medie": 7.402727272727272, "reusita": 85.71428571428571, "cnt": 56}, "ANATOMIE SI FIZIOLOGIE UMANA, GENETICA SI ECOLOGIE UMANA": {"medie": 8.105333333333336, "reusita": 96.05263157894737, "cnt": 76}, "GENERAL": {"medie": 7.798506289308174, "reusita": 83.56807511737088, "cnt": 213}, "MATEMATICA ST-NAT": {"medie": 8.167796610169491, "reusita": 91.52542372881356, "cnt": 59}, "CHIMIE ORGANICA TEO NIVEL I/II": {"medie": 9.06111111111111, "reusita": 100.0, "cnt": 9}, "INFORMATICA MI C/C++": {"medie": 9.9, "reusita": 100.0, "cnt": 2}, "ISTORIE": {"medie": 7.673469387755104, "reusita": 94.89795918367348, "cnt": 98}, "LOGICA, ARGUMENTARE SI COMUNICARE": {"medie": 7.096774193548388, "reusita": 93.54838709677419, "cnt": 31}, "FIZICA TEO": {"medie": 8.119565217391305, "reusita": 91.30434782608695, "cnt": 23}, "SOCIOLOGIE": {"medie": 7.327777777777779, "reusita": 96.29629629629629, "cnt": 27}, "GEOGRAFIE": {"medie": 8.172500000000001, "reusita": 100.0, "cnt": 40}, "INFORMATICA SN C/C++": {"medie": 10.0, "reusita": 100.0, "cnt": 1}, "BIOLOGIE VEGETALA SI ANIMALA": {"medie": 7.175, "reusita": 100.0, "cnt": 4}}, "nume": "LICEUL TEORETIC \"SPIRU HARET\" MOINESTI\tBac\u0103u"}