{"specializari": {"TEHNICIAN IN ACTIVITATI ECONOMICE": 22}, "limba_moderna": {"LIMBA ENGLEZA": 22}, "limba_materna": {"LIMBA ROMANA": 22}, "promotie_anterioara": {"NU": 21, "DA": 1}, "materii": {"LIMBA ROMANA": {"medie": 5.9818181818181815, "reusita": 90.9090909090909, "cnt": 22}, "GENERAL": {"medie": 7.2727272727272725, "reusita": 86.36363636363636, "cnt": 22}, "GEOGRAFIE": {"medie": 8.872727272727273, "reusita": 100.0, "cnt": 22}, "MATEMATICA TEHN": {"medie": 6.963636363636363, "reusita": 95.45454545454545, "cnt": 22}}, "nume": "LICEUL TEHNOLOGIC NR.1 DOBRESTI\tBihor"}