{"specializari": {"STIINTE ALE NATURII": 29, "FILOLOGIE": 33, "MATEMATICA-INFORMATICA": 30, "TEHNICIAN IN ACTIVITATI ECONOMICE": 28, "TEHNICIAN MECANIC PENTRU INTRETINERE SI REPARATII": 18, "TEHNICIAN VETERINAR": 14}, "limba_moderna": {"LIMBA ENGLEZA": 134, "LIMBA FRANCEZA": 18}, "limba_materna": {"LIMBA ROMANA": 152}, "promotie_anterioara": {"NU": 123, "DA": 29}, "materii": {"LIMBA ROMANA": {"medie": 6.263422818791947, "reusita": 81.57894736842105, "cnt": 152}, "MATEMATICA MATE-INFO": {"medie": 4.343333333333334, "reusita": 56.666666666666664, "cnt": 30}, "ANATOMIE SI FIZIOLOGIE UMANA, GENETICA SI ECOLOGIE UMANA": {"medie": 5.997142857142857, "reusita": 70.83333333333334, "cnt": 72}, "GENERAL": {"medie": 6.03838028169014, "reusita": 48.68421052631579, "cnt": 152}, "MATEMATICA ST-NAT": {"medie": 5.710344827586208, "reusita": 68.96551724137932, "cnt": 29}, "INFORMATICA MI C/C++": {"medie": 8.3, "reusita": 100.0, "cnt": 1}, "ISTORIE": {"medie": 7.207575757575756, "reusita": 90.9090909090909, "cnt": 33}, "GEOGRAFIE": {"medie": 7.218852459016391, "reusita": 91.80327868852459, "cnt": 61}, "BIOLOGIE VEGETALA SI ANIMALA": {"medie": 4.45625, "reusita": 44.44444444444444, "cnt": 18}, "MATEMATICA TEHN": {"medie": 3.9685185185185197, "reusita": 40.0, "cnt": 60}}, "nume": "LICEUL TEHNOLOGIC \"PETRACHE POENARU\", ORAS BALCESTI\tV\u00e2lcea"}