{"specializari": {"TEHNICIAN IN TURISM": 27}, "limba_moderna": {"LIMBA ENGLEZA": 27}, "limba_materna": {"LIMBA ROMANA": 27}, "promotie_anterioara": {"NU": 19, "DA": 8}, "materii": {"LIMBA ROMANA": {"medie": 5.677777777777778, "reusita": 88.88888888888889, "cnt": 27}, "GENERAL": {"medie": 5.881410256410256, "reusita": 37.03703703703704, "cnt": 27}, "LOGICA, ARGUMENTARE SI COMUNICARE": {"medie": 7.139999999999999, "reusita": 100.0, "cnt": 5}, "PSIHOLOGIE": {"medie": 5.975, "reusita": 100.0, "cnt": 8}, "GEOGRAFIE": {"medie": 6.38846153846154, "reusita": 78.57142857142857, "cnt": 14}, "MATEMATICA TEHN": {"medie": 5.546153846153848, "reusita": 66.66666666666666, "cnt": 27}}, "nume": "LICEUL TEHNOLOGIC \"JOHANNES LEBEL\" TALMACIU\tSibiu"}