{"specializari": {"INVATATOR - EDUCATOARE": 29, "MUZICA": 26}, "limba_moderna": {"LIMBA ENGLEZA": 55}, "limba_materna": {"LIMBA ROMANA": 55}, "promotie_anterioara": {"NU": 55}, "materii": {"LIMBA ROMANA": {"medie": 7.705454545454543, "reusita": 92.72727272727272, "cnt": 55}, "GENERAL": {"medie": 7.909393939393938, "reusita": 85.45454545454545, "cnt": 55}, "ISTORIE": {"medie": 7.326923076923078, "reusita": 88.46153846153845, "cnt": 26}, "LOGICA, ARGUMENTARE SI COMUNICARE": {"medie": 8.204545454545453, "reusita": 90.9090909090909, "cnt": 11}, "MATEMATICA PED": {"medie": 8.755172413793105, "reusita": 100.0, "cnt": 29}, "PSIHOLOGIE": {"medie": 8.445, "reusita": 100.0, "cnt": 10}, "GEOGRAFIE": {"medie": 7.7102941176470585, "reusita": 97.05882352941177, "cnt": 34}}, "nume": "LICEUL DE MUZICA \"TUDOR JARDA\" BISTRITA\tBistri\u021ba-N\u0103s\u0103ud"}