{"specializari": {"FILOLOGIE": 87}, "limba_moderna": {"LIMBA ENGLEZA": 85, "LIMBA FRANCEZA": 2}, "limba_materna": {"LIMBA ROMANA": 87}, "promotie_anterioara": {"NU": 62, "DA": 25}, "materii": {"LIMBA ROMANA": {"medie": 5.353378378378378, "reusita": 63.2183908045977, "cnt": 87}, "GENERAL": {"medie": 5.723004694835678, "reusita": 29.88505747126437, "cnt": 87}, "ISTORIE": {"medie": 5.6101351351351365, "reusita": 63.2183908045977, "cnt": 87}, "LOGICA, ARGUMENTARE SI COMUNICARE": {"medie": 5.45, "reusita": 42.857142857142854, "cnt": 7}, "SOCIOLOGIE": {"medie": 6.141666666666667, "reusita": 73.68421052631578, "cnt": 57}, "PSIHOLOGIE": {"medie": 6.01, "reusita": 80.0, "cnt": 5}, "GEOGRAFIE": {"medie": 6.783333333333333, "reusita": 81.25, "cnt": 16}, "FILOSOFIE": {"medie": 4.775, "reusita": 50.0, "cnt": 2}}, "nume": "LICEUL TEORETIC \"VICTORIA\"\tBucure\u0219ti"}