{"specializari": {"TEHNICIAN IN ACTIVITATI ECONOMICE": 167, "TEHNICIAN IN TURISM": 71}, "limba_moderna": {"LIMBA ENGLEZA": 226, "LIMBA FRANCEZA": 12}, "limba_materna": {"LIMBA ROMANA": 238}, "promotie_anterioara": {"NU": 205, "DA": 33}, "materii": {"LIMBA ROMANA": {"medie": 6.171888412017169, "reusita": 85.71428571428571, "cnt": 238}, "GENERAL": {"medie": 6.594420289855072, "reusita": 69.74789915966386, "cnt": 238}, "LOGICA, ARGUMENTARE SI COMUNICARE": {"medie": 7.216666666666667, "reusita": 83.63636363636363, "cnt": 55}, "PSIHOLOGIE": {"medie": 6.7749999999999995, "reusita": 100.0, "cnt": 6}, "GEOGRAFIE": {"medie": 7.400000000000001, "reusita": 91.90751445086705, "cnt": 173}, "MATEMATICA TEHN": {"medie": 6.238626609442058, "reusita": 81.09243697478992, "cnt": 238}, "ECONOMIE": {"medie": 5.3125, "reusita": 100.0, "cnt": 4}}, "nume": "LICEUL TEHNOLOGIC \"MIRCEA VULCANESCU\"\tBucure\u0219ti"}