{"specializari": {"MATEMATICA-INFORMATICA": 23, "STIINTE SOCIALE": 29, "STIINTE ALE NATURII": 25}, "limba_moderna": {"LIMBA ENGLEZA": 77}, "limba_materna": {"LIMBA ROMANA": 77}, "promotie_anterioara": {"NU": 68, "DA": 9}, "materii": {"LIMBA ROMANA": {"medie": 6.821333333333332, "reusita": 92.20779220779221, "cnt": 77}, "MATEMATICA MATE-INFO": {"medie": 9.304347826086953, "reusita": 100.0, "cnt": 23}, "ANATOMIE SI FIZIOLOGIE UMANA, GENETICA SI ECOLOGIE UMANA": {"medie": 8.129268292682928, "reusita": 97.61904761904762, "cnt": 42}, "GENERAL": {"medie": 7.607555555555556, "reusita": 81.81818181818183, "cnt": 77}, "MATEMATICA ST-NAT": {"medie": 6.308333333333334, "reusita": 72.0, "cnt": 25}, "CHIMIE ORGANICA TEO NIVEL I/II": {"medie": 9.4, "reusita": 100.0, "cnt": 2}, "ISTORIE": {"medie": 7.671428571428573, "reusita": 96.55172413793103, "cnt": 29}, "LOGICA, ARGUMENTARE SI COMUNICARE": {"medie": 8.47777777777778, "reusita": 94.73684210526315, "cnt": 19}, "FIZICA TEO": {"medie": 8.4875, "reusita": 100.0, "cnt": 4}, "GEOGRAFIE": {"medie": 8.124999999999998, "reusita": 100.0, "cnt": 10}}, "nume": "LICEUL TEORETIC \"PAUL GEORGESCU\" TANDAREI\tIalomi\u021ba"}