{"specializari": {"STIINTE ALE NATURII": 32, "FILOLOGIE": 37, "MATEMATICA-INFORMATICA": 28}, "limba_moderna": {"LIMBA ENGLEZA": 92, "LIMBA FRANCEZA": 5}, "limba_materna": {"LIMBA ROMANA": 97}, "promotie_anterioara": {"NU": 85, "DA": 12}, "materii": {"LIMBA ROMANA": {"medie": 7.216145833333331, "reusita": 94.84536082474226, "cnt": 97}, "MATEMATICA MATE-INFO": {"medie": 8.392307692307693, "reusita": 92.85714285714286, "cnt": 28}, "ANATOMIE SI FIZIOLOGIE UMANA, GENETICA SI ECOLOGIE UMANA": {"medie": 8.324390243902439, "reusita": 95.1219512195122, "cnt": 41}, "GENERAL": {"medie": 7.582801418439716, "reusita": 85.56701030927834, "cnt": 97}, "MATEMATICA ST-NAT": {"medie": 6.7296875, "reusita": 87.5, "cnt": 32}, "CHIMIE ORGANICA TEO NIVEL I/II": {"medie": 9.8, "reusita": 100.0, "cnt": 2}, "CHIMIE ANORGANICA TEO NIVEL I/II": {"medie": 8.671428571428573, "reusita": 100.0, "cnt": 14}, "INFORMATICA MI C/C++": {"medie": 8.133333333333333, "reusita": 100.0, "cnt": 3}, "ISTORIE": {"medie": 6.640540540540541, "reusita": 91.8918918918919, "cnt": 37}, "LOGICA, ARGUMENTARE SI COMUNICARE": {"medie": 7.583333333333333, "reusita": 100.0, "cnt": 3}, "SOCIOLOGIE": {"medie": 8.0625, "reusita": 100.0, "cnt": 4}, "GEOGRAFIE": {"medie": 7.951785714285714, "reusita": 93.10344827586206, "cnt": 29}, "FILOSOFIE": {"medie": 6.8, "reusita": 100.0, "cnt": 1}}, "nume": "LICEUL TEORETIC NEGRESTI OAS\tSatu-Mare"}