{"specializari": {"STIINTE ALE NATURII": 59, "FILOLOGIE": 34, "MATEMATICA-INFORMATICA": 23}, "limba_moderna": {"LIMBA ENGLEZA": 113, "LIMBA FRANCEZA": 3}, "limba_materna": {"LIMBA ROMANA": 116}, "promotie_anterioara": {"NU": 108, "DA": 8}, "materii": {"LIMBA ROMANA": {"medie": 7.353070175438599, "reusita": 97.41379310344827, "cnt": 116}, "MATEMATICA MATE-INFO": {"medie": 5.027272727272727, "reusita": 56.52173913043478, "cnt": 23}, "ANATOMIE SI FIZIOLOGIE UMANA, GENETICA SI ECOLOGIE UMANA": {"medie": 7.183653846153846, "reusita": 85.45454545454545, "cnt": 55}, "GENERAL": {"medie": 7.39389880952381, "reusita": 78.44827586206897, "cnt": 116}, "MATEMATICA ST-NAT": {"medie": 7.617543859649126, "reusita": 88.13559322033898, "cnt": 59}, "CHIMIE ORGANICA TEO NIVEL I/II": {"medie": 9.7, "reusita": 100.0, "cnt": 1}, "CHIMIE ANORGANICA TEO NIVEL I/II": {"medie": 8.541666666666666, "reusita": 100.0, "cnt": 6}, "INFORMATICA MI C/C++": {"medie": 5.95, "reusita": 100.0, "cnt": 1}, "ISTORIE": {"medie": 7.68235294117647, "reusita": 100.0, "cnt": 34}, "LOGICA, ARGUMENTARE SI COMUNICARE": {"medie": 8.3675, "reusita": 100.0, "cnt": 20}, "FIZICA TEO": {"medie": 6.808333333333334, "reusita": 66.66666666666666, "cnt": 6}, "PSIHOLOGIE": {"medie": 9.3, "reusita": 100.0, "cnt": 1}, "GEOGRAFIE": {"medie": 9.06923076923077, "reusita": 100.0, "cnt": 13}, "BIOLOGIE VEGETALA SI ANIMALA": {"medie": 6.676923076923076, "reusita": 76.92307692307693, "cnt": 13}}, "nume": "LICEUL TEORETIC \"BRANCOVEANU VODA\", ORASUL URLATI\tPrahova"}