{"specializari": {"FILOLOGIE": 30}, "limba_moderna": {"LIMBA ENGLEZA": 30}, "limba_materna": {"LIMBA ROMANA": 30}, "promotie_anterioara": {"NU": 24, "DA": 6}, "materii": {"LIMBA ROMANA": {"medie": 7.093333333333333, "reusita": 93.33333333333333, "cnt": 30}, "GENERAL": {"medie": 7.379166666666668, "reusita": 76.66666666666667, "cnt": 30}, "ISTORIE": {"medie": 7.146551724137932, "reusita": 96.66666666666667, "cnt": 30}, "SOCIOLOGIE": {"medie": 7.617647058823529, "reusita": 83.33333333333334, "cnt": 18}, "GEOGRAFIE": {"medie": 7.4416666666666655, "reusita": 91.66666666666666, "cnt": 12}}, "nume": "LICEUL TEORETIC WALDORF\tBucure\u0219ti"}