{"specializari": {"MATEMATICA-INFORMATICA": 117, "STIINTE SOCIALE": 65, "STIINTE ALE NATURII": 32}, "limba_moderna": {"LIMBA ENGLEZA": 193, "LIMBA FRANCEZA": 21}, "limba_materna": {"LIMBA ROMANA": 214}, "promotie_anterioara": {"NU": 214}, "materii": {"LIMBA ROMANA": {"medie": 8.28615023474178, "reusita": 99.53271028037383, "cnt": 214}, "MATEMATICA MATE-INFO": {"medie": 9.143965517241378, "reusita": 98.29059829059828, "cnt": 117}, "ANATOMIE SI FIZIOLOGIE UMANA, GENETICA SI ECOLOGIE UMANA": {"medie": 8.937499999999998, "reusita": 97.5, "cnt": 40}, "GENERAL": {"medie": 8.809076682316123, "reusita": 98.13084112149532, "cnt": 214}, "MATEMATICA ST-NAT": {"medie": 8.940625, "reusita": 100.0, "cnt": 32}, "CHIMIE ORGANICA TEO NIVEL I/II": {"medie": 9.21111111111111, "reusita": 100.0, "cnt": 9}, "INFORMATICA MI C/C++": {"medie": 9.003571428571428, "reusita": 100.0, "cnt": 56}, "ISTORIE": {"medie": 9.23230769230769, "reusita": 100.0, "cnt": 65}, "LOGICA, ARGUMENTARE SI COMUNICARE": {"medie": 9.243333333333336, "reusita": 100.0, "cnt": 30}, "FIZICA TEO": {"medie": 8.626829268292685, "reusita": 97.61904761904762, "cnt": 42}, "SOCIOLOGIE": {"medie": 9.439285714285715, "reusita": 100.0, "cnt": 14}, "PSIHOLOGIE": {"medie": 9.399999999999999, "reusita": 100.0, "cnt": 4}, "GEOGRAFIE": {"medie": 9.38076923076923, "reusita": 100.0, "cnt": 13}, "BIOLOGIE VEGETALA SI ANIMALA": {"medie": 9.375, "reusita": 100.0, "cnt": 2}, "ECONOMIE": {"medie": 7.775, "reusita": 100.0, "cnt": 4}}, "nume": "LICEUL TEORETIC \"ALEXANDRU IOAN CUZA\"\tBucure\u0219ti"}