{"specializari": {"FILOLOGIE": 29, "EDUCATOR-PUERICULTOR": 23, "TEOLOGIE ORTODOXA": 30}, "limba_moderna": {"LIMBA ENGLEZA": 81, "LIMBA FRANCEZA": 1}, "limba_materna": {"LIMBA ROMANA": 82}, "promotie_anterioara": {"NU": 77, "DA": 5}, "materii": {"LIMBA ROMANA": {"medie": 6.288124999999999, "reusita": 85.36585365853658, "cnt": 82}, "GENERAL": {"medie": 6.630341880341882, "reusita": 64.63414634146342, "cnt": 82}, "ISTORIE": {"medie": 6.1145569620253175, "reusita": 78.04878048780488, "cnt": 82}, "GEOGRAFIE": {"medie": 7.424683544303797, "reusita": 89.02439024390245, "cnt": 82}}, "nume": "LICEUL TEOLOGIC ORTODOX \"NICOLAE STEINHARDT\" SATU MARE\tSatu-Mare"}