{"specializari": {"LICEU CU PROGRAM SPORTIV": 131}, "limba_moderna": {"LIMBA ENGLEZA": 130, "LIMBA FRANCEZA": 1}, "limba_materna": {"LIMBA ROMANA": 131}, "promotie_anterioara": {"NU": 113, "DA": 18}, "materii": {"LIMBA ROMANA": {"medie": 5.712598425196851, "reusita": 76.33587786259542, "cnt": 131}, "GENERAL": {"medie": 6.239999999999999, "reusita": 58.778625954198475, "cnt": 131}, "ISTORIE": {"medie": 5.767968750000001, "reusita": 77.86259541984732, "cnt": 131}, "LOGICA, ARGUMENTARE SI COMUNICARE": {"medie": 7.9, "reusita": 100.0, "cnt": 2}, "PSIHOLOGIE": {"medie": 6.922727272727273, "reusita": 100.0, "cnt": 11}, "GEOGRAFIE": {"medie": 7.175877192982456, "reusita": 89.83050847457628, "cnt": 118}}, "nume": "LICEUL CU PROGRAM SPORTIV \"BANATUL\" TIMISOARA\tTimi\u0219"}