{"specializari": {"LICEU CU PROGRAM SPORTIV": 79}, "limba_moderna": {"LIMBA ENGLEZA": 77, "LIMBA FRANCEZA": 2}, "limba_materna": {"LIMBA ROMANA": 79}, "promotie_anterioara": {"NU": 66, "DA": 13}, "materii": {"LIMBA ROMANA": {"medie": 5.899350649350647, "reusita": 86.07594936708861, "cnt": 79}, "GENERAL": {"medie": 6.299543378995436, "reusita": 56.9620253164557, "cnt": 79}, "ISTORIE": {"medie": 5.81103896103896, "reusita": 82.27848101265823, "cnt": 79}, "LOGICA, ARGUMENTARE SI COMUNICARE": {"medie": 8.8, "reusita": 50.0, "cnt": 2}, "PSIHOLOGIE": {"medie": 6.783333333333332, "reusita": 100.0, "cnt": 6}, "GEOGRAFIE": {"medie": 7.017857142857143, "reusita": 90.14084507042254, "cnt": 71}}, "nume": "LICEUL CU PROGRAM SPORTIV, MUNICIPIUL ROMAN\tNeam\u021b"}