{"specializari": {"STIINTE ALE NATURII": 29, "FILOLOGIE": 30}, "limba_moderna": {"LIMBA ENGLEZA": 59}, "limba_materna": {"LIMBA ROMANA": 8, "LIMBA MAGHIARA": 51}, "promotie_anterioara": {"NU": 43, "DA": 16}, "materii": {"LIMBA ROMANA": {"medie": 4.175423728813559, "reusita": 44.06779661016949, "cnt": 59}, "ANATOMIE SI FIZIOLOGIE UMANA, GENETICA SI ECOLOGIE UMANA": {"medie": 7.737931034482758, "reusita": 100.0, "cnt": 29}, "GENERAL": {"medie": 6.042385057471264, "reusita": 38.983050847457626, "cnt": 59}, "MATEMATICA ST-NAT": {"medie": 6.705172413793103, "reusita": 89.65517241379311, "cnt": 29}, "ISTORIE": {"medie": 5.175, "reusita": 66.66666666666666, "cnt": 30}, "GEOGRAFIE": {"medie": 6.467241379310345, "reusita": 83.33333333333334, "cnt": 30}, "LIMBA MAGHIARA (REAL)": {"medie": 7.31904761904762, "reusita": 100.0, "cnt": 21}, "LIMBA MAGHIARA (UMAN)": {"medie": 6.393333333333334, "reusita": 90.0, "cnt": 30}}, "nume": "LICEUL TEORETIC \"PETOFI SANDOR\" SACUENI\tBihor"}