{"specializari": {"FILOLOGIE": 30, "STIINTE ALE NATURII": 27, "MATEMATICA-INFORMATICA": 33, "STIINTE SOCIALE": 29}, "limba_moderna": {"LIMBA FRANCEZA": 8, "LIMBA ENGLEZA": 111}, "limba_materna": {"LIMBA ROMANA": 119}, "promotie_anterioara": {"NU": 108, "DA": 11}, "materii": {"LIMBA ROMANA": {"medie": 7.5635593220339, "reusita": 99.15966386554622, "cnt": 119}, "MATEMATICA MATE-INFO": {"medie": 7.046666666666668, "reusita": 84.84848484848484, "cnt": 33}, "ANATOMIE SI FIZIOLOGIE UMANA, GENETICA SI ECOLOGIE UMANA": {"medie": 8.204545454545455, "reusita": 100.0, "cnt": 11}, "GENERAL": {"medie": 7.883188405797103, "reusita": 94.11764705882352, "cnt": 119}, "MATEMATICA ST-NAT": {"medie": 7.637037037037038, "reusita": 100.0, "cnt": 27}, "INFORMATICA MI C/C++": {"medie": 8.736666666666666, "reusita": 100.0, "cnt": 15}, "ISTORIE": {"medie": 8.556034482758621, "reusita": 98.30508474576271, "cnt": 59}, "LOGICA, ARGUMENTARE SI COMUNICARE": {"medie": 7.9750000000000005, "reusita": 94.73684210526315, "cnt": 19}, "FIZICA TEO": {"medie": 5.9, "reusita": 100.0, "cnt": 1}, "SOCIOLOGIE": {"medie": 7.957142857142857, "reusita": 100.0, "cnt": 14}, "PSIHOLOGIE": {"medie": 6.95, "reusita": 100.0, "cnt": 3}, "GEOGRAFIE": {"medie": 8.668181818181818, "reusita": 100.0, "cnt": 22}, "BIOLOGIE VEGETALA SI ANIMALA": {"medie": 7.710606060606061, "reusita": 96.96969696969697, "cnt": 33}, "FILOSOFIE": {"medie": 6.5, "reusita": 100.0, "cnt": 1}}, "nume": "LICEUL TEORETIC \"PANAIT CERNA\"\tBr\u0103ila"}