{"specializari": {"TEHNICIAN IN ACTIVITATI ECONOMICE": 17}, "limba_moderna": {"LIMBA ENGLEZA": 17}, "limba_materna": {"LIMBA ROMANA": 17}, "promotie_anterioara": {"NU": 16, "DA": 1}, "materii": {"LIMBA ROMANA": {"medie": 6.270588235294119, "reusita": 76.47058823529412, "cnt": 17}, "GENERAL": {"medie": 6.667647058823528, "reusita": 58.82352941176471, "cnt": 17}, "GEOGRAFIE": {"medie": 7.411764705882353, "reusita": 100.0, "cnt": 17}, "MATEMATICA TEHN": {"medie": 6.320588235294117, "reusita": 64.70588235294117, "cnt": 17}}, "nume": "LICEUL TEHNOLOGIC VINGA\tArad"}