{"specializari": {"FILOLOGIE": 30, "STIINTE SOCIALE": 25, "STIINTE ALE NATURII": 33, "TEHNICIAN IN GASTRONOMIE": 23, "MATEMATICA-INFORMATICA": 3, "TEHNICIAN IN INDUSTRIA TEXTILA": 10}, "limba_moderna": {"LIMBA ENGLEZA": 104, "LIMBA FRANCEZA": 20}, "limba_materna": {"LIMBA ROMANA": 124}, "promotie_anterioara": {"NU": 110, "DA": 14}, "materii": {"LIMBA ROMANA": {"medie": 5.840416666666668, "reusita": 80.64516129032258, "cnt": 124}, "MATEMATICA MATE-INFO": {"medie": 3.266666666666667, "reusita": 33.33333333333333, "cnt": 3}, "ANATOMIE SI FIZIOLOGIE UMANA, GENETICA SI ECOLOGIE UMANA": {"medie": 7.291428571428571, "reusita": 91.66666666666666, "cnt": 36}, "GENERAL": {"medie": 6.42, "reusita": 58.06451612903226, "cnt": 124}, "MATEMATICA ST-NAT": {"medie": 5.6515625, "reusita": 66.66666666666666, "cnt": 33}, "ISTORIE": {"medie": 7.596363636363635, "reusita": 96.36363636363636, "cnt": 55}, "LOGICA, ARGUMENTARE SI COMUNICARE": {"medie": 9.55, "reusita": 100.0, "cnt": 2}, "PSIHOLOGIE": {"medie": 7.65, "reusita": 100.0, "cnt": 1}, "GEOGRAFIE": {"medie": 8.01388888888889, "reusita": 94.66666666666667, "cnt": 75}, "BIOLOGIE VEGETALA SI ANIMALA": {"medie": 2.9300000000000006, "reusita": 0.0, "cnt": 5}, "MATEMATICA TEHN": {"medie": 3.7283333333333335, "reusita": 30.303030303030305, "cnt": 33}, "FIZICA TEH": {"medie": 1.95, "reusita": 0.0, "cnt": 3}, "CHIMIE ANORGANICA TEH NIVEL I/II": {"medie": 5.300000000000001, "reusita": 100.0, "cnt": 2}}, "nume": "LICEUL TEORETIC \"DR. MIHAI CIUCA\" SAVENI\tBoto\u0219ani"}