{"specializari": {"ARTE PLASTICE SI DECORATIVE": 23, "MUZICA": 23, "ARHITECTURA, ARTE AMBIENTALE SI DESIGN": 10}, "limba_moderna": {"LIMBA ENGLEZA": 56}, "limba_materna": {"LIMBA MAGHIARA": 56}, "promotie_anterioara": {"NU": 46, "DA": 10}, "materii": {"LIMBA ROMANA": {"medie": 4.469444444444444, "reusita": 48.214285714285715, "cnt": 56}, "GENERAL": {"medie": 6.776388888888891, "reusita": 46.42857142857143, "cnt": 56}, "ISTORIE": {"medie": 6.6872727272727275, "reusita": 98.21428571428571, "cnt": 56}, "GEOGRAFIE": {"medie": 8.038461538461537, "reusita": 94.33962264150944, "cnt": 53}, "FILOSOFIE": {"medie": 7.3, "reusita": 100.0, "cnt": 3}, "LIMBA MAGHIARA (REAL)": {"medie": 7.927272727272725, "reusita": 96.42857142857143, "cnt": 56}}, "nume": "LICEUL DE ARTE \"DR.PALLO IMRE\" ODORHEIU SECUIESC\tHarghita"}