{"specializari": {"FILOLOGIE": 35}, "limba_moderna": {"LIMBA ENGLEZA": 35}, "limba_materna": {"LIMBA ROMANA": 35}, "promotie_anterioara": {"NU": 29, "DA": 6}, "materii": {"LIMBA ROMANA": {"medie": 5.398529411764704, "reusita": 68.57142857142857, "cnt": 35}, "GENERAL": {"medie": 6.149999999999999, "reusita": 42.857142857142854, "cnt": 35}, "ISTORIE": {"medie": 6.017142857142856, "reusita": 77.14285714285715, "cnt": 35}, "LOGICA, ARGUMENTARE SI COMUNICARE": {"medie": 7.5, "reusita": 100.0, "cnt": 1}, "SOCIOLOGIE": {"medie": 6.96111111111111, "reusita": 82.14285714285714, "cnt": 28}, "GEOGRAFIE": {"medie": 6.758333333333333, "reusita": 100.0, "cnt": 6}}, "nume": "LICEUL TEORETIC NR. 1 PERIS\tIlfov"}