{"specializari": {"FILOLOGIE": 53, "MATEMATICA-INFORMATICA": 17, "TEHNICIAN IN PRELUCRAREA LEMNULUI": 1}, "limba_moderna": {"LIMBA ENGLEZA": 69, "LIMBA FRANCEZA": 2}, "limba_materna": {"LIMBA ROMANA": 71}, "promotie_anterioara": {"NU": 63, "DA": 8}, "materii": {"LIMBA ROMANA": {"medie": 5.906153846153845, "reusita": 71.83098591549296, "cnt": 71}, "MATEMATICA MATE-INFO": {"medie": 5.059375000000001, "reusita": 52.94117647058824, "cnt": 17}, "ANATOMIE SI FIZIOLOGIE UMANA, GENETICA SI ECOLOGIE UMANA": {"medie": 7.9125000000000005, "reusita": 100.0, "cnt": 4}, "GENERAL": {"medie": 5.987760416666668, "reusita": 36.61971830985916, "cnt": 71}, "ISTORIE": {"medie": 5.658333333333332, "reusita": 54.71698113207547, "cnt": 53}, "FIZICA TEO": {"medie": 6.616666666666667, "reusita": 66.66666666666666, "cnt": 3}, "SOCIOLOGIE": {"medie": 5.812500000000001, "reusita": 33.33333333333333, "cnt": 6}, "PSIHOLOGIE": {"medie": 5.1642857142857155, "reusita": 75.0, "cnt": 8}, "GEOGRAFIE": {"medie": 7.017567567567567, "reusita": 82.05128205128204, "cnt": 39}, "BIOLOGIE VEGETALA SI ANIMALA": {"medie": 5.138888888888889, "reusita": 50.0, "cnt": 10}, "MATEMATICA TEHN": {"medie": 6.55, "reusita": 100.0, "cnt": 1}, "FIZICA TEH": {"medie": 7.2, "reusita": 100.0, "cnt": 1}}, "nume": "LICEUL TEORETIC \"NICOLAE IORGA\" ORAS NEHOIU\tBuz\u0103u"}