{"specializari": {"FILOLOGIE": 33, "STIINTE ALE NATURII": 26, "MATEMATICA-INFORMATICA": 19, "TEHNICIAN OPERATOR TEHNICA DE CALCUL": 19, "TEHNICIAN MECATRONIST": 30, "TEHNICIAN ELECTROTEHNIST": 28}, "limba_moderna": {"LIMBA ENGLEZA": 138, "LIMBA FRANCEZA": 17}, "limba_materna": {"LIMBA ROMANA": 155}, "promotie_anterioara": {"NU": 130, "DA": 25}, "materii": {"LIMBA ROMANA": {"medie": 6.2312080536912795, "reusita": 84.51612903225806, "cnt": 155}, "MATEMATICA MATE-INFO": {"medie": 7.269444444444444, "reusita": 94.73684210526315, "cnt": 19}, "ANATOMIE SI FIZIOLOGIE UMANA, GENETICA SI ECOLOGIE UMANA": {"medie": 7.44375, "reusita": 87.5, "cnt": 8}, "GENERAL": {"medie": 6.2824009324009324, "reusita": 54.19354838709678, "cnt": 155}, "MATEMATICA ST-NAT": {"medie": 6.103846153846154, "reusita": 76.92307692307693, "cnt": 26}, "CHIMIE ANORGANICA TEO NIVEL I/II": {"medie": 9.716666666666667, "reusita": 100.0, "cnt": 3}, "INFORMATICA MI C/C++": {"medie": 9.016666666666667, "reusita": 100.0, "cnt": 3}, "ISTORIE": {"medie": 7.740624999999999, "reusita": 96.96969696969697, "cnt": 33}, "LOGICA, ARGUMENTARE SI COMUNICARE": {"medie": 8.95, "reusita": 100.0, "cnt": 2}, "PSIHOLOGIE": {"medie": 8.3, "reusita": 100.0, "cnt": 1}, "GEOGRAFIE": {"medie": 8.451724137931034, "reusita": 96.66666666666667, "cnt": 30}, "BIOLOGIE VEGETALA SI ANIMALA": {"medie": 5.691414141414144, "reusita": 58.333333333333336, "cnt": 108}, "MATEMATICA TEHN": {"medie": 4.654347826086956, "reusita": 54.54545454545454, "cnt": 77}}, "nume": "LICEUL \"TRAIAN VUIA\" CRAIOVA\tDolj"}