{"specializari": {"MATEMATICA-INFORMATICA": 27, "STIINTE ALE NATURII": 29, "FILOLOGIE": 29}, "limba_moderna": {"LIMBA ENGLEZA": 81, "LIMBA FRANCEZA": 4}, "limba_materna": {"LIMBA ROMANA": 85}, "promotie_anterioara": {"NU": 76, "DA": 9}, "materii": {"LIMBA ROMANA": {"medie": 6.538823529411763, "reusita": 88.23529411764706, "cnt": 85}, "MATEMATICA MATE-INFO": {"medie": 8.262962962962963, "reusita": 96.29629629629629, "cnt": 27}, "ANATOMIE SI FIZIOLOGIE UMANA, GENETICA SI ECOLOGIE UMANA": {"medie": 7.580952380952383, "reusita": 92.85714285714286, "cnt": 42}, "GENERAL": {"medie": 6.931568627450977, "reusita": 67.05882352941175, "cnt": 85}, "MATEMATICA ST-NAT": {"medie": 6.189655172413793, "reusita": 79.3103448275862, "cnt": 29}, "INFORMATICA MI C/C++": {"medie": 9.7, "reusita": 100.0, "cnt": 1}, "ISTORIE": {"medie": 5.596551724137931, "reusita": 58.620689655172406, "cnt": 29}, "FIZICA TEO": {"medie": 9.1, "reusita": 100.0, "cnt": 13}, "SOCIOLOGIE": {"medie": 6.307142857142857, "reusita": 57.14285714285714, "cnt": 14}, "GEOGRAFIE": {"medie": 7.4766666666666675, "reusita": 93.33333333333333, "cnt": 15}}, "nume": "LICEUL TEORETIC \"ANGHEL SALIGNY\" CERNAVODA\tConstan\u021ba"}