{"specializari": {"LICEU CU PROGRAM SPORTIV": 71}, "limba_moderna": {"LIMBA ENGLEZA": 71}, "limba_materna": {"LIMBA ROMANA": 71}, "promotie_anterioara": {"NU": 59, "DA": 12}, "materii": {"LIMBA ROMANA": {"medie": 5.942957746478878, "reusita": 90.14084507042254, "cnt": 71}, "GENERAL": {"medie": 6.580516431924884, "reusita": 66.19718309859155, "cnt": 71}, "ISTORIE": {"medie": 6.061971830985915, "reusita": 87.32394366197182, "cnt": 71}, "LOGICA, ARGUMENTARE SI COMUNICARE": {"medie": 7.0, "reusita": 100.0, "cnt": 1}, "GEOGRAFIE": {"medie": 7.747142857142856, "reusita": 94.28571428571428, "cnt": 70}}, "nume": "LICEUL CU PROGRAM SPORTIV \"CETATE\" DEVA\tHunedoara"}