{"specializari": {"STIINTE ALE NATURII": 70, "FILOLOGIE": 60, "STIINTE SOCIALE": 30}, "limba_moderna": {"LIMBA ENGLEZA": 157, "LIMBA FRANCEZA": 2, "LIMBA GERMANA MODERNA": 1}, "limba_materna": {"LIMBA ROMANA": 120, "LIMBA MAGHIARA": 40}, "promotie_anterioara": {"NU": 149, "DA": 11}, "materii": {"LIMBA ROMANA": {"medie": 6.856603773584904, "reusita": 88.125, "cnt": 160}, "ANATOMIE SI FIZIOLOGIE UMANA, GENETICA SI ECOLOGIE UMANA": {"medie": 8.017000000000001, "reusita": 100.0, "cnt": 50}, "GENERAL": {"medie": 7.19022536687631, "reusita": 78.75, "cnt": 160}, "MATEMATICA ST-NAT": {"medie": 7.3464285714285715, "reusita": 85.71428571428571, "cnt": 70}, "CHIMIE ORGANICA TEO NIVEL I/II": {"medie": 8.65, "reusita": 100.0, "cnt": 1}, "CHIMIE ANORGANICA TEO NIVEL I/II": {"medie": 8.5, "reusita": 100.0, "cnt": 1}, "ISTORIE": {"medie": 6.808426966292134, "reusita": 90.0, "cnt": 90}, "LOGICA, ARGUMENTARE SI COMUNICARE": {"medie": 8.262500000000001, "reusita": 100.0, "cnt": 12}, "FIZICA TEO": {"medie": 8.95, "reusita": 100.0, "cnt": 1}, "SOCIOLOGIE": {"medie": 6.634782608695651, "reusita": 79.16666666666666, "cnt": 24}, "GEOGRAFIE": {"medie": 7.487735849056604, "reusita": 94.33962264150944, "cnt": 53}, "INFORMATICA SN C/C++": {"medie": 8.43125, "reusita": 100.0, "cnt": 8}, "BIOLOGIE VEGETALA SI ANIMALA": {"medie": 5.694444444444445, "reusita": 66.66666666666666, "cnt": 9}, "LIMBA MAGHIARA (REAL)": {"medie": 6.279166666666666, "reusita": 91.66666666666666, "cnt": 12}, "ECONOMIE": {"medie": 5.75, "reusita": 100.0, "cnt": 1}, "LIMBA MAGHIARA (UMAN)": {"medie": 7.033928571428572, "reusita": 96.42857142857143, "cnt": 28}}, "nume": "LICEUL TEORETIC \"ANDREI BARSEANU\" TARNAVENI\tMure\u0219"}