{"specializari": {"FILOLOGIE": 90}, "limba_moderna": {"LIMBA ENGLEZA": 77, "LIMBA GERMANA MODERNA": 13}, "limba_materna": {"LIMBA ROMANA": 90}, "promotie_anterioara": {"NU": 90}, "materii": {"LIMBA ROMANA": {"medie": 7.903333333333332, "reusita": 98.88888888888889, "cnt": 90}, "GENERAL": {"medie": 8.2562962962963, "reusita": 94.44444444444444, "cnt": 90}, "ISTORIE": {"medie": 8.332777777777777, "reusita": 100.0, "cnt": 90}, "LOGICA, ARGUMENTARE SI COMUNICARE": {"medie": 8.504166666666668, "reusita": 100.0, "cnt": 24}, "SOCIOLOGIE": {"medie": 8.583333333333334, "reusita": 100.0, "cnt": 9}, "PSIHOLOGIE": {"medie": 8.768181818181818, "reusita": 100.0, "cnt": 11}, "GEOGRAFIE": {"medie": 8.586842105263159, "reusita": 100.0, "cnt": 38}, "ECONOMIE": {"medie": 7.98125, "reusita": 100.0, "cnt": 8}}, "nume": "LICEUL TEORETIC \"ALEXANDRU VLAHUTA\"\tBucure\u0219ti"}