{"specializari": {"STIINTE ALE NATURII": 63, "TEHNICIAN PROIECTANT CAD": 17, "TEHNICIAN MECANIC PENTRU INTRETINERE SI REPARATII": 10}, "limba_moderna": {"LIMBA ENGLEZA": 81, "LIMBA FRANCEZA": 9}, "limba_materna": {"LIMBA ROMANA": 90}, "promotie_anterioara": {"NU": 77, "DA": 13}, "materii": {"LIMBA ROMANA": {"medie": 5.541860465116278, "reusita": 71.11111111111111, "cnt": 90}, "ANATOMIE SI FIZIOLOGIE UMANA, GENETICA SI ECOLOGIE UMANA": {"medie": 6.11209677419355, "reusita": 71.42857142857143, "cnt": 63}, "GENERAL": {"medie": 5.07843137254902, "reusita": 27.77777777777778, "cnt": 90}, "MATEMATICA ST-NAT": {"medie": 4.5556451612903235, "reusita": 47.61904761904761, "cnt": 63}, "BIOLOGIE VEGETALA SI ANIMALA": {"medie": 3.633333333333333, "reusita": 22.22222222222222, "cnt": 27}, "MATEMATICA TEHN": {"medie": 3.2208333333333337, "reusita": 33.33333333333333, "cnt": 27}}, "nume": "LICEUL \"DIMITRIE NEGREANU\" BOTOSANI\tBoto\u0219ani"}