{"specializari": {"STIINTE ALE NATURII": 92, "MATEMATICA-INFORMATICA": 86, "FILOLOGIE": 33}, "limba_moderna": {"LIMBA ENGLEZA": 210, "LIMBA GERMANA MODERNA": 1}, "limba_materna": {"LIMBA ROMANA": 211}, "promotie_anterioara": {"NU": 205, "DA": 6}, "materii": {"LIMBA ROMANA": {"medie": 7.847867298578204, "reusita": 99.0521327014218, "cnt": 211}, "MATEMATICA MATE-INFO": {"medie": 7.939534883720931, "reusita": 97.67441860465115, "cnt": 86}, "ANATOMIE SI FIZIOLOGIE UMANA, GENETICA SI ECOLOGIE UMANA": {"medie": 8.323636363636364, "reusita": 98.21428571428571, "cnt": 112}, "GENERAL": {"medie": 8.061378205128205, "reusita": 94.7867298578199, "cnt": 211}, "MATEMATICA ST-NAT": {"medie": 7.996739130434783, "reusita": 97.82608695652173, "cnt": 92}, "CHIMIE ORGANICA TEO NIVEL I/II": {"medie": 8.591666666666667, "reusita": 100.0, "cnt": 12}, "CHIMIE ANORGANICA TEO NIVEL I/II": {"medie": 7.37, "reusita": 100.0, "cnt": 5}, "INFORMATICA MI C/C++": {"medie": 7.967647058823529, "reusita": 94.11764705882352, "cnt": 17}, "ISTORIE": {"medie": 8.268181818181816, "reusita": 100.0, "cnt": 33}, "LOGICA, ARGUMENTARE SI COMUNICARE": {"medie": 8.768181818181818, "reusita": 100.0, "cnt": 11}, "FIZICA TEO": {"medie": 7.8675, "reusita": 100.0, "cnt": 20}, "SOCIOLOGIE": {"medie": 8.383333333333335, "reusita": 100.0, "cnt": 6}, "PSIHOLOGIE": {"medie": 8.45, "reusita": 100.0, "cnt": 4}, "GEOGRAFIE": {"medie": 8.790909090909091, "reusita": 91.66666666666666, "cnt": 12}, "INFORMATICA SN C/C++": {"medie": 10.0, "reusita": 100.0, "cnt": 1}, "BIOLOGIE VEGETALA SI ANIMALA": {"medie": 7.590909090909091, "reusita": 100.0, "cnt": 11}}, "nume": "LICEUL TEORETIC \"C.A. ROSETTI\"\tBucure\u0219ti"}