{"specializari": {"STIINTE ALE NATURII": 38}, "limba_moderna": {"LIMBA ENGLEZA": 38}, "limba_materna": {"LIMBA ROMANA": 38}, "promotie_anterioara": {"NU": 32, "DA": 6}, "materii": {"LIMBA ROMANA": {"medie": 6.31470588235294, "reusita": 76.31578947368422, "cnt": 38}, "ANATOMIE SI FIZIOLOGIE UMANA, GENETICA SI ECOLOGIE UMANA": {"medie": 5.730882352941176, "reusita": 60.526315789473685, "cnt": 38}, "GENERAL": {"medie": 5.734374999999999, "reusita": 39.473684210526315, "cnt": 38}, "MATEMATICA ST-NAT": {"medie": 4.695454545454546, "reusita": 42.10526315789473, "cnt": 38}}, "nume": "LICEUL TEORETIC \"VIRGIL IERUNCA\", COM. LADESTI\tV\u00e2lcea"}