{"specializari": {"FILOLOGIE": 26, "MATEMATICA-INFORMATICA": 8}, "limba_moderna": {"LIMBA ENGLEZA": 34}, "limba_materna": {"LIMBA ROMANA": 34}, "promotie_anterioara": {"NU": 31, "DA": 3}, "materii": {"LIMBA ROMANA": {"medie": 7.048437500000001, "reusita": 91.17647058823529, "cnt": 34}, "MATEMATICA MATE-INFO": {"medie": 4.891666666666667, "reusita": 37.5, "cnt": 8}, "GENERAL": {"medie": 7.027956989247311, "reusita": 73.52941176470588, "cnt": 34}, "ISTORIE": {"medie": 6.621153846153845, "reusita": 92.3076923076923, "cnt": 26}, "LOGICA, ARGUMENTARE SI COMUNICARE": {"medie": 9.041666666666668, "reusita": 100.0, "cnt": 6}, "GEOGRAFIE": {"medie": 7.6225000000000005, "reusita": 100.0, "cnt": 20}, "BIOLOGIE VEGETALA SI ANIMALA": {"medie": 5.371428571428572, "reusita": 37.5, "cnt": 8}}, "nume": "LICEUL TEORETIC ORAS POGOANELE\tBuz\u0103u"}