{"specializari": {"STIINTE SOCIALE": 7}, "limba_moderna": {"LIMBA ENGLEZA": 7}, "limba_materna": {"LIMBA ROMANA": 7}, "promotie_anterioara": {"NU": 5, "DA": 2}, "materii": {"LIMBA ROMANA": {"medie": 4.800000000000001, "reusita": 42.857142857142854, "cnt": 7}, "GENERAL": {"medie": 5.405555555555556, "reusita": 28.57142857142857, "cnt": 7}, "ISTORIE": {"medie": 5.3428571428571425, "reusita": 71.42857142857143, "cnt": 7}, "LOGICA, ARGUMENTARE SI COMUNICARE": {"medie": 7.05, "reusita": 100.0, "cnt": 1}, "GEOGRAFIE": {"medie": 5.758333333333333, "reusita": 83.33333333333334, "cnt": 6}}, "nume": "LICEUL TEORETIC \"PONTUS EUXINUS\" LUMINA\tConstan\u021ba"}