{"specializari": {"LICEU CU PROGRAM SPORTIV": 68}, "limba_moderna": {"LIMBA ENGLEZA": 68}, "limba_materna": {"LIMBA ROMANA": 68}, "promotie_anterioara": {"NU": 63, "DA": 5}, "materii": {"LIMBA ROMANA": {"medie": 6.567741935483871, "reusita": 82.35294117647058, "cnt": 68}, "GENERAL": {"medie": 6.6830508474576265, "reusita": 60.29411764705882, "cnt": 68}, "ISTORIE": {"medie": 6.05725806451613, "reusita": 80.88235294117648, "cnt": 68}, "LOGICA, ARGUMENTARE SI COMUNICARE": {"medie": 6.777551020408164, "reusita": 74.54545454545455, "cnt": 55}, "GEOGRAFIE": {"medie": 8.4125, "reusita": 92.3076923076923, "cnt": 13}}, "nume": "LICEUL CU PROGRAM SPORTIV \"PETRACHE TRISCU\" CRAIOVA\tDolj"}