{"specializari": {"FILOLOGIE": 59, "MATEMATICA-INFORMATICA": 29, "STIINTE ALE NATURII": 77}, "limba_moderna": {"LIMBA ENGLEZA": 156, "LIMBA FRANCEZA": 9}, "limba_materna": {"LIMBA ROMANA": 165}, "promotie_anterioara": {"NU": 151, "DA": 14}, "materii": {"LIMBA ROMANA": {"medie": 7.20398773006135, "reusita": 97.57575757575758, "cnt": 165}, "MATEMATICA MATE-INFO": {"medie": 7.460344827586208, "reusita": 100.0, "cnt": 29}, "ANATOMIE SI FIZIOLOGIE UMANA, GENETICA SI ECOLOGIE UMANA": {"medie": 7.489444444444444, "reusita": 91.48936170212765, "cnt": 94}, "GENERAL": {"medie": 7.381666666666663, "reusita": 79.39393939393939, "cnt": 165}, "MATEMATICA ST-NAT": {"medie": 5.50337837837838, "reusita": 70.12987012987013, "cnt": 77}, "CHIMIE ORGANICA TEO NIVEL I/II": {"medie": 8.116666666666667, "reusita": 100.0, "cnt": 3}, "INFORMATICA MI C/C++": {"medie": 8.412500000000001, "reusita": 100.0, "cnt": 4}, "ISTORIE": {"medie": 8.204237288135594, "reusita": 100.0, "cnt": 59}, "LOGICA, ARGUMENTARE SI COMUNICARE": {"medie": 9.5, "reusita": 100.0, "cnt": 1}, "FIZICA TEO": {"medie": 7.459999999999999, "reusita": 100.0, "cnt": 5}, "PSIHOLOGIE": {"medie": 8.309999999999999, "reusita": 100.0, "cnt": 5}, "GEOGRAFIE": {"medie": 8.934905660377357, "reusita": 100.0, "cnt": 53}}, "nume": "LICEUL TEORETIC \"PETRU CERCEL\" TARGOVISTE\tD\u00e2mbovi\u021ba"}