{"specializari": {"STIINTE ALE NATURII": 19}, "limba_moderna": {"LIMBA ENGLEZA": 19}, "limba_materna": {"LIMBA MAGHIARA": 19}, "promotie_anterioara": {"NU": 17, "DA": 2}, "materii": {"LIMBA ROMANA": {"medie": 6.118421052631578, "reusita": 78.94736842105263, "cnt": 19}, "ANATOMIE SI FIZIOLOGIE UMANA, GENETICA SI ECOLOGIE UMANA": {"medie": 7.323684210526315, "reusita": 84.21052631578947, "cnt": 19}, "GENERAL": {"medie": 6.836842105263158, "reusita": 47.368421052631575, "cnt": 19}, "MATEMATICA ST-NAT": {"medie": 5.794736842105264, "reusita": 52.63157894736842, "cnt": 19}, "LIMBA MAGHIARA (REAL)": {"medie": 8.110526315789473, "reusita": 100.0, "cnt": 19}}, "nume": "LICEUL TEORETIC \"LEOWEY KLARA\" SIGHETU MARMATIEI\tMaramure\u0219"}