{"specializari": {"MATEMATICA-INFORMATICA": 25, "STIINTE ALE NATURII": 29, "FILOLOGIE": 30, "STIINTE SOCIALE": 36}, "limba_moderna": {"LIMBA ENGLEZA": 120}, "limba_materna": {"LIMBA ROMANA": 120}, "promotie_anterioara": {"NU": 110, "DA": 10}, "materii": {"LIMBA ROMANA": {"medie": 7.365966386554625, "reusita": 95.83333333333334, "cnt": 120}, "MATEMATICA MATE-INFO": {"medie": 8.75, "reusita": 100.0, "cnt": 25}, "ANATOMIE SI FIZIOLOGIE UMANA, GENETICA SI ECOLOGIE UMANA": {"medie": 8.890476190476193, "reusita": 100.0, "cnt": 42}, "GENERAL": {"medie": 7.529831932773109, "reusita": 78.33333333333333, "cnt": 120}, "MATEMATICA ST-NAT": {"medie": 7.206896551724139, "reusita": 86.20689655172413, "cnt": 29}, "CHIMIE ORGANICA TEO NIVEL I/II": {"medie": 9.55, "reusita": 100.0, "cnt": 1}, "INFORMATICA MI C/C++": {"medie": 8.85, "reusita": 100.0, "cnt": 4}, "ISTORIE": {"medie": 7.046969696969697, "reusita": 100.0, "cnt": 66}, "FIZICA TEO": {"medie": 9.287500000000001, "reusita": 100.0, "cnt": 4}, "SOCIOLOGIE": {"medie": 6.72027027027027, "reusita": 81.08108108108108, "cnt": 37}, "PSIHOLOGIE": {"medie": 8.02, "reusita": 100.0, "cnt": 5}, "GEOGRAFIE": {"medie": 6.6625000000000005, "reusita": 79.16666666666666, "cnt": 24}, "INFORMATICA MI PASCAL": {"medie": 9.333333333333334, "reusita": 100.0, "cnt": 3}}, "nume": "LICEUL TEORETIC \"O.C.TASLAUANU\" TOPLITA\tHarghita"}