{"specializari": {"TEHNICIAN IN SILVICULTURA SI EXPLOATARI FORESTIERE": 27}, "limba_moderna": {"LIMBA ENGLEZA": 26, "LIMBA FRANCEZA": 1}, "limba_materna": {"LIMBA ROMANA": 27}, "promotie_anterioara": {"NU": 15, "DA": 12}, "materii": {"LIMBA ROMANA": {"medie": 5.613461538461538, "reusita": 74.07407407407408, "cnt": 27}, "GENERAL": {"medie": 5.403472222222223, "reusita": 40.74074074074074, "cnt": 27}, "BIOLOGIE VEGETALA SI ANIMALA": {"medie": 5.90576923076923, "reusita": 74.07407407407408, "cnt": 27}, "MATEMATICA TEHN": {"medie": 4.853846153846154, "reusita": 62.96296296296296, "cnt": 27}}, "nume": "LICEUL SILVIC GURGHIU\tMure\u0219"}