{"specializari": {"MATEMATICA-INFORMATICA": 33, "TEOLOGIE ADVENTISTA": 55}, "limba_moderna": {"LIMBA ENGLEZA": 88}, "limba_materna": {"LIMBA ROMANA": 88}, "promotie_anterioara": {"NU": 85, "DA": 3}, "materii": {"LIMBA ROMANA": {"medie": 7.358522727272727, "reusita": 95.45454545454545, "cnt": 88}, "MATEMATICA MATE-INFO": {"medie": 8.846969696969696, "reusita": 100.0, "cnt": 33}, "ANATOMIE SI FIZIOLOGIE UMANA, GENETICA SI ECOLOGIE UMANA": {"medie": 9.491666666666665, "reusita": 100.0, "cnt": 6}, "GENERAL": {"medie": 7.952462121212121, "reusita": 92.04545454545455, "cnt": 88}, "CHIMIE ORGANICA TEO NIVEL I/II": {"medie": 9.071428571428571, "reusita": 100.0, "cnt": 7}, "INFORMATICA MI C/C++": {"medie": 8.8, "reusita": 100.0, "cnt": 11}, "ISTORIE": {"medie": 7.258181818181819, "reusita": 92.72727272727272, "cnt": 55}, "LOGICA, ARGUMENTARE SI COMUNICARE": {"medie": 9.021052631578948, "reusita": 100.0, "cnt": 38}, "FIZICA TEO": {"medie": 7.800000000000001, "reusita": 100.0, "cnt": 9}, "GEOGRAFIE": {"medie": 7.676470588235294, "reusita": 88.23529411764706, "cnt": 17}}, "nume": "LICEUL TEOLOGIC ADVENTIST \"STEFAN DEMETRESCU\"\tBucure\u0219ti"}