{"specializari": {"STIINTE ALE NATURII": 39, "MATEMATICA-INFORMATICA": 23, "STIINTE SOCIALE": 50, "FILOLOGIE": 31}, "limba_moderna": {"LIMBA ENGLEZA": 136, "LIMBA FRANCEZA": 7}, "limba_materna": {"LIMBA ROMANA": 143}, "promotie_anterioara": {"NU": 130, "DA": 13}, "materii": {"LIMBA ROMANA": {"medie": 7.341549295774644, "reusita": 97.2027972027972, "cnt": 143}, "MATEMATICA MATE-INFO": {"medie": 7.7272727272727275, "reusita": 91.30434782608695, "cnt": 23}, "ANATOMIE SI FIZIOLOGIE UMANA, GENETICA SI ECOLOGIE UMANA": {"medie": 8.034883720930232, "reusita": 93.18181818181817, "cnt": 44}, "GENERAL": {"medie": 7.620833333333333, "reusita": 85.3146853146853, "cnt": 143}, "MATEMATICA ST-NAT": {"medie": 7.343589743589744, "reusita": 92.3076923076923, "cnt": 39}, "CHIMIE ORGANICA TEO NIVEL I/II": {"medie": 9.225000000000001, "reusita": 100.0, "cnt": 4}, "INFORMATICA MI C/C++": {"medie": 8.527777777777777, "reusita": 100.0, "cnt": 9}, "ISTORIE": {"medie": 7.106172839506172, "reusita": 98.76543209876543, "cnt": 81}, "LOGICA, ARGUMENTARE SI COMUNICARE": {"medie": 5.8374999999999995, "reusita": 50.0, "cnt": 4}, "FIZICA TEO": {"medie": 9.17, "reusita": 100.0, "cnt": 5}, "SOCIOLOGIE": {"medie": 6.589999999999999, "reusita": 100.0, "cnt": 5}, "GEOGRAFIE": {"medie": 8.314583333333333, "reusita": 100.0, "cnt": 72}}, "nume": "LICEUL TEORETIC \"PETRU RARES\" TARGU LAPUS\tMaramure\u0219"}