{"specializari": {"FILOLOGIE": 38, "STIINTE ALE NATURII": 26, "MATEMATICA-INFORMATICA": 21}, "limba_moderna": {"LIMBA ENGLEZA": 85}, "limba_materna": {"LIMBA ROMANA": 85}, "promotie_anterioara": {"NU": 81, "DA": 4}, "materii": {"LIMBA ROMANA": {"medie": 7.171764705882356, "reusita": 96.47058823529412, "cnt": 85}, "MATEMATICA MATE-INFO": {"medie": 7.969047619047619, "reusita": 100.0, "cnt": 21}, "ANATOMIE SI FIZIOLOGIE UMANA, GENETICA SI ECOLOGIE UMANA": {"medie": 8.291935483870969, "reusita": 100.0, "cnt": 31}, "GENERAL": {"medie": 7.689215686274512, "reusita": 89.41176470588236, "cnt": 85}, "MATEMATICA ST-NAT": {"medie": 7.828846153846156, "reusita": 96.15384615384616, "cnt": 26}, "CHIMIE ANORGANICA TEO NIVEL I/II": {"medie": 8.2125, "reusita": 100.0, "cnt": 4}, "INFORMATICA MI C/C++": {"medie": 8.454545454545455, "reusita": 100.0, "cnt": 11}, "ISTORIE": {"medie": 7.3999999999999995, "reusita": 94.73684210526315, "cnt": 38}, "LOGICA, ARGUMENTARE SI COMUNICARE": {"medie": 8.55, "reusita": 100.0, "cnt": 1}, "FIZICA TEO": {"medie": 10.0, "reusita": 100.0, "cnt": 1}, "SOCIOLOGIE": {"medie": 8.397826086956522, "reusita": 95.65217391304348, "cnt": 23}, "PSIHOLOGIE": {"medie": 7.625, "reusita": 100.0, "cnt": 2}, "GEOGRAFIE": {"medie": 7.4333333333333345, "reusita": 91.66666666666666, "cnt": 12}}, "nume": "LICEUL TEORETIC \"TRAIAN LALESCU\" HUNEDOARA\tHunedoara"}