{"specializari": {"COAFOR STILIST": 17}, "limba_moderna": {"LIMBA ENGLEZA": 16, "LIMBA FRANCEZA": 1}, "limba_materna": {"LIMBA ROMANA": 17}, "promotie_anterioara": {"DA": 5, "NU": 12}, "materii": {"LIMBA ROMANA": {"medie": 5.426470588235296, "reusita": 82.35294117647058, "cnt": 17}, "GENERAL": {"medie": 5.8852941176470575, "reusita": 52.94117647058824, "cnt": 17}, "LOGICA, ARGUMENTARE SI COMUNICARE": {"medie": 8.049999999999999, "reusita": 100.0, "cnt": 3}, "PSIHOLOGIE": {"medie": 5.15, "reusita": 100.0, "cnt": 1}, "GEOGRAFIE": {"medie": 6.765384615384617, "reusita": 92.3076923076923, "cnt": 13}, "MATEMATICA TEHN": {"medie": 5.33235294117647, "reusita": 76.47058823529412, "cnt": 17}}, "nume": "LICEUL TEHNOLOGIC UCECOM \"SPIRU HARET\" CLUJ-NAPOCA\tCluj"}