{"specializari": {"FILOLOGIE": 34, "STIINTE SOCIALE": 32, "STIINTE ALE NATURII": 22}, "limba_moderna": {"LIMBA ENGLEZA": 67, "LIMBA FRANCEZA": 21}, "limba_materna": {"LIMBA ROMANA": 88}, "promotie_anterioara": {"NU": 86, "DA": 2}, "materii": {"LIMBA ROMANA": {"medie": 7.306250000000002, "reusita": 100.0, "cnt": 88}, "ANATOMIE SI FIZIOLOGIE UMANA, GENETICA SI ECOLOGIE UMANA": {"medie": 7.745454545454546, "reusita": 95.45454545454545, "cnt": 22}, "GENERAL": {"medie": 7.616098484848484, "reusita": 93.18181818181817, "cnt": 88}, "MATEMATICA ST-NAT": {"medie": 6.522727272727272, "reusita": 90.9090909090909, "cnt": 22}, "ISTORIE": {"medie": 7.5545454545454565, "reusita": 98.48484848484848, "cnt": 66}, "LOGICA, ARGUMENTARE SI COMUNICARE": {"medie": 8.648275862068962, "reusita": 100.0, "cnt": 58}, "GEOGRAFIE": {"medie": 6.700000000000001, "reusita": 75.0, "cnt": 8}}, "nume": "LICEUL \"VOLTAIRE\" CRAIOVA\tDolj"}