{"specializari": {"FILOLOGIE": 82}, "limba_moderna": {"LIMBA ENGLEZA": 80, "LIMBA FRANCEZA": 2}, "limba_materna": {"LIMBA ROMANA": 82}, "promotie_anterioara": {"NU": 55, "DA": 27}, "materii": {"LIMBA ROMANA": {"medie": 5.580379746835443, "reusita": 73.17073170731707, "cnt": 82}, "GENERAL": {"medie": 6.240789473684213, "reusita": 51.21951219512195, "cnt": 82}, "ISTORIE": {"medie": 6.074358974358975, "reusita": 79.26829268292683, "cnt": 82}, "LOGICA, ARGUMENTARE SI COMUNICARE": {"medie": 7.4692307692307685, "reusita": 76.19047619047619, "cnt": 42}, "SOCIOLOGIE": {"medie": 7.075, "reusita": 100.0, "cnt": 2}, "PSIHOLOGIE": {"medie": 7.8, "reusita": 100.0, "cnt": 1}, "GEOGRAFIE": {"medie": 6.5166666666666675, "reusita": 86.11111111111111, "cnt": 36}, "FILOSOFIE": {"medie": "-", "reusita": 0.0, "cnt": 1}}, "nume": "LICEUL TEORETIC \"MARIN COMAN\", LOCALITATEA GALATI\tGala\u021bi"}