{"specializari": {"STIINTE ALE NATURII": 59, "STIINTE SOCIALE": 31, "MATEMATICA-INFORMATICA": 28, "FILOLOGIE": 31}, "limba_moderna": {"LIMBA ENGLEZA": 139, "LIMBA FRANCEZA": 10}, "limba_materna": {"LIMBA ROMANA": 149}, "promotie_anterioara": {"NU": 149}, "materii": {"LIMBA ROMANA": {"medie": 7.622297297297297, "reusita": 98.65771812080537, "cnt": 149}, "MATEMATICA MATE-INFO": {"medie": 7.955357142857143, "reusita": 92.85714285714286, "cnt": 28}, "ANATOMIE SI FIZIOLOGIE UMANA, GENETICA SI ECOLOGIE UMANA": {"medie": 8.986619718309864, "reusita": 97.22222222222221, "cnt": 72}, "GENERAL": {"medie": 8.35068493150685, "reusita": 95.9731543624161, "cnt": 149}, "MATEMATICA ST-NAT": {"medie": 8.964655172413794, "reusita": 98.30508474576271, "cnt": 59}, "CHIMIE ORGANICA TEO NIVEL I/II": {"medie": 8.816666666666666, "reusita": 100.0, "cnt": 3}, "INFORMATICA MI C/C++": {"medie": 8.09375, "reusita": 100.0, "cnt": 8}, "ISTORIE": {"medie": 8.196721311475406, "reusita": 98.38709677419355, "cnt": 62}, "LOGICA, ARGUMENTARE SI COMUNICARE": {"medie": 8.779411764705882, "reusita": 100.0, "cnt": 17}, "FIZICA TEO": {"medie": 8.700000000000001, "reusita": 100.0, "cnt": 3}, "SOCIOLOGIE": {"medie": 8.841666666666667, "reusita": 100.0, "cnt": 6}, "GEOGRAFIE": {"medie": 8.95921052631579, "reusita": 94.87179487179486, "cnt": 39}, "INFORMATICA SN C/C++": {"medie": 6.2, "reusita": 100.0, "cnt": 1}}, "nume": "LICEUL TEORETIC \"MIRON COSTIN\", PASCANI\tIa\u0219i"}