{"specializari": {"TEHNICIAN IN TURISM": 48, "TEHNICIAN IN ACTIVITATI ECONOMICE": 42, "ORGANIZATOR BANQUETING": 30, "TEHNICIAN IN ACTIVITATI DE COMERT": 23, "TEHNICIAN IN ACHIZITII SI CONTRACTARI": 22}, "limba_moderna": {"LIMBA FRANCEZA": 43, "LIMBA ENGLEZA": 122}, "limba_materna": {"LIMBA ROMANA": 165}, "promotie_anterioara": {"NU": 154, "DA": 11}, "materii": {"LIMBA ROMANA": {"medie": 6.925609756097557, "reusita": 98.18181818181819, "cnt": 165}, "GENERAL": {"medie": 7.472812500000001, "reusita": 89.0909090909091, "cnt": 165}, "LOGICA, ARGUMENTARE SI COMUNICARE": {"medie": 7.3999999999999995, "reusita": 100.0, "cnt": 19}, "PSIHOLOGIE": {"medie": 7.65, "reusita": 100.0, "cnt": 2}, "GEOGRAFIE": {"medie": 7.835401459854016, "reusita": 98.55072463768117, "cnt": 138}, "MATEMATICA TEHN": {"medie": 7.663043478260874, "reusita": 93.93939393939394, "cnt": 165}, "ECONOMIE": {"medie": 7.739999999999999, "reusita": 83.33333333333334, "cnt": 6}}, "nume": "LICEUL TEHNOLOGIC ECONOMIC DE TURISM, IASI\tIa\u0219i"}