{"specializari": {"FILOLOGIE": 29, "STIINTE ALE NATURII": 26, "STIINTE SOCIALE": 28, "MATEMATICA-INFORMATICA": 11}, "limba_moderna": {"LIMBA ENGLEZA": 66, "LIMBA FRANCEZA": 28}, "limba_materna": {"LIMBA ROMANA": 94}, "promotie_anterioara": {"NU": 80, "DA": 14}, "materii": {"LIMBA ROMANA": {"medie": 6.113978494623657, "reusita": 86.17021276595744, "cnt": 94}, "MATEMATICA MATE-INFO": {"medie": 3.705555555555555, "reusita": 27.27272727272727, "cnt": 11}, "ANATOMIE SI FIZIOLOGIE UMANA, GENETICA SI ECOLOGIE UMANA": {"medie": 6.933823529411765, "reusita": 80.0, "cnt": 35}, "GENERAL": {"medie": 6.619202898550726, "reusita": 62.76595744680851, "cnt": 94}, "MATEMATICA ST-NAT": {"medie": 5.1923076923076925, "reusita": 53.84615384615385, "cnt": 26}, "INFORMATICA MI C/C++": {"medie": 7.05, "reusita": 100.0, "cnt": 1}, "ISTORIE": {"medie": 7.278070175438595, "reusita": 96.49122807017544, "cnt": 57}, "LOGICA, ARGUMENTARE SI COMUNICARE": {"medie": 7.544117647058824, "reusita": 84.31372549019608, "cnt": 51}, "FIZICA TEO": {"medie": 8.2, "reusita": 100.0, "cnt": 1}, "GEOGRAFIE": {"medie": 8.616666666666667, "reusita": 100.0, "cnt": 6}}, "nume": "LICEUL TEORETIC \"MIHAI VITEAZUL\" BAILESTI\tDolj"}