{"specializari": {"FILOLOGIE": 62, "MATEMATICA-INFORMATICA": 84, "STIINTE ALE NATURII": 1}, "limba_moderna": {"LIMBA ENGLEZA": 136, "LIMBA PORTUGHEZA": 10, "LIMBA FRANCEZA": 1}, "limba_materna": {"LIMBA ROMANA": 147}, "promotie_anterioara": {"NU": 139, "DA": 8}, "materii": {"LIMBA ROMANA": {"medie": 7.5258503401360555, "reusita": 99.31972789115646, "cnt": 147}, "MATEMATICA MATE-INFO": {"medie": 6.616071428571426, "reusita": 90.47619047619048, "cnt": 84}, "ANATOMIE SI FIZIOLOGIE UMANA, GENETICA SI ECOLOGIE UMANA": {"medie": 7.363793103448275, "reusita": 96.55172413793103, "cnt": 29}, "GENERAL": {"medie": 7.4375862068965475, "reusita": 90.47619047619048, "cnt": 147}, "MATEMATICA ST-NAT": {"medie": 7.2, "reusita": 100.0, "cnt": 1}, "INFORMATICA MI C/C++": {"medie": 7.759090909090909, "reusita": 100.0, "cnt": 22}, "ISTORIE": {"medie": 7.784426229508196, "reusita": 98.38709677419355, "cnt": 62}, "LOGICA, ARGUMENTARE SI COMUNICARE": {"medie": 9.033333333333333, "reusita": 100.0, "cnt": 9}, "FIZICA TEO": {"medie": 5.666666666666667, "reusita": 66.66666666666666, "cnt": 6}, "SOCIOLOGIE": {"medie": 8.616, "reusita": 100.0, "cnt": 25}, "PSIHOLOGIE": {"medie": 7.775, "reusita": 100.0, "cnt": 2}, "GEOGRAFIE": {"medie": 8.28913043478261, "reusita": 100.0, "cnt": 23}, "BIOLOGIE VEGETALA SI ANIMALA": {"medie": 6.693478260869566, "reusita": 83.33333333333334, "cnt": 24}, "ECONOMIE": {"medie": 6.8, "reusita": 100.0, "cnt": 3}, "INFORMATICA MI PASCAL": {"medie": 5.6875, "reusita": 100.0, "cnt": 4}}, "nume": "LICEUL TEORETIC \"EUGEN LOVINESCU\"\tBucure\u0219ti"}