{"specializari": {"FILOLOGIE": 133, "INVATATOR - EDUCATOARE": 47, "STIINTE SOCIALE": 34}, "limba_moderna": {"LIMBA ENGLEZA": 201, "LIMBA FRANCEZA": 4, "LIMBA GERMANA MODERNA": 9}, "limba_materna": {"LIMBA ROMANA": 178, "LIMBA MAGHIARA": 36}, "promotie_anterioara": {"NU": 208, "DA": 6}, "materii": {"LIMBA ROMANA": {"medie": 7.327464788732401, "reusita": 95.7943925233645, "cnt": 214}, "GENERAL": {"medie": 7.926808176100627, "reusita": 91.1214953271028, "cnt": 214}, "ISTORIE": {"medie": 7.769999999999999, "reusita": 94.01197604790418, "cnt": 167}, "LOGICA, ARGUMENTARE SI COMUNICARE": {"medie": 7.375, "reusita": 100.0, "cnt": 2}, "MATEMATICA PED": {"medie": 8.336170212765959, "reusita": 100.0, "cnt": 47}, "SOCIOLOGIE": {"medie": 8.056363636363635, "reusita": 94.54545454545455, "cnt": 55}, "PSIHOLOGIE": {"medie": 7.981578947368422, "reusita": 100.0, "cnt": 19}, "GEOGRAFIE": {"medie": 8.652962962962969, "reusita": 99.26470588235294, "cnt": 136}, "FILOSOFIE": {"medie": 8.3, "reusita": 100.0, "cnt": 1}, "ECONOMIE": {"medie": 9.8, "reusita": 100.0, "cnt": 1}, "LIMBA MAGHIARA (UMAN)": {"medie": 8.011111111111111, "reusita": 100.0, "cnt": 36}}, "nume": "LICEUL PEDAGOGIC \"GHEORGHE SINCAI\" ZALAU\tS\u0103laj"}