{"specializari": {"TEHNICIAN VETERINAR": 11}, "limba_moderna": {"LIMBA ENGLEZA": 5, "LIMBA FRANCEZA": 6}, "limba_materna": {"LIMBA ROMANA": 11}, "promotie_anterioara": {"NU": 10, "DA": 1}, "materii": {"LIMBA ROMANA": {"medie": 6.140000000000001, "reusita": 63.63636363636363, "cnt": 11}, "GENERAL": {"medie": 5.741666666666666, "reusita": 36.36363636363637, "cnt": 11}, "BIOLOGIE VEGETALA SI ANIMALA": {"medie": 5.781818181818182, "reusita": 72.72727272727273, "cnt": 11}, "MATEMATICA TEHN": {"medie": 5.422727272727273, "reusita": 72.72727272727273, "cnt": 11}}, "nume": "LICEUL TEHNOLOGIC AGRICOL COMUNA SMEENI\tBuz\u0103u"}