{"specializari": {"LICEU CU PROGRAM SPORTIV": 102}, "limba_moderna": {"LIMBA ENGLEZA": 102}, "limba_materna": {"LIMBA ROMANA": 102}, "promotie_anterioara": {"NU": 90, "DA": 12}, "materii": {"LIMBA ROMANA": {"medie": 5.506000000000003, "reusita": 76.47058823529412, "cnt": 102}, "GENERAL": {"medie": 5.872278911564625, "reusita": 45.09803921568628, "cnt": 102}, "ISTORIE": {"medie": 5.862626262626264, "reusita": 83.33333333333334, "cnt": 102}, "LOGICA, ARGUMENTARE SI COMUNICARE": {"medie": 5.586666666666665, "reusita": 61.29032258064516, "cnt": 31}, "PSIHOLOGIE": {"medie": 10.0, "reusita": 100.0, "cnt": 1}, "GEOGRAFIE": {"medie": 6.486029411764709, "reusita": 84.28571428571429, "cnt": 70}}, "nume": "LICEUL CU PROGRAM SPORTIV, MUNICIPIUL PIATRA-NEAMT\tNeam\u021b"}