{"specializari": {"LICEU CU PROGRAM SPORTIV": 89, "FILOLOGIE": 1}, "limba_moderna": {"LIMBA ENGLEZA": 90}, "limba_materna": {"LIMBA ROMANA": 90}, "promotie_anterioara": {"NU": 78, "DA": 12}, "materii": {"LIMBA ROMANA": {"medie": 5.533522727272729, "reusita": 74.44444444444444, "cnt": 90}, "GENERAL": {"medie": 6.02911877394636, "reusita": 46.666666666666664, "cnt": 90}, "ISTORIE": {"medie": 5.675568181818182, "reusita": 70.0, "cnt": 90}, "LOGICA, ARGUMENTARE SI COMUNICARE": {"medie": 6.357692307692308, "reusita": 71.42857142857143, "cnt": 14}, "PSIHOLOGIE": {"medie": 6.1, "reusita": 100.0, "cnt": 2}, "GEOGRAFIE": {"medie": 6.982638888888889, "reusita": 86.48648648648648, "cnt": 74}}, "nume": "LICEUL CU PROGRAM SPORTIV\tBr\u0103ila"}