{"specializari": {"FILOLOGIE": 41, "MATEMATICA-INFORMATICA": 13}, "limba_moderna": {"LIMBA ENGLEZA": 45, "LIMBA FRANCEZA": 9}, "limba_materna": {"LIMBA ROMANA": 54}, "promotie_anterioara": {"NU": 50, "DA": 4}, "materii": {"LIMBA ROMANA": {"medie": 6.153703703703705, "reusita": 81.48148148148148, "cnt": 54}, "MATEMATICA MATE-INFO": {"medie": 6.673076923076924, "reusita": 92.3076923076923, "cnt": 13}, "ANATOMIE SI FIZIOLOGIE UMANA, GENETICA SI ECOLOGIE UMANA": {"medie": 7.681818181818183, "reusita": 100.0, "cnt": 11}, "GENERAL": {"medie": 6.590432098765433, "reusita": 64.81481481481481, "cnt": 54}, "INFORMATICA MI C/C++": {"medie": 7.275, "reusita": 100.0, "cnt": 2}, "ISTORIE": {"medie": 6.226829268292684, "reusita": 80.48780487804879, "cnt": 41}, "SOCIOLOGIE": {"medie": 6.5, "reusita": 100.0, "cnt": 2}, "GEOGRAFIE": {"medie": 7.21153846153846, "reusita": 84.61538461538461, "cnt": 39}}, "nume": "LICEUL TEORETIC \"SILVIU DRAGOMIR\" ILIA\tHunedoara"}