{"specializari": {"FILOLOGIE": 31, "LICEU CU PROGRAM SPORTIV": 50, "STIINTE SOCIALE": 1}, "limba_moderna": {"LIMBA ENGLEZA": 80, "LIMBA FRANCEZA": 2}, "limba_materna": {"LIMBA ROMANA": 82}, "promotie_anterioara": {"NU": 75, "DA": 7}, "materii": {"LIMBA ROMANA": {"medie": 5.64, "reusita": 65.85365853658537, "cnt": 82}, "GENERAL": {"medie": 5.904166666666668, "reusita": 42.68292682926829, "cnt": 82}, "ISTORIE": {"medie": 5.304054054054054, "reusita": 63.41463414634146, "cnt": 82}, "LOGICA, ARGUMENTARE SI COMUNICARE": {"medie": 7.65, "reusita": 100.0, "cnt": 1}, "SOCIOLOGIE": {"medie": 7.204545454545454, "reusita": 90.9090909090909, "cnt": 11}, "PSIHOLOGIE": {"medie": 7.533333333333334, "reusita": 100.0, "cnt": 3}, "GEOGRAFIE": {"medie": 5.896610169491525, "reusita": 59.70149253731343, "cnt": 67}}, "nume": "LICEUL CU PROGRAM SPORTIV \"NADIA COMANECI\" ONESTI\tBac\u0103u"}