{"specializari": {"STIINTE SOCIALE": 43}, "limba_moderna": {"LIMBA ENGLEZA": 42, "LIMBA FRANCEZA": 1}, "limba_materna": {"LIMBA ROMANA": 43}, "promotie_anterioara": {"NU": 35, "DA": 8}, "materii": {"LIMBA ROMANA": {"medie": 6.2571428571428545, "reusita": 83.72093023255815, "cnt": 43}, "GENERAL": {"medie": 6.260317460317459, "reusita": 53.48837209302325, "cnt": 43}, "ISTORIE": {"medie": 5.778571428571427, "reusita": 79.06976744186046, "cnt": 43}, "LOGICA, ARGUMENTARE SI COMUNICARE": {"medie": 6.970000000000001, "reusita": 80.0, "cnt": 10}, "SOCIOLOGIE": {"medie": 6.975, "reusita": 100.0, "cnt": 2}, "PSIHOLOGIE": {"medie": 7.525, "reusita": 100.0, "cnt": 2}, "GEOGRAFIE": {"medie": 6.592857142857143, "reusita": 75.86206896551724, "cnt": 29}}, "nume": "LICEUL TEORETIC \"CONSTANTIN BRANCOVEANU\" BACAU\tBac\u0103u"}