{"specializari": {"FILOLOGIE": 34, "MATEMATICA-INFORMATICA": 26, "TEHNICIAN IN TURISM": 34, "STIINTE ALE NATURII": 27, "LICEU CU PROGRAM SPORTIV": 2, "TEHNICIAN IN ACTIVITATI ECONOMICE": 1}, "limba_moderna": {"LIMBA ENGLEZA": 118, "LIMBA FRANCEZA": 6}, "limba_materna": {"LIMBA ROMANA": 124}, "promotie_anterioara": {"NU": 104, "DA": 20}, "materii": {"LIMBA ROMANA": {"medie": 6.6000000000000005, "reusita": 87.09677419354838, "cnt": 124}, "MATEMATICA MATE-INFO": {"medie": 6.440384615384614, "reusita": 80.76923076923077, "cnt": 26}, "ANATOMIE SI FIZIOLOGIE UMANA, GENETICA SI ECOLOGIE UMANA": {"medie": 6.726136363636365, "reusita": 90.9090909090909, "cnt": 44}, "GENERAL": {"medie": 6.595026881720428, "reusita": 58.87096774193549, "cnt": 124}, "MATEMATICA ST-NAT": {"medie": 2.9648148148148152, "reusita": 14.814814814814813, "cnt": 27}, "INFORMATICA MI C/C++": {"medie": 6.85, "reusita": 100.0, "cnt": 5}, "ISTORIE": {"medie": 7.458333333333333, "reusita": 94.44444444444444, "cnt": 36}, "LOGICA, ARGUMENTARE SI COMUNICARE": {"medie": 8.899999999999999, "reusita": 100.0, "cnt": 2}, "FIZICA TEO": {"medie": 9.483333333333333, "reusita": 100.0, "cnt": 3}, "PSIHOLOGIE": {"medie": 8.8, "reusita": 100.0, "cnt": 2}, "GEOGRAFIE": {"medie": 7.742424242424241, "reusita": 98.48484848484848, "cnt": 66}, "BIOLOGIE VEGETALA SI ANIMALA": {"medie": 9.4, "reusita": 100.0, "cnt": 1}, "MATEMATICA TEHN": {"medie": 5.628571428571428, "reusita": 71.42857142857143, "cnt": 35}, "ECONOMIE": {"medie": 7.5, "reusita": 100.0, "cnt": 1}}, "nume": "LICEUL TEORETIC NOVACI\tGorj"}