{"specializari": {"MATEMATICA-INFORMATICA": 31, "TEOLOGIE BAPTISTA": 31}, "limba_moderna": {"LIMBA ENGLEZA": 62}, "limba_materna": {"LIMBA ROMANA": 62}, "promotie_anterioara": {"NU": 60, "DA": 2}, "materii": {"LIMBA ROMANA": {"medie": 6.858064516129034, "reusita": 96.7741935483871, "cnt": 62}, "MATEMATICA MATE-INFO": {"medie": 7.693548387096774, "reusita": 96.7741935483871, "cnt": 31}, "ANATOMIE SI FIZIOLOGIE UMANA, GENETICA SI ECOLOGIE UMANA": {"medie": 7.908333333333332, "reusita": 100.0, "cnt": 24}, "GENERAL": {"medie": 7.171236559139784, "reusita": 82.25806451612904, "cnt": 62}, "INFORMATICA MI C/C++": {"medie": 7.683333333333334, "reusita": 100.0, "cnt": 3}, "ISTORIE": {"medie": 6.329032258064516, "reusita": 90.32258064516128, "cnt": 31}, "GEOGRAFIE": {"medie": 7.361290322580644, "reusita": 96.7741935483871, "cnt": 31}, "BIOLOGIE VEGETALA SI ANIMALA": {"medie": 8.225, "reusita": 100.0, "cnt": 4}}, "nume": "LICEUL TEOLOGIC BAPTIST TIMISOARA\tTimi\u0219"}