{"specializari": {"FILOLOGIE": 33, "STIINTE ALE NATURII": 21, "TEHNICIAN ELECTROMECANIC": 8, "MATEMATICA-INFORMATICA": 4, "TEHNICIAN IN ACTIVITATI DE COMERT": 2}, "limba_moderna": {"LIMBA ENGLEZA": 63, "LIMBA FRANCEZA": 5}, "limba_materna": {"LIMBA ROMANA": 68}, "promotie_anterioara": {"NU": 59, "DA": 9}, "materii": {"LIMBA ROMANA": {"medie": 6.558208955223877, "reusita": 88.23529411764706, "cnt": 68}, "MATEMATICA MATE-INFO": {"medie": 3.7375, "reusita": 25.0, "cnt": 4}, "ANATOMIE SI FIZIOLOGIE UMANA, GENETICA SI ECOLOGIE UMANA": {"medie": 6.425, "reusita": 83.33333333333334, "cnt": 6}, "GENERAL": {"medie": 6.629487179487183, "reusita": 60.29411764705882, "cnt": 68}, "MATEMATICA ST-NAT": {"medie": 5.090476190476191, "reusita": 57.14285714285714, "cnt": 21}, "CHIMIE ORGANICA TEO NIVEL I/II": {"medie": 6.516666666666667, "reusita": 100.0, "cnt": 3}, "ISTORIE": {"medie": 7.328787878787879, "reusita": 93.93939393939394, "cnt": 33}, "GEOGRAFIE": {"medie": 8.072058823529412, "reusita": 94.28571428571428, "cnt": 35}, "BIOLOGIE VEGETALA SI ANIMALA": {"medie": 5.667391304347827, "reusita": 60.86956521739131, "cnt": 23}, "MATEMATICA TEHN": {"medie": 5.294444444444444, "reusita": 50.0, "cnt": 10}, "FIZICA TEH": {"medie": 5.1, "reusita": 100.0, "cnt": 1}}, "nume": "LICEUL TEHNOLOGIC \"NICOLAE TITULESCU\" INSURATEI\tBr\u0103ila"}