{"specializari": {"STIINTE SOCIALE": 53, "FILOLOGIE": 36, "MATEMATICA-INFORMATICA": 18, "STIINTE ALE NATURII": 27}, "limba_moderna": {"LIMBA ENGLEZA": 130, "LIMBA FRANCEZA": 4}, "limba_materna": {"LIMBA ROMANA": 134}, "promotie_anterioara": {"NU": 112, "DA": 22}, "materii": {"LIMBA ROMANA": {"medie": 6.0130769230769205, "reusita": 79.8507462686567, "cnt": 134}, "MATEMATICA MATE-INFO": {"medie": 4.51764705882353, "reusita": 44.44444444444444, "cnt": 18}, "ANATOMIE SI FIZIOLOGIE UMANA, GENETICA SI ECOLOGIE UMANA": {"medie": 8.675, "reusita": 100.0, "cnt": 2}, "GENERAL": {"medie": 6.470533333333331, "reusita": 59.70149253731343, "cnt": 134}, "MATEMATICA ST-NAT": {"medie": 3.9599999999999995, "reusita": 37.03703703703704, "cnt": 27}, "CHIMIE ORGANICA TEO NIVEL I/II": {"medie": 6.3, "reusita": 100.0, "cnt": 1}, "ISTORIE": {"medie": 7.112048192771084, "reusita": 86.51685393258427, "cnt": 89}, "LOGICA, ARGUMENTARE SI COMUNICARE": {"medie": 6.75, "reusita": 57.14285714285714, "cnt": 7}, "SOCIOLOGIE": {"medie": 7.548148148148147, "reusita": 89.65517241379311, "cnt": 29}, "PSIHOLOGIE": {"medie": 7.75, "reusita": 100.0, "cnt": 2}, "GEOGRAFIE": {"medie": 7.977551020408164, "reusita": 94.11764705882352, "cnt": 51}, "BIOLOGIE VEGETALA SI ANIMALA": {"medie": 5.468055555555555, "reusita": 54.054054054054056, "cnt": 37}, "INFORMATICA MI PASCAL": {"medie": 8.15, "reusita": 100.0, "cnt": 5}}, "nume": "LICEUL TEORETIC COSTESTI\tArge\u0219"}