{"specializari": {"ARTE PLASTICE SI DECORATIVE": 34, "ARTA ACTORULUI": 22, "MUZICA": 37, "ARHITECTURA, ARTE AMBIENTALE SI DESIGN": 17}, "limba_moderna": {"LIMBA ENGLEZA": 109, "LIMBA ITALIANA": 1}, "limba_materna": {"LIMBA ROMANA": 51, "LIMBA MAGHIARA": 59}, "promotie_anterioara": {"NU": 95, "DA": 15}, "materii": {"LIMBA ROMANA": {"medie": 6.125688073394493, "reusita": 81.81818181818183, "cnt": 110}, "GENERAL": {"medie": 7.134355345911951, "reusita": 68.18181818181817, "cnt": 110}, "ISTORIE": {"medie": 6.857339449541284, "reusita": 91.81818181818183, "cnt": 110}, "LOGICA, ARGUMENTARE SI COMUNICARE": {"medie": 7.562500000000001, "reusita": 84.61538461538461, "cnt": 13}, "PSIHOLOGIE": {"medie": 7.64375, "reusita": 100.0, "cnt": 16}, "GEOGRAFIE": {"medie": 7.713125, "reusita": 97.53086419753086, "cnt": 81}, "LIMBA MAGHIARA (REAL)": {"medie": 8.34491525423729, "reusita": 100.0, "cnt": 59}}, "nume": "LICEUL VOCATIONAL DE ARTA TIRGU MURES\tMure\u0219"}