{"specializari": {"MATEMATICA-INFORMATICA": 132, "FILOLOGIE": 40, "STIINTE ALE NATURII": 31}, "limba_moderna": {"LIMBA ENGLEZA": 186, "LIMBA FRANCEZA": 17}, "limba_materna": {"LIMBA ROMANA": 203}, "promotie_anterioara": {"NU": 157, "DA": 46}, "materii": {"LIMBA ROMANA": {"medie": 7.315422885572139, "reusita": 95.07389162561576, "cnt": 203}, "MATEMATICA MATE-INFO": {"medie": 5.510465116279075, "reusita": 61.36363636363637, "cnt": 132}, "ANATOMIE SI FIZIOLOGIE UMANA, GENETICA SI ECOLOGIE UMANA": {"medie": 7.141608391608392, "reusita": 91.0344827586207, "cnt": 145}, "GENERAL": {"medie": 7.060552763819099, "reusita": 62.06896551724138, "cnt": 203}, "MATEMATICA ST-NAT": {"medie": 5.941935483870967, "reusita": 67.74193548387096, "cnt": 31}, "CHIMIE ORGANICA TEO NIVEL I/II": {"medie": 10.0, "reusita": 100.0, "cnt": 1}, "INFORMATICA MI C/C++": {"medie": 6.866666666666667, "reusita": 100.0, "cnt": 3}, "ISTORIE": {"medie": 8.548750000000002, "reusita": 100.0, "cnt": 40}, "LOGICA, ARGUMENTARE SI COMUNICARE": {"medie": 9.02142857142857, "reusita": 100.0, "cnt": 7}, "FIZICA TEO": {"medie": 9.103571428571428, "reusita": 100.0, "cnt": 14}, "GEOGRAFIE": {"medie": 8.8046875, "reusita": 96.875, "cnt": 32}, "ECONOMIE": {"medie": 5.7, "reusita": 100.0, "cnt": 1}}, "nume": "LICEUL TEORETIC \"IANCU C VISSARION\" TITU\tD\u00e2mbovi\u021ba"}