{"specializari": {"TEHNICIAN IN GASTRONOMIE": 12, "TEHNICIAN IN TURISM": 1, "ORGANIZATOR BANQUETING": 15}, "limba_moderna": {"LIMBA ENGLEZA": 28}, "limba_materna": {"LIMBA ROMANA": 28}, "promotie_anterioara": {"NU": 22, "DA": 6}, "materii": {"LIMBA ROMANA": {"medie": 4.826785714285713, "reusita": 60.71428571428571, "cnt": 28}, "GENERAL": {"medie": 5.005769230769231, "reusita": 28.57142857142857, "cnt": 28}, "GEOGRAFIE": {"medie": 6.707142857142858, "reusita": 81.81818181818183, "cnt": 22}, "MATEMATICA TEHN": {"medie": 3.911111111111111, "reusita": 35.714285714285715, "cnt": 28}, "ECONOMIE": {"medie": 4.5166666666666675, "reusita": 33.33333333333333, "cnt": 6}}, "nume": "LICEUL TEHNOLOGIC \"ALEXANDRU IOAN CUZA\" PANCIU\tVrancea"}