{"specializari": {"FILOLOGIE": 33, "STIINTE SOCIALE": 66, "MATEMATICA-INFORMATICA": 61, "STIINTE ALE NATURII": 62}, "limba_moderna": {"LIMBA ENGLEZA": 220, "LIMBA FRANCEZA": 2}, "limba_materna": {"LIMBA ROMANA": 222}, "promotie_anterioara": {"NU": 214, "DA": 8}, "materii": {"LIMBA ROMANA": {"medie": 7.2628378378378375, "reusita": 98.64864864864865, "cnt": 222}, "MATEMATICA MATE-INFO": {"medie": 7.603333333333335, "reusita": 91.80327868852459, "cnt": 61}, "ANATOMIE SI FIZIOLOGIE UMANA, GENETICA SI ECOLOGIE UMANA": {"medie": 7.5468085106382965, "reusita": 91.66666666666666, "cnt": 48}, "GENERAL": {"medie": 7.693106060606055, "reusita": 92.7927927927928, "cnt": 222}, "MATEMATICA ST-NAT": {"medie": 7.617213114754099, "reusita": 95.16129032258065, "cnt": 62}, "CHIMIE ORGANICA TEO NIVEL I/II": {"medie": 7.959999999999998, "reusita": 100.0, "cnt": 10}, "CHIMIE ANORGANICA TEO NIVEL I/II": {"medie": 8.2, "reusita": 100.0, "cnt": 1}, "INFORMATICA MI C/C++": {"medie": 7.664285714285713, "reusita": 85.71428571428571, "cnt": 14}, "ISTORIE": {"medie": 7.941919191919192, "reusita": 100.0, "cnt": 99}, "LOGICA, ARGUMENTARE SI COMUNICARE": {"medie": 8.367241379310345, "reusita": 100.0, "cnt": 29}, "FIZICA TEO": {"medie": 7.589705882352941, "reusita": 97.05882352941177, "cnt": 34}, "SOCIOLOGIE": {"medie": 8.784615384615385, "reusita": 100.0, "cnt": 13}, "PSIHOLOGIE": {"medie": 8.027777777777779, "reusita": 100.0, "cnt": 9}, "GEOGRAFIE": {"medie": 8.909574468085108, "reusita": 100.0, "cnt": 47}, "BIOLOGIE VEGETALA SI ANIMALA": {"medie": 6.884375, "reusita": 93.75, "cnt": 16}, "ECONOMIE": {"medie": 8.0, "reusita": 100.0, "cnt": 1}}, "nume": "LICEUL TEORETIC \"TUDOR VLADIMIRESCU\"\tBucure\u0219ti"}