{"specializari": {"MATEMATICA-INFORMATICA": 20, "FILOLOGIE": 96, "STIINTE SOCIALE": 79, "STIINTE ALE NATURII": 29}, "limba_moderna": {"LIMBA ENGLEZA": 194, "LIMBA GERMANA MODERNA": 18, "LIMBA FRANCEZA": 12}, "limba_materna": {"LIMBA ROMANA": 224}, "promotie_anterioara": {"NU": 194, "DA": 30}, "materii": {"LIMBA ROMANA": {"medie": 6.365000000000004, "reusita": 90.625, "cnt": 224}, "MATEMATICA MATE-INFO": {"medie": 7.722499999999999, "reusita": 95.0, "cnt": 20}, "ANATOMIE SI FIZIOLOGIE UMANA, GENETICA SI ECOLOGIE UMANA": {"medie": 7.042592592592592, "reusita": 92.85714285714286, "cnt": 28}, "GENERAL": {"medie": 6.601605504587156, "reusita": 58.03571428571429, "cnt": 224}, "MATEMATICA ST-NAT": {"medie": 5.498275862068966, "reusita": 75.86206896551724, "cnt": 29}, "INFORMATICA MI C/C++": {"medie": 9.45, "reusita": 100.0, "cnt": 2}, "ISTORIE": {"medie": 5.860818713450292, "reusita": 76.57142857142857, "cnt": 175}, "LOGICA, ARGUMENTARE SI COMUNICARE": {"medie": 7.618115942028989, "reusita": 92.7536231884058, "cnt": 69}, "FIZICA TEO": {"medie": 7.58888888888889, "reusita": 88.88888888888889, "cnt": 9}, "SOCIOLOGIE": {"medie": 6.582142857142856, "reusita": 85.71428571428571, "cnt": 14}, "PSIHOLOGIE": {"medie": 7.05, "reusita": 100.0, "cnt": 3}, "GEOGRAFIE": {"medie": 7.634883720930233, "reusita": 94.31818181818183, "cnt": 88}, "BIOLOGIE VEGETALA SI ANIMALA": {"medie": 6.015, "reusita": 100.0, "cnt": 10}, "ECONOMIE": {"medie": 9.2, "reusita": 100.0, "cnt": 1}}, "nume": "LICEUL TEORETIC \"TUDOR VIANU\" GIURGIU\tGiurgiu"}