{"specializari": {"FILOLOGIE": 69, "MATEMATICA-INFORMATICA": 57, "LICEU CU PROGRAM SPORTIV": 30, "STIINTE ALE NATURII": 67}, "limba_moderna": {"LIMBA ENGLEZA": 218, "LIMBA FRANCEZA": 4, "LIMBA SPANIOLA": 1}, "limba_materna": {"LIMBA ROMANA": 223}, "promotie_anterioara": {"NU": 201, "DA": 22}, "materii": {"LIMBA ROMANA": {"medie": 6.460135135135138, "reusita": 90.13452914798206, "cnt": 223}, "MATEMATICA MATE-INFO": {"medie": 7.02857142857143, "reusita": 92.98245614035088, "cnt": 57}, "ANATOMIE SI FIZIOLOGIE UMANA, GENETICA SI ECOLOGIE UMANA": {"medie": 7.460849056603773, "reusita": 93.39622641509435, "cnt": 106}, "GENERAL": {"medie": 6.97549923195085, "reusita": 73.54260089686099, "cnt": 223}, "MATEMATICA ST-NAT": {"medie": 6.249999999999999, "reusita": 74.6268656716418, "cnt": 67}, "CHIMIE ORGANICA TEO NIVEL I/II": {"medie": 6.225, "reusita": 100.0, "cnt": 2}, "CHIMIE ANORGANICA TEO NIVEL I/II": {"medie": 6.7, "reusita": 100.0, "cnt": 1}, "INFORMATICA MI C/C++": {"medie": 7.721428571428572, "reusita": 100.0, "cnt": 7}, "ISTORIE": {"medie": 7.168877551020409, "reusita": 91.91919191919192, "cnt": 99}, "LOGICA, ARGUMENTARE SI COMUNICARE": {"medie": 6.822727272727272, "reusita": 69.23076923076923, "cnt": 13}, "FIZICA TEO": {"medie": 6.3500000000000005, "reusita": 66.66666666666666, "cnt": 6}, "SOCIOLOGIE": {"medie": 7.90686274509804, "reusita": 100.0, "cnt": 51}, "PSIHOLOGIE": {"medie": 7.05, "reusita": 90.0, "cnt": 10}, "GEOGRAFIE": {"medie": 8.106, "reusita": 96.0, "cnt": 25}, "BIOLOGIE VEGETALA SI ANIMALA": {"medie": 4.625, "reusita": 50.0, "cnt": 2}}, "nume": "LICEUL TEORETIC \"BENJAMIN FRANKLIN\"\tBucure\u0219ti"}