{"specializari": {"STIINTE SOCIALE": 38, "MATEMATICA-INFORMATICA": 27}, "limba_moderna": {"LIMBA ENGLEZA": 64, "LIMBA FRANCEZA": 1}, "limba_materna": {"LIMBA SLOVACA": 12, "LIMBA ROMANA": 53}, "promotie_anterioara": {"NU": 61, "DA": 4}, "materii": {"LIMBA ROMANA": {"medie": 6.539230769230772, "reusita": 92.3076923076923, "cnt": 65}, "MATEMATICA MATE-INFO": {"medie": 6.557407407407409, "reusita": 81.48148148148148, "cnt": 27}, "ANATOMIE SI FIZIOLOGIE UMANA, GENETICA SI ECOLOGIE UMANA": {"medie": 7.4975000000000005, "reusita": 90.0, "cnt": 20}, "GENERAL": {"medie": 6.941406249999997, "reusita": 73.84615384615385, "cnt": 65}, "INFORMATICA MI C/C++": {"medie": 7.458333333333333, "reusita": 83.33333333333334, "cnt": 6}, "ISTORIE": {"medie": 6.749999999999998, "reusita": 94.73684210526315, "cnt": 38}, "FIZICA TEO": {"medie": 9.4, "reusita": 100.0, "cnt": 1}, "SOCIOLOGIE": {"medie": 4.275, "reusita": 50.0, "cnt": 2}, "GEOGRAFIE": {"medie": 7.6714285714285735, "reusita": 97.22222222222221, "cnt": 36}, "LIMBA SLOVACA": {"medie": 7.983333333333333, "reusita": 100.0, "cnt": 12}}, "nume": "LICEUL TEORETIC \"JOZEF GREGOR TAJOVSKY\" NADLAC\tArad"}