{"specializari": {"ARTE PLASTICE SI DECORATIVE": 181}, "limba_moderna": {"LIMBA ENGLEZA": 178, "LIMBA FRANCEZA": 3}, "limba_materna": {"LIMBA ROMANA": 181}, "promotie_anterioara": {"NU": 178, "DA": 3}, "materii": {"LIMBA ROMANA": {"medie": 7.362499999999996, "reusita": 97.79005524861878, "cnt": 181}, "GENERAL": {"medie": 7.692407407407404, "reusita": 86.1878453038674, "cnt": 181}, "ISTORIE": {"medie": 7.600833333333332, "reusita": 95.02762430939227, "cnt": 181}, "LOGICA, ARGUMENTARE SI COMUNICARE": {"medie": 8.711728395061726, "reusita": 100.0, "cnt": 81}, "PSIHOLOGIE": {"medie": 7.237999999999999, "reusita": 96.0, "cnt": 25}, "GEOGRAFIE": {"medie": 7.822463768115942, "reusita": 94.28571428571428, "cnt": 70}, "FILOSOFIE": {"medie": 6.83, "reusita": 100.0, "cnt": 5}}, "nume": "LICEUL DE ARTE PLASTICE \"NICOLAE TONITZA\"\tBucure\u0219ti"}