{"specializari": {"STIINTE SOCIALE": 58, "FILOLOGIE": 60, "MATEMATICA-INFORMATICA": 66}, "limba_moderna": {"LIMBA ENGLEZA": 179, "LIMBA FRANCEZA": 3, "LIMBA CHINEZA": 2}, "limba_materna": {"LIMBA ROMANA": 184}, "promotie_anterioara": {"NU": 168, "DA": 16}, "materii": {"LIMBA ROMANA": {"medie": 7.399175824175826, "reusita": 96.73913043478261, "cnt": 184}, "MATEMATICA MATE-INFO": {"medie": 6.976923076923079, "reusita": 87.87878787878788, "cnt": 66}, "ANATOMIE SI FIZIOLOGIE UMANA, GENETICA SI ECOLOGIE UMANA": {"medie": 7.7488095238095225, "reusita": 95.34883720930233, "cnt": 43}, "GENERAL": {"medie": 7.7736111111111175, "reusita": 89.67391304347827, "cnt": 184}, "CHIMIE ORGANICA TEO NIVEL I/II": {"medie": 7.550000000000001, "reusita": 100.0, "cnt": 2}, "CHIMIE ANORGANICA TEO NIVEL I/II": {"medie": 8.7, "reusita": 100.0, "cnt": 1}, "INFORMATICA MI C/C++": {"medie": 6.779999999999999, "reusita": 100.0, "cnt": 10}, "ISTORIE": {"medie": 8.1025641025641, "reusita": 96.61016949152543, "cnt": 118}, "LOGICA, ARGUMENTARE SI COMUNICARE": {"medie": 8.618518518518519, "reusita": 96.42857142857143, "cnt": 28}, "FIZICA TEO": {"medie": 7.8812500000000005, "reusita": 100.0, "cnt": 8}, "SOCIOLOGIE": {"medie": 8.059615384615386, "reusita": 96.15384615384616, "cnt": 26}, "PSIHOLOGIE": {"medie": 8.676086956521738, "reusita": 100.0, "cnt": 23}, "GEOGRAFIE": {"medie": 8.590624999999998, "reusita": 100.0, "cnt": 32}, "BIOLOGIE VEGETALA SI ANIMALA": {"medie": 7.7749999999999995, "reusita": 100.0, "cnt": 2}, "FILOSOFIE": {"medie": 8.760000000000002, "reusita": 100.0, "cnt": 5}, "ECONOMIE": {"medie": 6.324999999999999, "reusita": 100.0, "cnt": 4}}, "nume": "LICEUL TEORETIC \"MIHAIL SADOVEANU\"\tBucure\u0219ti"}