{"specializari": {"FILOLOGIE": 63, "MATEMATICA-INFORMATICA": 25, "STIINTE ALE NATURII": 27}, "limba_moderna": {"LIMBA ENGLEZA": 115}, "limba_materna": {"LIMBA ROMANA": 115}, "promotie_anterioara": {"NU": 106, "DA": 9}, "materii": {"LIMBA ROMANA": {"medie": 6.83, "reusita": 95.65217391304348, "cnt": 115}, "MATEMATICA MATE-INFO": {"medie": 7.959999999999999, "reusita": 100.0, "cnt": 25}, "ANATOMIE SI FIZIOLOGIE UMANA, GENETICA SI ECOLOGIE UMANA": {"medie": 8.066666666666665, "reusita": 96.07843137254902, "cnt": 51}, "GENERAL": {"medie": 7.361014492753621, "reusita": 80.0, "cnt": 115}, "MATEMATICA ST-NAT": {"medie": 4.674074074074074, "reusita": 55.55555555555556, "cnt": 27}, "INFORMATICA MI C/C++": {"medie": 9.25, "reusita": 100.0, "cnt": 1}, "ISTORIE": {"medie": 7.526190476190478, "reusita": 96.82539682539682, "cnt": 63}, "GEOGRAFIE": {"medie": 8.47777777777778, "reusita": 98.4126984126984, "cnt": 63}}, "nume": "LICEUL TEORETIC \"MIHAI VELICIU\" CHISINEU-CRIS\tArad"}