{"specializari": {"STIINTE ALE NATURII": 22, "FILOLOGIE": 28, "MATEMATICA-INFORMATICA": 16, "STIINTE SOCIALE": 23, "TEHNICIAN IN INDUSTRIA TEXTILA": 2, "TEHNICIAN DESIGNER VESTIMENTAR": 1, "TEHNICIAN IN CONSTRUCTII SI LUCRARI PUBLICE": 1}, "limba_moderna": {"LIMBA ENGLEZA": 92, "LIMBA FRANCEZA": 1}, "limba_materna": {"LIMBA ROMANA": 93}, "promotie_anterioara": {"NU": 82, "DA": 11}, "materii": {"LIMBA ROMANA": {"medie": 6.972282608695653, "reusita": 94.6236559139785, "cnt": 93}, "MATEMATICA MATE-INFO": {"medie": 7.256666666666665, "reusita": 81.25, "cnt": 16}, "ANATOMIE SI FIZIOLOGIE UMANA, GENETICA SI ECOLOGIE UMANA": {"medie": 6.916666666666668, "reusita": 94.44444444444444, "cnt": 18}, "GENERAL": {"medie": 7.047252747252747, "reusita": 72.04301075268818, "cnt": 93}, "MATEMATICA ST-NAT": {"medie": 6.638636363636365, "reusita": 81.81818181818183, "cnt": 22}, "CHIMIE ORGANICA TEO NIVEL I/II": {"medie": 7.199999999999999, "reusita": 100.0, "cnt": 6}, "INFORMATICA MI C/C++": {"medie": 8.165384615384616, "reusita": 100.0, "cnt": 13}, "ISTORIE": {"medie": 6.7470000000000026, "reusita": 80.3921568627451, "cnt": 51}, "LOGICA, ARGUMENTARE SI COMUNICARE": {"medie": 7.612162162162162, "reusita": 92.10526315789474, "cnt": 38}, "FIZICA TEO": {"medie": 5.0, "reusita": 100.0, "cnt": 1}, "GEOGRAFIE": {"medie": 7.615384615384615, "reusita": 92.3076923076923, "cnt": 13}, "BIOLOGIE VEGETALA SI ANIMALA": {"medie": 5.366666666666667, "reusita": 66.66666666666666, "cnt": 3}, "MATEMATICA TEHN": {"medie": 5.574999999999999, "reusita": 100.0, "cnt": 4}, "CHIMIE ORGANICA TEH NIVEL I/II": {"medie": 5.0, "reusita": 100.0, "cnt": 1}}, "nume": "LICEUL TEORETIC \"ION BORCEA\" BUHUSI\tBac\u0103u"}