{"specializari": {"MATEMATICA-INFORMATICA": 33, "STIINTE ALE NATURII": 54, "FILOLOGIE": 56}, "limba_moderna": {"LIMBA ENGLEZA": 108, "LIMBA FRANCEZA": 35}, "limba_materna": {"LIMBA ROMANA": 117, "LIMBA UCRAINEANA": 26}, "promotie_anterioara": {"NU": 122, "DA": 21}, "materii": {"LIMBA ROMANA": {"medie": 6.5658273381294965, "reusita": 82.51748251748252, "cnt": 143}, "MATEMATICA MATE-INFO": {"medie": 7.643939393939394, "reusita": 96.96969696969697, "cnt": 33}, "ANATOMIE SI FIZIOLOGIE UMANA, GENETICA SI ECOLOGIE UMANA": {"medie": 8.445454545454545, "reusita": 95.45454545454545, "cnt": 22}, "GENERAL": {"medie": 7.136825980392161, "reusita": 63.63636363636363, "cnt": 143}, "MATEMATICA ST-NAT": {"medie": 6.970192307692309, "reusita": 85.18518518518519, "cnt": 54}, "INFORMATICA MI C/C++": {"medie": 8.28421052631579, "reusita": 100.0, "cnt": 19}, "ISTORIE": {"medie": 5.720535714285714, "reusita": 73.21428571428571, "cnt": 56}, "PSIHOLOGIE": {"medie": 6.3, "reusita": 100.0, "cnt": 2}, "GEOGRAFIE": {"medie": 7.9111111111111105, "reusita": 96.29629629629629, "cnt": 54}, "BIOLOGIE VEGETALA SI ANIMALA": {"medie": 6.645121951219511, "reusita": 69.56521739130434, "cnt": 46}, "LIMBA UCRAINEANA": {"medie": 8.75576923076923, "reusita": 100.0, "cnt": 26}}, "nume": "LICEUL TEORETIC \"IULIA HASDEU\" LUGOJ\tTimi\u0219"}