{"specializari": {"FILOLOGIE": 65, "TEOLOGIE ORTODOXA": 26, "PATRIMONIU CULTURAL": 28, "MUZICA BISERICEASCA": 4}, "limba_moderna": {"LIMBA ENGLEZA": 113, "LIMBA FRANCEZA": 10}, "limba_materna": {"LIMBA ROMANA": 123}, "promotie_anterioara": {"NU": 111, "DA": 12}, "materii": {"LIMBA ROMANA": {"medie": 5.972950819672129, "reusita": 86.1788617886179, "cnt": 123}, "GENERAL": {"medie": 6.6658263305322105, "reusita": 69.91869918699187, "cnt": 123}, "ISTORIE": {"medie": 6.410330578512396, "reusita": 90.2439024390244, "cnt": 123}, "LOGICA, ARGUMENTARE SI COMUNICARE": {"medie": 6.935714285714285, "reusita": 85.71428571428571, "cnt": 7}, "SOCIOLOGIE": {"medie": 7.25, "reusita": 100.0, "cnt": 1}, "PSIHOLOGIE": {"medie": 5.583333333333333, "reusita": 83.33333333333334, "cnt": 6}, "GEOGRAFIE": {"medie": 7.6485849056603765, "reusita": 88.9908256880734, "cnt": 109}}, "nume": "LICEUL TEOLOGIC TG-JIU\tGorj"}