{"specializari": {"TEHNICIAN OPERATOR TEHNICA DE CALCUL": 25, "FILOLOGIE": 19, "TEHNICIAN ELECTROTEHNIST": 1, "TEHNICIAN ELECTROMECANIC": 2}, "limba_moderna": {"LIMBA ENGLEZA": 42, "LIMBA GERMANA MODERNA": 3, "LIMBA FRANCEZA": 2}, "limba_materna": {"LIMBA ROMANA": 47}, "promotie_anterioara": {"NU": 39, "DA": 8}, "materii": {"LIMBA ROMANA": {"medie": 6.621621621621622, "reusita": 63.829787234042556, "cnt": 47}, "GENERAL": {"medie": 6.397979797979799, "reusita": 38.297872340425535, "cnt": 47}, "ISTORIE": {"medie": 5.8531249999999995, "reusita": 57.89473684210527, "cnt": 19}, "PSIHOLOGIE": {"medie": 6.366666666666667, "reusita": 100.0, "cnt": 3}, "GEOGRAFIE": {"medie": 6.787499999999999, "reusita": 66.66666666666666, "cnt": 15}, "BIOLOGIE VEGETALA SI ANIMALA": {"medie": 5.654761904761905, "reusita": 50.0, "cnt": 28}, "MATEMATICA TEHN": {"medie": 5.7710526315789465, "reusita": 42.857142857142854, "cnt": 28}, "FILOSOFIE": {"medie": 9.1, "reusita": 100.0, "cnt": 1}}, "nume": "LICEUL \"MATHIAS HAMMER\" ANINA\tCara\u0219-Severin"}