{"specializari": {"FILOLOGIE": 32, "STIINTE ALE NATURII": 68, "MATEMATICA-INFORMATICA": 24, "TEHNICIAN IN INSTALATII ELECTRICE": 25, "TEHNICIAN MECATRONIST": 18}, "limba_moderna": {"LIMBA ENGLEZA": 155, "LIMBA FRANCEZA": 12}, "limba_materna": {"LIMBA ROMANA": 149, "LIMBA MAGHIARA": 18}, "promotie_anterioara": {"NU": 144, "DA": 23}, "materii": {"LIMBA ROMANA": {"medie": 6.8172727272727265, "reusita": 91.61676646706587, "cnt": 167}, "MATEMATICA MATE-INFO": {"medie": 7.110416666666667, "reusita": 83.33333333333334, "cnt": 24}, "ANATOMIE SI FIZIOLOGIE UMANA, GENETICA SI ECOLOGIE UMANA": {"medie": 7.6393939393939405, "reusita": 92.53731343283582, "cnt": 67}, "GENERAL": {"medie": 6.831004140786753, "reusita": 62.27544910179641, "cnt": 167}, "MATEMATICA ST-NAT": {"medie": 7.035820895522388, "reusita": 85.29411764705883, "cnt": 68}, "CHIMIE ORGANICA TEO NIVEL I/II": {"medie": 8.525, "reusita": 100.0, "cnt": 4}, "INFORMATICA MI C/C++": {"medie": 8.46111111111111, "reusita": 100.0, "cnt": 9}, "ISTORIE": {"medie": 7.203125000000001, "reusita": 87.5, "cnt": 32}, "LOGICA, ARGUMENTARE SI COMUNICARE": {"medie": 8.468421052631578, "reusita": 89.47368421052632, "cnt": 19}, "FIZICA TEO": {"medie": 7.761111111111112, "reusita": 88.88888888888889, "cnt": 9}, "GEOGRAFIE": {"medie": 7.0874999999999995, "reusita": 84.61538461538461, "cnt": 13}, "INFORMATICA SN C/C++": {"medie": 6.25, "reusita": 100.0, "cnt": 3}, "BIOLOGIE VEGETALA SI ANIMALA": {"medie": 4.747297297297298, "reusita": 46.15384615384615, "cnt": 39}, "MATEMATICA TEHN": {"medie": 4.856410256410256, "reusita": 55.81395348837209, "cnt": 43}, "LIMBA MAGHIARA (REAL)": {"medie": 6.300000000000001, "reusita": 83.33333333333334, "cnt": 18}, "FIZICA TEH": {"medie": 5.737500000000001, "reusita": 75.0, "cnt": 4}}, "nume": "LICEUL TEHNOLOGIC NR.1 LUDUS\tMure\u0219"}