{"specializari": {"TEHNICIAN IN ACTIVITATI ECONOMICE": 58, "MATEMATICA-INFORMATICA": 23, "TEHNICIAN IN ACHIZITII SI CONTRACTARI": 30, "TEHNICIAN IN TURISM": 4}, "limba_moderna": {"LIMBA ENGLEZA": 115}, "limba_materna": {"LIMBA ROMANA": 115}, "promotie_anterioara": {"NU": 89, "DA": 26}, "materii": {"LIMBA ROMANA": {"medie": 5.855701754385963, "reusita": 88.69565217391305, "cnt": 115}, "MATEMATICA MATE-INFO": {"medie": 4.431818181818181, "reusita": 43.47826086956522, "cnt": 23}, "ANATOMIE SI FIZIOLOGIE UMANA, GENETICA SI ECOLOGIE UMANA": {"medie": 6.218181818181818, "reusita": 81.81818181818183, "cnt": 22}, "GENERAL": {"medie": 5.8973270440251575, "reusita": 46.95652173913044, "cnt": 115}, "INFORMATICA MI C/C++": {"medie": 2.0, "reusita": 0.0, "cnt": 1}, "GEOGRAFIE": {"medie": 6.682022471910112, "reusita": 88.04347826086956, "cnt": 92}, "MATEMATICA TEHN": {"medie": 5.198876404494382, "reusita": 63.04347826086957, "cnt": 92}}, "nume": "LICEUL ECONOMIC NASAUD\tBistri\u021ba-N\u0103s\u0103ud"}