{"specializari": {"TEHNICIAN ELECTROTEHNIST": 20, "TEOLOGIE REFORMATA": 16}, "limba_moderna": {"LIMBA ENGLEZA": 36}, "limba_materna": {"LIMBA MAGHIARA": 36}, "promotie_anterioara": {"NU": 28, "DA": 8}, "materii": {"LIMBA ROMANA": {"medie": 4.243055555555555, "reusita": 44.44444444444444, "cnt": 36}, "GENERAL": {"medie": 5.730208333333334, "reusita": 27.77777777777778, "cnt": 36}, "ISTORIE": {"medie": 5.787500000000001, "reusita": 87.5, "cnt": 16}, "PSIHOLOGIE": {"medie": 5.716666666666666, "reusita": 66.66666666666666, "cnt": 3}, "GEOGRAFIE": {"medie": 7.6230769230769235, "reusita": 100.0, "cnt": 13}, "BIOLOGIE VEGETALA SI ANIMALA": {"medie": 8.25, "reusita": 100.0, "cnt": 1}, "MATEMATICA TEHN": {"medie": 6.767500000000001, "reusita": 95.0, "cnt": 20}, "LIMBA MAGHIARA (REAL)": {"medie": 6.544444444444445, "reusita": 94.44444444444444, "cnt": 36}, "FIZICA TEH": {"medie": 4.439473684210526, "reusita": 47.368421052631575, "cnt": 19}}, "nume": "LICEUL REFORMAT \"LORANTFFY ZSUZSANNA\" ORADEA\tBihor"}