{"specializari": {"TEHNICIAN IN ACTIVITATI ECONOMICE": 15, "TEHNICIAN IN INSTALATII ELECTRICE": 8}, "limba_moderna": {"LIMBA ENGLEZA": 16, "LIMBA FRANCEZA": 7}, "limba_materna": {"LIMBA ROMANA": 23}, "promotie_anterioara": {"DA": 10, "NU": 13}, "materii": {"LIMBA ROMANA": {"medie": 4.652272727272727, "reusita": 52.17391304347826, "cnt": 23}, "GENERAL": {"medie": 4.3921052631578945, "reusita": 4.3478260869565215, "cnt": 23}, "PSIHOLOGIE": {"medie": 4.041666666666667, "reusita": 14.285714285714285, "cnt": 7}, "GEOGRAFIE": {"medie": 6.014285714285714, "reusita": 62.5, "cnt": 8}, "BIOLOGIE VEGETALA SI ANIMALA": {"medie": 4.441666666666666, "reusita": 37.5, "cnt": 8}, "MATEMATICA TEHN": {"medie": 3.629545454545455, "reusita": 26.08695652173913, "cnt": 23}}, "nume": "LICEUL TEHNOLOGIC \"OCTAVIAN GOGA\" JIBOU\tS\u0103laj"}