{"specializari": {"STIINTE SOCIALE": 95, "MATEMATICA-INFORMATICA": 54, "TEHNICIAN DESIGNER VESTIMENTAR": 1}, "limba_moderna": {"LIMBA ENGLEZA": 150}, "limba_materna": {"LIMBA ROMANA": 150}, "promotie_anterioara": {"NU": 129, "DA": 21}, "materii": {"LIMBA ROMANA": {"medie": 6.510738255033555, "reusita": 94.66666666666667, "cnt": 150}, "MATEMATICA MATE-INFO": {"medie": 6.375961538461538, "reusita": 88.88888888888889, "cnt": 54}, "ANATOMIE SI FIZIOLOGIE UMANA, GENETICA SI ECOLOGIE UMANA": {"medie": 6.764000000000001, "reusita": 92.3076923076923, "cnt": 26}, "GENERAL": {"medie": 7.050342465753424, "reusita": 73.33333333333333, "cnt": 150}, "CHIMIE ORGANICA TEO NIVEL I/II": {"medie": 6.2, "reusita": 100.0, "cnt": 1}, "CHIMIE ANORGANICA TEO NIVEL I/II": {"medie": 6.791666666666668, "reusita": 83.33333333333334, "cnt": 6}, "INFORMATICA MI C/C++": {"medie": 6.0687500000000005, "reusita": 87.5, "cnt": 8}, "ISTORIE": {"medie": 7.56842105263158, "reusita": 94.73684210526315, "cnt": 95}, "LOGICA, ARGUMENTARE SI COMUNICARE": {"medie": 8.029411764705882, "reusita": 88.23529411764706, "cnt": 17}, "FIZICA TEO": {"medie": 8.95, "reusita": 50.0, "cnt": 2}, "SOCIOLOGIE": {"medie": 7.1564516129032265, "reusita": 90.32258064516128, "cnt": 31}, "PSIHOLOGIE": {"medie": 9.0, "reusita": 100.0, "cnt": 2}, "GEOGRAFIE": {"medie": 8.227906976744187, "reusita": 95.34883720930233, "cnt": 43}, "BIOLOGIE VEGETALA SI ANIMALA": {"medie": 6.9624999999999995, "reusita": 91.66666666666666, "cnt": 12}, "MATEMATICA TEHN": {"medie": "-", "reusita": 0.0, "cnt": 1}, "ECONOMIE": {"medie": 6.45, "reusita": 50.0, "cnt": 2}}, "nume": "LICEUL TEORETIC \"NICHITA STANESCU\"\tBucure\u0219ti"}