{"specializari": {"STIINTE SOCIALE": 28, "FILOLOGIE": 26, "STIINTE ALE NATURII": 11, "MATEMATICA-INFORMATICA": 9, "TEHNICIAN IN AUTOMATIZARI": 15, "TEHNICIAN OPERATOR PROCESARE TEXT IMAGINE": 20, "TEHNICIAN MECATRONIST": 1, "TEHNICIAN DE TELECOMUNICATII": 5, "TEHNICIAN OPERATOR TEHNICA DE CALCUL": 1}, "limba_moderna": {"LIMBA ENGLEZA": 113, "LIMBA FRANCEZA": 3}, "limba_materna": {"LIMBA ROMANA": 116}, "promotie_anterioara": {"NU": 92, "DA": 24}, "materii": {"LIMBA ROMANA": {"medie": 5.8513157894736825, "reusita": 79.3103448275862, "cnt": 116}, "MATEMATICA MATE-INFO": {"medie": 5.283333333333333, "reusita": 66.66666666666666, "cnt": 9}, "ANATOMIE SI FIZIOLOGIE UMANA, GENETICA SI ECOLOGIE UMANA": {"medie": 8.216666666666667, "reusita": 100.0, "cnt": 3}, "GENERAL": {"medie": 6.034534534534538, "reusita": 46.55172413793103, "cnt": 116}, "MATEMATICA ST-NAT": {"medie": 5.56111111111111, "reusita": 45.45454545454545, "cnt": 11}, "ISTORIE": {"medie": 6.576415094339624, "reusita": 88.88888888888889, "cnt": 54}, "LOGICA, ARGUMENTARE SI COMUNICARE": {"medie": 8.232499999999998, "reusita": 95.0, "cnt": 20}, "SOCIOLOGIE": {"medie": 7.18125, "reusita": 87.87878787878788, "cnt": 33}, "GEOGRAFIE": {"medie": 7.95, "reusita": 100.0, "cnt": 1}, "BIOLOGIE VEGETALA SI ANIMALA": {"medie": 5.117543859649126, "reusita": 49.152542372881356, "cnt": 59}, "MATEMATICA TEHN": {"medie": 5.08, "reusita": 61.904761904761905, "cnt": 42}}, "nume": "LICEUL \"DANUBIUS\" CALARASI\tC\u0103l\u0103ra\u0219i"}