{"specializari": {"FILOLOGIE": 65, "STIINTE SOCIALE": 126, "MATEMATICA-INFORMATICA": 30}, "limba_moderna": {"LIMBA ENGLEZA": 220, "LIMBA FRANCEZA": 1}, "limba_materna": {"LIMBA ROMANA": 221}, "promotie_anterioara": {"NU": 183, "DA": 38}, "materii": {"LIMBA ROMANA": {"medie": 6.058181818181818, "reusita": 90.49773755656109, "cnt": 221}, "MATEMATICA MATE-INFO": {"medie": 5.217241379310345, "reusita": 63.33333333333333, "cnt": 30}, "ANATOMIE SI FIZIOLOGIE UMANA, GENETICA SI ECOLOGIE UMANA": {"medie": 8.183333333333332, "reusita": 100.0, "cnt": 3}, "GENERAL": {"medie": 6.531386292834889, "reusita": 62.89592760180995, "cnt": 221}, "INFORMATICA MI C/C++": {"medie": 6.0166666666666675, "reusita": 77.77777777777779, "cnt": 9}, "ISTORIE": {"medie": 6.545430107526885, "reusita": 87.95811518324608, "cnt": 191}, "LOGICA, ARGUMENTARE SI COMUNICARE": {"medie": 7.496710526315792, "reusita": 90.78947368421053, "cnt": 76}, "FIZICA TEO": {"medie": 6.4, "reusita": 100.0, "cnt": 1}, "SOCIOLOGIE": {"medie": 6.436363636363635, "reusita": 81.81818181818183, "cnt": 22}, "PSIHOLOGIE": {"medie": 7.814285714285715, "reusita": 85.71428571428571, "cnt": 7}, "GEOGRAFIE": {"medie": 7.370000000000002, "reusita": 91.56626506024097, "cnt": 83}, "BIOLOGIE VEGETALA SI ANIMALA": {"medie": 5.226470588235294, "reusita": 64.70588235294117, "cnt": 17}, "FILOSOFIE": {"medie": 7.2, "reusita": 100.0, "cnt": 1}, "ECONOMIE": {"medie": 5.225, "reusita": 100.0, "cnt": 2}}, "nume": "LICEUL TEORETIC \"DECEBAL\"\tBucure\u0219ti"}