{"specializari": {"FILOLOGIE": 68, "STIINTE ALE NATURII": 56, "MATEMATICA-INFORMATICA": 74}, "limba_moderna": {"LIMBA ENGLEZA": 195, "LIMBA FRANCEZA": 3}, "limba_materna": {"LIMBA ROMANA": 198}, "promotie_anterioara": {"NU": 184, "DA": 14}, "materii": {"LIMBA ROMANA": {"medie": 7.143147208121826, "reusita": 94.94949494949495, "cnt": 198}, "MATEMATICA MATE-INFO": {"medie": 6.544594594594594, "reusita": 87.83783783783784, "cnt": 74}, "ANATOMIE SI FIZIOLOGIE UMANA, GENETICA SI ECOLOGIE UMANA": {"medie": 8.35925925925926, "reusita": 98.18181818181819, "cnt": 55}, "GENERAL": {"medie": 7.453996598639456, "reusita": 81.81818181818183, "cnt": 198}, "MATEMATICA ST-NAT": {"medie": 6.85267857142857, "reusita": 83.92857142857143, "cnt": 56}, "CHIMIE ORGANICA TEO NIVEL I/II": {"medie": 6.6499999999999995, "reusita": 100.0, "cnt": 3}, "CHIMIE ANORGANICA TEO NIVEL I/II": {"medie": 9.6, "reusita": 100.0, "cnt": 1}, "INFORMATICA MI C/C++": {"medie": 6.951851851851852, "reusita": 92.5925925925926, "cnt": 27}, "ISTORIE": {"medie": 8.650735294117647, "reusita": 100.0, "cnt": 68}, "LOGICA, ARGUMENTARE SI COMUNICARE": {"medie": 8.95892857142857, "reusita": 98.21428571428571, "cnt": 56}, "FIZICA TEO": {"medie": 6.573529411764706, "reusita": 82.35294117647058, "cnt": 17}, "SOCIOLOGIE": {"medie": 8.149999999999999, "reusita": 100.0, "cnt": 2}, "PSIHOLOGIE": {"medie": 9.9, "reusita": 100.0, "cnt": 3}, "GEOGRAFIE": {"medie": 8.38, "reusita": 100.0, "cnt": 5}, "BIOLOGIE VEGETALA SI ANIMALA": {"medie": 5.857407407407408, "reusita": 66.66666666666666, "cnt": 27}, "ECONOMIE": {"medie": 7.425000000000001, "reusita": 100.0, "cnt": 2}}, "nume": "LICEUL TEORETIC \"ION BARBU\" PITESTI\tArge\u0219"}