{"specializari": {"INVATATOR - EDUCATOARE": 51, "FILOLOGIE": 103, "MATEMATICA-INFORMATICA": 47, "ARTE PLASTICE SI DECORATIVE": 5}, "limba_moderna": {"LIMBA ENGLEZA": 189, "LIMBA FRANCEZA": 17}, "limba_materna": {"LIMBA ROMANA": 206}, "promotie_anterioara": {"NU": 189, "DA": 17}, "materii": {"LIMBA ROMANA": {"medie": 7.061330049261081, "reusita": 96.60194174757282, "cnt": 206}, "MATEMATICA MATE-INFO": {"medie": 6.54659090909091, "reusita": 70.2127659574468, "cnt": 47}, "ANATOMIE SI FIZIOLOGIE UMANA, GENETICA SI ECOLOGIE UMANA": {"medie": 7.023684210526315, "reusita": 95.0, "cnt": 20}, "GENERAL": {"medie": 7.559570957095721, "reusita": 82.03883495145631, "cnt": 206}, "INFORMATICA MI C/C++": {"medie": 7.403125, "reusita": 82.35294117647058, "cnt": 17}, "ISTORIE": {"medie": 7.479166666666664, "reusita": 96.29629629629629, "cnt": 108}, "LOGICA, ARGUMENTARE SI COMUNICARE": {"medie": 8.321153846153846, "reusita": 98.11320754716981, "cnt": 53}, "MATEMATICA PED": {"medie": 8.244000000000002, "reusita": 98.0392156862745, "cnt": 51}, "FIZICA TEO": {"medie": 7.6499999999999995, "reusita": 85.71428571428571, "cnt": 7}, "SOCIOLOGIE": {"medie": 7.431578947368419, "reusita": 89.47368421052632, "cnt": 19}, "PSIHOLOGIE": {"medie": 8.236363636363636, "reusita": 100.0, "cnt": 11}, "GEOGRAFIE": {"medie": 8.632894736842106, "reusita": 97.36842105263158, "cnt": 76}, "BIOLOGIE VEGETALA SI ANIMALA": {"medie": 6.666666666666667, "reusita": 100.0, "cnt": 3}}, "nume": "LICEUL TEORETIC \"NICOLAE TITULESCU\" SLATINA\tOlt"}