{"specializari": {"TEHNICIAN IN GASTRONOMIE": 13}, "limba_moderna": {"LIMBA ENGLEZA": 13}, "limba_materna": {"LIMBA ROMANA": 13}, "promotie_anterioara": {"NU": 11, "DA": 2}, "materii": {"LIMBA ROMANA": {"medie": 5.033333333333334, "reusita": 53.84615384615385, "cnt": 13}, "GENERAL": {"medie": 4.391666666666667, "reusita": 7.6923076923076925, "cnt": 13}, "GEOGRAFIE": {"medie": 5.479166666666665, "reusita": 53.84615384615385, "cnt": 13}, "MATEMATICA TEHN": {"medie": 2.6625, "reusita": 15.384615384615385, "cnt": 13}}, "nume": "LICEUL TEHNOLOGIC \"PETRU RARES\" BACAU\tBac\u0103u"}