{"specializari": {"STIINTE SOCIALE": 29, "STIINTE ALE NATURII": 30, "FILOLOGIE": 31, "MATEMATICA-INFORMATICA": 94}, "limba_moderna": {"LIMBA ENGLEZA": 182, "LIMBA FRANCEZA": 2}, "limba_materna": {"LIMBA ROMANA": 184}, "promotie_anterioara": {"NU": 175, "DA": 9}, "materii": {"LIMBA ROMANA": {"medie": 7.779076086956521, "reusita": 98.91304347826086, "cnt": 184}, "MATEMATICA MATE-INFO": {"medie": 7.424468085106384, "reusita": 95.74468085106383, "cnt": 94}, "ANATOMIE SI FIZIOLOGIE UMANA, GENETICA SI ECOLOGIE UMANA": {"medie": 8.380833333333337, "reusita": 96.72131147540983, "cnt": 61}, "GENERAL": {"medie": 7.994353369763209, "reusita": 92.93478260869566, "cnt": 184}, "MATEMATICA ST-NAT": {"medie": 8.403333333333332, "reusita": 96.66666666666667, "cnt": 30}, "CHIMIE ORGANICA TEO NIVEL I/II": {"medie": 8.525, "reusita": 100.0, "cnt": 4}, "INFORMATICA MI C/C++": {"medie": 7.756976744186045, "reusita": 100.0, "cnt": 43}, "ISTORIE": {"medie": 8.225833333333332, "reusita": 100.0, "cnt": 60}, "LOGICA, ARGUMENTARE SI COMUNICARE": {"medie": 8.994230769230766, "reusita": 100.0, "cnt": 26}, "FIZICA TEO": {"medie": 7.466666666666668, "reusita": 91.66666666666666, "cnt": 12}, "SOCIOLOGIE": {"medie": 8.871428571428572, "reusita": 100.0, "cnt": 7}, "PSIHOLOGIE": {"medie": 8.8375, "reusita": 100.0, "cnt": 4}, "GEOGRAFIE": {"medie": 9.038095238095236, "reusita": 100.0, "cnt": 21}, "INFORMATICA SN C/C++": {"medie": 5.85, "reusita": 100.0, "cnt": 2}, "BIOLOGIE VEGETALA SI ANIMALA": {"medie": 8.25, "reusita": 100.0, "cnt": 2}, "FILOSOFIE": {"medie": 8.1, "reusita": 100.0, "cnt": 1}, "ECONOMIE": {"medie": 5.9, "reusita": 100.0, "cnt": 1}}, "nume": "LICEUL TEORETIC \"STEFAN ODOBLEJA\"\tBucure\u0219ti"}