{"specializari": {"TEHNICIAN IN ADMINISTRATIE": 26}, "limba_moderna": {"LIMBA ENGLEZA": 26}, "limba_materna": {"LIMBA ROMANA": 26}, "promotie_anterioara": {"NU": 12, "DA": 14}, "materii": {"LIMBA ROMANA": {"medie": 6.040384615384616, "reusita": 92.3076923076923, "cnt": 26}, "GENERAL": {"medie": 5.975333333333333, "reusita": 34.61538461538461, "cnt": 26}, "GEOGRAFIE": {"medie": 7.161538461538462, "reusita": 96.15384615384616, "cnt": 26}, "MATEMATICA TEHN": {"medie": 4.721999999999999, "reusita": 50.0, "cnt": 26}}, "nume": "LICEUL TEHNOLOGIC BELIU\tArad"}