{"specializari": {"TEOLOGIE ORTODOXA": 23}, "limba_moderna": {"LIMBA ENGLEZA": 23}, "limba_materna": {"LIMBA ROMANA": 23}, "promotie_anterioara": {"NU": 20, "DA": 3}, "materii": {"LIMBA ROMANA": {"medie": 6.51304347826087, "reusita": 95.65217391304348, "cnt": 23}, "GENERAL": {"medie": 7.003030303030303, "reusita": 73.91304347826086, "cnt": 23}, "ISTORIE": {"medie": 6.872727272727271, "reusita": 95.65217391304348, "cnt": 23}, "LOGICA, ARGUMENTARE SI COMUNICARE": {"medie": 7.833333333333333, "reusita": 100.0, "cnt": 3}, "GEOGRAFIE": {"medie": 7.5578947368421066, "reusita": 95.0, "cnt": 20}}, "nume": "LICEUL ORTODOX \"EPISCOP ROMAN CIOROGARIU\" ORADEA\tBihor"}