{"specializari": {"ORGANIZATOR BANQUETING": 44, "TEHNICIAN TRANSPORTURI": 13, "TEHNICIAN ELECTRICIAN/ELECTRONIST AUTO": 38, "TEHNICIAN PROIECTANT CAD": 8, "FILOLOGIE": 1}, "limba_moderna": {"LIMBA ENGLEZA": 102, "LIMBA FRANCEZA": 2}, "limba_materna": {"LIMBA ROMANA": 47, "LIMBA MAGHIARA": 57}, "promotie_anterioara": {"NU": 73, "DA": 31}, "materii": {"LIMBA ROMANA": {"medie": 4.572680412371135, "reusita": 52.88461538461539, "cnt": 104}, "GENERAL": {"medie": 5.176666666666668, "reusita": 19.230769230769234, "cnt": 104}, "ISTORIE": {"medie": "-", "reusita": 0.0, "cnt": 1}, "PSIHOLOGIE": {"medie": 6.8, "reusita": 50.0, "cnt": 2}, "GEOGRAFIE": {"medie": 7.000000000000002, "reusita": 93.02325581395348, "cnt": 43}, "BIOLOGIE VEGETALA SI ANIMALA": {"medie": 4.370731707317073, "reusita": 42.22222222222222, "cnt": 45}, "MATEMATICA TEHN": {"medie": 4.92295918367347, "reusita": 58.252427184466015, "cnt": 103}, "LIMBA MAGHIARA (REAL)": {"medie": 5.989999999999998, "reusita": 82.14285714285714, "cnt": 56}, "LIMBA MAGHIARA (UMAN)": {"medie": "-", "reusita": 0.0, "cnt": 1}, "FIZICA TEH": {"medie": 4.4071428571428575, "reusita": 37.5, "cnt": 8}, "CHIMIE ANORGANICA TEH NIVEL I/II": {"medie": 4.491666666666666, "reusita": 66.66666666666666, "cnt": 6}}, "nume": "LICEUL TEHNOLOGIC \"GHEORGHE SINCAI\" TIRGU MURES\tMure\u0219"}