{"specializari": {"FILOLOGIE": 62, "MATEMATICA-INFORMATICA": 16, "STIINTE ALE NATURII": 43}, "limba_moderna": {"LIMBA ENGLEZA": 117, "LIMBA FRANCEZA": 4}, "limba_materna": {"LIMBA ROMANA": 121}, "promotie_anterioara": {"NU": 100, "DA": 21}, "materii": {"LIMBA ROMANA": {"medie": 6.375206611570248, "reusita": 92.56198347107438, "cnt": 121}, "MATEMATICA MATE-INFO": {"medie": 5.47, "reusita": 56.25, "cnt": 16}, "ANATOMIE SI FIZIOLOGIE UMANA, GENETICA SI ECOLOGIE UMANA": {"medie": 7.126724137931037, "reusita": 91.52542372881356, "cnt": 59}, "GENERAL": {"medie": 6.70486111111111, "reusita": 62.8099173553719, "cnt": 121}, "MATEMATICA ST-NAT": {"medie": 5.730232558139535, "reusita": 69.76744186046511, "cnt": 43}, "ISTORIE": {"medie": 6.651612903225807, "reusita": 88.70967741935483, "cnt": 62}, "LOGICA, ARGUMENTARE SI COMUNICARE": {"medie": 9.3, "reusita": 100.0, "cnt": 3}, "SOCIOLOGIE": {"medie": 8.5625, "reusita": 100.0, "cnt": 4}, "GEOGRAFIE": {"medie": 7.841818181818183, "reusita": 94.54545454545455, "cnt": 55}}, "nume": "LICEUL TEORETIC \"ION AGARBICEANU\" JIBOU\tS\u0103laj"}