{"specializari": {"STIINTE SOCIALE": 29, "LICEU CU PROGRAM SPORTIV": 22, "TEHNICIAN IN INDUSTRIA ALIMENTARA": 13, "STIINTE ALE NATURII": 1}, "limba_moderna": {"LIMBA ENGLEZA": 65}, "limba_materna": {"LIMBA ROMANA": 65}, "promotie_anterioara": {"NU": 49, "DA": 16}, "materii": {"LIMBA ROMANA": {"medie": 5.4975000000000005, "reusita": 70.76923076923077, "cnt": 65}, "ANATOMIE SI FIZIOLOGIE UMANA, GENETICA SI ECOLOGIE UMANA": {"medie": 4.544444444444444, "reusita": 45.45454545454545, "cnt": 11}, "GENERAL": {"medie": 5.645689655172412, "reusita": 29.230769230769234, "cnt": 65}, "MATEMATICA ST-NAT": {"medie": 3.55, "reusita": 0.0, "cnt": 1}, "ISTORIE": {"medie": 5.138541666666666, "reusita": 58.82352941176471, "cnt": 51}, "LOGICA, ARGUMENTARE SI COMUNICARE": {"medie": 6.883783783783783, "reusita": 73.17073170731707, "cnt": 41}, "GEOGRAFIE": {"medie": 5.915, "reusita": 90.0, "cnt": 10}, "BIOLOGIE VEGETALA SI ANIMALA": {"medie": 5.733333333333333, "reusita": 66.66666666666666, "cnt": 3}, "MATEMATICA TEHN": {"medie": 4.683333333333333, "reusita": 53.84615384615385, "cnt": 13}}, "nume": "LICEUL TEHNOLOGIC \"ION PODARU\" OVIDIU\tConstan\u021ba"}