{"specializari": {"FILOLOGIE": 33, "TEHNICIAN IN ACTIVITATI ECONOMICE": 57, "STIINTE SOCIALE": 39, "STIINTE ALE NATURII": 26, "TEHNICIAN DESENATOR PENTRU CONSTRUCTII SI INSTALATII": 3, "TEHNICIAN IN INDUSTRIA TEXTILA": 15, "MATEMATICA-INFORMATICA": 22, "TEHNICIAN IN AUTOMATIZARI": 3, "TEHNICIAN TRANSPORTURI": 3, "TEHNICIAN MECANIC PENTRU INTRETINERE SI REPARATII": 25, "TEHNICIAN IN INSTALATII ELECTRICE": 1}, "limba_moderna": {"LIMBA ENGLEZA": 211, "LIMBA FRANCEZA": 16}, "limba_materna": {"LIMBA ROMANA": 227}, "promotie_anterioara": {"NU": 173, "DA": 54}, "materii": {"LIMBA ROMANA": {"medie": 5.066425120772943, "reusita": 52.863436123348016, "cnt": 227}, "MATEMATICA MATE-INFO": {"medie": 2.8833333333333333, "reusita": 13.636363636363635, "cnt": 22}, "ANATOMIE SI FIZIOLOGIE UMANA, GENETICA SI ECOLOGIE UMANA": {"medie": 5.14078947368421, "reusita": 57.49999999999999, "cnt": 40}, "GENERAL": {"medie": 5.079914529914528, "reusita": 29.955947136563875, "cnt": 227}, "MATEMATICA ST-NAT": {"medie": 3.7687500000000003, "reusita": 26.923076923076923, "cnt": 26}, "ISTORIE": {"medie": 5.453521126760563, "reusita": 70.83333333333334, "cnt": 72}, "LOGICA, ARGUMENTARE SI COMUNICARE": {"medie": 7.140000000000001, "reusita": 80.0, "cnt": 5}, "FIZICA TEO": {"medie": 3.766666666666667, "reusita": 33.33333333333333, "cnt": 3}, "SOCIOLOGIE": {"medie": 7.356521739130434, "reusita": 95.65217391304348, "cnt": 23}, "PSIHOLOGIE": {"medie": 8.45, "reusita": 100.0, "cnt": 1}, "GEOGRAFIE": {"medie": 6.250543478260868, "reusita": 70.0, "cnt": 100}, "BIOLOGIE VEGETALA SI ANIMALA": {"medie": 3.847297297297298, "reusita": 22.641509433962266, "cnt": 53}, "MATEMATICA TEHN": {"medie": 4.1080246913580245, "reusita": 35.51401869158878, "cnt": 107}, "FIZICA TEH": {"medie": 5.8, "reusita": 100.0, "cnt": 1}, "CHIMIE ANORGANICA TEH NIVEL I/II": {"medie": 5.2, "reusita": 100.0, "cnt": 1}}, "nume": "LICEUL TEHNOLOGIC \"NICOLAE BALCESCU\" OLTENITA\tC\u0103l\u0103ra\u0219i"}