{"specializari": {"TEOLOGIE ORTODOXA": 27}, "limba_moderna": {"LIMBA ENGLEZA": 27}, "limba_materna": {"LIMBA ROMANA": 27}, "promotie_anterioara": {"NU": 19, "DA": 8}, "materii": {"LIMBA ROMANA": {"medie": 5.511538461538461, "reusita": 81.48148148148148, "cnt": 27}, "GENERAL": {"medie": 5.772435897435897, "reusita": 37.03703703703704, "cnt": 27}, "ISTORIE": {"medie": 5.605555555555556, "reusita": 70.37037037037037, "cnt": 27}, "GEOGRAFIE": {"medie": 6.127777777777777, "reusita": 70.37037037037037, "cnt": 27}}, "nume": "SEMINARUL TEOLOGIC ORTODOX \"SF. IOAN CASIAN\" TULCEA\tTulcea"}