{"specializari": {"TEOLOGIE ORTODOXA": 21, "PATRIMONIU CULTURAL": 28}, "limba_moderna": {"LIMBA ENGLEZA": 48, "LIMBA FRANCEZA": 1}, "limba_materna": {"LIMBA ROMANA": 49}, "promotie_anterioara": {"NU": 49}, "materii": {"LIMBA ROMANA": {"medie": 6.25408163265306, "reusita": 87.75510204081633, "cnt": 49}, "GENERAL": {"medie": 6.546938775510204, "reusita": 67.3469387755102, "cnt": 49}, "ISTORIE": {"medie": 6.437755102040818, "reusita": 89.79591836734694, "cnt": 49}, "LOGICA, ARGUMENTARE SI COMUNICARE": {"medie": 6.786666666666666, "reusita": 76.66666666666667, "cnt": 30}, "PSIHOLOGIE": {"medie": 6.5, "reusita": 100.0, "cnt": 1}, "GEOGRAFIE": {"medie": 7.2444444444444445, "reusita": 94.44444444444444, "cnt": 18}}, "nume": "SEMINARUL TEOLOGIC LICEAL ORTODOX \"SF.GHEORGHE\" BOTOSANI\tBoto\u0219ani"}