{"specializari": {"STIINTE ALE NATURII": 32, "STIINTE SOCIALE": 27, "MATEMATICA-INFORMATICA": 82, "FILOLOGIE": 60}, "limba_moderna": {"LIMBA ENGLEZA": 159, "LIMBA FRANCEZA": 42}, "limba_materna": {"LIMBA ROMANA": 201}, "promotie_anterioara": {"DA": 6, "NU": 195}, "materii": {"LIMBA ROMANA": {"medie": 7.268407960198998, "reusita": 95.52238805970148, "cnt": 201}, "MATEMATICA ST-NAT": {"medie": 8.638709677419353, "reusita": 96.875, "cnt": 32}, "ANATOMIE SI FIZIOLOGIE UMANA, GENETICA SI ECOLOGIE UMANA": {"medie": 8.733333333333334, "reusita": 100.0, "cnt": 3}, "GENERAL": {"medie": 7.96030150753769, "reusita": 89.55223880597015, "cnt": 201}, "MATEMATICA MATE-INFO": {"medie": 7.71036585365854, "reusita": 93.90243902439023, "cnt": 82}, "BIOLOGIE VEGETALA SI ANIMALA": {"medie": 8.017241379310345, "reusita": 96.55172413793103, "cnt": 29}, "ISTORIE": {"medie": 7.676162790697673, "reusita": 98.85057471264368, "cnt": 87}, "GEOGRAFIE": {"medie": 9.100000000000001, "reusita": 100.0, "cnt": 73}, "SOCIOLOGIE": {"medie": 9.7, "reusita": 100.0, "cnt": 1}, "LOGICA, ARGUMENTARE SI COMUNICARE": {"medie": 8.5875, "reusita": 100.0, "cnt": 4}, "PSIHOLOGIE": {"medie": 8.15, "reusita": 100.0, "cnt": 4}, "FILOSOFIE": {"medie": 9.733333333333333, "reusita": 100.0, "cnt": 3}, "FIZICA TEO": {"medie": 8.640425531914897, "reusita": 100.0, "cnt": 47}, "CHIMIE ORGANICA TEO NIVEL I/II": {"medie": 8.755714285714285, "reusita": 100.0, "cnt": 35}, "ECONOMIE": {"medie": 8.25, "reusita": 100.0, "cnt": 2}}, "nume": "COLEGIUL NATIONAL \"GEORGE COSBUC\" MOTRU\tGorj"}