{"specializari": {"MATEMATICA-INFORMATICA": 97, "LICEU CU PROGRAM SPORTIV": 36, "FILOLOGIE": 54, "STIINTE SOCIALE": 31}, "limba_moderna": {"LIMBA ENGLEZA": 209, "LIMBA FRANCEZA": 9}, "limba_materna": {"LIMBA ROMANA": 218}, "promotie_anterioara": {"DA": 25, "NU": 193}, "materii": {"LIMBA ROMANA": {"medie": 7.636046511627906, "reusita": 96.78899082568807, "cnt": 218}, "ANATOMIE SI FIZIOLOGIE UMANA, GENETICA SI ECOLOGIE UMANA": {"medie": 6.250000000000002, "reusita": 80.95238095238095, "cnt": 42}, "GENERAL": {"medie": 7.3879146919431316, "reusita": 76.14678899082568, "cnt": 218}, "MATEMATICA MATE-INFO": {"medie": 6.345698924731185, "reusita": 74.22680412371135, "cnt": 97}, "BIOLOGIE VEGETALA SI ANIMALA": {"medie": 4.4, "reusita": 50.0, "cnt": 2}, "ISTORIE": {"medie": 7.217916666666667, "reusita": 95.0413223140496, "cnt": 121}, "GEOGRAFIE": {"medie": 7.683636363636363, "reusita": 94.54545454545455, "cnt": 55}, "SOCIOLOGIE": {"medie": 9.36470588235294, "reusita": 100.0, "cnt": 17}, "LOGICA, ARGUMENTARE SI COMUNICARE": {"medie": 7.97093023255814, "reusita": 88.63636363636364, "cnt": 44}, "PSIHOLOGIE": {"medie": 7.659999999999999, "reusita": 100.0, "cnt": 5}, "FIZICA TEO": {"medie": 6.541666666666667, "reusita": 66.66666666666666, "cnt": 6}, "CHIMIE ORGANICA TEO NIVEL I/II": {"medie": 8.5, "reusita": 100.0, "cnt": 1}, "INFORMATICA MI C/C++": {"medie": 7.974358974358976, "reusita": 95.0, "cnt": 40}, "CHIMIE ANORGANICA TEO NIVEL I/II": {"medie": 6.95, "reusita": 100.0, "cnt": 6}}, "nume": "COLEGIUL NATIONAL \"OCTAV ONICESCU\"\tBucure\u0219ti"}