{"specializari": {"MATEMATICA-INFORMATICA": 121, "STIINTE ALE NATURII": 31, "STIINTE SOCIALE": 30, "FILOLOGIE": 28}, "limba_moderna": {"LIMBA ENGLEZA": 201, "LIMBA FRANCEZA": 9}, "limba_materna": {"LIMBA ROMANA": 210}, "promotie_anterioara": {"NU": 210}, "materii": {"LIMBA ROMANA": {"medie": 8.861904761904762, "reusita": 100.0, "cnt": 210}, "MATEMATICA ST-NAT": {"medie": 9.048387096774194, "reusita": 100.0, "cnt": 31}, "ANATOMIE SI FIZIOLOGIE UMANA, GENETICA SI ECOLOGIE UMANA": {"medie": 8.85, "reusita": 100.0, "cnt": 10}, "GENERAL": {"medie": 8.945317460317462, "reusita": 99.52380952380952, "cnt": 210}, "MATEMATICA MATE-INFO": {"medie": 8.835537190082642, "reusita": 99.17355371900827, "cnt": 121}, "BIOLOGIE VEGETALA SI ANIMALA": {"medie": 8.803846153846154, "reusita": 100.0, "cnt": 13}, "ISTORIE": {"medie": 9.133620689655174, "reusita": 100.0, "cnt": 58}, "GEOGRAFIE": {"medie": 9.127777777777778, "reusita": 100.0, "cnt": 18}, "SOCIOLOGIE": {"medie": 9.058333333333335, "reusita": 100.0, "cnt": 18}, "PSIHOLOGIE": {"medie": 9.049999999999999, "reusita": 100.0, "cnt": 3}, "FILOSOFIE": {"medie": 8.9, "reusita": 100.0, "cnt": 1}, "FIZICA TEO": {"medie": 8.885333333333335, "reusita": 98.66666666666667, "cnt": 75}, "CHIMIE ORGANICA TEO NIVEL I/II": {"medie": 9.420370370370371, "reusita": 100.0, "cnt": 27}, "INFORMATICA MI C/C++": {"medie": 8.94074074074074, "reusita": 100.0, "cnt": 27}, "ECONOMIE": {"medie": 9.261111111111111, "reusita": 100.0, "cnt": 18}}, "nume": "COLEGIUL NATIONAL \"UNIREA\" FOCSANI\tVrancea"}