{"specializari": {"MATEMATICA-INFORMATICA": 11, "TEHNICIAN ELECTRICIAN/ELECTRONIST AUTO": 17, "TEHNICIAN TRANSPORTURI": 24, "TEHNICIAN ELECTROTEHNIST": 2, "TEHNICIAN IN TURISM": 15, "TEHNICIAN OPERATOR TEHNICA DE CALCUL": 3, "TEHNICIAN IN HOTELARIE": 17, "LICEU CU PROGRAM SPORTIV": 14}, "limba_moderna": {"LIMBA ENGLEZA": 102, "LIMBA FRANCEZA": 1}, "limba_materna": {"LIMBA ROMANA": 103}, "promotie_anterioara": {"DA": 47, "NU": 56}, "materii": {"LIMBA ROMANA": {"medie": 4.780113636363638, "reusita": 56.310679611650485, "cnt": 103}, "GENERAL": {"medie": 4.489375000000002, "reusita": 9.70873786407767, "cnt": 103}, "MATEMATICA MATE-INFO": {"medie": 3.4250000000000003, "reusita": 36.36363636363637, "cnt": 11}, "BIOLOGIE VEGETALA SI ANIMALA": {"medie": 4.309459459459459, "reusita": 32.0, "cnt": 50}, "ISTORIE": {"medie": 4.93076923076923, "reusita": 50.0, "cnt": 14}, "GEOGRAFIE": {"medie": 5.6175000000000015, "reusita": 60.86956521739131, "cnt": 46}, "MATEMATICA TEHN": {"medie": 3.3954545454545464, "reusita": 30.76923076923077, "cnt": 78}, "FIZICA TEH": {"medie": 3.9416666666666664, "reusita": 28.57142857142857, "cnt": 7}}, "nume": "COLEGIUL TEHNIC \"IULIU MANIU\"\tBucure\u0219ti"}