{"specializari": {"MATEMATICA-INFORMATICA": 85, "STIINTE ALE NATURII": 33, "FILOLOGIE": 121}, "limba_moderna": {"LIMBA ENGLEZA": 210, "LIMBA FRANCEZA": 7, "LIMBA SPANIOLA": 22}, "limba_materna": {"LIMBA ROMANA": 239}, "promotie_anterioara": {"DA": 2, "NU": 237}, "materii": {"LIMBA ROMANA": {"medie": 8.636192468619242, "reusita": 99.581589958159, "cnt": 239}, "MATEMATICA ST-NAT": {"medie": 7.883333333333335, "reusita": 96.96969696969697, "cnt": 33}, "ANATOMIE SI FIZIOLOGIE UMANA, GENETICA SI ECOLOGIE UMANA": {"medie": 8.032812500000002, "reusita": 100.0, "cnt": 32}, "GENERAL": {"medie": 8.441143654114368, "reusita": 97.48953974895397, "cnt": 239}, "MATEMATICA MATE-INFO": {"medie": 8.01764705882353, "reusita": 98.82352941176471, "cnt": 85}, "BIOLOGIE VEGETALA SI ANIMALA": {"medie": 8.99, "reusita": 100.0, "cnt": 5}, "ISTORIE": {"medie": 8.395867768595041, "reusita": 100.0, "cnt": 121}, "GEOGRAFIE": {"medie": 8.76484375, "reusita": 98.4375, "cnt": 64}, "SOCIOLOGIE": {"medie": 8.486, "reusita": 100.0, "cnt": 25}, "LOGICA, ARGUMENTARE SI COMUNICARE": {"medie": 9.408333333333333, "reusita": 100.0, "cnt": 6}, "PSIHOLOGIE": {"medie": 8.531818181818181, "reusita": 100.0, "cnt": 11}, "FILOSOFIE": {"medie": 10.0, "reusita": 100.0, "cnt": 1}, "FIZICA TEO": {"medie": 8.590384615384615, "reusita": 100.0, "cnt": 26}, "CHIMIE ORGANICA TEO NIVEL I/II": {"medie": 8.497619047619047, "reusita": 100.0, "cnt": 21}, "INFORMATICA MI C/C++": {"medie": 8.281818181818181, "reusita": 100.0, "cnt": 33}, "CHIMIE ANORGANICA TEO NIVEL I/II": {"medie": 6.3, "reusita": 100.0, "cnt": 1}, "ECONOMIE": {"medie": 8.135714285714286, "reusita": 100.0, "cnt": 14}}, "nume": "COLEGIUL NATIONAL \"IULIA HASDEU\"\tBucure\u0219ti"}