{"specializari": {"STIINTE ALE NATURII": 42, "TEHNICIAN OPERATOR TEHNICA DE CALCUL": 19, "TEHNICIAN DESIGNER VESTIMENTAR": 7, "TEHNICIAN IN AUTOMATIZARI": 1, "TEHNICIAN IN TURISM": 52, "TEHNICIAN IN GASTRONOMIE": 25, "FILOLOGIE": 34, "STIINTE SOCIALE": 36, "TEHNICIAN ELECTROMECANIC": 3, "TEHNICIAN IN INSTALATII ELECTRICE": 9, "MATEMATICA-INFORMATICA": 29}, "limba_moderna": {"LIMBA ENGLEZA": 211, "LIMBA FRANCEZA": 46}, "limba_materna": {"LIMBA ROMANA": 257}, "promotie_anterioara": {"DA": 13, "NU": 244}, "materii": {"LIMBA ROMANA": {"medie": 6.443522267206474, "reusita": 87.54863813229572, "cnt": 257}, "MATEMATICA ST-NAT": {"medie": 6.976829268292684, "reusita": 88.09523809523809, "cnt": 42}, "ANATOMIE SI FIZIOLOGIE UMANA, GENETICA SI ECOLOGIE UMANA": {"medie": 7.570652173913046, "reusita": 91.48936170212765, "cnt": 47}, "GENERAL": {"medie": 6.615902777777773, "reusita": 61.86770428015564, "cnt": 257}, "MATEMATICA MATE-INFO": {"medie": 7.189655172413793, "reusita": 93.10344827586206, "cnt": 29}, "BIOLOGIE VEGETALA SI ANIMALA": {"medie": 4.244230769230769, "reusita": 25.806451612903224, "cnt": 31}, "ISTORIE": {"medie": 7.673571428571432, "reusita": 98.57142857142858, "cnt": 70}, "GEOGRAFIE": {"medie": 7.3983333333333325, "reusita": 93.54838709677419, "cnt": 31}, "MATEMATICA TEHN": {"medie": 4.426470588235294, "reusita": 43.96551724137931, "cnt": 116}, "FIZICA TEH": {"medie": 3.827777777777778, "reusita": 30.0, "cnt": 10}, "LOGICA, ARGUMENTARE SI COMUNICARE": {"medie": 7.7990990990991, "reusita": 93.10344827586206, "cnt": 116}, "FIZICA TEO": {"medie": 6.762500000000001, "reusita": 100.0, "cnt": 4}, "CHIMIE ORGANICA TEO NIVEL I/II": {"medie": 8.012500000000001, "reusita": 100.0, "cnt": 4}, "INFORMATICA MI C/C++": {"medie": 9.2, "reusita": 100.0, "cnt": 1}, "CHIMIE ANORGANICA TEO NIVEL I/II": {"medie": 7.6038461538461535, "reusita": 100.0, "cnt": 13}}, "nume": "COLEGIUL TEHNIC \"MIHAI BACESCU\" FALTICENI\tSuceava"}