{"specializari": {"STIINTE ALE NATURII": 67, "FILOLOGIE": 25, "STIINTE SOCIALE": 61, "MATEMATICA-INFORMATICA": 126}, "limba_moderna": {"LIMBA ENGLEZA": 219, "LIMBA FRANCEZA": 32, "LIMBA GERMANA MODERNA": 24, "LIMBA SPANIOLA": 4}, "limba_materna": {"LIMBA ROMANA": 279}, "promotie_anterioara": {"DA": 1, "NU": 278}, "materii": {"LIMBA ROMANA": {"medie": 8.598561151079137, "reusita": 99.6415770609319, "cnt": 279}, "MATEMATICA ST-NAT": {"medie": 8.371641791044775, "reusita": 100.0, "cnt": 67}, "ANATOMIE SI FIZIOLOGIE UMANA, GENETICA SI ECOLOGIE UMANA": {"medie": 9.00483870967742, "reusita": 100.0, "cnt": 93}, "GENERAL": {"medie": 8.738848920863296, "reusita": 98.9247311827957, "cnt": 279}, "MATEMATICA MATE-INFO": {"medie": 8.816666666666668, "reusita": 98.4126984126984, "cnt": 126}, "ISTORIE": {"medie": 8.789999999999997, "reusita": 98.83720930232558, "cnt": 86}, "GEOGRAFIE": {"medie": 9.056250000000002, "reusita": 96.96969696969697, "cnt": 33}, "SOCIOLOGIE": {"medie": 9.016666666666667, "reusita": 100.0, "cnt": 6}, "LOGICA, ARGUMENTARE SI COMUNICARE": {"medie": 9.116666666666667, "reusita": 100.0, "cnt": 30}, "PSIHOLOGIE": {"medie": 8.986363636363636, "reusita": 100.0, "cnt": 11}, "FILOSOFIE": {"medie": 9.1, "reusita": 100.0, "cnt": 1}, "FIZICA TEO": {"medie": 8.492307692307692, "reusita": 100.0, "cnt": 26}, "CHIMIE ORGANICA TEO NIVEL I/II": {"medie": 9.43, "reusita": 100.0, "cnt": 5}, "INFORMATICA MI C/C++": {"medie": 8.808695652173913, "reusita": 100.0, "cnt": 69}, "ECONOMIE": {"medie": 8.06, "reusita": 100.0, "cnt": 5}}, "nume": "COLEGIUL NATIONAL \"PETRU RARES\" SUCEAVA\tSuceava"}