{"specializari": {"MATEMATICA-INFORMATICA": 29, "FILOLOGIE": 86, "STIINTE ALE NATURII": 73, "STIINTE SOCIALE": 32}, "limba_moderna": {"LIMBA ENGLEZA": 204, "LIMBA FRANCEZA": 14, "LIMBA RUSA": 2}, "limba_materna": {"LIMBA ROMANA": 220}, "promotie_anterioara": {"DA": 2, "NU": 218}, "materii": {"LIMBA ROMANA": {"medie": 7.99375, "reusita": 95.45454545454545, "cnt": 220}, "MATEMATICA ST-NAT": {"medie": 7.7847222222222205, "reusita": 95.8904109589041, "cnt": 73}, "ANATOMIE SI FIZIOLOGIE UMANA, GENETICA SI ECOLOGIE UMANA": {"medie": 8.711267605633804, "reusita": 98.61111111111111, "cnt": 72}, "GENERAL": {"medie": 8.011111111111113, "reusita": 89.54545454545455, "cnt": 220}, "MATEMATICA MATE-INFO": {"medie": 8.389655172413791, "reusita": 100.0, "cnt": 29}, "ISTORIE": {"medie": 7.139130434782608, "reusita": 94.0677966101695, "cnt": 118}, "GEOGRAFIE": {"medie": 8.500892857142857, "reusita": 96.55172413793103, "cnt": 58}, "SOCIOLOGIE": {"medie": 8.675, "reusita": 100.0, "cnt": 4}, "LOGICA, ARGUMENTARE SI COMUNICARE": {"medie": 8.367346938775508, "reusita": 94.0, "cnt": 50}, "PSIHOLOGIE": {"medie": 7.949999999999999, "reusita": 100.0, "cnt": 2}, "FILOSOFIE": {"medie": 5.2875, "reusita": 50.0, "cnt": 4}, "FIZICA TEO": {"medie": 8.775, "reusita": 100.0, "cnt": 2}, "CHIMIE ORGANICA TEO NIVEL I/II": {"medie": 9.055555555555557, "reusita": 100.0, "cnt": 9}, "INFORMATICA MI C/C++": {"medie": 9.221428571428573, "reusita": 100.0, "cnt": 14}, "CHIMIE ANORGANICA TEO NIVEL I/II": {"medie": 7.06, "reusita": 100.0, "cnt": 5}}, "nume": "COLEGIUL NATIONAL \"MIHAIL SADOVEANU\", PASCANI\tIa\u0219i"}