{"specializari": {"ORGANIZATOR BANQUETING": 33, "TEHNICIAN IN TURISM": 40, "TEHNICIAN IN ACTIVITATI DE COMERT": 66, "TEHNICIAN IN ACTIVITATI ECONOMICE": 55, "TEHNICIAN IN GASTRONOMIE": 5}, "limba_moderna": {"LIMBA ENGLEZA": 193, "LIMBA FRANCEZA": 6}, "limba_materna": {"LIMBA ROMANA": 199}, "promotie_anterioara": {"DA": 29, "NU": 170}, "materii": {"LIMBA ROMANA": {"medie": 5.740211640211638, "reusita": 73.86934673366834, "cnt": 199}, "GENERAL": {"medie": 5.885112359550566, "reusita": 46.231155778894475, "cnt": 199}, "GEOGRAFIE": {"medie": 6.49903846153846, "reusita": 70.6896551724138, "cnt": 58}, "MATEMATICA TEHN": {"medie": 4.946089385474863, "reusita": 50.25125628140703, "cnt": 199}, "LOGICA, ARGUMENTARE SI COMUNICARE": {"medie": 6.894402985074623, "reusita": 77.30496453900709, "cnt": 141}}, "nume": "COLEGIUL ECONOMIC MANGALIA\tConstan\u021ba"}