{"specializari": {"MATEMATICA-INFORMATICA": 122, "STIINTE SOCIALE": 35, "FILOLOGIE": 63, "STIINTE ALE NATURII": 57}, "limba_moderna": {"LIMBA ENGLEZA": 270, "LIMBA FRANCEZA": 6, "LIMBA GERMANA MODERNA": 1}, "limba_materna": {"LIMBA ROMANA": 277}, "promotie_anterioara": {"DA": 3, "NU": 274}, "materii": {"LIMBA ROMANA": {"medie": 8.685740072202165, "reusita": 99.63898916967509, "cnt": 277}, "MATEMATICA ST-NAT": {"medie": 8.467543859649123, "reusita": 98.24561403508771, "cnt": 57}, "ANATOMIE SI FIZIOLOGIE UMANA, GENETICA SI ECOLOGIE UMANA": {"medie": 9.106249999999998, "reusita": 98.76543209876543, "cnt": 81}, "GENERAL": {"medie": 8.814371980676327, "reusita": 98.55595667870037, "cnt": 277}, "MATEMATICA MATE-INFO": {"medie": 8.94214876033058, "reusita": 98.36065573770492, "cnt": 122}, "BIOLOGIE VEGETALA SI ANIMALA": {"medie": 8.9, "reusita": 100.0, "cnt": 5}, "ISTORIE": {"medie": 8.871428571428574, "reusita": 100.0, "cnt": 98}, "GEOGRAFIE": {"medie": 8.640909090909092, "reusita": 100.0, "cnt": 11}, "SOCIOLOGIE": {"medie": 9.358823529411765, "reusita": 100.0, "cnt": 51}, "LOGICA, ARGUMENTARE SI COMUNICARE": {"medie": 9.691666666666666, "reusita": 100.0, "cnt": 12}, "PSIHOLOGIE": {"medie": 9.0875, "reusita": 100.0, "cnt": 8}, "FIZICA TEO": {"medie": 8.611458333333333, "reusita": 100.0, "cnt": 48}, "CHIMIE ORGANICA TEO NIVEL I/II": {"medie": 8.590909090909092, "reusita": 100.0, "cnt": 22}, "INFORMATICA MI C/C++": {"medie": 8.366666666666665, "reusita": 95.23809523809523, "cnt": 21}, "CHIMIE ANORGANICA TEO NIVEL I/II": {"medie": 9.625, "reusita": 100.0, "cnt": 2}, "ECONOMIE": {"medie": 8.3125, "reusita": 100.0, "cnt": 16}}, "nume": "COLEGIUL NATIONAL \"MATEI BASARAB\"\tBucure\u0219ti"}