{"specializari": {"STIINTE ALE NATURII": 56, "FILOLOGIE": 59, "STIINTE SOCIALE": 80, "MATEMATICA-INFORMATICA": 14}, "limba_moderna": {"LIMBA ENGLEZA": 205, "LIMBA FRANCEZA": 4}, "limba_materna": {"LIMBA ROMANA": 209}, "promotie_anterioara": {"DA": 12, "NU": 197}, "materii": {"LIMBA ROMANA": {"medie": 7.53578431372549, "reusita": 91.86602870813397, "cnt": 209}, "MATEMATICA ST-NAT": {"medie": 8.486363636363635, "reusita": 98.21428571428571, "cnt": 56}, "ANATOMIE SI FIZIOLOGIE UMANA, GENETICA SI ECOLOGIE UMANA": {"medie": 8.803846153846154, "reusita": 98.11320754716981, "cnt": 53}, "GENERAL": {"medie": 7.7731848184818455, "reusita": 84.21052631578947, "cnt": 209}, "MATEMATICA MATE-INFO": {"medie": 7.967857142857143, "reusita": 100.0, "cnt": 14}, "ISTORIE": {"medie": 7.028888888888887, "reusita": 94.24460431654677, "cnt": 139}, "GEOGRAFIE": {"medie": 8.28125, "reusita": 95.94594594594594, "cnt": 74}, "SOCIOLOGIE": {"medie": 6.709999999999999, "reusita": 80.0, "cnt": 5}, "LOGICA, ARGUMENTARE SI COMUNICARE": {"medie": 7.732758620689657, "reusita": 86.4406779661017, "cnt": 59}, "FILOSOFIE": {"medie": 6.0, "reusita": 100.0, "cnt": 1}, "FIZICA TEO": {"medie": 9.6, "reusita": 100.0, "cnt": 1}, "CHIMIE ORGANICA TEO NIVEL I/II": {"medie": 8.75, "reusita": 100.0, "cnt": 8}, "INFORMATICA MI C/C++": {"medie": 8.389999999999999, "reusita": 100.0, "cnt": 5}, "INFORMATICA SN C/C++": {"medie": 7.783333333333334, "reusita": 100.0, "cnt": 3}}, "nume": "COLEGIUL NATIONAL \"GRIGORE GHICA\" DOROHOI\tBoto\u0219ani"}