{"specializari": {"STIINTE ALE NATURII": 102, "MATEMATICA-INFORMATICA": 30, "FILOLOGIE": 37, "STIINTE SOCIALE": 34}, "limba_moderna": {"LIMBA ENGLEZA": 198, "LIMBA FRANCEZA": 5}, "limba_materna": {"LIMBA ROMANA": 203}, "promotie_anterioara": {"DA": 4, "NU": 199}, "materii": {"LIMBA ROMANA": {"medie": 7.821608040201006, "reusita": 97.53694581280789, "cnt": 203}, "MATEMATICA ST-NAT": {"medie": 7.932352941176471, "reusita": 98.0392156862745, "cnt": 102}, "ANATOMIE SI FIZIOLOGIE UMANA, GENETICA SI ECOLOGIE UMANA": {"medie": 8.79102564102564, "reusita": 100.0, "cnt": 78}, "GENERAL": {"medie": 8.13492462311558, "reusita": 93.10344827586206, "cnt": 203}, "MATEMATICA MATE-INFO": {"medie": 7.800000000000002, "reusita": 93.33333333333333, "cnt": 30}, "BIOLOGIE VEGETALA SI ANIMALA": {"medie": 8.577272727272728, "reusita": 100.0, "cnt": 11}, "ISTORIE": {"medie": 8.223880597014928, "reusita": 94.36619718309859, "cnt": 71}, "GEOGRAFIE": {"medie": 8.784615384615385, "reusita": 86.66666666666667, "cnt": 15}, "LOGICA, ARGUMENTARE SI COMUNICARE": {"medie": 9.011458333333334, "reusita": 94.0, "cnt": 50}, "PSIHOLOGIE": {"medie": 8.0125, "reusita": 100.0, "cnt": 4}, "FIZICA TEO": {"medie": 7.7266666666666675, "reusita": 96.66666666666667, "cnt": 30}, "CHIMIE ORGANICA TEO NIVEL I/II": {"medie": 8.164285714285715, "reusita": 100.0, "cnt": 7}, "INFORMATICA MI C/C++": {"medie": 6.4399999999999995, "reusita": 80.0, "cnt": 5}, "ECONOMIE": {"medie": 9.15, "reusita": 100.0, "cnt": 2}, "INFORMATICA SN C/C++": {"medie": 7.65, "reusita": 100.0, "cnt": 1}}, "nume": "COLEGIUL NATIONAL \"MIHAI EMINESCU\" CONSTANTA\tConstan\u021ba"}