{"specializari": {"INVATATOR - EDUCATOARE": 38, "MATEMATICA-INFORMATICA": 52, "FILOLOGIE": 24, "STIINTE SOCIALE": 90}, "limba_moderna": {"LIMBA ENGLEZA": 182, "LIMBA FRANCEZA": 22}, "limba_materna": {"LIMBA ROMANA": 204}, "promotie_anterioara": {"DA": 1, "NU": 203}, "materii": {"LIMBA ROMANA": {"medie": 8.003431372549018, "reusita": 99.50980392156863, "cnt": 204}, "ANATOMIE SI FIZIOLOGIE UMANA, GENETICA SI ECOLOGIE UMANA": {"medie": 8.315909090909091, "reusita": 100.0, "cnt": 22}, "GENERAL": {"medie": 8.393431855500825, "reusita": 96.07843137254902, "cnt": 204}, "MATEMATICA MATE-INFO": {"medie": 7.96923076923077, "reusita": 94.23076923076923, "cnt": 52}, "ISTORIE": {"medie": 8.597807017543861, "reusita": 100.0, "cnt": 114}, "GEOGRAFIE": {"medie": 8.984090909090908, "reusita": 100.0, "cnt": 22}, "SOCIOLOGIE": {"medie": 8.35, "reusita": 100.0, "cnt": 2}, "MATEMATICA PED": {"medie": 8.61973684210526, "reusita": 97.36842105263158, "cnt": 38}, "LOGICA, ARGUMENTARE SI COMUNICARE": {"medie": 8.878037383177569, "reusita": 99.07407407407408, "cnt": 108}, "PSIHOLOGIE": {"medie": 8.582142857142857, "reusita": 100.0, "cnt": 14}, "FILOSOFIE": {"medie": 9.2875, "reusita": 100.0, "cnt": 4}, "FIZICA TEO": {"medie": 6.57857142857143, "reusita": 85.71428571428571, "cnt": 7}, "CHIMIE ORGANICA TEO NIVEL I/II": {"medie": 8.2, "reusita": 100.0, "cnt": 1}, "INFORMATICA MI C/C++": {"medie": 8.845454545454546, "reusita": 100.0, "cnt": 22}, "ECONOMIE": {"medie": 8.8, "reusita": 100.0, "cnt": 2}}, "nume": "COLEGIUL NATIONAL \"MIHAI EMINESCU\" SUCEAVA\tSuceava"}