{"specializari": {"FILOLOGIE": 31, "MATEMATICA-INFORMATICA": 32, "STIINTE SOCIALE": 46, "STIINTE ALE NATURII": 73, "TEHNICIAN IN ACTIVITATI ECONOMICE": 29}, "limba_moderna": {"LIMBA ENGLEZA": 201, "LIMBA FRANCEZA": 9, "LIMBA GERMANA MODERNA": 1}, "limba_materna": {"LIMBA MAGHIARA": 35, "LIMBA ROMANA": 176}, "promotie_anterioara": {"DA": 7, "NU": 204}, "materii": {"LIMBA ROMANA": {"medie": 8.153827751196168, "reusita": 96.6824644549763, "cnt": 211}, "MATEMATICA ST-NAT": {"medie": 8.148630136986302, "reusita": 98.63013698630137, "cnt": 73}, "ANATOMIE SI FIZIOLOGIE UMANA, GENETICA SI ECOLOGIE UMANA": {"medie": 8.827551020408162, "reusita": 100.0, "cnt": 49}, "GENERAL": {"medie": 8.373036858974361, "reusita": 93.36492890995261, "cnt": 211}, "MATEMATICA MATE-INFO": {"medie": 7.9935483870967765, "reusita": 96.875, "cnt": 32}, "BIOLOGIE VEGETALA SI ANIMALA": {"medie": 9.225, "reusita": 100.0, "cnt": 2}, "ISTORIE": {"medie": 8.186, "reusita": 96.1038961038961, "cnt": 77}, "GEOGRAFIE": {"medie": 8.451249999999998, "reusita": 97.5609756097561, "cnt": 41}, "MATEMATICA TEHN": {"medie": 8.072413793103449, "reusita": 100.0, "cnt": 29}, "SOCIOLOGIE": {"medie": 8.989285714285714, "reusita": 100.0, "cnt": 14}, "LOGICA, ARGUMENTARE SI COMUNICARE": {"medie": 9.264893617021277, "reusita": 97.91666666666666, "cnt": 48}, "PSIHOLOGIE": {"medie": 6.55, "reusita": 100.0, "cnt": 1}, "FILOSOFIE": {"medie": 7.925000000000001, "reusita": 100.0, "cnt": 2}, "LIMBA MAGHIARA (REAL)": {"medie": 8.0125, "reusita": 100.0, "cnt": 16}, "LIMBA MAGHIARA (UMAN)": {"medie": 6.602631578947369, "reusita": 89.47368421052632, "cnt": 19}, "FIZICA TEO": {"medie": 8.116666666666665, "reusita": 100.0, "cnt": 6}, "CHIMIE ORGANICA TEO NIVEL I/II": {"medie": 8.940322580645159, "reusita": 100.0, "cnt": 31}, "INFORMATICA MI C/C++": {"medie": 8.24642857142857, "reusita": 100.0, "cnt": 14}, "INFORMATICA SN C/C++": {"medie": 8.266666666666667, "reusita": 100.0, "cnt": 3}}, "nume": "COLEGIUL NATIONAL \"ANDREI MURESANU\" BISTRITA\tBistri\u021ba-N\u0103s\u0103ud"}