{"specializari": {"TEHNICIAN IN ACTIVITATI ECONOMICE": 284, "TEHNICIAN IN TURISM": 33}, "limba_moderna": {"LIMBA ENGLEZA": 308, "LIMBA FRANCEZA": 4, "LIMBA GERMANA MODERNA": 2, "LIMBA RUSA": 3}, "limba_materna": {"LIMBA ROMANA": 317}, "promotie_anterioara": {"DA": 2, "NU": 315}, "materii": {"LIMBA ROMANA": {"medie": 7.967823343848578, "reusita": 99.6845425867508, "cnt": 317}, "GENERAL": {"medie": 8.221924290220821, "reusita": 97.47634069400631, "cnt": 317}, "GEOGRAFIE": {"medie": 8.750183150183146, "reusita": 100.0, "cnt": 273}, "MATEMATICA TEHN": {"medie": 7.995583596214508, "reusita": 99.36908517350159, "cnt": 317}, "LOGICA, ARGUMENTARE SI COMUNICARE": {"medie": 8.336666666666668, "reusita": 93.33333333333333, "cnt": 15}, "PSIHOLOGIE": {"medie": 8.346153846153848, "reusita": 100.0, "cnt": 13}, "ECONOMIE": {"medie": 8.518749999999999, "reusita": 93.75, "cnt": 16}}, "nume": "COLEGIUL ECONOMIC \"V. MADGEARU\"\tBucure\u0219ti"}