{"specializari": {"MUZICA": 54}, "limba_moderna": {"LIMBA ENGLEZA": 54}, "limba_materna": {"LIMBA ROMANA": 54}, "promotie_anterioara": {"DA": 3, "NU": 51}, "materii": {"LIMBA ROMANA": {"medie": 6.5660000000000025, "reusita": 83.33333333333334, "cnt": 54}, "GENERAL": {"medie": 7.111666666666667, "reusita": 75.92592592592592, "cnt": 54}, "ISTORIE": {"medie": 7.000000000000001, "reusita": 87.03703703703704, "cnt": 54}, "GEOGRAFIE": {"medie": 7.901250000000002, "reusita": 92.85714285714286, "cnt": 42}, "LOGICA, ARGUMENTARE SI COMUNICARE": {"medie": 7.15, "reusita": 50.0, "cnt": 10}, "PSIHOLOGIE": {"medie": 7.6000000000000005, "reusita": 100.0, "cnt": 2}}, "nume": "COLEGIUL NATIONAL DE MUZICA \"GEORGE ENESCU\"\tBucure\u0219ti"}