{"specializari": {"FILOLOGIE": 90, "STIINTE ALE NATURII": 21, "MATEMATICA-INFORMATICA": 49, "STIINTE SOCIALE": 26}, "limba_moderna": {"LIMBA ENGLEZA": 164, "LIMBA FRANCEZA": 8, "LIMBA ITALIANA": 14}, "limba_materna": {"LIMBA ROMANA": 186}, "promotie_anterioara": {"DA": 5, "NU": 181}, "materii": {"LIMBA ROMANA": {"medie": 8.30271739130435, "reusita": 98.38709677419355, "cnt": 186}, "MATEMATICA ST-NAT": {"medie": 5.2785714285714285, "reusita": 61.904761904761905, "cnt": 21}, "ANATOMIE SI FIZIOLOGIE UMANA, GENETICA SI ECOLOGIE UMANA": {"medie": 7.974999999999998, "reusita": 84.84848484848484, "cnt": 33}, "GENERAL": {"medie": 8.140619307832427, "reusita": 89.78494623655914, "cnt": 186}, "MATEMATICA MATE-INFO": {"medie": 8.302083333333334, "reusita": 97.95918367346938, "cnt": 49}, "ISTORIE": {"medie": 7.743478260869567, "reusita": 99.13793103448276, "cnt": 116}, "GEOGRAFIE": {"medie": 8.764351851851846, "reusita": 98.1651376146789, "cnt": 109}, "SOCIOLOGIE": {"medie": 9.25, "reusita": 100.0, "cnt": 2}, "PSIHOLOGIE": {"medie": 8.22, "reusita": 100.0, "cnt": 5}, "FIZICA TEO": {"medie": 8.129545454545454, "reusita": 95.45454545454545, "cnt": 22}, "CHIMIE ORGANICA TEO NIVEL I/II": {"medie": 9.10625, "reusita": 100.0, "cnt": 8}, "CHIMIE ANORGANICA TEO NIVEL I/II": {"medie": 7.057142857142857, "reusita": 100.0, "cnt": 7}}, "nume": "COLEGIUL NATIONAL \"NICOLAE TITULESCU\" PUCIOASA\tD\u00e2mbovi\u021ba"}