{"specializari": {"MATEMATICA-INFORMATICA": 4, "TEHNICIAN IN ACTIVITATI ECONOMICE": 74, "TEHNICIAN IN ACTIVITATI DE COMERT": 15, "TEHNICIAN IN TURISM": 28, "TEHNICIAN IN GASTRONOMIE": 1, "TEHNICIAN IN ADMINISTRATIE": 2}, "limba_moderna": {"LIMBA ENGLEZA": 124}, "limba_materna": {"LIMBA ROMANA": 124}, "promotie_anterioara": {"DA": 31, "NU": 93}, "materii": {"LIMBA ROMANA": {"medie": 6.228813559322039, "reusita": 84.67741935483872, "cnt": 124}, "GENERAL": {"medie": 6.270648967551622, "reusita": 52.41935483870967, "cnt": 124}, "MATEMATICA MATE-INFO": {"medie": 5.275, "reusita": 100.0, "cnt": 4}, "BIOLOGIE VEGETALA SI ANIMALA": {"medie": 6.112500000000001, "reusita": 100.0, "cnt": 4}, "GEOGRAFIE": {"medie": 7.445394736842106, "reusita": 85.71428571428571, "cnt": 84}, "MATEMATICA TEHN": {"medie": 5.526576576576578, "reusita": 65.83333333333333, "cnt": 120}, "PSIHOLOGIE": {"medie": 5.979999999999999, "reusita": 86.66666666666667, "cnt": 30}, "ECONOMIE": {"medie": 7.625, "reusita": 100.0, "cnt": 6}}, "nume": "COLEGIUL ECONOMIC CALARASI\tC\u0103l\u0103ra\u0219i"}