{"specializari": {"STIINTE ALE NATURII": 26, "FILOLOGIE": 54, "MATEMATICA-INFORMATICA": 57, "STIINTE SOCIALE": 29}, "limba_moderna": {"LIMBA ENGLEZA": 129, "LIMBA FRANCEZA": 37}, "limba_materna": {"LIMBA ROMANA": 166}, "promotie_anterioara": {"DA": 8, "NU": 158}, "materii": {"LIMBA ROMANA": {"medie": 7.4099397590361455, "reusita": 98.19277108433735, "cnt": 166}, "MATEMATICA ST-NAT": {"medie": 6.087999999999999, "reusita": 80.76923076923077, "cnt": 26}, "ANATOMIE SI FIZIOLOGIE UMANA, GENETICA SI ECOLOGIE UMANA": {"medie": 8.351694915254235, "reusita": 96.61016949152543, "cnt": 59}, "GENERAL": {"medie": 7.777070707070707, "reusita": 86.14457831325302, "cnt": 166}, "MATEMATICA MATE-INFO": {"medie": 8.29561403508772, "reusita": 96.49122807017544, "cnt": 57}, "ISTORIE": {"medie": 7.857228915662653, "reusita": 100.0, "cnt": 83}, "GEOGRAFIE": {"medie": 8.064516129032258, "reusita": 100.0, "cnt": 31}, "SOCIOLOGIE": {"medie": 8.043333333333333, "reusita": 100.0, "cnt": 30}, "LOGICA, ARGUMENTARE SI COMUNICARE": {"medie": 8.653571428571428, "reusita": 100.0, "cnt": 14}, "PSIHOLOGIE": {"medie": 6.25, "reusita": 100.0, "cnt": 5}, "FILOSOFIE": {"medie": 5.5, "reusita": 100.0, "cnt": 1}, "FIZICA TEO": {"medie": 8.95, "reusita": 100.0, "cnt": 7}, "INFORMATICA MI C/C++": {"medie": 7.826470588235295, "reusita": 94.11764705882352, "cnt": 17}, "ECONOMIE": {"medie": 9.274999999999999, "reusita": 100.0, "cnt": 2}}, "nume": "COLEGIUL NATIONAL \"DRAGOS VODA\" CAMPULUNG MOLDOVENESC\tSuceava"}