{"specializari": {"MATEMATICA-INFORMATICA": 56, "STIINTE SOCIALE": 42, "STIINTE ALE NATURII": 55, "FILOLOGIE": 31}, "limba_moderna": {"LIMBA ENGLEZA": 183, "LIMBA FRANCEZA": 1}, "limba_materna": {"LIMBA ROMANA": 184}, "promotie_anterioara": {"DA": 9, "NU": 175}, "materii": {"LIMBA ROMANA": {"medie": 7.603333333333329, "reusita": 94.56521739130434, "cnt": 184}, "MATEMATICA ST-NAT": {"medie": 8.177272727272728, "reusita": 98.18181818181819, "cnt": 55}, "ANATOMIE SI FIZIOLOGIE UMANA, GENETICA SI ECOLOGIE UMANA": {"medie": 8.2, "reusita": 93.18181818181817, "cnt": 44}, "GENERAL": {"medie": 7.863764044943814, "reusita": 88.58695652173914, "cnt": 184}, "MATEMATICA MATE-INFO": {"medie": 7.140909090909093, "reusita": 91.07142857142857, "cnt": 56}, "BIOLOGIE VEGETALA SI ANIMALA": {"medie": 7.682142857142857, "reusita": 92.85714285714286, "cnt": 14}, "ISTORIE": {"medie": 8.295714285714284, "reusita": 94.52054794520548, "cnt": 73}, "GEOGRAFIE": {"medie": 7.736666666666665, "reusita": 97.82608695652173, "cnt": 46}, "SOCIOLOGIE": {"medie": 7.593478260869564, "reusita": 95.65217391304348, "cnt": 23}, "LOGICA, ARGUMENTARE SI COMUNICARE": {"medie": 9.466666666666667, "reusita": 100.0, "cnt": 3}, "PSIHOLOGIE": {"medie": 9.35, "reusita": 100.0, "cnt": 1}, "FIZICA TEO": {"medie": 7.8999999999999995, "reusita": 100.0, "cnt": 4}, "CHIMIE ORGANICA TEO NIVEL I/II": {"medie": 8.581249999999999, "reusita": 100.0, "cnt": 16}, "INFORMATICA MI C/C++": {"medie": 7.988888888888888, "reusita": 96.29629629629629, "cnt": 27}, "CHIMIE ANORGANICA TEO NIVEL I/II": {"medie": 4.800000000000001, "reusita": 50.0, "cnt": 2}, "INFORMATICA SN C/C++": {"medie": 8.675, "reusita": 100.0, "cnt": 4}}, "nume": "COLEGIUL NATIONAL \"IANCU DE HUNEDOARA\" HUNEDOARA\tHunedoara"}