{"specializari": {"MATEMATICA-INFORMATICA": 81, "FILOLOGIE": 86}, "limba_moderna": {"LIMBA ENGLEZA": 167}, "limba_materna": {"LIMBA ROMANA": 167}, "promotie_anterioara": {"NU": 167}, "materii": {"LIMBA ROMANA": {"medie": 8.861077844311374, "reusita": 100.0, "cnt": 167}, "ANATOMIE SI FIZIOLOGIE UMANA, GENETICA SI ECOLOGIE UMANA": {"medie": 9.321428571428571, "reusita": 100.0, "cnt": 14}, "GENERAL": {"medie": 8.971157684630743, "reusita": 99.40119760479041, "cnt": 167}, "MATEMATICA MATE-INFO": {"medie": 8.808641975308642, "reusita": 98.76543209876543, "cnt": 81}, "ISTORIE": {"medie": 9.159302325581397, "reusita": 100.0, "cnt": 86}, "GEOGRAFIE": {"medie": 8.8625, "reusita": 100.0, "cnt": 20}, "SOCIOLOGIE": {"medie": 9.566666666666666, "reusita": 100.0, "cnt": 12}, "LOGICA, ARGUMENTARE SI COMUNICARE": {"medie": 9.360416666666667, "reusita": 100.0, "cnt": 24}, "PSIHOLOGIE": {"medie": 8.973076923076924, "reusita": 100.0, "cnt": 13}, "FILOSOFIE": {"medie": 9.2, "reusita": 100.0, "cnt": 2}, "FIZICA TEO": {"medie": 8.706249999999999, "reusita": 100.0, "cnt": 24}, "CHIMIE ORGANICA TEO NIVEL I/II": {"medie": 9.005, "reusita": 100.0, "cnt": 10}, "INFORMATICA MI C/C++": {"medie": 9.001515151515152, "reusita": 100.0, "cnt": 33}, "ECONOMIE": {"medie": 9.016666666666667, "reusita": 100.0, "cnt": 15}}, "nume": "COLEGIUL NATIONAL BILINGV \"GEORGE COSBUC\"\tBucure\u0219ti"}