{"specializari": {"FILOLOGIE": 30, "STIINTE SOCIALE": 30, "STIINTE ALE NATURII": 30, "MATEMATICA-INFORMATICA": 112}, "limba_moderna": {"LIMBA FRANCEZA": 9, "LIMBA ENGLEZA": 193}, "limba_materna": {"LIMBA ROMANA": 202}, "promotie_anterioara": {"DA": 1, "NU": 201}, "materii": {"LIMBA ROMANA": {"medie": 9.005693069306929, "reusita": 100.0, "cnt": 202}, "MATEMATICA ST-NAT": {"medie": 8.713333333333333, "reusita": 100.0, "cnt": 30}, "ANATOMIE SI FIZIOLOGIE UMANA, GENETICA SI ECOLOGIE UMANA": {"medie": 9.071818181818182, "reusita": 100.0, "cnt": 55}, "GENERAL": {"medie": 8.83349834983498, "reusita": 97.52475247524752, "cnt": 202}, "MATEMATICA MATE-INFO": {"medie": 8.372321428571428, "reusita": 97.32142857142857, "cnt": 112}, "BIOLOGIE VEGETALA SI ANIMALA": {"medie": 9.641666666666666, "reusita": 100.0, "cnt": 6}, "ISTORIE": {"medie": 8.893333333333329, "reusita": 98.33333333333333, "cnt": 60}, "GEOGRAFIE": {"medie": 8.679166666666667, "reusita": 100.0, "cnt": 12}, "SOCIOLOGIE": {"medie": 9.825, "reusita": 100.0, "cnt": 2}, "LOGICA, ARGUMENTARE SI COMUNICARE": {"medie": 9.4125, "reusita": 100.0, "cnt": 40}, "PSIHOLOGIE": {"medie": 9.049999999999999, "reusita": 100.0, "cnt": 3}, "FILOSOFIE": {"medie": 9.3, "reusita": 100.0, "cnt": 1}, "FIZICA TEO": {"medie": 8.307291666666666, "reusita": 97.91666666666666, "cnt": 48}, "CHIMIE ORGANICA TEO NIVEL I/II": {"medie": 8.805263157894737, "reusita": 100.0, "cnt": 19}, "INFORMATICA MI C/C++": {"medie": 8.914285714285715, "reusita": 100.0, "cnt": 14}, "ECONOMIE": {"medie": 8.425, "reusita": 100.0, "cnt": 2}}, "nume": "COLEGIUL NATIONAL \"MIHAI VITEAZUL\" SLOBOZIA\tIalomi\u021ba"}