{"specializari": {"STIINTE SOCIALE": 64, "MATEMATICA-INFORMATICA": 38, "STIINTE ALE NATURII": 60, "TEHNICIAN MECANIC PENTRU INTRETINERE SI REPARATII": 1, "TEHNICIAN PRELUCRARI MECANICE": 1, "FILOLOGIE": 35}, "limba_moderna": {"LIMBA ENGLEZA": 179, "LIMBA FRANCEZA": 20}, "limba_materna": {"LIMBA ROMANA": 199}, "promotie_anterioara": {"DA": 46, "NU": 153}, "materii": {"LIMBA ROMANA": {"medie": 6.7502645502645455, "reusita": 90.45226130653266, "cnt": 199}, "MATEMATICA ST-NAT": {"medie": 6.034482758620691, "reusita": 81.66666666666667, "cnt": 60}, "ANATOMIE SI FIZIOLOGIE UMANA, GENETICA SI ECOLOGIE UMANA": {"medie": 7.114754098360656, "reusita": 92.3076923076923, "cnt": 65}, "GENERAL": {"medie": 6.961999999999998, "reusita": 68.34170854271356, "cnt": 199}, "MATEMATICA MATE-INFO": {"medie": 5.769117647058823, "reusita": 65.78947368421053, "cnt": 38}, "BIOLOGIE VEGETALA SI ANIMALA": {"medie": 7.308333333333334, "reusita": 66.66666666666666, "cnt": 9}, "ISTORIE": {"medie": 7.178571428571424, "reusita": 89.8989898989899, "cnt": 99}, "GEOGRAFIE": {"medie": 7.527272727272731, "reusita": 85.13513513513513, "cnt": 74}, "MATEMATICA TEHN": {"medie": 5.15, "reusita": 100.0, "cnt": 2}, "SOCIOLOGIE": {"medie": 9.025, "reusita": 100.0, "cnt": 8}, "FIZICA TEH": {"medie": "-", "reusita": 0.0, "cnt": 1}, "LOGICA, ARGUMENTARE SI COMUNICARE": {"medie": 8.500000000000002, "reusita": 76.92307692307693, "cnt": 13}, "CHIMIE ANORGANICA TEH NIVEL I/II": {"medie": 5.35, "reusita": 100.0, "cnt": 1}, "PSIHOLOGIE": {"medie": 8.950000000000001, "reusita": 100.0, "cnt": 3}, "FIZICA TEO": {"medie": 5.1, "reusita": 100.0, "cnt": 1}, "CHIMIE ORGANICA TEO NIVEL I/II": {"medie": 6.316666666666666, "reusita": 66.66666666666666, "cnt": 3}, "INFORMATICA MI C/C++": {"medie": 7.067857142857143, "reusita": 100.0, "cnt": 14}, "CHIMIE ANORGANICA TEO NIVEL I/II": {"medie": 7.219999999999999, "reusita": 100.0, "cnt": 5}, "ECONOMIE": {"medie": 4.05, "reusita": 0.0, "cnt": 1}, "INFORMATICA SN C/C++": {"medie": 9.0, "reusita": 100.0, "cnt": 1}}, "nume": "COLEGIUL \"NICOLAE TITULESCU\" BRASOV\tBra\u0219ov"}