{"specializari": {"STIINTE ALE NATURII": 60, "FILOLOGIE": 62, "MATEMATICA-INFORMATICA": 77}, "limba_moderna": {"LIMBA ENGLEZA": 194, "LIMBA FRANCEZA": 5}, "limba_materna": {"LIMBA ROMANA": 199}, "promotie_anterioara": {"DA": 2, "NU": 197}, "materii": {"LIMBA ROMANA": {"medie": 8.521573604060913, "reusita": 98.99497487437185, "cnt": 199}, "MATEMATICA ST-NAT": {"medie": 7.824166666666667, "reusita": 95.0, "cnt": 60}, "ANATOMIE SI FIZIOLOGIE UMANA, GENETICA SI ECOLOGIE UMANA": {"medie": 8.95192307692308, "reusita": 100.0, "cnt": 52}, "GENERAL": {"medie": 8.487074829931965, "reusita": 95.97989949748744, "cnt": 199}, "MATEMATICA MATE-INFO": {"medie": 8.959740259740263, "reusita": 100.0, "cnt": 77}, "ISTORIE": {"medie": 7.750833333333334, "reusita": 96.7741935483871, "cnt": 62}, "GEOGRAFIE": {"medie": 8.320370370370368, "reusita": 96.42857142857143, "cnt": 28}, "SOCIOLOGIE": {"medie": 9.583333333333334, "reusita": 100.0, "cnt": 6}, "LOGICA, ARGUMENTARE SI COMUNICARE": {"medie": 9.344444444444445, "reusita": 100.0, "cnt": 27}, "PSIHOLOGIE": {"medie": 9.4, "reusita": 100.0, "cnt": 1}, "FIZICA TEO": {"medie": 8.370588235294116, "reusita": 98.0392156862745, "cnt": 51}, "CHIMIE ORGANICA TEO NIVEL I/II": {"medie": 7.943749999999998, "reusita": 100.0, "cnt": 8}, "INFORMATICA MI C/C++": {"medie": 8.566666666666666, "reusita": 94.73684210526315, "cnt": 19}, "CHIMIE ANORGANICA TEO NIVEL I/II": {"medie": 7.4, "reusita": 100.0, "cnt": 1}, "INFORMATICA SN C/C++": {"medie": 7.391666666666667, "reusita": 100.0, "cnt": 6}}, "nume": "COLEGIUL NATIONAL \"DIMITRIE CANTEMIR\" ONESTI\tBac\u0103u"}