{"specializari": {"MATEMATICA-INFORMATICA": 17, "STIINTE ALE NATURII": 11, "FILOLOGIE": 35}, "limba_moderna": {"LIMBA ENGLEZA": 60, "LIMBA FRANCEZA": 2, "LIMBA GERMANA MODERNA": 1}, "limba_materna": {"LIMBA ROMANA": 54, "LIMBA GERMANA": 9}, "promotie_anterioara": {"DA": 9, "NU": 54}, "materii": {"LIMBA ROMANA": {"medie": 6.964285714285715, "reusita": 96.82539682539682, "cnt": 63}, "MATEMATICA ST-NAT": {"medie": 7.05, "reusita": 81.81818181818183, "cnt": 11}, "ANATOMIE SI FIZIOLOGIE UMANA, GENETICA SI ECOLOGIE UMANA": {"medie": 8.541666666666666, "reusita": 85.71428571428571, "cnt": 7}, "GENERAL": {"medie": 7.064652777777779, "reusita": 69.84126984126983, "cnt": 63}, "MATEMATICA MATE-INFO": {"medie": 6.918750000000001, "reusita": 82.35294117647058, "cnt": 17}, "BIOLOGIE VEGETALA SI ANIMALA": {"medie": 7.427272727272728, "reusita": 100.0, "cnt": 11}, "ISTORIE": {"medie": 6.915714285714287, "reusita": 97.14285714285714, "cnt": 35}, "GEOGRAFIE": {"medie": 7.1812499999999995, "reusita": 91.66666666666666, "cnt": 24}, "SOCIOLOGIE": {"medie": 6.550000000000001, "reusita": 100.0, "cnt": 4}, "LOGICA, ARGUMENTARE SI COMUNICARE": {"medie": 5.75, "reusita": 42.857142857142854, "cnt": 7}, "INFORMATICA MI C/C++": {"medie": 6.92, "reusita": 90.0, "cnt": 10}, "LIMBA GERMANA": {"medie": 8.394444444444444, "reusita": 100.0, "cnt": 9}}, "nume": "COLEGIUL NATIONAL \"DIACONOVICI TIETZ\" RESITA\tCara\u0219-Severin"}