{"specializari": {"MATEMATICA-INFORMATICA": 53, "INVATATOR - EDUCATOARE": 29, "STIINTE ALE NATURII": 29, "FILOLOGIE": 96, "STIINTE SOCIALE": 31}, "limba_moderna": {"LIMBA ENGLEZA": 195, "LIMBA FRANCEZA": 43}, "limba_materna": {"LIMBA ROMANA": 238}, "promotie_anterioara": {"NU": 238}, "materii": {"LIMBA ROMANA": {"medie": 8.246008403361346, "reusita": 100.0, "cnt": 238}, "MATEMATICA ST-NAT": {"medie": 8.389655172413793, "reusita": 100.0, "cnt": 29}, "ANATOMIE SI FIZIOLOGIE UMANA, GENETICA SI ECOLOGIE UMANA": {"medie": 9.26086956521739, "reusita": 100.0, "cnt": 46}, "GENERAL": {"medie": 8.243907563025207, "reusita": 96.63865546218487, "cnt": 238}, "MATEMATICA MATE-INFO": {"medie": 7.954716981132074, "reusita": 98.11320754716981, "cnt": 53}, "ISTORIE": {"medie": 7.704330708661419, "reusita": 100.0, "cnt": 127}, "GEOGRAFIE": {"medie": 8.487195121951217, "reusita": 98.78048780487805, "cnt": 82}, "SOCIOLOGIE": {"medie": 8.032653061224488, "reusita": 100.0, "cnt": 49}, "MATEMATICA PED": {"medie": 8.693103448275862, "reusita": 100.0, "cnt": 29}, "LOGICA, ARGUMENTARE SI COMUNICARE": {"medie": 9.24, "reusita": 100.0, "cnt": 10}, "PSIHOLOGIE": {"medie": 9.324999999999998, "reusita": 100.0, "cnt": 12}, "FILOSOFIE": {"medie": 9.1, "reusita": 100.0, "cnt": 1}, "FIZICA TEO": {"medie": 8.375, "reusita": 87.5, "cnt": 8}, "INFORMATICA MI C/C++": {"medie": 7.625000000000001, "reusita": 96.42857142857143, "cnt": 28}, "ECONOMIE": {"medie": 9.35, "reusita": 100.0, "cnt": 2}}, "nume": "COLEGIUL NATIONAL \"SPIRU HARET\" TG-JIU\tGorj"}