{"specializari": {"INVATATOR - EDUCATOARE": 106, "TEOLOGIE ROMANO-CATOLICA": 26}, "limba_moderna": {"LIMBA FRANCEZA": 29, "LIMBA ENGLEZA": 103}, "limba_materna": {"LIMBA ROMANA": 132}, "promotie_anterioara": {"DA": 1, "NU": 131}, "materii": {"LIMBA ROMANA": {"medie": 7.888167938931297, "reusita": 99.24242424242425, "cnt": 132}, "GENERAL": {"medie": 8.120865139949103, "reusita": 96.21212121212122, "cnt": 132}, "ISTORIE": {"medie": 8.057692307692308, "reusita": 100.0, "cnt": 26}, "GEOGRAFIE": {"medie": 8.544805194805189, "reusita": 98.7012987012987, "cnt": 77}, "MATEMATICA PED": {"medie": 7.651904761904762, "reusita": 98.11320754716981, "cnt": 106}, "LOGICA, ARGUMENTARE SI COMUNICARE": {"medie": 9.023148148148147, "reusita": 98.18181818181819, "cnt": 55}}, "nume": "COLEGIUL PEDAGOGIC \"VASILE LUPU\", IASI\tIa\u0219i"}