{"specializari": {"MATEMATICA-INFORMATICA": 90, "FILOLOGIE": 141}, "limba_moderna": {"LIMBA ENGLEZA": 182, "LIMBA FRANCEZA": 49}, "limba_materna": {"LIMBA ROMANA": 231}, "promotie_anterioara": {"DA": 7, "NU": 224}, "materii": {"LIMBA ROMANA": {"medie": 8.207142857142854, "reusita": 100.0, "cnt": 231}, "ANATOMIE SI FIZIOLOGIE UMANA, GENETICA SI ECOLOGIE UMANA": {"medie": 7.922916666666666, "reusita": 91.66666666666666, "cnt": 24}, "GENERAL": {"medie": 8.190497076023394, "reusita": 96.1038961038961, "cnt": 231}, "MATEMATICA MATE-INFO": {"medie": 7.693258426966293, "reusita": 96.66666666666667, "cnt": 90}, "BIOLOGIE VEGETALA SI ANIMALA": {"medie": 6.35, "reusita": 100.0, "cnt": 2}, "ISTORIE": {"medie": 8.395714285714286, "reusita": 99.29078014184397, "cnt": 141}, "GEOGRAFIE": {"medie": 8.446874999999999, "reusita": 100.0, "cnt": 32}, "SOCIOLOGIE": {"medie": 8.338709677419356, "reusita": 100.0, "cnt": 31}, "LOGICA, ARGUMENTARE SI COMUNICARE": {"medie": 8.70326086956522, "reusita": 95.74468085106383, "cnt": 47}, "PSIHOLOGIE": {"medie": 8.288461538461538, "reusita": 100.0, "cnt": 13}, "FILOSOFIE": {"medie": 8.25, "reusita": 100.0, "cnt": 8}, "FIZICA TEO": {"medie": 7.9416666666666655, "reusita": 100.0, "cnt": 30}, "CHIMIE ORGANICA TEO NIVEL I/II": {"medie": 9.075, "reusita": 100.0, "cnt": 2}, "INFORMATICA MI C/C++": {"medie": 7.7671874999999995, "reusita": 100.0, "cnt": 32}, "ECONOMIE": {"medie": 7.635, "reusita": 100.0, "cnt": 10}}, "nume": "COLEGIUL NATIONAL \"SCOALA CENTRALA\"\tBucure\u0219ti"}