{"specializari": {"STIINTE ALE NATURII": 30, "MATEMATICA-INFORMATICA": 56, "FILOLOGIE": 54}, "limba_moderna": {"LIMBA ENGLEZA": 139, "LIMBA GERMANA MODERNA": 1}, "limba_materna": {"LIMBA ROMANA": 140}, "promotie_anterioara": {"DA": 3, "NU": 137}, "materii": {"LIMBA ROMANA": {"medie": 7.7, "reusita": 99.28571428571429, "cnt": 140}, "MATEMATICA ST-NAT": {"medie": 7.211666666666667, "reusita": 96.66666666666667, "cnt": 30}, "ANATOMIE SI FIZIOLOGIE UMANA, GENETICA SI ECOLOGIE UMANA": {"medie": 7.653571428571429, "reusita": 100.0, "cnt": 14}, "GENERAL": {"medie": 7.676904761904762, "reusita": 87.14285714285714, "cnt": 140}, "MATEMATICA MATE-INFO": {"medie": 6.344642857142857, "reusita": 73.21428571428571, "cnt": 56}, "BIOLOGIE VEGETALA SI ANIMALA": {"medie": 7.115, "reusita": 90.0, "cnt": 10}, "ISTORIE": {"medie": 8.17685185185185, "reusita": 100.0, "cnt": 54}, "GEOGRAFIE": {"medie": 9.056060606060603, "reusita": 100.0, "cnt": 33}, "SOCIOLOGIE": {"medie": 8.33125, "reusita": 100.0, "cnt": 8}, "LOGICA, ARGUMENTARE SI COMUNICARE": {"medie": 8.915000000000001, "reusita": 100.0, "cnt": 10}, "PSIHOLOGIE": {"medie": 7.866666666666667, "reusita": 100.0, "cnt": 3}, "FIZICA TEO": {"medie": 8.211538461538463, "reusita": 100.0, "cnt": 13}, "CHIMIE ORGANICA TEO NIVEL I/II": {"medie": 7.51896551724138, "reusita": 100.0, "cnt": 29}, "INFORMATICA MI C/C++": {"medie": 7.536842105263157, "reusita": 94.73684210526315, "cnt": 19}, "CHIMIE ANORGANICA TEO NIVEL I/II": {"medie": 8.55, "reusita": 100.0, "cnt": 1}}, "nume": "COLEGIUL NATIONAL \"VASILE GOLDIS\" ARAD\tArad"}