{"specializari": {"STIINTE ALE NATURII": 39, "MATEMATICA-INFORMATICA": 50, "FILOLOGIE": 28, "STIINTE SOCIALE": 30}, "limba_moderna": {"LIMBA ENGLEZA": 142, "LIMBA FRANCEZA": 5}, "limba_materna": {"LIMBA MAGHIARA": 15, "LIMBA ROMANA": 132}, "promotie_anterioara": {"DA": 2, "NU": 145}, "materii": {"LIMBA ROMANA": {"medie": 8.008561643835616, "reusita": 98.63945578231292, "cnt": 147}, "MATEMATICA ST-NAT": {"medie": 7.285897435897437, "reusita": 87.17948717948718, "cnt": 39}, "ANATOMIE SI FIZIOLOGIE UMANA, GENETICA SI ECOLOGIE UMANA": {"medie": 8.689583333333333, "reusita": 100.0, "cnt": 24}, "GENERAL": {"medie": 8.212471461187214, "reusita": 94.5578231292517, "cnt": 147}, "MATEMATICA MATE-INFO": {"medie": 8.755999999999998, "reusita": 100.0, "cnt": 50}, "BIOLOGIE VEGETALA SI ANIMALA": {"medie": 7.219999999999999, "reusita": 100.0, "cnt": 5}, "ISTORIE": {"medie": 8.014035087719298, "reusita": 98.27586206896551, "cnt": 58}, "GEOGRAFIE": {"medie": 9.089473684210526, "reusita": 97.43589743589743, "cnt": 39}, "SOCIOLOGIE": {"medie": 10.0, "reusita": 100.0, "cnt": 1}, "LOGICA, ARGUMENTARE SI COMUNICARE": {"medie": 8.575000000000001, "reusita": 100.0, "cnt": 16}, "PSIHOLOGIE": {"medie": 9.55, "reusita": 100.0, "cnt": 2}, "LIMBA MAGHIARA (REAL)": {"medie": 7.1800000000000015, "reusita": 93.33333333333333, "cnt": 15}, "FIZICA TEO": {"medie": 8.5125, "reusita": 100.0, "cnt": 4}, "CHIMIE ORGANICA TEO NIVEL I/II": {"medie": 8.401999999999997, "reusita": 100.0, "cnt": 25}, "INFORMATICA MI C/C++": {"medie": 8.05625, "reusita": 95.83333333333334, "cnt": 24}, "CHIMIE ANORGANICA TEO NIVEL I/II": {"medie": 7.242857142857142, "reusita": 85.71428571428571, "cnt": 7}}, "nume": "COLEGIUL NATIONAL \"ANDREI MURESANU\" DEJ\tCluj"}