{"specializari": {"LICEU CU PROGRAM SPORTIV": 33, "FILOLOGIE": 34, "STIINTE ALE NATURII": 61, "MATEMATICA-INFORMATICA": 88, "STIINTE SOCIALE": 35}, "limba_moderna": {"LIMBA ENGLEZA": 245, "LIMBA FRANCEZA": 6}, "limba_materna": {"LIMBA ROMANA": 251}, "promotie_anterioara": {"DA": 3, "NU": 248}, "materii": {"LIMBA ROMANA": {"medie": 8.425903614457829, "reusita": 98.40637450199203, "cnt": 251}, "MATEMATICA ST-NAT": {"medie": 8.309016393442624, "reusita": 98.36065573770492, "cnt": 61}, "ANATOMIE SI FIZIOLOGIE UMANA, GENETICA SI ECOLOGIE UMANA": {"medie": 9.308333333333335, "reusita": 100.0, "cnt": 30}, "GENERAL": {"medie": 8.461133603238869, "reusita": 93.22709163346613, "cnt": 251}, "MATEMATICA MATE-INFO": {"medie": 8.511931818181818, "reusita": 97.72727272727273, "cnt": 88}, "BIOLOGIE VEGETALA SI ANIMALA": {"medie": 8.571428571428571, "reusita": 100.0, "cnt": 7}, "ISTORIE": {"medie": 8.198469387755102, "reusita": 95.09803921568627, "cnt": 102}, "GEOGRAFIE": {"medie": 8.33203125, "reusita": 92.3076923076923, "cnt": 65}, "SOCIOLOGIE": {"medie": 7.465384615384616, "reusita": 100.0, "cnt": 13}, "LOGICA, ARGUMENTARE SI COMUNICARE": {"medie": 9.45, "reusita": 88.88888888888889, "cnt": 9}, "PSIHOLOGIE": {"medie": 9.128571428571428, "reusita": 100.0, "cnt": 7}, "FILOSOFIE": {"medie": 8.8125, "reusita": 100.0, "cnt": 4}, "FIZICA TEO": {"medie": 8.169230769230767, "reusita": 100.0, "cnt": 39}, "CHIMIE ORGANICA TEO NIVEL I/II": {"medie": 8.557692307692308, "reusita": 92.3076923076923, "cnt": 13}, "INFORMATICA MI C/C++": {"medie": 8.661818181818182, "reusita": 100.0, "cnt": 55}, "ECONOMIE": {"medie": 8.424999999999999, "reusita": 100.0, "cnt": 4}, "INFORMATICA SN C/C++": {"medie": 9.7, "reusita": 100.0, "cnt": 5}}, "nume": "COLEGIUL NATIONAL MIRCEA CEL BATRAN, MUN. RM. VALCEA\tV\u00e2lcea"}