{"specializari": {"STIINTE SOCIALE": 32, "STIINTE ALE NATURII": 55, "FILOLOGIE": 30, "MATEMATICA-INFORMATICA": 55}, "limba_moderna": {"LIMBA ENGLEZA": 165, "LIMBA GERMANA MODERNA": 7}, "limba_materna": {"LIMBA MAGHIARA": 172}, "promotie_anterioara": {"DA": 1, "NU": 171}, "materii": {"LIMBA ROMANA": {"medie": 6.742397660818712, "reusita": 97.09302325581395, "cnt": 172}, "MATEMATICA ST-NAT": {"medie": 8.106363636363636, "reusita": 100.0, "cnt": 55}, "ANATOMIE SI FIZIOLOGIE UMANA, GENETICA SI ECOLOGIE UMANA": {"medie": 9.145714285714284, "reusita": 100.0, "cnt": 35}, "GENERAL": {"medie": 8.044152046783626, "reusita": 97.09302325581395, "cnt": 172}, "MATEMATICA MATE-INFO": {"medie": 8.336363636363636, "reusita": 98.18181818181819, "cnt": 55}, "ISTORIE": {"medie": 8.725000000000001, "reusita": 100.0, "cnt": 62}, "GEOGRAFIE": {"medie": 9.108333333333334, "reusita": 100.0, "cnt": 6}, "LOGICA, ARGUMENTARE SI COMUNICARE": {"medie": 9.063888888888888, "reusita": 98.18181818181819, "cnt": 55}, "PSIHOLOGIE": {"medie": 7.05, "reusita": 100.0, "cnt": 1}, "LIMBA MAGHIARA (REAL)": {"medie": 8.395454545454546, "reusita": 100.0, "cnt": 110}, "LIMBA MAGHIARA (UMAN)": {"medie": 7.670161290322583, "reusita": 100.0, "cnt": 62}, "FIZICA TEO": {"medie": 8.95, "reusita": 100.0, "cnt": 6}, "CHIMIE ORGANICA TEO NIVEL I/II": {"medie": 8.738095238095237, "reusita": 100.0, "cnt": 21}, "INFORMATICA MI C/C++": {"medie": 8.457142857142859, "reusita": 97.61904761904762, "cnt": 42}, "CHIMIE ANORGANICA TEO NIVEL I/II": {"medie": 9.299999999999999, "reusita": 100.0, "cnt": 3}, "INFORMATICA SN C/C++": {"medie": 8.183333333333334, "reusita": 100.0, "cnt": 3}}, "nume": "COLEGIUL NATIONAL \"MARTON ARON\" MIERCUREA CIUC\tHarghita"}