{"specializari": {"MUZICA": 30, "ARTE PLASTICE SI DECORATIVE": 27, "ARHITECTURA, ARTE AMBIENTALE SI DESIGN": 25}, "limba_moderna": {"LIMBA ENGLEZA": 79, "LIMBA GERMANA MODERNA": 2, "LIMBA FRANCEZA": 1}, "limba_materna": {"LIMBA ROMANA": 82}, "promotie_anterioara": {"DA": 2, "NU": 80}, "materii": {"LIMBA ROMANA": {"medie": 7.6378205128205146, "reusita": 92.6829268292683, "cnt": 82}, "GENERAL": {"medie": 7.787179487179488, "reusita": 85.36585365853658, "cnt": 82}, "ISTORIE": {"medie": 7.915384615384614, "reusita": 95.1219512195122, "cnt": 82}, "GEOGRAFIE": {"medie": 7.585714285714286, "reusita": 93.33333333333333, "cnt": 15}, "LOGICA, ARGUMENTARE SI COMUNICARE": {"medie": 8.192857142857145, "reusita": 95.34883720930233, "cnt": 43}, "PSIHOLOGIE": {"medie": 9.225, "reusita": 66.66666666666666, "cnt": 3}, "FILOSOFIE": {"medie": 7.015000000000002, "reusita": 90.47619047619048, "cnt": 21}}, "nume": "COLEGIUL DE ARTE BAIA MARE\tMaramure\u0219"}