{"specializari": {"MATEMATICA-INFORMATICA": 33, "INVATATOR - EDUCATOARE": 54, "FILOLOGIE": 22}, "limba_moderna": {"LIMBA ENGLEZA": 102, "LIMBA FRANCEZA": 7}, "limba_materna": {"LIMBA ROMANA": 109}, "promotie_anterioara": {"DA": 9, "NU": 100}, "materii": {"LIMBA ROMANA": {"medie": 7.440366972477065, "reusita": 99.08256880733946, "cnt": 109}, "ANATOMIE SI FIZIOLOGIE UMANA, GENETICA SI ECOLOGIE UMANA": {"medie": 6.669642857142857, "reusita": 92.85714285714286, "cnt": 28}, "GENERAL": {"medie": 7.340740740740738, "reusita": 79.81651376146789, "cnt": 109}, "MATEMATICA MATE-INFO": {"medie": 5.0181818181818185, "reusita": 60.60606060606061, "cnt": 33}, "ISTORIE": {"medie": 8.311904761904762, "reusita": 95.45454545454545, "cnt": 22}, "GEOGRAFIE": {"medie": 8.276724137931035, "reusita": 96.61016949152543, "cnt": 59}, "MATEMATICA PED": {"medie": 7.06759259259259, "reusita": 94.44444444444444, "cnt": 54}, "LOGICA, ARGUMENTARE SI COMUNICARE": {"medie": 8.499999999999998, "reusita": 100.0, "cnt": 6}, "PSIHOLOGIE": {"medie": 8.87142857142857, "reusita": 100.0, "cnt": 7}, "FILOSOFIE": {"medie": 8.3125, "reusita": 100.0, "cnt": 4}, "FIZICA TEO": {"medie": 5.6, "reusita": 100.0, "cnt": 2}, "CHIMIE ORGANICA TEO NIVEL I/II": {"medie": 8.5, "reusita": 100.0, "cnt": 1}, "INFORMATICA MI C/C++": {"medie": 8.925, "reusita": 100.0, "cnt": 2}}, "nume": "COLEGIUL NATIONAL PEDAGOGIC \"REGELE FERDINAND\" SIGHETU MARMATIEI\tMaramure\u0219"}