{"specializari": {"FILOLOGIE": 96, "MATEMATICA-INFORMATICA": 48, "INVATATOR - EDUCATOARE": 75}, "limba_moderna": {"LIMBA FRANCEZA": 25, "LIMBA ENGLEZA": 194}, "limba_materna": {"LIMBA ROMANA": 219}, "promotie_anterioara": {"DA": 20, "NU": 199}, "materii": {"LIMBA ROMANA": {"medie": 7.34383561643835, "reusita": 94.52054794520548, "cnt": 219}, "ANATOMIE SI FIZIOLOGIE UMANA, GENETICA SI ECOLOGIE UMANA": {"medie": 7.88125, "reusita": 100.0, "cnt": 16}, "GENERAL": {"medie": 7.6305295950155765, "reusita": 82.1917808219178, "cnt": 219}, "MATEMATICA MATE-INFO": {"medie": 5.791304347826086, "reusita": 64.58333333333334, "cnt": 48}, "BIOLOGIE VEGETALA SI ANIMALA": {"medie": 7.109090909090909, "reusita": 86.36363636363636, "cnt": 22}, "ISTORIE": {"medie": 7.534375000000002, "reusita": 95.83333333333334, "cnt": 96}, "GEOGRAFIE": {"medie": 8.522058823529411, "reusita": 99.26470588235294, "cnt": 136}, "SOCIOLOGIE": {"medie": 7.388888888888889, "reusita": 100.0, "cnt": 9}, "MATEMATICA PED": {"medie": 7.8041666666666645, "reusita": 92.0, "cnt": 75}, "PSIHOLOGIE": {"medie": 8.353333333333333, "reusita": 100.0, "cnt": 15}, "FILOSOFIE": {"medie": 7.333333333333333, "reusita": 100.0, "cnt": 3}, "FIZICA TEO": {"medie": 7.692857142857144, "reusita": 100.0, "cnt": 7}, "CHIMIE ORGANICA TEO NIVEL I/II": {"medie": 8.7, "reusita": 100.0, "cnt": 1}, "INFORMATICA MI C/C++": {"medie": 5.85, "reusita": 100.0, "cnt": 2}, "ECONOMIE": {"medie": 8.7125, "reusita": 100.0, "cnt": 8}}, "nume": "COLEGIUL NATIONAL PEDAGOGIC \"MIRCEA SCARLAT\" ALEXANDRIA\tTeleorman"}