{"specializari": {"STIINTE ALE NATURII": 58, "FILOLOGIE": 96, "MATEMATICA-INFORMATICA": 88}, "limba_moderna": {"LIMBA ENGLEZA": 225, "LIMBA FRANCEZA": 15, "LIMBA GERMANA MODERNA": 2}, "limba_materna": {"LIMBA ROMANA": 242}, "promotie_anterioara": {"DA": 2, "NU": 240}, "materii": {"LIMBA ROMANA": {"medie": 8.556611570247934, "reusita": 100.0, "cnt": 242}, "MATEMATICA ST-NAT": {"medie": 7.516379310344826, "reusita": 89.65517241379311, "cnt": 58}, "ANATOMIE SI FIZIOLOGIE UMANA, GENETICA SI ECOLOGIE UMANA": {"medie": 8.445833333333336, "reusita": 98.61111111111111, "cnt": 72}, "GENERAL": {"medie": 8.270523415977964, "reusita": 92.97520661157024, "cnt": 242}, "MATEMATICA MATE-INFO": {"medie": 7.756250000000002, "reusita": 94.31818181818183, "cnt": 88}, "BIOLOGIE VEGETALA SI ANIMALA": {"medie": 7.963636363636362, "reusita": 100.0, "cnt": 11}, "ISTORIE": {"medie": 7.951041666666668, "reusita": 98.95833333333334, "cnt": 96}, "GEOGRAFIE": {"medie": 8.63, "reusita": 96.66666666666667, "cnt": 30}, "SOCIOLOGIE": {"medie": 9.35, "reusita": 100.0, "cnt": 6}, "LOGICA, ARGUMENTARE SI COMUNICARE": {"medie": 8.587777777777779, "reusita": 100.0, "cnt": 45}, "PSIHOLOGIE": {"medie": 8.431249999999999, "reusita": 100.0, "cnt": 8}, "FIZICA TEO": {"medie": 8.25238095238095, "reusita": 97.61904761904762, "cnt": 42}, "CHIMIE ORGANICA TEO NIVEL I/II": {"medie": 8.916666666666666, "reusita": 100.0, "cnt": 3}, "INFORMATICA MI C/C++": {"medie": 8.658333333333335, "reusita": 100.0, "cnt": 18}, "ECONOMIE": {"medie": 8.3, "reusita": 100.0, "cnt": 7}}, "nume": "COLEGIUL NATIONAL \"RADU GRECEANU\" SLATINA\tOlt"}