{"specializari": {"MATEMATICA-INFORMATICA": 99, "STIINTE SOCIALE": 63, "STIINTE ALE NATURII": 90, "FILOLOGIE": 29}, "limba_moderna": {"LIMBA ENGLEZA": 265, "LIMBA FRANCEZA": 14, "LIMBA GERMANA MODERNA": 2}, "limba_materna": {"LIMBA ROMANA": 281}, "promotie_anterioara": {"NU": 281}, "materii": {"LIMBA ROMANA": {"medie": 9.225266903914582, "reusita": 100.0, "cnt": 281}, "MATEMATICA ST-NAT": {"medie": 9.168888888888885, "reusita": 98.88888888888889, "cnt": 90}, "ANATOMIE SI FIZIOLOGIE UMANA, GENETICA SI ECOLOGIE UMANA": {"medie": 9.325000000000001, "reusita": 100.0, "cnt": 22}, "GENERAL": {"medie": 9.308125741399758, "reusita": 99.644128113879, "cnt": 281}, "MATEMATICA MATE-INFO": {"medie": 9.535353535353536, "reusita": 100.0, "cnt": 99}, "BIOLOGIE VEGETALA SI ANIMALA": {"medie": 9.395, "reusita": 100.0, "cnt": 10}, "ISTORIE": {"medie": 9.276086956521736, "reusita": 100.0, "cnt": 92}, "GEOGRAFIE": {"medie": 9.72777777777778, "reusita": 100.0, "cnt": 9}, "SOCIOLOGIE": {"medie": 9.366666666666665, "reusita": 100.0, "cnt": 3}, "LOGICA, ARGUMENTARE SI COMUNICARE": {"medie": 9.242307692307694, "reusita": 100.0, "cnt": 52}, "PSIHOLOGIE": {"medie": 9.27142857142857, "reusita": 100.0, "cnt": 7}, "FIZICA TEO": {"medie": 9.352941176470585, "reusita": 100.0, "cnt": 51}, "CHIMIE ORGANICA TEO NIVEL I/II": {"medie": 9.52808219178082, "reusita": 100.0, "cnt": 73}, "INFORMATICA MI C/C++": {"medie": 9.496296296296293, "reusita": 100.0, "cnt": 27}, "CHIMIE ANORGANICA TEO NIVEL I/II": {"medie": 9.833333333333334, "reusita": 100.0, "cnt": 3}, "ECONOMIE": {"medie": 9.016666666666666, "reusita": 100.0, "cnt": 21}, "INFORMATICA SN C/C++": {"medie": 7.933333333333334, "reusita": 100.0, "cnt": 3}}, "nume": "COLEGIUL NATIONAL \"GHEORGHE LAZAR\"\tBucure\u0219ti"}