{"specializari": {"MATEMATICA-INFORMATICA": 31, "STIINTE SOCIALE": 88, "STIINTE ALE NATURII": 62, "FILOLOGIE": 22}, "limba_moderna": {"LIMBA ENGLEZA": 193, "LIMBA FRANCEZA": 9, "LIMBA GERMANA MODERNA": 1}, "limba_materna": {"LIMBA MAGHIARA": 54, "LIMBA ROMANA": 149}, "promotie_anterioara": {"DA": 1, "NU": 202}, "materii": {"LIMBA ROMANA": {"medie": 7.957673267326735, "reusita": 98.0295566502463, "cnt": 203}, "MATEMATICA ST-NAT": {"medie": 8.716129032258062, "reusita": 100.0, "cnt": 62}, "ANATOMIE SI FIZIOLOGIE UMANA, GENETICA SI ECOLOGIE UMANA": {"medie": 9.346590909090908, "reusita": 100.0, "cnt": 44}, "GENERAL": {"medie": 8.450990099009903, "reusita": 98.0295566502463, "cnt": 203}, "MATEMATICA MATE-INFO": {"medie": 9.41451612903226, "reusita": 100.0, "cnt": 31}, "BIOLOGIE VEGETALA SI ANIMALA": {"medie": 9.366666666666667, "reusita": 100.0, "cnt": 3}, "ISTORIE": {"medie": 8.342201834862385, "reusita": 99.0909090909091, "cnt": 110}, "GEOGRAFIE": {"medie": 8.653246753246753, "reusita": 98.71794871794873, "cnt": 78}, "SOCIOLOGIE": {"medie": 9.23888888888889, "reusita": 100.0, "cnt": 9}, "LOGICA, ARGUMENTARE SI COMUNICARE": {"medie": 8.879166666666666, "reusita": 100.0, "cnt": 12}, "PSIHOLOGIE": {"medie": 8.424999999999999, "reusita": 100.0, "cnt": 6}, "FILOSOFIE": {"medie": 8.6, "reusita": 100.0, "cnt": 2}, "LIMBA MAGHIARA (REAL)": {"medie": 7.819642857142858, "reusita": 100.0, "cnt": 28}, "LIMBA MAGHIARA (UMAN)": {"medie": 6.886, "reusita": 96.15384615384616, "cnt": 26}, "FIZICA TEO": {"medie": 8.738888888888889, "reusita": 100.0, "cnt": 9}, "CHIMIE ORGANICA TEO NIVEL I/II": {"medie": 8.44375, "reusita": 100.0, "cnt": 16}, "INFORMATICA MI C/C++": {"medie": 8.786842105263158, "reusita": 100.0, "cnt": 19}, "ECONOMIE": {"medie": 8.083333333333334, "reusita": 100.0, "cnt": 3}, "INFORMATICA SN C/C++": {"medie": 6.825, "reusita": 100.0, "cnt": 2}}, "nume": "COLEGIUL NATIONAL \"UNIREA\" TIRGU MURES\tMure\u0219"}