{"specializari": {"MATEMATICA-INFORMATICA": 52, "STIINTE ALE NATURII": 58, "STIINTE SOCIALE": 29, "FILOLOGIE": 31}, "limba_moderna": {"LIMBA ENGLEZA": 162, "LIMBA FRANCEZA": 8}, "limba_materna": {"LIMBA ROMANA": 170}, "promotie_anterioara": {"DA": 4, "NU": 166}, "materii": {"LIMBA ROMANA": {"medie": 8.161976047904192, "reusita": 98.23529411764706, "cnt": 170}, "MATEMATICA ST-NAT": {"medie": 9.082758620689654, "reusita": 100.0, "cnt": 58}, "ANATOMIE SI FIZIOLOGIE UMANA, GENETICA SI ECOLOGIE UMANA": {"medie": 8.835, "reusita": 90.47619047619048, "cnt": 21}, "GENERAL": {"medie": 8.408383838383836, "reusita": 92.3529411764706, "cnt": 170}, "MATEMATICA MATE-INFO": {"medie": 7.765686274509806, "reusita": 96.15384615384616, "cnt": 52}, "BIOLOGIE VEGETALA SI ANIMALA": {"medie": 6.8999999999999995, "reusita": 50.0, "cnt": 2}, "ISTORIE": {"medie": 7.740350877192978, "reusita": 95.0, "cnt": 60}, "GEOGRAFIE": {"medie": 9.236486486486488, "reusita": 92.5, "cnt": 40}, "SOCIOLOGIE": {"medie": 8.899999999999999, "reusita": 100.0, "cnt": 2}, "LOGICA, ARGUMENTARE SI COMUNICARE": {"medie": 9.105882352941174, "reusita": 100.0, "cnt": 17}, "PSIHOLOGIE": {"medie": 9.7, "reusita": 100.0, "cnt": 1}, "FIZICA TEO": {"medie": 7.7359374999999995, "reusita": 93.75, "cnt": 32}, "CHIMIE ORGANICA TEO NIVEL I/II": {"medie": 9.405714285714287, "reusita": 97.14285714285714, "cnt": 35}, "INFORMATICA MI C/C++": {"medie": 8.34705882352941, "reusita": 100.0, "cnt": 17}, "INFORMATICA SN C/C++": {"medie": 7.900000000000001, "reusita": 100.0, "cnt": 3}}, "nume": "COLEGIUL NATIONAL \"GRIGORE MOISIL\" ONESTI\tBac\u0103u"}