{"specializari": {"INVATATOR - EDUCATOARE": 85, "FILOLOGIE": 44}, "limba_moderna": {"LIMBA ENGLEZA": 127, "LIMBA FRANCEZA": 2}, "limba_materna": {"LIMBA ROMANA": 77, "LIMBA GERMANA": 52}, "promotie_anterioara": {"DA": 2, "NU": 127}, "materii": {"LIMBA ROMANA": {"medie": 7.748437499999999, "reusita": 98.44961240310077, "cnt": 129}, "GENERAL": {"medie": 8.15492724867725, "reusita": 96.89922480620154, "cnt": 129}, "ISTORIE": {"medie": 8.467441860465113, "reusita": 97.72727272727273, "cnt": 44}, "GEOGRAFIE": {"medie": 8.749999999999998, "reusita": 100.0, "cnt": 14}, "SOCIOLOGIE": {"medie": 7.95, "reusita": 100.0, "cnt": 1}, "MATEMATICA PED": {"medie": 7.766071428571425, "reusita": 97.6470588235294, "cnt": 85}, "LOGICA, ARGUMENTARE SI COMUNICARE": {"medie": 8.979629629629624, "reusita": 98.1651376146789, "cnt": 109}, "PSIHOLOGIE": {"medie": 7.783333333333334, "reusita": 100.0, "cnt": 3}, "FILOSOFIE": {"medie": 7.85, "reusita": 100.0, "cnt": 2}, "LIMBA GERMANA": {"medie": 7.163461538461542, "reusita": 100.0, "cnt": 52}}, "nume": "COLEGIUL NATIONAL PEDAGOGIC \"ANDREI SAGUNA\" SIBIU\tSibiu"}