{"specializari": {"FILOLOGIE": 57, "STIINTE SOCIALE": 68, "STIINTE ALE NATURII": 61, "MATEMATICA-INFORMATICA": 56}, "limba_moderna": {"LIMBA ENGLEZA": 242}, "limba_materna": {"LIMBA ROMANA": 242}, "promotie_anterioara": {"NU": 242}, "materii": {"LIMBA ROMANA": {"medie": 8.467355371900826, "reusita": 100.0, "cnt": 242}, "MATEMATICA ST-NAT": {"medie": 8.411475409836065, "reusita": 100.0, "cnt": 61}, "ANATOMIE SI FIZIOLOGIE UMANA, GENETICA SI ECOLOGIE UMANA": {"medie": 9.428723404255319, "reusita": 100.0, "cnt": 47}, "GENERAL": {"medie": 8.510881542699726, "reusita": 98.7603305785124, "cnt": 242}, "MATEMATICA MATE-INFO": {"medie": 8.41607142857143, "reusita": 98.21428571428571, "cnt": 56}, "ISTORIE": {"medie": 8.142799999999998, "reusita": 100.0, "cnt": 125}, "GEOGRAFIE": {"medie": 9.240909090909092, "reusita": 100.0, "cnt": 11}, "SOCIOLOGIE": {"medie": 8.956521739130435, "reusita": 100.0, "cnt": 23}, "LOGICA, ARGUMENTARE SI COMUNICARE": {"medie": 9.019620253164563, "reusita": 100.0, "cnt": 79}, "PSIHOLOGIE": {"medie": 8.841666666666667, "reusita": 100.0, "cnt": 6}, "FILOSOFIE": {"medie": 9.75, "reusita": 100.0, "cnt": 2}, "FIZICA TEO": {"medie": 7.989999999999999, "reusita": 100.0, "cnt": 15}, "CHIMIE ORGANICA TEO NIVEL I/II": {"medie": 8.428260869565216, "reusita": 95.65217391304348, "cnt": 23}, "INFORMATICA MI C/C++": {"medie": 7.722916666666666, "reusita": 100.0, "cnt": 24}, "CHIMIE ANORGANICA TEO NIVEL I/II": {"medie": 7.375000000000001, "reusita": 100.0, "cnt": 6}, "ECONOMIE": {"medie": 7.887499999999999, "reusita": 100.0, "cnt": 4}, "INFORMATICA SN C/C++": {"medie": 8.4, "reusita": 100.0, "cnt": 2}}, "nume": "COLEGIUL NATIONAL \"VASILE ALECSANDRI\" BACAU\tBac\u0103u"}