{"specializari": {"TEHNICIAN DE TELECOMUNICATII": 57, "ORGANIZATOR BANQUETING": 19, "MATEMATICA-INFORMATICA": 7, "TEHNICIAN ELECTRONIST": 1, "TEHNICIAN IN ACTIVITATI DE POSTA": 19, "LICEU CU PROGRAM SPORTIV": 19, "STIINTE ALE NATURII": 16, "TEHNICIAN IN GASTRONOMIE": 1}, "limba_moderna": {"LIMBA ENGLEZA": 119, "LIMBA FRANCEZA": 20}, "limba_materna": {"LIMBA ROMANA": 139}, "promotie_anterioara": {"DA": 61, "NU": 78}, "materii": {"LIMBA ROMANA": {"medie": 5.6794573643410855, "reusita": 76.2589928057554, "cnt": 139}, "MATEMATICA ST-NAT": {"medie": 4.846874999999999, "reusita": 43.75, "cnt": 16}, "GENERAL": {"medie": 5.324717514124293, "reusita": 27.33812949640288, "cnt": 139}, "MATEMATICA MATE-INFO": {"medie": 3.3666666666666667, "reusita": 28.57142857142857, "cnt": 7}, "BIOLOGIE VEGETALA SI ANIMALA": {"medie": 4.972033898305084, "reusita": 50.74626865671642, "cnt": 67}, "ISTORIE": {"medie": 5.991666666666666, "reusita": 89.47368421052632, "cnt": 19}, "GEOGRAFIE": {"medie": 6.427631578947366, "reusita": 74.4186046511628, "cnt": 43}, "MATEMATICA TEHN": {"medie": 4.496913580246913, "reusita": 44.329896907216494, "cnt": 97}, "FIZICA TEH": {"medie": 4.866666666666666, "reusita": 28.57142857142857, "cnt": 7}, "LOGICA, ARGUMENTARE SI COMUNICARE": {"medie": 5.99, "reusita": 66.66666666666666, "cnt": 6}, "CHIMIE ANORGANICA TEH NIVEL I/II": {"medie": 2.45, "reusita": 0.0, "cnt": 3}, "PSIHOLOGIE": {"medie": 5.833333333333333, "reusita": 100.0, "cnt": 9}, "FIZICA TEO": {"medie": 5.266666666666667, "reusita": 66.66666666666666, "cnt": 3}, "INFORMATICA MI C/C++": {"medie": 8.15, "reusita": 100.0, "cnt": 1}}, "nume": "COLEGIUL TEHNIC DE POSTA SI TELECOMUNICATII \"GHEORGHE AIRINEI\"\tBucure\u0219ti"}