{"specializari": {"MATEMATICA-INFORMATICA": 20, "STIINTE ALE NATURII": 21, "STIINTE SOCIALE": 33, "FILOLOGIE": 27}, "limba_moderna": {"LIMBA ENGLEZA": 72, "LIMBA FRANCEZA": 29}, "limba_materna": {"LIMBA ROMANA": 101}, "promotie_anterioara": {"DA": 11, "NU": 90}, "materii": {"LIMBA ROMANA": {"medie": 6.648514851485152, "reusita": 96.03960396039604, "cnt": 101}, "MATEMATICA ST-NAT": {"medie": 6.062499999999999, "reusita": 80.95238095238095, "cnt": 21}, "ANATOMIE SI FIZIOLOGIE UMANA, GENETICA SI ECOLOGIE UMANA": {"medie": 7.166216216216219, "reusita": 94.5945945945946, "cnt": 37}, "GENERAL": {"medie": 7.163166666666666, "reusita": 81.1881188118812, "cnt": 101}, "MATEMATICA MATE-INFO": {"medie": 6.1225000000000005, "reusita": 70.0, "cnt": 20}, "ISTORIE": {"medie": 7.188333333333335, "reusita": 98.33333333333333, "cnt": 60}, "GEOGRAFIE": {"medie": 8.725925925925928, "reusita": 98.14814814814815, "cnt": 54}, "LOGICA, ARGUMENTARE SI COMUNICARE": {"medie": 7.566666666666666, "reusita": 100.0, "cnt": 6}, "FIZICA TEO": {"medie": 8.416666666666668, "reusita": 100.0, "cnt": 3}, "INFORMATICA MI C/C++": {"medie": 6.55, "reusita": 100.0, "cnt": 1}}, "nume": "COLEGIUL NATIONAL \"TUDOR ARGHEZI\" TG-CARBUNESTI\tGorj"}