{"specializari": {"TEOLOGIE GRECO-CATOLICA": 1, "STIINTE ALE NATURII": 52, "STIINTE SOCIALE": 29, "FILOLOGIE": 58, "MATEMATICA-INFORMATICA": 23}, "limba_moderna": {"LIMBA ENGLEZA": 135, "LIMBA FRANCEZA": 20, "LIMBA GERMANA MODERNA": 8}, "limba_materna": {"LIMBA ROMANA": 163}, "promotie_anterioara": {"DA": 7, "NU": 156}, "materii": {"LIMBA ROMANA": {"medie": 8.008950617283949, "reusita": 98.77300613496932, "cnt": 163}, "MATEMATICA ST-NAT": {"medie": 7.315686274509804, "reusita": 92.3076923076923, "cnt": 52}, "ANATOMIE SI FIZIOLOGIE UMANA, GENETICA SI ECOLOGIE UMANA": {"medie": 8.627419354838711, "reusita": 100.0, "cnt": 31}, "GENERAL": {"medie": 7.760596707818932, "reusita": 88.34355828220859, "cnt": 163}, "MATEMATICA MATE-INFO": {"medie": 6.876086956521739, "reusita": 91.30434782608695, "cnt": 23}, "BIOLOGIE VEGETALA SI ANIMALA": {"medie": 7.330769230769231, "reusita": 92.85714285714286, "cnt": 14}, "ISTORIE": {"medie": 7.7630681818181815, "reusita": 97.72727272727273, "cnt": 88}, "GEOGRAFIE": {"medie": 7.680821917808219, "reusita": 100.0, "cnt": 73}, "SOCIOLOGIE": {"medie": 8.258333333333335, "reusita": 100.0, "cnt": 6}, "PSIHOLOGIE": {"medie": 7.85, "reusita": 100.0, "cnt": 8}, "FIZICA TEO": {"medie": 8.75, "reusita": 100.0, "cnt": 1}, "CHIMIE ORGANICA TEO NIVEL I/II": {"medie": 7.095833333333332, "reusita": 91.66666666666666, "cnt": 12}, "INFORMATICA MI C/C++": {"medie": 6.903571428571428, "reusita": 100.0, "cnt": 14}, "ECONOMIE": {"medie": 10.0, "reusita": 100.0, "cnt": 1}, "INFORMATICA SN C/C++": {"medie": 7.816666666666666, "reusita": 100.0, "cnt": 3}}, "nume": "COLEGIUL NATIONAL \"DOAMNA STANCA\" SATU MARE\tSatu-Mare"}