{"specializari": {"TEHNICIAN DESIGNER VESTIMENTAR": 41, "TEHNICIAN OPERATOR TEHNICA DE CALCUL": 51, "TEHNICIAN IN ACTIVITATI DE COMERT": 63, "TEHNICIAN ECOLOG SI PROTECTIA CALITATII MEDIULUI": 24}, "limba_moderna": {"LIMBA ENGLEZA": 144, "LIMBA FRANCEZA": 35}, "limba_materna": {"LIMBA ROMANA": 179}, "promotie_anterioara": {"DA": 35, "NU": 144}, "materii": {"LIMBA ROMANA": {"medie": 6.136842105263157, "reusita": 86.03351955307262, "cnt": 179}, "GENERAL": {"medie": 5.7737218813905935, "reusita": 41.340782122905026, "cnt": 179}, "BIOLOGIE VEGETALA SI ANIMALA": {"medie": 5.4975961538461515, "reusita": 57.65765765765766, "cnt": 111}, "GEOGRAFIE": {"medie": 7.3031250000000005, "reusita": 77.77777777777779, "cnt": 36}, "MATEMATICA TEHN": {"medie": 4.865384615384618, "reusita": 60.893854748603346, "cnt": 179}, "FIZICA TEH": {"medie": 9.0, "reusita": 100.0, "cnt": 1}, "LOGICA, ARGUMENTARE SI COMUNICARE": {"medie": 7.750000000000001, "reusita": 81.48148148148148, "cnt": 27}, "CHIMIE ANORGANICA TEH NIVEL I/II": {"medie": 6.574999999999999, "reusita": 100.0, "cnt": 4}}, "nume": "COLEGIUL TEHNIC \"ARMAND CALINESCU\" PITESTI\tArge\u0219"}