{"specializari": {"STIINTE ALE NATURII": 29, "MATEMATICA-INFORMATICA": 134, "FILOLOGIE": 62, "STIINTE SOCIALE": 31}, "limba_moderna": {"LIMBA FRANCEZA": 4, "LIMBA ENGLEZA": 252}, "limba_materna": {"LIMBA ROMANA": 256}, "promotie_anterioara": {"DA": 12, "NU": 244}, "materii": {"LIMBA ROMANA": {"medie": 7.636274509803928, "reusita": 97.265625, "cnt": 256}, "MATEMATICA ST-NAT": {"medie": 8.591071428571427, "reusita": 93.10344827586206, "cnt": 29}, "ANATOMIE SI FIZIOLOGIE UMANA, GENETICA SI ECOLOGIE UMANA": {"medie": 8.377192982456139, "reusita": 99.12280701754386, "cnt": 114}, "GENERAL": {"medie": 7.832810457516344, "reusita": 86.328125, "cnt": 256}, "MATEMATICA MATE-INFO": {"medie": 7.101492537313435, "reusita": 92.53731343283582, "cnt": 134}, "ISTORIE": {"medie": 8.339247311827958, "reusita": 97.84946236559139, "cnt": 93}, "GEOGRAFIE": {"medie": 7.557407407407407, "reusita": 88.88888888888889, "cnt": 27}, "SOCIOLOGIE": {"medie": 8.064102564102564, "reusita": 97.43589743589743, "cnt": 39}, "LOGICA, ARGUMENTARE SI COMUNICARE": {"medie": 8.725999999999999, "reusita": 100.0, "cnt": 25}, "PSIHOLOGIE": {"medie": 9.65, "reusita": 100.0, "cnt": 1}, "FILOSOFIE": {"medie": 9.7, "reusita": 100.0, "cnt": 1}, "FIZICA TEO": {"medie": 7.799999999999999, "reusita": 96.42857142857143, "cnt": 28}, "CHIMIE ORGANICA TEO NIVEL I/II": {"medie": 5.825, "reusita": 100.0, "cnt": 2}, "INFORMATICA MI C/C++": {"medie": 7.8656250000000005, "reusita": 93.75, "cnt": 16}, "CHIMIE ANORGANICA TEO NIVEL I/II": {"medie": 5.45, "reusita": 66.66666666666666, "cnt": 3}}, "nume": "COLEGIUL NATIONAL \"STEFAN CEL MARE\", ORAS TARGU NEAMT\tNeam\u021b"}