{"specializari": {"MATEMATICA-INFORMATICA": 148, "STIINTE ALE NATURII": 62, "FILOLOGIE": 30}, "limba_moderna": {"LIMBA ENGLEZA": 232, "LIMBA FRANCEZA": 8}, "limba_materna": {"LIMBA ROMANA": 240}, "promotie_anterioara": {"DA": 2, "NU": 238}, "materii": {"LIMBA ROMANA": {"medie": 8.166666666666671, "reusita": 99.58333333333333, "cnt": 240}, "MATEMATICA ST-NAT": {"medie": 8.26209677419355, "reusita": 98.38709677419355, "cnt": 62}, "ANATOMIE SI FIZIOLOGIE UMANA, GENETICA SI ECOLOGIE UMANA": {"medie": 8.856410256410255, "reusita": 99.14529914529915, "cnt": 117}, "GENERAL": {"medie": 8.419027777777776, "reusita": 96.66666666666667, "cnt": 240}, "MATEMATICA MATE-INFO": {"medie": 8.264189189189192, "reusita": 96.62162162162163, "cnt": 148}, "BIOLOGIE VEGETALA SI ANIMALA": {"medie": 8.866666666666667, "reusita": 100.0, "cnt": 3}, "ISTORIE": {"medie": 8.493333333333332, "reusita": 100.0, "cnt": 30}, "GEOGRAFIE": {"medie": 9.24705882352941, "reusita": 100.0, "cnt": 17}, "SOCIOLOGIE": {"medie": 8.860000000000001, "reusita": 100.0, "cnt": 5}, "LOGICA, ARGUMENTARE SI COMUNICARE": {"medie": 9.375, "reusita": 100.0, "cnt": 2}, "PSIHOLOGIE": {"medie": 8.975, "reusita": 100.0, "cnt": 2}, "FILOSOFIE": {"medie": 10.0, "reusita": 100.0, "cnt": 1}, "FIZICA TEO": {"medie": 8.767307692307693, "reusita": 100.0, "cnt": 26}, "CHIMIE ORGANICA TEO NIVEL I/II": {"medie": 8.330000000000002, "reusita": 100.0, "cnt": 5}, "INFORMATICA MI C/C++": {"medie": 8.538793103448278, "reusita": 100.0, "cnt": 58}, "ECONOMIE": {"medie": 8.700000000000001, "reusita": 100.0, "cnt": 3}, "INFORMATICA SN C/C++": {"medie": 9.6, "reusita": 100.0, "cnt": 1}}, "nume": "COLEGIUL NATIONAL \"ECATERINA TEODOROIU\" TG-JIU\tGorj"}