{"specializari": {"MUZICA": 63}, "limba_moderna": {"LIMBA FRANCEZA": 4, "LIMBA ENGLEZA": 59}, "limba_materna": {"LIMBA MAGHIARA": 12, "LIMBA ROMANA": 51}, "promotie_anterioara": {"NU": 63}, "materii": {"LIMBA ROMANA": {"medie": 7.7301587301587285, "reusita": 98.4126984126984, "cnt": 63}, "GENERAL": {"medie": 7.949260752688172, "reusita": 93.65079365079364, "cnt": 63}, "ISTORIE": {"medie": 8.117741935483867, "reusita": 98.4126984126984, "cnt": 63}, "GEOGRAFIE": {"medie": 7.758823529411768, "reusita": 96.15384615384616, "cnt": 52}, "LOGICA, ARGUMENTARE SI COMUNICARE": {"medie": 7.925, "reusita": 100.0, "cnt": 2}, "PSIHOLOGIE": {"medie": 9.1, "reusita": 100.0, "cnt": 1}, "FILOSOFIE": {"medie": 8.825, "reusita": 100.0, "cnt": 8}, "LIMBA MAGHIARA (REAL)": {"medie": 7.590909090909091, "reusita": 83.33333333333334, "cnt": 12}}, "nume": "COLEGIUL DE MUZICA \"SIGISMUND TODUTA\" CLUJ-NAPOCA\tCluj"}