{"specializari": {"LICEU CU PROGRAM SPORTIV": 111}, "limba_moderna": {"LIMBA ENGLEZA": 105, "LIMBA FRANCEZA": 5, "LIMBA GERMANA MODERNA": 1}, "limba_materna": {"LIMBA ROMANA": 111}, "promotie_anterioara": {"DA": 16, "NU": 95}, "materii": {"LIMBA ROMANA": {"medie": 5.806542056074765, "reusita": 73.87387387387388, "cnt": 111}, "GENERAL": {"medie": 6.353650793650796, "reusita": 59.45945945945946, "cnt": 111}, "ISTORIE": {"medie": 6.343867924528302, "reusita": 89.1891891891892, "cnt": 111}, "GEOGRAFIE": {"medie": 6.874757281553402, "reusita": 84.25925925925925, "cnt": 108}, "LOGICA, ARGUMENTARE SI COMUNICARE": {"medie": 7.8, "reusita": 100.0, "cnt": 1}, "PSIHOLOGIE": {"medie": 6.949999999999999, "reusita": 100.0, "cnt": 2}}, "nume": "LICEUL CU PROGRAM SPORTIV \"BANATUL\" TIMISOARA\tTimi\u0219"}