{"specializari": {"STIINTE SOCIALE": 32, "FILOLOGIE": 29, "MATEMATICA-INFORMATICA": 22, "STIINTE ALE NATURII": 29}, "limba_moderna": {"LIMBA ENGLEZA": 112}, "limba_materna": {"LIMBA ROMANA": 112}, "promotie_anterioara": {"DA": 3, "NU": 109}, "materii": {"LIMBA ROMANA": {"medie": 7.143303571428573, "reusita": 91.07142857142857, "cnt": 112}, "MATEMATICA ST-NAT": {"medie": 7.337931034482758, "reusita": 89.65517241379311, "cnt": 29}, "ANATOMIE SI FIZIOLOGIE UMANA, GENETICA SI ECOLOGIE UMANA": {"medie": 9.09479166666667, "reusita": 100.0, "cnt": 48}, "GENERAL": {"medie": 7.516369047619053, "reusita": 83.92857142857143, "cnt": 112}, "MATEMATICA MATE-INFO": {"medie": 7.629545454545454, "reusita": 90.9090909090909, "cnt": 22}, "ISTORIE": {"medie": 7.2934426229508205, "reusita": 98.36065573770492, "cnt": 61}, "GEOGRAFIE": {"medie": 7.16, "reusita": 93.33333333333333, "cnt": 45}, "SOCIOLOGIE": {"medie": 7.273333333333334, "reusita": 86.66666666666667, "cnt": 15}, "PSIHOLOGIE": {"medie": 8.55, "reusita": 100.0, "cnt": 1}, "INFORMATICA MI PASCAL": {"medie": 7.833333333333333, "reusita": 100.0, "cnt": 3}}, "nume": "LICEUL TEORETIC \"O.C.TASLAUANU\" TOPLITA\tHarghita"}