{"specializari": {"STIINTE SOCIALE": 29, "FILOLOGIE": 25, "STIINTE ALE NATURII": 33}, "limba_moderna": {"LIMBA ENGLEZA": 83, "LIMBA FRANCEZA": 4}, "limba_materna": {"LIMBA ROMANA": 87}, "promotie_anterioara": {"DA": 9, "NU": 78}, "materii": {"LIMBA ROMANA": {"medie": 6.515294117647058, "reusita": 88.50574712643679, "cnt": 87}, "MATEMATICA ST-NAT": {"medie": 7.873333333333332, "reusita": 81.81818181818183, "cnt": 33}, "ANATOMIE SI FIZIOLOGIE UMANA, GENETICA SI ECOLOGIE UMANA": {"medie": 8.429310344827586, "reusita": 93.54838709677419, "cnt": 31}, "GENERAL": {"medie": 6.856790123456787, "reusita": 65.51724137931035, "cnt": 87}, "ISTORIE": {"medie": 6.414150943396226, "reusita": 92.5925925925926, "cnt": 54}, "GEOGRAFIE": {"medie": 6.295098039215685, "reusita": 81.48148148148148, "cnt": 54}, "FIZICA TEO": {"medie": 6.9, "reusita": 100.0, "cnt": 1}, "CHIMIE ORGANICA TEO NIVEL I/II": {"medie": 4.5, "reusita": 0.0, "cnt": 1}}, "nume": "LICEUL TEORETIC \"IOAN COTOVU\" HARSOVA\tConstan\u021ba"}