{"specializari": {"TEOLOGIE BAPTISTA": 33, "MATEMATICA-INFORMATICA": 30}, "limba_moderna": {"LIMBA ENGLEZA": 63}, "limba_materna": {"LIMBA ROMANA": 63}, "promotie_anterioara": {"DA": 4, "NU": 59}, "materii": {"LIMBA ROMANA": {"medie": 7.421428571428573, "reusita": 98.4126984126984, "cnt": 63}, "ANATOMIE SI FIZIOLOGIE UMANA, GENETICA SI ECOLOGIE UMANA": {"medie": 8.149999999999999, "reusita": 95.23809523809523, "cnt": 21}, "GENERAL": {"medie": 7.264516129032256, "reusita": 77.77777777777779, "cnt": 63}, "MATEMATICA MATE-INFO": {"medie": 6.9416666666666655, "reusita": 86.66666666666667, "cnt": 30}, "BIOLOGIE VEGETALA SI ANIMALA": {"medie": 9.45, "reusita": 100.0, "cnt": 1}, "ISTORIE": {"medie": 6.8530303030303035, "reusita": 100.0, "cnt": 33}, "GEOGRAFIE": {"medie": 6.803030303030302, "reusita": 84.84848484848484, "cnt": 33}, "FIZICA TEO": {"medie": 7.5, "reusita": 100.0, "cnt": 1}, "INFORMATICA MI C/C++": {"medie": 7.828571428571428, "reusita": 100.0, "cnt": 7}}, "nume": "LICEUL TEOLOGIC BAPTIST TIMISOARA\tTimi\u0219"}