{"specializari": {"STIINTE ALE NATURII": 45, "MATEMATICA-INFORMATICA": 91, "FILOLOGIE": 71}, "limba_moderna": {"LIMBA ENGLEZA": 152, "LIMBA ITALIANA": 55}, "limba_materna": {"LIMBA ROMANA": 196, "LIMBA ITALIANA": 11}, "promotie_anterioara": {"DA": 28, "NU": 179}, "materii": {"LIMBA ROMANA": {"medie": 7.099512195121949, "reusita": 95.65217391304348, "cnt": 207}, "MATEMATICA ST-NAT": {"medie": 6.021794871794873, "reusita": 71.11111111111111, "cnt": 45}, "ANATOMIE SI FIZIOLOGIE UMANA, GENETICA SI ECOLOGIE UMANA": {"medie": 7.475471698113207, "reusita": 96.22641509433963, "cnt": 53}, "GENERAL": {"medie": 7.101743197278908, "reusita": 70.04830917874396, "cnt": 207}, "MATEMATICA MATE-INFO": {"medie": 5.97388888888889, "reusita": 76.92307692307693, "cnt": 91}, "BIOLOGIE VEGETALA SI ANIMALA": {"medie": 6.673437499999999, "reusita": 77.77777777777779, "cnt": 36}, "ISTORIE": {"medie": 7.71267605633803, "reusita": 98.59154929577466, "cnt": 71}, "GEOGRAFIE": {"medie": 8.101282051282052, "reusita": 97.5, "cnt": 40}, "SOCIOLOGIE": {"medie": 8.635416666666666, "reusita": 100.0, "cnt": 24}, "LOGICA, ARGUMENTARE SI COMUNICARE": {"medie": 9.2125, "reusita": 100.0, "cnt": 4}, "PSIHOLOGIE": {"medie": 9.7, "reusita": 100.0, "cnt": 1}, "FILOSOFIE": {"medie": 9.35, "reusita": 100.0, "cnt": 2}, "FIZICA TEO": {"medie": 6.590625000000001, "reusita": 87.5, "cnt": 32}, "CHIMIE ORGANICA TEO NIVEL I/II": {"medie": 6.9, "reusita": 100.0, "cnt": 4}, "INFORMATICA MI C/C++": {"medie": 6.394444444444444, "reusita": 80.0, "cnt": 10}, "CHIMIE ANORGANICA TEO NIVEL I/II": {"medie": 9.7, "reusita": 100.0, "cnt": 1}, "LIMBA ITALIANA": {"medie": 5.4363636363636365, "reusita": 72.72727272727273, "cnt": 11}}, "nume": "LICEUL TEORETIC \"DANTE ALIGHIERI\"\tBucure\u0219ti"}