{"specializari": {"STIINTE SOCIALE": 32, "MATEMATICA-INFORMATICA": 30, "STIINTE ALE NATURII": 80, "FILOLOGIE": 60}, "limba_moderna": {"LIMBA ENGLEZA": 194, "LIMBA FRANCEZA": 8}, "limba_materna": {"LIMBA ROMANA": 202}, "promotie_anterioara": {"DA": 6, "NU": 196}, "materii": {"LIMBA ROMANA": {"medie": 8.103749999999998, "reusita": 97.52475247524752, "cnt": 202}, "MATEMATICA ST-NAT": {"medie": 7.64493670886076, "reusita": 91.25, "cnt": 80}, "ANATOMIE SI FIZIOLOGIE UMANA, GENETICA SI ECOLOGIE UMANA": {"medie": 8.464150943396225, "reusita": 96.29629629629629, "cnt": 54}, "GENERAL": {"medie": 7.878499999999999, "reusita": 88.11881188118812, "cnt": 202}, "MATEMATICA MATE-INFO": {"medie": 7.6016666666666675, "reusita": 90.0, "cnt": 30}, "BIOLOGIE VEGETALA SI ANIMALA": {"medie": 8.187499999999998, "reusita": 93.75, "cnt": 16}, "ISTORIE": {"medie": 7.302747252747254, "reusita": 95.65217391304348, "cnt": 92}, "GEOGRAFIE": {"medie": 8.702777777777776, "reusita": 100.0, "cnt": 18}, "SOCIOLOGIE": {"medie": 7.3215517241379295, "reusita": 88.13559322033898, "cnt": 59}, "LOGICA, ARGUMENTARE SI COMUNICARE": {"medie": 8.296666666666665, "reusita": 93.33333333333333, "cnt": 15}, "FIZICA TEO": {"medie": 7.555769230769229, "reusita": 92.3076923076923, "cnt": 26}, "CHIMIE ORGANICA TEO NIVEL I/II": {"medie": 9.142857142857142, "reusita": 100.0, "cnt": 14}}, "nume": "LICEUL TEORETIC \"SPIRU HARET\" MOINESTI\tBac\u0103u"}