{"specializari": {"MATEMATICA-INFORMATICA": 4, "STIINTE SOCIALE": 9, "STIINTE ALE NATURII": 30, "FILOLOGIE": 24}, "limba_moderna": {"LIMBA ENGLEZA": 51, "LIMBA FRANCEZA": 4, "LIMBA GERMANA MODERNA": 12}, "limba_materna": {"LIMBA ROMANA": 67}, "promotie_anterioara": {"DA": 5, "NU": 62}, "materii": {"LIMBA ROMANA": {"medie": 6.66969696969697, "reusita": 95.52238805970148, "cnt": 67}, "MATEMATICA ST-NAT": {"medie": 5.303333333333333, "reusita": 63.33333333333333, "cnt": 30}, "ANATOMIE SI FIZIOLOGIE UMANA, GENETICA SI ECOLOGIE UMANA": {"medie": 7.671428571428572, "reusita": 86.66666666666667, "cnt": 30}, "GENERAL": {"medie": 6.451058201058201, "reusita": 53.73134328358209, "cnt": 67}, "MATEMATICA MATE-INFO": {"medie": 3.6875, "reusita": 50.0, "cnt": 4}, "BIOLOGIE VEGETALA SI ANIMALA": {"medie": 4.449999999999999, "reusita": 33.33333333333333, "cnt": 3}, "ISTORIE": {"medie": 5.632812499999999, "reusita": 66.66666666666666, "cnt": 33}, "GEOGRAFIE": {"medie": 7.222916666666667, "reusita": 95.83333333333334, "cnt": 24}, "LOGICA, ARGUMENTARE SI COMUNICARE": {"medie": 7.155555555555556, "reusita": 100.0, "cnt": 9}, "CHIMIE ANORGANICA TEO NIVEL I/II": {"medie": 4.55, "reusita": 0.0, "cnt": 1}}, "nume": "LICEUL TEORETIC \"IOAN PASCU\" CODLEA\tBra\u0219ov"}