{"specializari": {"FILOLOGIE": 23}, "limba_moderna": {"LIMBA ENGLEZA": 23}, "limba_materna": {"LIMBA ROMANA": 23}, "promotie_anterioara": {"DA": 2, "NU": 21}, "materii": {"LIMBA ROMANA": {"medie": 6.534782608695653, "reusita": 86.95652173913044, "cnt": 23}, "GENERAL": {"medie": 7.226811594202897, "reusita": 73.91304347826086, "cnt": 23}, "ISTORIE": {"medie": 7.576086956521739, "reusita": 100.0, "cnt": 23}, "GEOGRAFIE": {"medie": 7.486111111111111, "reusita": 100.0, "cnt": 18}, "SOCIOLOGIE": {"medie": 7.869999999999999, "reusita": 100.0, "cnt": 5}}, "nume": "LICEUL WALDORF TIMISOARA\tTimi\u0219"}