{"specializari": {"MATEMATICA-INFORMATICA": 49, "STIINTE ALE NATURII": 24, "STIINTE SOCIALE": 34, "FILOLOGIE": 32}, "limba_moderna": {"LIMBA ENGLEZA": 139}, "limba_materna": {"LIMBA ROMANA": 139}, "promotie_anterioara": {"DA": 24, "NU": 115}, "materii": {"LIMBA ROMANA": {"medie": 6.809124087591242, "reusita": 97.84172661870504, "cnt": 139}, "MATEMATICA ST-NAT": {"medie": 5.539130434782608, "reusita": 70.83333333333334, "cnt": 24}, "ANATOMIE SI FIZIOLOGIE UMANA, GENETICA SI ECOLOGIE UMANA": {"medie": 6.780851063829788, "reusita": 91.83673469387756, "cnt": 49}, "GENERAL": {"medie": 6.737990196078435, "reusita": 67.62589928057554, "cnt": 139}, "MATEMATICA MATE-INFO": {"medie": 5.775510204081631, "reusita": 81.63265306122449, "cnt": 49}, "BIOLOGIE VEGETALA SI ANIMALA": {"medie": 5.9125, "reusita": 75.0, "cnt": 4}, "ISTORIE": {"medie": 6.566153846153846, "reusita": 95.45454545454545, "cnt": 66}, "GEOGRAFIE": {"medie": 7.886046511627907, "reusita": 97.72727272727273, "cnt": 44}, "SOCIOLOGIE": {"medie": 6.6, "reusita": 100.0, "cnt": 1}, "LOGICA, ARGUMENTARE SI COMUNICARE": {"medie": 7.769999999999999, "reusita": 100.0, "cnt": 20}, "FILOSOFIE": {"medie": 6.7, "reusita": 100.0, "cnt": 1}, "INFORMATICA MI PASCAL": {"medie": 8.174999999999999, "reusita": 100.0, "cnt": 6}, "FIZICA TEO": {"medie": 6.55, "reusita": 85.71428571428571, "cnt": 7}, "CHIMIE ORGANICA TEO NIVEL I/II": {"medie": 9.2, "reusita": 100.0, "cnt": 1}, "INFORMATICA MI C/C++": {"medie": 6.6000000000000005, "reusita": 100.0, "cnt": 3}, "CHIMIE ANORGANICA TEO NIVEL I/II": {"medie": 5.133333333333334, "reusita": 66.66666666666666, "cnt": 3}}, "nume": "LICEUL TEORETIC \"MARIN PREDA\"\tBucure\u0219ti"}