{"specializari": {"TEHNICIAN MECATRONIST": 21}, "limba_moderna": {"LIMBA ENGLEZA": 21}, "limba_materna": {"LIMBA ROMANA": 21}, "promotie_anterioara": {"DA": 5, "NU": 16}, "materii": {"LIMBA ROMANA": {"medie": 5.526666666666667, "reusita": 52.38095238095239, "cnt": 21}, "GENERAL": {"medie": 5.475641025641026, "reusita": 33.33333333333333, "cnt": 21}, "BIOLOGIE VEGETALA SI ANIMALA": {"medie": 5.513636363636364, "reusita": 41.17647058823529, "cnt": 17}, "MATEMATICA TEHN": {"medie": 4.642857142857143, "reusita": 38.095238095238095, "cnt": 21}, "FIZICA TEH": {"medie": 6.550000000000001, "reusita": 50.0, "cnt": 4}}, "nume": "LICEUL TEHNOLOGIC \"G-RAL C-TIN SANDRU\" BALTA, RUNCU\tGorj"}