{"specializari": {"ARTE PLASTICE SI DECORATIVE": 37, "MUZICA": 20, "ARHITECTURA, ARTE AMBIENTALE SI DESIGN": 17}, "limba_moderna": {"LIMBA ENGLEZA": 42, "LIMBA ITALIANA": 32}, "limba_materna": {"LIMBA ROMANA": 74}, "promotie_anterioara": {"DA": 5, "NU": 69}, "materii": {"LIMBA ROMANA": {"medie": 6.722972972972972, "reusita": 89.1891891891892, "cnt": 74}, "GENERAL": {"medie": 7.132882882882884, "reusita": 81.08108108108108, "cnt": 74}, "ISTORIE": {"medie": 6.7472972972972975, "reusita": 91.8918918918919, "cnt": 74}, "GEOGRAFIE": {"medie": 7.814583333333332, "reusita": 95.83333333333334, "cnt": 24}, "LOGICA, ARGUMENTARE SI COMUNICARE": {"medie": 7.983000000000001, "reusita": 94.0, "cnt": 50}}, "nume": "LICEUL DE ARTE \"DINU LIPATTI\" PITESTI\tArge\u0219"}