{"specializari": {"FILOLOGIE": 29, "TEHNICIAN MECANIC PENTRU INTRETINERE SI REPARATII": 11, "MATEMATICA-INFORMATICA": 18, "TEHNICIAN MECATRONIST": 3}, "limba_moderna": {"LIMBA FRANCEZA": 6, "LIMBA ENGLEZA": 55}, "limba_materna": {"LIMBA ROMANA": 61}, "promotie_anterioara": {"DA": 12, "NU": 49}, "materii": {"LIMBA ROMANA": {"medie": 5.917391304347825, "reusita": 63.934426229508205, "cnt": 61}, "ANATOMIE SI FIZIOLOGIE UMANA, GENETICA SI ECOLOGIE UMANA": {"medie": 6.68076923076923, "reusita": 55.55555555555556, "cnt": 18}, "GENERAL": {"medie": 6.448412698412698, "reusita": 40.98360655737705, "cnt": 61}, "MATEMATICA MATE-INFO": {"medie": 3.142307692307692, "reusita": 16.666666666666664, "cnt": 18}, "BIOLOGIE VEGETALA SI ANIMALA": {"medie": 3.1500000000000004, "reusita": 0.0, "cnt": 11}, "ISTORIE": {"medie": 7.024074074074073, "reusita": 93.10344827586206, "cnt": 29}, "GEOGRAFIE": {"medie": 8.349999999999998, "reusita": 89.65517241379311, "cnt": 29}, "MATEMATICA TEHN": {"medie": 3.125, "reusita": 7.142857142857142, "cnt": 14}, "CHIMIE ANORGANICA TEH NIVEL I/II": {"medie": 5.0, "reusita": 33.33333333333333, "cnt": 3}}, "nume": "LICEUL TEHNOLOGIC \"HORIA VINTILA\" SEGARCEA\tDolj"}