{"specializari": {"FILOLOGIE": 28, "STIINTE SOCIALE": 30, "STIINTE ALE NATURII": 24, "MATEMATICA-INFORMATICA": 30}, "limba_moderna": {"LIMBA ENGLEZA": 112}, "limba_materna": {"LIMBA ROMANA": 112}, "promotie_anterioara": {"DA": 5, "NU": 107}, "materii": {"LIMBA ROMANA": {"medie": 6.603738317757013, "reusita": 80.35714285714286, "cnt": 112}, "MATEMATICA ST-NAT": {"medie": 6.716666666666668, "reusita": 83.33333333333334, "cnt": 24}, "ANATOMIE SI FIZIOLOGIE UMANA, GENETICA SI ECOLOGIE UMANA": {"medie": 7.8489130434782615, "reusita": 89.58333333333334, "cnt": 48}, "GENERAL": {"medie": 6.743553459119497, "reusita": 58.03571428571429, "cnt": 112}, "MATEMATICA MATE-INFO": {"medie": 5.13793103448276, "reusita": 56.666666666666664, "cnt": 30}, "ISTORIE": {"medie": 6.5129629629629635, "reusita": 91.37931034482759, "cnt": 58}, "GEOGRAFIE": {"medie": 7.477027027027028, "reusita": 82.92682926829268, "cnt": 41}, "SOCIOLOGIE": {"medie": 5.706250000000001, "reusita": 81.25, "cnt": 16}, "LOGICA, ARGUMENTARE SI COMUNICARE": {"medie": 8.55, "reusita": 100.0, "cnt": 1}, "CHIMIE ORGANICA TEO NIVEL I/II": {"medie": 8.625, "reusita": 100.0, "cnt": 4}, "INFORMATICA MI C/C++": {"medie": 8.575, "reusita": 100.0, "cnt": 2}}, "nume": "LICEUL TEORETIC \"VASILE ALECSANDRI\", COMUNA SABAOANI\tNeam\u021b"}