{"specializari": {"STIINTE ALE NATURII": 12, "TEOLOGIE ROMANO-CATOLICA": 25, "TEHNICIAN IN TURISM": 9}, "limba_moderna": {"LIMBA ENGLEZA": 26, "LIMBA GERMANA MODERNA": 20}, "limba_materna": {"LIMBA MAGHIARA": 46}, "promotie_anterioara": {"DA": 9, "NU": 37}, "materii": {"LIMBA ROMANA": {"medie": 4.22159090909091, "reusita": 41.30434782608695, "cnt": 46}, "MATEMATICA ST-NAT": {"medie": 6.383333333333334, "reusita": 91.66666666666666, "cnt": 12}, "ANATOMIE SI FIZIOLOGIE UMANA, GENETICA SI ECOLOGIE UMANA": {"medie": 7.483333333333333, "reusita": 85.71428571428571, "cnt": 7}, "GENERAL": {"medie": 5.796022727272727, "reusita": 32.608695652173914, "cnt": 46}, "BIOLOGIE VEGETALA SI ANIMALA": {"medie": 5.1, "reusita": 50.0, "cnt": 2}, "ISTORIE": {"medie": 5.874, "reusita": 96.0, "cnt": 25}, "GEOGRAFIE": {"medie": 6.637500000000001, "reusita": 85.71428571428571, "cnt": 28}, "MATEMATICA TEHN": {"medie": 4.3625, "reusita": 44.44444444444444, "cnt": 9}, "FILOSOFIE": {"medie": 6.491666666666667, "reusita": 66.66666666666666, "cnt": 6}, "LIMBA MAGHIARA (REAL)": {"medie": 6.621739130434785, "reusita": 93.47826086956522, "cnt": 46}, "FIZICA TEO": {"medie": 6.775, "reusita": 100.0, "cnt": 2}, "CHIMIE ORGANICA TEO NIVEL I/II": {"medie": 5.3, "reusita": 100.0, "cnt": 1}}, "nume": "LICEUL ROMANO-CATOLIC \"JOSEPHUS CALASANTIUS\" CAREI\tSatu-Mare"}