{"specializari": {"ARHITECTURA, ARTE AMBIENTALE SI DESIGN": 30, "MUZICA": 22, "ARTE PLASTICE SI DECORATIVE": 36}, "limba_moderna": {"LIMBA ENGLEZA": 76, "LIMBA ITALIANA": 6, "LIMBA FRANCEZA": 6}, "limba_materna": {"LIMBA ROMANA": 88}, "promotie_anterioara": {"DA": 17, "NU": 71}, "materii": {"LIMBA ROMANA": {"medie": 5.912987012987013, "reusita": 69.31818181818183, "cnt": 88}, "GENERAL": {"medie": 6.2186147186147185, "reusita": 52.27272727272727, "cnt": 88}, "ISTORIE": {"medie": 6.151829268292683, "reusita": 85.22727272727273, "cnt": 88}, "GEOGRAFIE": {"medie": 6.513281250000001, "reusita": 82.35294117647058, "cnt": 68}, "LOGICA, ARGUMENTARE SI COMUNICARE": {"medie": 6.477777777777778, "reusita": 88.88888888888889, "cnt": 9}, "PSIHOLOGIE": {"medie": 6.983333333333333, "reusita": 66.66666666666666, "cnt": 3}, "FILOSOFIE": {"medie": 6.2, "reusita": 75.0, "cnt": 8}}, "nume": "LICEUL DE ARTA \"GHEORGHE TATTARESCU\" FOCSANI\tVrancea"}