{"specializari": {"TEHNICIAN IN MORARIT, PANIFICATIE SI PRODUSE FAINOASE": 11}, "limba_moderna": {"LIMBA ENGLEZA": 11}, "limba_materna": {"LIMBA ROMANA": 11}, "promotie_anterioara": {"NU": 11}, "materii": {"LIMBA ROMANA": {"medie": 6.9444444444444455, "reusita": 81.81818181818183, "cnt": 11}, "ANATOMIE SI FIZIOLOGIE UMANA, GENETICA SI ECOLOGIE UMANA": {"medie": 7.066666666666666, "reusita": 81.81818181818183, "cnt": 11}, "GENERAL": {"medie": 6.381481481481481, "reusita": 45.45454545454545, "cnt": 11}, "MATEMATICA TEHN": {"medie": 5.133333333333334, "reusita": 45.45454545454545, "cnt": 11}}, "nume": "LICEUL TEHNOLOGIC PLOPENII MARI\tBoto\u0219ani"}