{"specializari": {"FILOLOGIE": 21, "STIINTE SOCIALE": 18}, "limba_moderna": {"LIMBA ENGLEZA": 25, "LIMBA FRANCEZA": 14}, "limba_materna": {"LIMBA ROMANA": 39}, "promotie_anterioara": {"DA": 13, "NU": 26}, "materii": {"LIMBA ROMANA": {"medie": 4.844117647058824, "reusita": 56.41025641025641, "cnt": 39}, "GENERAL": {"medie": 5.795588235294119, "reusita": 35.8974358974359, "cnt": 39}, "ISTORIE": {"medie": 5.694444444444445, "reusita": 76.92307692307693, "cnt": 39}, "GEOGRAFIE": {"medie": 6.562500000000002, "reusita": 82.85714285714286, "cnt": 35}, "SOCIOLOGIE": {"medie": 7.483333333333333, "reusita": 100.0, "cnt": 3}, "PSIHOLOGIE": {"medie": 9.8, "reusita": 100.0, "cnt": 1}}, "nume": "LICEUL TEORETIC \"ALEXANDRU ROSETTI\" VIDRA\tIlfov"}