{"specializari": {"TEHNICIAN IN ADMINISTRATIE": 26}, "limba_moderna": {"LIMBA ENGLEZA": 26}, "limba_materna": {"LIMBA ROMANA": 26}, "promotie_anterioara": {"DA": 5, "NU": 21}, "materii": {"LIMBA ROMANA": {"medie": 5.329166666666668, "reusita": 61.53846153846154, "cnt": 26}, "GENERAL": {"medie": 4.322727272727273, "reusita": 3.8461538461538463, "cnt": 26}, "GEOGRAFIE": {"medie": 5.608, "reusita": 61.53846153846154, "cnt": 26}, "MATEMATICA TEHN": {"medie": 2.279166666666667, "reusita": 11.538461538461538, "cnt": 26}}, "nume": "LICEUL TEHNOLOGIC BELIU\tArad"}