{"specializari": {"LICEU CU PROGRAM SPORTIV": 83, "STIINTE ALE NATURII": 25}, "limba_moderna": {"LIMBA ENGLEZA": 92, "LIMBA FRANCEZA": 16}, "limba_materna": {"LIMBA ROMANA": 108}, "promotie_anterioara": {"DA": 15, "NU": 93}, "materii": {"LIMBA ROMANA": {"medie": 5.802777777777777, "reusita": 80.55555555555556, "cnt": 108}, "MATEMATICA ST-NAT": {"medie": 5.45, "reusita": 76.0, "cnt": 25}, "ANATOMIE SI FIZIOLOGIE UMANA, GENETICA SI ECOLOGIE UMANA": {"medie": 5.939285714285715, "reusita": 57.14285714285714, "cnt": 14}, "GENERAL": {"medie": 6.126121794871793, "reusita": 57.407407407407405, "cnt": 108}, "ISTORIE": {"medie": 6.296341463414634, "reusita": 89.1566265060241, "cnt": 83}, "GEOGRAFIE": {"medie": 6.350000000000001, "reusita": 77.27272727272727, "cnt": 44}, "LOGICA, ARGUMENTARE SI COMUNICARE": {"medie": 6.826315789473685, "reusita": 71.7948717948718, "cnt": 39}, "FIZICA TEO": {"medie": 2.9, "reusita": 0.0, "cnt": 1}, "CHIMIE ORGANICA TEO NIVEL I/II": {"medie": 6.125, "reusita": 100.0, "cnt": 10}}, "nume": "LICEUL CU PROGRAM SPORTIV, LOCALITATEA GALATI\tGala\u021bi"}