{"specializari": {"TEHNICIAN IN TURISM": 29, "MATEMATICA-INFORMATICA": 45, "STIINTE SOCIALE": 59, "STIINTE ALE NATURII": 105, "FILOLOGIE": 62, "TEHNICIAN IN ACTIVITATI ECONOMICE": 31}, "limba_moderna": {"LIMBA ENGLEZA": 297, "LIMBA FRANCEZA": 34}, "limba_materna": {"LIMBA ROMANA": 331}, "promotie_anterioara": {"DA": 28, "NU": 303}, "materii": {"LIMBA ROMANA": {"medie": 7.042438271604943, "reusita": 94.5619335347432, "cnt": 331}, "MATEMATICA ST-NAT": {"medie": 5.880392156862748, "reusita": 72.38095238095238, "cnt": 105}, "ANATOMIE SI FIZIOLOGIE UMANA, GENETICA SI ECOLOGIE UMANA": {"medie": 7.444036697247706, "reusita": 92.7927927927928, "cnt": 111}, "GENERAL": {"medie": 7.099999999999997, "reusita": 71.90332326283988, "cnt": 331}, "MATEMATICA MATE-INFO": {"medie": 5.123809523809525, "reusita": 60.0, "cnt": 45}, "BIOLOGIE VEGETALA SI ANIMALA": {"medie": 6.228571428571428, "reusita": 85.71428571428571, "cnt": 7}, "ISTORIE": {"medie": 7.123529411764706, "reusita": 94.21487603305785, "cnt": 121}, "GEOGRAFIE": {"medie": 7.839000000000002, "reusita": 96.11650485436894, "cnt": 103}, "MATEMATICA TEHN": {"medie": 6.038596491228069, "reusita": 80.0, "cnt": 60}, "SOCIOLOGIE": {"medie": 6.15, "reusita": 100.0, "cnt": 1}, "LOGICA, ARGUMENTARE SI COMUNICARE": {"medie": 9.140441176470588, "reusita": 98.52941176470588, "cnt": 68}, "PSIHOLOGIE": {"medie": 8.085714285714285, "reusita": 87.5, "cnt": 8}, "FIZICA TEO": {"medie": 6.171428571428571, "reusita": 71.42857142857143, "cnt": 14}, "CHIMIE ORGANICA TEO NIVEL I/II": {"medie": 8.61, "reusita": 100.0, "cnt": 5}, "INFORMATICA MI C/C++": {"medie": 7.561111111111111, "reusita": 90.0, "cnt": 10}, "ECONOMIE": {"medie": 8.0, "reusita": 100.0, "cnt": 1}, "INFORMATICA SN C/C++": {"medie": 7.75, "reusita": 100.0, "cnt": 3}}, "nume": "LICEUL TEORETIC \"MIHAI EMINESCU\", MUN. BARLAD\tVaslui"}