{"specializari": {"FILOLOGIE": 33, "MATEMATICA-INFORMATICA": 15, "STIINTE ALE NATURII": 11}, "limba_moderna": {"LIMBA ENGLEZA": 58, "LIMBA FRANCEZA": 1}, "limba_materna": {"LIMBA ROMANA": 59}, "promotie_anterioara": {"DA": 10, "NU": 49}, "materii": {"LIMBA ROMANA": {"medie": 4.193902439024391, "reusita": 35.59322033898305, "cnt": 59}, "MATEMATICA ST-NAT": {"medie": 1.4416666666666664, "reusita": 0.0, "cnt": 11}, "ANATOMIE SI FIZIOLOGIE UMANA, GENETICA SI ECOLOGIE UMANA": {"medie": 3.2949999999999995, "reusita": 8.333333333333332, "cnt": 24}, "GENERAL": {"medie": 4.577235772357722, "reusita": 16.94915254237288, "cnt": 59}, "MATEMATICA MATE-INFO": {"medie": 1.0583333333333333, "reusita": 0.0, "cnt": 15}, "BIOLOGIE VEGETALA SI ANIMALA": {"medie": 4.725, "reusita": 50.0, "cnt": 2}, "ISTORIE": {"medie": 5.424999999999999, "reusita": 66.66666666666666, "cnt": 33}, "GEOGRAFIE": {"medie": 6.065517241379308, "reusita": 69.6969696969697, "cnt": 33}}, "nume": "LICEUL TEORETIC OLTENI\tTeleorman"}