{"specializari": {"MATEMATICA-INFORMATICA": 33, "STIINTE SOCIALE": 34, "TEHNICIAN MECANIC PENTRU INTRETINERE SI REPARATII": 10, "TEHNICIAN IN ACTIVITATI ECONOMICE": 17}, "limba_moderna": {"LIMBA ENGLEZA": 94}, "limba_materna": {"LIMBA ROMANA": 94}, "promotie_anterioara": {"DA": 14, "NU": 80}, "materii": {"LIMBA ROMANA": {"medie": 5.775, "reusita": 69.14893617021278, "cnt": 94}, "ANATOMIE SI FIZIOLOGIE UMANA, GENETICA SI ECOLOGIE UMANA": {"medie": 6.896774193548387, "reusita": 87.09677419354838, "cnt": 31}, "GENERAL": {"medie": 5.58409090909091, "reusita": 44.680851063829785, "cnt": 94}, "MATEMATICA MATE-INFO": {"medie": 4.925000000000001, "reusita": 54.54545454545454, "cnt": 33}, "BIOLOGIE VEGETALA SI ANIMALA": {"medie": 2.1166666666666667, "reusita": 0.0, "cnt": 10}, "ISTORIE": {"medie": 6.579411764705884, "reusita": 97.05882352941177, "cnt": 34}, "GEOGRAFIE": {"medie": 7.583333333333333, "reusita": 90.0, "cnt": 10}, "MATEMATICA TEHN": {"medie": 2.058333333333333, "reusita": 11.11111111111111, "cnt": 27}, "LOGICA, ARGUMENTARE SI COMUNICARE": {"medie": 5.941025641025644, "reusita": 65.85365853658537, "cnt": 41}, "INFORMATICA MI C/C++": {"medie": 5.175, "reusita": 100.0, "cnt": 2}}, "nume": "LICEUL COBADIN\tConstan\u021ba"}