{"specializari": {"COAFOR STILIST": 9}, "limba_moderna": {"LIMBA ENGLEZA": 9}, "limba_materna": {"LIMBA ROMANA": 9}, "promotie_anterioara": {"DA": 2, "NU": 7}, "materii": {"LIMBA ROMANA": {"medie": 5.658333333333334, "reusita": 44.44444444444444, "cnt": 9}, "GENERAL": {"medie": 5.1033333333333335, "reusita": 22.22222222222222, "cnt": 9}, "GEOGRAFIE": {"medie": 6.083333333333333, "reusita": 44.44444444444444, "cnt": 9}, "MATEMATICA TEHN": {"medie": 2.9499999999999997, "reusita": 22.22222222222222, "cnt": 9}}, "nume": "LICEUL TEHNOLOGIC UCECOM \"SPIRU HARET\" CONSTANTA\tConstan\u021ba"}