{"specializari": {"STIINTE ALE NATURII": 75, "MATEMATICA-INFORMATICA": 29, "FILOLOGIE": 37, "STIINTE SOCIALE": 34}, "limba_moderna": {"LIMBA ENGLEZA": 155, "LIMBA FRANCEZA": 20}, "limba_materna": {"LIMBA ROMANA": 175}, "promotie_anterioara": {"DA": 17, "NU": 158}, "materii": {"LIMBA ROMANA": {"medie": 6.9101744186046545, "reusita": 96.0, "cnt": 175}, "MATEMATICA ST-NAT": {"medie": 5.8812500000000005, "reusita": 76.0, "cnt": 75}, "ANATOMIE SI FIZIOLOGIE UMANA, GENETICA SI ECOLOGIE UMANA": {"medie": 7.905434782608694, "reusita": 100.0, "cnt": 46}, "GENERAL": {"medie": 7.114880952380956, "reusita": 74.85714285714286, "cnt": 175}, "MATEMATICA MATE-INFO": {"medie": 5.9620689655172425, "reusita": 75.86206896551724, "cnt": 29}, "BIOLOGIE VEGETALA SI ANIMALA": {"medie": 7.155555555555556, "reusita": 77.41935483870968, "cnt": 31}, "ISTORIE": {"medie": 7.183098591549294, "reusita": 100.0, "cnt": 71}, "GEOGRAFIE": {"medie": 8.241176470588234, "reusita": 94.44444444444444, "cnt": 18}, "SOCIOLOGIE": {"medie": 8.419999999999998, "reusita": 100.0, "cnt": 5}, "LOGICA, ARGUMENTARE SI COMUNICARE": {"medie": 8.889534883720932, "reusita": 95.45454545454545, "cnt": 44}, "PSIHOLOGIE": {"medie": 8.466666666666667, "reusita": 100.0, "cnt": 3}, "FIZICA TEO": {"medie": 6.959374999999999, "reusita": 100.0, "cnt": 16}, "CHIMIE ORGANICA TEO NIVEL I/II": {"medie": 7.890000000000001, "reusita": 80.0, "cnt": 5}, "INFORMATICA MI C/C++": {"medie": 7.075, "reusita": 75.0, "cnt": 4}, "CHIMIE ANORGANICA TEO NIVEL I/II": {"medie": 8.35, "reusita": 100.0, "cnt": 1}, "ECONOMIE": {"medie": 9.4, "reusita": 100.0, "cnt": 1}, "INFORMATICA SN C/C++": {"medie": 3.5, "reusita": 0.0, "cnt": 1}}, "nume": "LICEUL TEORETIC \"ION CANTACUZINO\" PITESTI\tArge\u0219"}