{"specializari": {"MUZICA": 31, "INVATATOR - EDUCATOARE": 28}, "limba_moderna": {"LIMBA ENGLEZA": 52, "LIMBA ITALIANA": 7}, "limba_materna": {"LIMBA ROMANA": 59}, "promotie_anterioara": {"DA": 2, "NU": 57}, "materii": {"LIMBA ROMANA": {"medie": 8.009322033898307, "reusita": 94.91525423728814, "cnt": 59}, "GENERAL": {"medie": 7.878735632183909, "reusita": 91.52542372881356, "cnt": 59}, "ISTORIE": {"medie": 7.105, "reusita": 93.54838709677419, "cnt": 31}, "GEOGRAFIE": {"medie": 7.736111111111111, "reusita": 94.44444444444444, "cnt": 36}, "MATEMATICA PED": {"medie": 7.419642857142856, "reusita": 100.0, "cnt": 28}, "LOGICA, ARGUMENTARE SI COMUNICARE": {"medie": 9.6, "reusita": 100.0, "cnt": 1}, "PSIHOLOGIE": {"medie": 8.940909090909093, "reusita": 100.0, "cnt": 22}}, "nume": "LICEUL DE MUZICA \"TUDOR JARDA\" BISTRITA\tBistri\u021ba-N\u0103s\u0103ud"}