{"specializari": {"LICEU CU PROGRAM SPORTIV": 28, "ARTE PLASTICE SI DECORATIVE": 33, "FILOLOGIE": 25, "MUZICA": 21, "INVATATOR - EDUCATOARE": 51, "INSTRUCTOR PENTRU ACTIVITATI EXTRASCOLARE": 31}, "limba_moderna": {"LIMBA ENGLEZA": 165, "LIMBA SPANIOLA": 7, "LIMBA FRANCEZA": 17}, "limba_materna": {"LIMBA ROMANA": 189}, "promotie_anterioara": {"DA": 21, "NU": 168}, "materii": {"LIMBA ROMANA": {"medie": 6.732044198895031, "reusita": 83.5978835978836, "cnt": 189}, "GENERAL": {"medie": 6.718156424581008, "reusita": 60.84656084656085, "cnt": 189}, "ISTORIE": {"medie": 6.0111940298507465, "reusita": 86.23188405797102, "cnt": 138}, "GEOGRAFIE": {"medie": 6.189864864864866, "reusita": 77.92207792207793, "cnt": 77}, "MATEMATICA PED": {"medie": 7.248979591836735, "reusita": 94.11764705882352, "cnt": 51}, "LOGICA, ARGUMENTARE SI COMUNICARE": {"medie": 6.986486486486488, "reusita": 75.0, "cnt": 40}, "PSIHOLOGIE": {"medie": 8.029285714285717, "reusita": 95.83333333333334, "cnt": 72}}, "nume": "LICEUL PEDAGOGIC \"IOAN POPESCU\", MUN. BARLAD\tVaslui"}