{"specializari": {"MATEMATICA-INFORMATICA": 47, "TEHNICIAN OPERATOR TEHNICA DE CALCUL": 66}, "limba_moderna": {"LIMBA ENGLEZA": 113}, "limba_materna": {"LIMBA ROMANA": 113}, "promotie_anterioara": {"DA": 25, "NU": 88}, "materii": {"LIMBA ROMANA": {"medie": 6.156666666666669, "reusita": 81.41592920353983, "cnt": 113}, "ANATOMIE SI FIZIOLOGIE UMANA, GENETICA SI ECOLOGIE UMANA": {"medie": 6.968181818181818, "reusita": 95.45454545454545, "cnt": 22}, "GENERAL": {"medie": 5.376797385620915, "reusita": 28.31858407079646, "cnt": 113}, "MATEMATICA MATE-INFO": {"medie": 4.467391304347825, "reusita": 44.680851063829785, "cnt": 47}, "BIOLOGIE VEGETALA SI ANIMALA": {"medie": 4.832456140350877, "reusita": 49.25373134328358, "cnt": 67}, "MATEMATICA TEHN": {"medie": 4.574107142857144, "reusita": 45.45454545454545, "cnt": 66}, "FIZICA TEH": {"medie": 5.025, "reusita": 50.0, "cnt": 2}, "INFORMATICA MI C/C++": {"medie": 5.609090909090909, "reusita": 68.18181818181817, "cnt": 22}}, "nume": "LICEUL NATIONAL DE INFORMATICA ARAD\tArad"}