{"specializari": {"FILOLOGIE": 34, "STIINTE SOCIALE": 90, "STIINTE ALE NATURII": 20, "MATEMATICA-INFORMATICA": 14}, "limba_moderna": {"LIMBA ENGLEZA": 143, "LIMBA FRANCEZA": 15}, "limba_materna": {"LIMBA ROMANA": 158}, "promotie_anterioara": {"DA": 12, "NU": 146}, "materii": {"LIMBA ROMANA": {"medie": 5.974060150375936, "reusita": 63.92405063291139, "cnt": 158}, "MATEMATICA ST-NAT": {"medie": 4.469444444444445, "reusita": 55.00000000000001, "cnt": 20}, "ANATOMIE SI FIZIOLOGIE UMANA, GENETICA SI ECOLOGIE UMANA": {"medie": 7.140000000000001, "reusita": 100.0, "cnt": 5}, "GENERAL": {"medie": 6.352272727272727, "reusita": 50.0, "cnt": 158}, "MATEMATICA MATE-INFO": {"medie": 5.532142857142857, "reusita": 78.57142857142857, "cnt": 14}, "BIOLOGIE VEGETALA SI ANIMALA": {"medie": 6.797916666666667, "reusita": 84.0, "cnt": 25}, "ISTORIE": {"medie": 6.248499999999999, "reusita": 65.32258064516128, "cnt": 124}, "GEOGRAFIE": {"medie": 7.859999999999999, "reusita": 100.0, "cnt": 45}, "SOCIOLOGIE": {"medie": 6.134146341463414, "reusita": 46.15384615384615, "cnt": 65}, "LOGICA, ARGUMENTARE SI COMUNICARE": {"medie": 8.233333333333334, "reusita": 100.0, "cnt": 6}, "PSIHOLOGIE": {"medie": 8.175, "reusita": 100.0, "cnt": 8}, "INFORMATICA MI PASCAL": {"medie": 10.0, "reusita": 100.0, "cnt": 1}, "CHIMIE ORGANICA TEO NIVEL I/II": {"medie": 6.8500000000000005, "reusita": 100.0, "cnt": 3}}, "nume": "LICEUL TEORETIC COSTESTI\tArge\u0219"}