{"specializari": {"TEHNICIAN IN TURISM": 17}, "limba_moderna": {"LIMBA ENGLEZA": 17}, "limba_materna": {"LIMBA MAGHIARA": 17}, "promotie_anterioara": {"NU": 17}, "materii": {"LIMBA ROMANA": {"medie": 2.7250000000000005, "reusita": 11.76470588235294, "cnt": 17}, "GENERAL": {"medie": 4.957692307692308, "reusita": 11.76470588235294, "cnt": 17}, "GEOGRAFIE": {"medie": 6.4653846153846155, "reusita": 52.94117647058824, "cnt": 17}, "MATEMATICA TEHN": {"medie": 4.267857142857142, "reusita": 35.294117647058826, "cnt": 17}, "LIMBA MAGHIARA (REAL)": {"medie": 6.146428571428572, "reusita": 82.35294117647058, "cnt": 17}}, "nume": "LICEUL TEHNOLOGIC \"SOVER ELEK\" JOSENI\tHarghita"}