{"specializari": {"STIINTE ALE NATURII": 41}, "limba_moderna": {"LIMBA ENGLEZA": 41}, "limba_materna": {"LIMBA ROMANA": 41}, "promotie_anterioara": {"DA": 4, "NU": 37}, "materii": {"LIMBA ROMANA": {"medie": 6.475675675675675, "reusita": 73.17073170731707, "cnt": 41}, "MATEMATICA ST-NAT": {"medie": 4.061842105263159, "reusita": 39.02439024390244, "cnt": 41}, "ANATOMIE SI FIZIOLOGIE UMANA, GENETICA SI ECOLOGIE UMANA": {"medie": 5.883783783783784, "reusita": 63.41463414634146, "cnt": 41}, "GENERAL": {"medie": 5.496846846846846, "reusita": 31.70731707317073, "cnt": 41}}, "nume": "LICEUL TEORETIC VIRGIL IERUNCA, COM. LADESTI\tV\u00e2lcea"}