{"specializari": {"TEOLOGIE ORTODOXA": 27}, "limba_moderna": {"LIMBA ENGLEZA": 18, "LIMBA FRANCEZA": 9}, "limba_materna": {"LIMBA ROMANA": 27}, "promotie_anterioara": {"DA": 4, "NU": 23}, "materii": {"LIMBA ROMANA": {"medie": 6.823076923076924, "reusita": 92.5925925925926, "cnt": 27}, "GENERAL": {"medie": 6.943333333333335, "reusita": 66.66666666666666, "cnt": 27}, "ISTORIE": {"medie": 6.666666666666664, "reusita": 92.5925925925926, "cnt": 27}, "GEOGRAFIE": {"medie": 7.170000000000001, "reusita": 88.46153846153845, "cnt": 26}, "FILOSOFIE": {"medie": 5.6, "reusita": 100.0, "cnt": 1}}, "nume": "LICEUL ORTODOX \"SF. NICOLAE\" ZALAU\tS\u0103laj"}