{"specializari": {"LICEU CU PROGRAM SPORTIV": 37}, "limba_moderna": {"LIMBA ENGLEZA": 37}, "limba_materna": {"LIMBA ROMANA": 37}, "promotie_anterioara": {"DA": 12, "NU": 25}, "materii": {"LIMBA ROMANA": {"medie": 5.489705882352942, "reusita": 70.27027027027027, "cnt": 37}, "GENERAL": {"medie": 6.120967741935485, "reusita": 48.64864864864865, "cnt": 37}, "ISTORIE": {"medie": 5.341176470588235, "reusita": 75.67567567567568, "cnt": 37}, "GEOGRAFIE": {"medie": 7.065151515151515, "reusita": 83.33333333333334, "cnt": 36}, "LOGICA, ARGUMENTARE SI COMUNICARE": {"medie": 6.95, "reusita": 100.0, "cnt": 1}}, "nume": "LICEUL CU PROGRAM SPORTIV ARAD\tArad"}