{"specializari": {"TEHNICIAN OPERATOR TEHNICA DE CALCUL": 1, "TEHNICIAN IN ACTIVITATI ECONOMICE": 18, "STIINTE SOCIALE": 86, "TEHNICIAN MECANIC PENTRU INTRETINERE SI REPARATII": 12}, "limba_moderna": {"LIMBA ENGLEZA": 114, "LIMBA GERMANA MODERNA": 3}, "limba_materna": {"LIMBA ROMANA": 117}, "promotie_anterioara": {"DA": 14, "NU": 103}, "materii": {"LIMBA ROMANA": {"medie": 4.612837837837835, "reusita": 30.76923076923077, "cnt": 117}, "GENERAL": {"medie": 5.311616161616163, "reusita": 17.94871794871795, "cnt": 117}, "BIOLOGIE VEGETALA SI ANIMALA": {"medie": 1.633333333333333, "reusita": 0.0, "cnt": 13}, "ISTORIE": {"medie": 5.976666666666665, "reusita": 47.674418604651166, "cnt": 86}, "GEOGRAFIE": {"medie": 6.610483870967743, "reusita": 51.92307692307693, "cnt": 104}, "MATEMATICA TEHN": {"medie": 3.4270833333333335, "reusita": 22.58064516129032, "cnt": 31}}, "nume": "LICEUL TEHNOLOGIC \"STEFAN HELL\" SANTANA\tArad"}