{"specializari": {"TEHNICIAN IN INSTALATII ELECTRICE": 23, "TEHNICIAN ELECTROTEHNIST": 1, "TEHNICIAN OPERATOR TEHNICA DE CALCUL": 35, "MATEMATICA-INFORMATICA": 40, "STIINTE ALE NATURII": 74, "TEHNICIAN IN ADMINISTRATIE": 29}, "limba_moderna": {"LIMBA FRANCEZA": 14, "LIMBA ENGLEZA": 188}, "limba_materna": {"LIMBA ROMANA": 174, "LIMBA MAGHIARA": 28}, "promotie_anterioara": {"DA": 23, "NU": 179}, "materii": {"LIMBA ROMANA": {"medie": 7.028787878787877, "reusita": 91.0891089108911, "cnt": 202}, "MATEMATICA ST-NAT": {"medie": 6.785135135135134, "reusita": 82.43243243243244, "cnt": 74}, "ANATOMIE SI FIZIOLOGIE UMANA, GENETICA SI ECOLOGIE UMANA": {"medie": 8.136746987951806, "reusita": 92.94117647058823, "cnt": 85}, "GENERAL": {"medie": 7.033289703315879, "reusita": 63.86138613861386, "cnt": 202}, "MATEMATICA MATE-INFO": {"medie": 6.842307692307695, "reusita": 82.5, "cnt": 40}, "BIOLOGIE VEGETALA SI ANIMALA": {"medie": 5.563636363636362, "reusita": 58.06451612903226, "cnt": 62}, "GEOGRAFIE": {"medie": 7.629310344827586, "reusita": 96.55172413793103, "cnt": 29}, "MATEMATICA TEHN": {"medie": 5.640116279069768, "reusita": 73.86363636363636, "cnt": 88}, "LIMBA MAGHIARA (REAL)": {"medie": 8.192592592592591, "reusita": 96.42857142857143, "cnt": 28}, "FIZICA TEO": {"medie": 8.35, "reusita": 100.0, "cnt": 1}, "CHIMIE ORGANICA TEO NIVEL I/II": {"medie": 9.360000000000001, "reusita": 100.0, "cnt": 10}, "INFORMATICA MI C/C++": {"medie": 8.6, "reusita": 100.0, "cnt": 15}}, "nume": "LICEUL TEHNOLOGIC \"PETRU MAIOR\" REGHIN\tMure\u0219"}