{"specializari": {"STIINTE ALE NATURII": 4, "FILOLOGIE": 27, "MATEMATICA-INFORMATICA": 24, "TEHNICIAN IN SILVICULTURA SI EXPLOATARI FORESTIERE": 26, "TEHNICIAN ECOLOG SI PROTECTIA CALITATII MEDIULUI": 2}, "limba_moderna": {"LIMBA ENGLEZA": 77, "LIMBA FRANCEZA": 6}, "limba_materna": {"LIMBA ROMANA": 83}, "promotie_anterioara": {"DA": 22, "NU": 61}, "materii": {"LIMBA ROMANA": {"medie": 5.91283783783784, "reusita": 71.08433734939759, "cnt": 83}, "MATEMATICA ST-NAT": {"medie": 5.3500000000000005, "reusita": 75.0, "cnt": 4}, "ANATOMIE SI FIZIOLOGIE UMANA, GENETICA SI ECOLOGIE UMANA": {"medie": 6.705, "reusita": 68.18181818181817, "cnt": 22}, "GENERAL": {"medie": 5.868905472636815, "reusita": 43.373493975903614, "cnt": 83}, "MATEMATICA MATE-INFO": {"medie": 4.04047619047619, "reusita": 37.5, "cnt": 24}, "BIOLOGIE VEGETALA SI ANIMALA": {"medie": 4.672916666666666, "reusita": 32.35294117647059, "cnt": 34}, "ISTORIE": {"medie": 6.953703703703702, "reusita": 92.5925925925926, "cnt": 27}, "GEOGRAFIE": {"medie": 7.777083333333333, "reusita": 95.83333333333334, "cnt": 24}, "MATEMATICA TEHN": {"medie": 2.791176470588235, "reusita": 14.285714285714285, "cnt": 28}, "PSIHOLOGIE": {"medie": 7.8500000000000005, "reusita": 100.0, "cnt": 3}}, "nume": "LICEUL TEORETIC \"EFTIMIE MURGU\" BOZOVICI\tCara\u0219-Severin"}