{"specializari": {"TEHNICIAN OPERATOR TEHNICA DE CALCUL": 26, "TEHNICIAN VETERINAR": 18, "TEHNICIAN IN ACTIVITATI ECONOMICE": 29, "TEHNICIAN IN AGRICULTURA": 6}, "limba_moderna": {"LIMBA ENGLEZA": 71, "LIMBA FRANCEZA": 8}, "limba_materna": {"LIMBA ROMANA": 79}, "promotie_anterioara": {"DA": 4, "NU": 75}, "materii": {"LIMBA ROMANA": {"medie": 7.364285714285714, "reusita": 88.60759493670885, "cnt": 79}, "ANATOMIE SI FIZIOLOGIE UMANA, GENETICA SI ECOLOGIE UMANA": {"medie": 7.335294117647059, "reusita": 72.72727272727273, "cnt": 22}, "GENERAL": {"medie": 6.965238095238096, "reusita": 58.22784810126582, "cnt": 79}, "BIOLOGIE VEGETALA SI ANIMALA": {"medie": 6.852500000000001, "reusita": 95.23809523809523, "cnt": 21}, "GEOGRAFIE": {"medie": 8.683928571428572, "reusita": 96.55172413793103, "cnt": 29}, "MATEMATICA TEHN": {"medie": 5.720422535211267, "reusita": 65.82278481012658, "cnt": 79}, "FIZICA TEH": {"medie": 8.0875, "reusita": 100.0, "cnt": 4}, "CHIMIE ANORGANICA TEH NIVEL I/II": {"medie": 6.45, "reusita": 66.66666666666666, "cnt": 3}}, "nume": "LICEUL TEHNOLOGIC \"HARALAMB VASILIU\", PODU ILOAIEI\tIa\u0219i"}