{"specializari": {"STIINTE ALE NATURII": 51, "STIINTE SOCIALE": 37, "FILOLOGIE": 60, "MATEMATICA-INFORMATICA": 15}, "limba_moderna": {"LIMBA ENGLEZA": 161, "LIMBA FRANCEZA": 2}, "limba_materna": {"LIMBA ROMANA": 163}, "promotie_anterioara": {"DA": 22, "NU": 141}, "materii": {"LIMBA ROMANA": {"medie": 6.770496894409936, "reusita": 93.86503067484662, "cnt": 163}, "MATEMATICA ST-NAT": {"medie": 5.476470588235293, "reusita": 72.54901960784314, "cnt": 51}, "ANATOMIE SI FIZIOLOGIE UMANA, GENETICA SI ECOLOGIE UMANA": {"medie": 7.549999999999999, "reusita": 93.33333333333333, "cnt": 60}, "GENERAL": {"medie": 6.835668789808916, "reusita": 71.16564417177914, "cnt": 163}, "MATEMATICA MATE-INFO": {"medie": 3.8964285714285722, "reusita": 33.33333333333333, "cnt": 15}, "BIOLOGIE VEGETALA SI ANIMALA": {"medie": 6.433333333333333, "reusita": 100.0, "cnt": 3}, "ISTORIE": {"medie": 7.064062499999998, "reusita": 98.96907216494846, "cnt": 97}, "GEOGRAFIE": {"medie": 8.185185185185187, "reusita": 100.0, "cnt": 27}, "SOCIOLOGIE": {"medie": 6.66875, "reusita": 94.73684210526315, "cnt": 57}, "LOGICA, ARGUMENTARE SI COMUNICARE": {"medie": 8.908333333333333, "reusita": 85.71428571428571, "cnt": 7}, "PSIHOLOGIE": {"medie": 6.74, "reusita": 100.0, "cnt": 5}, "FILOSOFIE": {"medie": 6.1, "reusita": 100.0, "cnt": 1}, "FIZICA TEO": {"medie": 7.2, "reusita": 100.0, "cnt": 1}, "INFORMATICA MI C/C++": {"medie": 6.6, "reusita": 100.0, "cnt": 2}}, "nume": "LICEUL TEORETIC \"LUCIAN BLAGA\"\tBucure\u0219ti"}