{"specializari": {"FILOLOGIE": 47, "STIINTE ALE NATURII": 26, "MATEMATICA-INFORMATICA": 3}, "limba_moderna": {"LIMBA ENGLEZA": 68, "LIMBA FRANCEZA": 8}, "limba_materna": {"LIMBA ROMANA": 76}, "promotie_anterioara": {"DA": 10, "NU": 66}, "materii": {"LIMBA ROMANA": {"medie": 6.15945945945946, "reusita": 77.63157894736842, "cnt": 76}, "MATEMATICA ST-NAT": {"medie": 4.976923076923077, "reusita": 53.84615384615385, "cnt": 26}, "ANATOMIE SI FIZIOLOGIE UMANA, GENETICA SI ECOLOGIE UMANA": {"medie": 6.87037037037037, "reusita": 82.75862068965517, "cnt": 29}, "GENERAL": {"medie": 6.314583333333337, "reusita": 52.63157894736842, "cnt": 76}, "MATEMATICA MATE-INFO": {"medie": 5.075, "reusita": 66.66666666666666, "cnt": 3}, "ISTORIE": {"medie": 6.39777777777778, "reusita": 85.1063829787234, "cnt": 47}, "GEOGRAFIE": {"medie": 6.895000000000001, "reusita": 90.2439024390244, "cnt": 41}, "PSIHOLOGIE": {"medie": 6.7, "reusita": 100.0, "cnt": 3}, "FILOSOFIE": {"medie": 5.7, "reusita": 100.0, "cnt": 3}}, "nume": "LICEUL TEORETIC \"NICOLAE JIGA\" TINCA\tBihor"}