{"specializari": {"STIINTE SOCIALE": 33, "FILOLOGIE": 34, "STIINTE ALE NATURII": 31, "MATEMATICA-INFORMATICA": 43}, "limba_moderna": {"LIMBA ENGLEZA": 141}, "limba_materna": {"LIMBA ROMANA": 141}, "promotie_anterioara": {"DA": 8, "NU": 133}, "materii": {"LIMBA ROMANA": {"medie": 7.648936170212766, "reusita": 98.58156028368793, "cnt": 141}, "MATEMATICA ST-NAT": {"medie": 7.868333333333333, "reusita": 96.7741935483871, "cnt": 31}, "ANATOMIE SI FIZIOLOGIE UMANA, GENETICA SI ECOLOGIE UMANA": {"medie": 8.393478260869562, "reusita": 95.83333333333334, "cnt": 24}, "GENERAL": {"medie": 7.964988009592325, "reusita": 92.90780141843972, "cnt": 141}, "MATEMATICA MATE-INFO": {"medie": 7.791860465116278, "reusita": 97.67441860465115, "cnt": 43}, "BIOLOGIE VEGETALA SI ANIMALA": {"medie": 6.3999999999999995, "reusita": 66.66666666666666, "cnt": 3}, "ISTORIE": {"medie": 8.104545454545454, "reusita": 98.50746268656717, "cnt": 67}, "GEOGRAFIE": {"medie": 8.552777777777779, "reusita": 100.0, "cnt": 36}, "SOCIOLOGIE": {"medie": 8.984375, "reusita": 100.0, "cnt": 16}, "LOGICA, ARGUMENTARE SI COMUNICARE": {"medie": 9.0, "reusita": 100.0, "cnt": 1}, "PSIHOLOGIE": {"medie": 9.200000000000001, "reusita": 100.0, "cnt": 3}, "FILOSOFIE": {"medie": 8.666666666666666, "reusita": 100.0, "cnt": 3}, "FIZICA TEO": {"medie": 7.6375, "reusita": 100.0, "cnt": 8}, "CHIMIE ORGANICA TEO NIVEL I/II": {"medie": 8.3, "reusita": 100.0, "cnt": 8}, "INFORMATICA MI C/C++": {"medie": 7.502272727272728, "reusita": 100.0, "cnt": 22}, "CHIMIE ANORGANICA TEO NIVEL I/II": {"medie": 8.256250000000001, "reusita": 100.0, "cnt": 8}, "ECONOMIE": {"medie": 7.324999999999999, "reusita": 100.0, "cnt": 8}, "INFORMATICA SN C/C++": {"medie": 8.5, "reusita": 100.0, "cnt": 1}}, "nume": "LICEUL TEORETIC \"JEAN MONNET\"\tBucure\u0219ti"}