{"specializari": {"MATEMATICA-INFORMATICA": 54, "STIINTE ALE NATURII": 34, "STIINTE SOCIALE": 59, "FILOLOGIE": 26}, "limba_moderna": {"LIMBA ENGLEZA": 156, "LIMBA FRANCEZA": 17}, "limba_materna": {"LIMBA ROMANA": 173}, "promotie_anterioara": {"DA": 11, "NU": 162}, "materii": {"LIMBA ROMANA": {"medie": 8.212500000000004, "reusita": 99.42196531791907, "cnt": 173}, "MATEMATICA ST-NAT": {"medie": 8.199999999999998, "reusita": 91.17647058823529, "cnt": 34}, "ANATOMIE SI FIZIOLOGIE UMANA, GENETICA SI ECOLOGIE UMANA": {"medie": 8.313636363636363, "reusita": 100.0, "cnt": 11}, "GENERAL": {"medie": 8.135867446393764, "reusita": 94.21965317919076, "cnt": 173}, "MATEMATICA MATE-INFO": {"medie": 7.577777777777777, "reusita": 94.44444444444444, "cnt": 54}, "BIOLOGIE VEGETALA SI ANIMALA": {"medie": 7.633333333333333, "reusita": 95.83333333333334, "cnt": 24}, "ISTORIE": {"medie": 8.008823529411766, "reusita": 100.0, "cnt": 85}, "GEOGRAFIE": {"medie": 8.555555555555557, "reusita": 94.44444444444444, "cnt": 18}, "SOCIOLOGIE": {"medie": 8.172619047619046, "reusita": 100.0, "cnt": 42}, "LOGICA, ARGUMENTARE SI COMUNICARE": {"medie": 9.383333333333331, "reusita": 92.3076923076923, "cnt": 13}, "PSIHOLOGIE": {"medie": 8.816666666666666, "reusita": 100.0, "cnt": 3}, "FILOSOFIE": {"medie": 9.15, "reusita": 100.0, "cnt": 1}, "FIZICA TEO": {"medie": 8.104166666666666, "reusita": 92.3076923076923, "cnt": 13}, "CHIMIE ORGANICA TEO NIVEL I/II": {"medie": 8.738095238095237, "reusita": 100.0, "cnt": 21}, "INFORMATICA MI C/C++": {"medie": 8.344736842105263, "reusita": 94.73684210526315, "cnt": 19}, "ECONOMIE": {"medie": 7.18125, "reusita": 100.0, "cnt": 8}}, "nume": "LICEUL TEORETIC \"ION BARBU\"\tBucure\u0219ti"}