{"specializari": {"TEHNICIAN IN ACTIVITATI ECONOMICE": 79, "INVATATOR - EDUCATOARE": 31}, "limba_moderna": {"LIMBA ENGLEZA": 97, "LIMBA FRANCEZA": 13}, "limba_materna": {"LIMBA ROMANA": 110}, "promotie_anterioara": {"DA": 6, "NU": 104}, "materii": {"LIMBA ROMANA": {"medie": 7.486697247706423, "reusita": 97.27272727272728, "cnt": 110}, "GENERAL": {"medie": 7.330733944954127, "reusita": 85.45454545454545, "cnt": 110}, "GEOGRAFIE": {"medie": 7.779523809523809, "reusita": 96.22641509433963, "cnt": 106}, "MATEMATICA TEHN": {"medie": 6.209615384615385, "reusita": 84.81012658227847, "cnt": 79}, "MATEMATICA PED": {"medie": 7.903225806451613, "reusita": 100.0, "cnt": 31}, "LOGICA, ARGUMENTARE SI COMUNICARE": {"medie": 7.4, "reusita": 100.0, "cnt": 1}, "PSIHOLOGIE": {"medie": 9.166666666666666, "reusita": 100.0, "cnt": 3}}, "nume": "LICEUL \"VASILE CONTA\", ORAS TARGU NEAMT\tNeam\u021b"}