{"specializari": {"STIINTE ALE NATURII": 29, "MATEMATICA-INFORMATICA": 30, "TEOLOGIE ROMANO-CATOLICA": 24, "FILOLOGIE": 31}, "limba_moderna": {"LIMBA ENGLEZA": 76, "LIMBA GERMANA MODERNA": 38}, "limba_materna": {"LIMBA MAGHIARA": 114}, "promotie_anterioara": {"DA": 5, "NU": 109}, "materii": {"LIMBA ROMANA": {"medie": 5.588495575221239, "reusita": 72.80701754385966, "cnt": 114}, "MATEMATICA ST-NAT": {"medie": 9.185714285714285, "reusita": 96.55172413793103, "cnt": 29}, "ANATOMIE SI FIZIOLOGIE UMANA, GENETICA SI ECOLOGIE UMANA": {"medie": 8.6171875, "reusita": 100.0, "cnt": 32}, "GENERAL": {"medie": 7.215959821428574, "reusita": 68.42105263157895, "cnt": 114}, "MATEMATICA MATE-INFO": {"medie": 6.893333333333333, "reusita": 100.0, "cnt": 30}, "ISTORIE": {"medie": 7.072727272727275, "reusita": 100.0, "cnt": 55}, "GEOGRAFIE": {"medie": 6.790425531914893, "reusita": 93.61702127659575, "cnt": 47}, "FILOSOFIE": {"medie": 8.875, "reusita": 100.0, "cnt": 8}, "LIMBA MAGHIARA (REAL)": {"medie": 7.920481927710845, "reusita": 100.0, "cnt": 83}, "LIMBA MAGHIARA (UMAN)": {"medie": 7.790322580645161, "reusita": 100.0, "cnt": 31}, "FIZICA TEO": {"medie": 7.671428571428572, "reusita": 100.0, "cnt": 7}, "CHIMIE ORGANICA TEO NIVEL I/II": {"medie": 9.11111111111111, "reusita": 100.0, "cnt": 9}, "INFORMATICA MI C/C++": {"medie": 7.963636363636362, "reusita": 100.0, "cnt": 11}}, "nume": "LICEUL TEORETIC \"NAGY MOZES\" TARGU SECUIESC\tCovasna"}