{"specializari": {"STIINTE SOCIALE": 40, "MATEMATICA-INFORMATICA": 49, "STIINTE ALE NATURII": 49, "FILOLOGIE": 57}, "limba_moderna": {"LIMBA ENGLEZA": 189, "LIMBA FRANCEZA": 6}, "limba_materna": {"LIMBA ROMANA": 195}, "promotie_anterioara": {"DA": 22, "NU": 173}, "materii": {"LIMBA ROMANA": {"medie": 6.999197860962567, "reusita": 92.82051282051282, "cnt": 195}, "MATEMATICA ST-NAT": {"medie": 6.832653061224491, "reusita": 95.91836734693877, "cnt": 49}, "ANATOMIE SI FIZIOLOGIE UMANA, GENETICA SI ECOLOGIE UMANA": {"medie": 7.356140350877194, "reusita": 94.91525423728814, "cnt": 59}, "GENERAL": {"medie": 7.10374531835206, "reusita": 70.76923076923077, "cnt": 195}, "MATEMATICA MATE-INFO": {"medie": 5.590625, "reusita": 71.42857142857143, "cnt": 49}, "BIOLOGIE VEGETALA SI ANIMALA": {"medie": 6.188888888888888, "reusita": 66.66666666666666, "cnt": 12}, "ISTORIE": {"medie": 6.904545454545455, "reusita": 84.5360824742268, "cnt": 97}, "GEOGRAFIE": {"medie": 7.961029411764705, "reusita": 86.8421052631579, "cnt": 76}, "SOCIOLOGIE": {"medie": 7.938888888888889, "reusita": 100.0, "cnt": 9}, "LOGICA, ARGUMENTARE SI COMUNICARE": {"medie": 8.033333333333333, "reusita": 100.0, "cnt": 9}, "PSIHOLOGIE": {"medie": "-", "reusita": 0.0, "cnt": 1}, "FILOSOFIE": {"medie": 7.65, "reusita": 100.0, "cnt": 2}, "FIZICA TEO": {"medie": 7.8125, "reusita": 100.0, "cnt": 4}, "CHIMIE ORGANICA TEO NIVEL I/II": {"medie": 7.9625, "reusita": 100.0, "cnt": 4}, "INFORMATICA MI C/C++": {"medie": 7.117647058823529, "reusita": 89.47368421052632, "cnt": 19}}, "nume": "LICEUL TEORETIC \"DIMITRIE BOLINTINEANU\"\tBucure\u0219ti"}