{"specializari": {"STIINTE ALE NATURII": 15, "FILOLOGIE": 21, "MATEMATICA-INFORMATICA": 34}, "limba_moderna": {"LIMBA ENGLEZA": 70}, "limba_materna": {"LIMBA ROMANA": 33, "LIMBA GERMANA": 37}, "promotie_anterioara": {"DA": 6, "NU": 64}, "materii": {"LIMBA ROMANA": {"medie": 7.562142857142856, "reusita": 92.85714285714286, "cnt": 70}, "MATEMATICA ST-NAT": {"medie": 6.0233333333333325, "reusita": 93.33333333333333, "cnt": 15}, "ANATOMIE SI FIZIOLOGIE UMANA, GENETICA SI ECOLOGIE UMANA": {"medie": 8.225, "reusita": 100.0, "cnt": 14}, "GENERAL": {"medie": 7.378154761904762, "reusita": 81.42857142857143, "cnt": 70}, "MATEMATICA MATE-INFO": {"medie": 7.417647058823529, "reusita": 94.11764705882352, "cnt": 34}, "BIOLOGIE VEGETALA SI ANIMALA": {"medie": 5.949999999999999, "reusita": 50.0, "cnt": 2}, "ISTORIE": {"medie": 6.976190476190476, "reusita": 95.23809523809523, "cnt": 21}, "GEOGRAFIE": {"medie": 6.739999999999999, "reusita": 80.0, "cnt": 20}, "PSIHOLOGIE": {"medie": 9.25, "reusita": 100.0, "cnt": 1}, "FIZICA TEO": {"medie": 6.233333333333334, "reusita": 66.66666666666666, "cnt": 3}, "CHIMIE ORGANICA TEO NIVEL I/II": {"medie": 9.5, "reusita": 100.0, "cnt": 2}, "INFORMATICA MI C/C++": {"medie": 8.049999999999999, "reusita": 100.0, "cnt": 28}, "LIMBA GERMANA": {"medie": 7.8378378378378395, "reusita": 97.2972972972973, "cnt": 37}}, "nume": "LICEUL TEORETIC \"STEPHAN LUDWIG ROTH\" MEDIAS\tSibiu"}