{"specializari": {"FILOLOGIE": 61, "MATEMATICA-INFORMATICA": 22}, "limba_moderna": {"LIMBA ENGLEZA": 80, "LIMBA FRANCEZA": 3}, "limba_materna": {"LIMBA ROMANA": 83}, "promotie_anterioara": {"DA": 4, "NU": 79}, "materii": {"LIMBA ROMANA": {"medie": 6.985185185185186, "reusita": 92.7710843373494, "cnt": 83}, "ANATOMIE SI FIZIOLOGIE UMANA, GENETICA SI ECOLOGIE UMANA": {"medie": 7.3500000000000005, "reusita": 91.66666666666666, "cnt": 12}, "GENERAL": {"medie": 7.240946502057614, "reusita": 80.72289156626506, "cnt": 83}, "MATEMATICA MATE-INFO": {"medie": 7.515909090909091, "reusita": 90.9090909090909, "cnt": 22}, "ISTORIE": {"medie": 6.879166666666667, "reusita": 88.52459016393442, "cnt": 61}, "GEOGRAFIE": {"medie": 7.329999999999999, "reusita": 93.33333333333333, "cnt": 15}, "SOCIOLOGIE": {"medie": 7.1, "reusita": 100.0, "cnt": 1}, "LOGICA, ARGUMENTARE SI COMUNICARE": {"medie": 7.830232558139534, "reusita": 90.9090909090909, "cnt": 44}, "PSIHOLOGIE": {"medie": 5.1, "reusita": 100.0, "cnt": 1}, "FIZICA TEO": {"medie": 8.106250000000001, "reusita": 100.0, "cnt": 8}, "CHIMIE ORGANICA TEO NIVEL I/II": {"medie": 8.25, "reusita": 100.0, "cnt": 1}, "INFORMATICA MI C/C++": {"medie": 8.15, "reusita": 100.0, "cnt": 1}}, "nume": "LICEUL TEORETIC \"AUREL VLAICU\", ORASUL BREAZA\tPrahova"}