{"specializari": {"LICEU CU PROGRAM SPORTIV": 87}, "limba_moderna": {"LIMBA ENGLEZA": 87}, "limba_materna": {"LIMBA ROMANA": 87}, "promotie_anterioara": {"DA": 16, "NU": 71}, "materii": {"LIMBA ROMANA": {"medie": 5.558536585365853, "reusita": 73.5632183908046, "cnt": 87}, "GENERAL": {"medie": 6.4126068376068375, "reusita": 62.06896551724138, "cnt": 87}, "ISTORIE": {"medie": 6.441463414634148, "reusita": 90.80459770114942, "cnt": 87}, "GEOGRAFIE": {"medie": 7.156962025316456, "reusita": 80.45977011494253, "cnt": 87}}, "nume": "LICEUL CU PROGRAM SPORTIV \"CETATE\" DEVA\tHunedoara"}