{"specializari": {"FILOLOGIE": 70, "MATEMATICA-INFORMATICA": 59, "STIINTE ALE NATURII": 53}, "limba_moderna": {"LIMBA ENGLEZA": 139, "LIMBA GERMANA MODERNA": 39, "LIMBA FRANCEZA": 2, "LIMBA SPANIOLA": 2}, "limba_materna": {"LIMBA ROMANA": 91, "LIMBA MAGHIARA": 91}, "promotie_anterioara": {"DA": 12, "NU": 170}, "materii": {"LIMBA ROMANA": {"medie": 6.6533333333333315, "reusita": 89.56043956043956, "cnt": 182}, "MATEMATICA ST-NAT": {"medie": 7.920754716981134, "reusita": 100.0, "cnt": 53}, "ANATOMIE SI FIZIOLOGIE UMANA, GENETICA SI ECOLOGIE UMANA": {"medie": 8.833076923076923, "reusita": 100.0, "cnt": 65}, "GENERAL": {"medie": 7.7361033519553075, "reusita": 85.71428571428571, "cnt": 182}, "MATEMATICA MATE-INFO": {"medie": 7.974576271186444, "reusita": 96.61016949152543, "cnt": 59}, "ISTORIE": {"medie": 7.503623188405797, "reusita": 98.57142857142858, "cnt": 70}, "GEOGRAFIE": {"medie": 7.891250000000001, "reusita": 100.0, "cnt": 40}, "PSIHOLOGIE": {"medie": 8.488888888888887, "reusita": 100.0, "cnt": 9}, "FILOSOFIE": {"medie": 7.360000000000001, "reusita": 95.23809523809523, "cnt": 21}, "LIMBA MAGHIARA (REAL)": {"medie": 8.018749999999999, "reusita": 100.0, "cnt": 56}, "LIMBA MAGHIARA (UMAN)": {"medie": 8.26323529411765, "reusita": 97.14285714285714, "cnt": 35}, "INFORMATICA MI PASCAL": {"medie": 8.697727272727276, "reusita": 100.0, "cnt": 22}, "FIZICA TEO": {"medie": 9.7, "reusita": 100.0, "cnt": 1}, "CHIMIE ORGANICA TEO NIVEL I/II": {"medie": 8.429545454545455, "reusita": 100.0, "cnt": 22}, "INFORMATICA MI C/C++": {"medie": 9.65, "reusita": 100.0, "cnt": 1}, "INFORMATICA SN PASCAL": {"medie": 8.75, "reusita": 100.0, "cnt": 1}}, "nume": "LICEUL TEORETIC CAREI\tSatu-Mare"}