{"specializari": {"MATEMATICA-INFORMATICA": 16, "TEHNICIAN IN GASTRONOMIE": 20, "STIINTE SOCIALE": 30, "FILOLOGIE": 35, "STIINTE ALE NATURII": 37, "TEHNICIAN IN ACTIVITATI ECONOMICE": 27, "TEHNICIAN TRANSPORTURI": 3}, "limba_moderna": {"LIMBA ENGLEZA": 161, "LIMBA FRANCEZA": 7}, "limba_materna": {"LIMBA ROMANA": 168}, "promotie_anterioara": {"DA": 43, "NU": 125}, "materii": {"LIMBA ROMANA": {"medie": 5.97891156462585, "reusita": 73.21428571428571, "cnt": 168}, "MATEMATICA ST-NAT": {"medie": 5.719117647058823, "reusita": 59.45945945945946, "cnt": 37}, "ANATOMIE SI FIZIOLOGIE UMANA, GENETICA SI ECOLOGIE UMANA": {"medie": 7.208536585365854, "reusita": 88.37209302325581, "cnt": 43}, "GENERAL": {"medie": 6.223671497584539, "reusita": 43.452380952380956, "cnt": 168}, "MATEMATICA MATE-INFO": {"medie": 5.7375, "reusita": 56.25, "cnt": 16}, "ISTORIE": {"medie": 6.516393442622951, "reusita": 89.23076923076924, "cnt": 65}, "GEOGRAFIE": {"medie": 7.0561224489795915, "reusita": 79.27927927927928, "cnt": 111}, "MATEMATICA TEHN": {"medie": 3.4819444444444443, "reusita": 22.0, "cnt": 50}, "FIZICA TEH": {"medie": 2.05, "reusita": 0.0, "cnt": 3}, "PSIHOLOGIE": {"medie": 6.5, "reusita": 100.0, "cnt": 1}, "FIZICA TEO": {"medie": 7.45, "reusita": 100.0, "cnt": 2}, "CHIMIE ORGANICA TEO NIVEL I/II": {"medie": 4.466666666666667, "reusita": 16.666666666666664, "cnt": 6}, "INFORMATICA MI C/C++": {"medie": 8.649999999999999, "reusita": 100.0, "cnt": 2}}, "nume": "LICEUL \"ALEXANDRU ODOBESCU\" LEHLIU GARA\tC\u0103l\u0103ra\u0219i"}