{"specializari": {"MATEMATICA-INFORMATICA": 32, "TEHNICIAN IN ACTIVITATI DE COMERT": 22}, "limba_moderna": {"LIMBA ENGLEZA": 54}, "limba_materna": {"LIMBA ROMANA": 54}, "promotie_anterioara": {"DA": 9, "NU": 45}, "materii": {"LIMBA ROMANA": {"medie": 6.595098039215686, "reusita": 83.33333333333334, "cnt": 54}, "ANATOMIE SI FIZIOLOGIE UMANA, GENETICA SI ECOLOGIE UMANA": {"medie": 7.848437499999998, "reusita": 93.75, "cnt": 32}, "GENERAL": {"medie": 5.8820000000000014, "reusita": 29.629629629629626, "cnt": 54}, "MATEMATICA MATE-INFO": {"medie": 3.5548387096774197, "reusita": 28.125, "cnt": 32}, "GEOGRAFIE": {"medie": 6.919999999999999, "reusita": 86.36363636363636, "cnt": 22}, "MATEMATICA TEHN": {"medie": 3.636842105263157, "reusita": 36.36363636363637, "cnt": 22}}, "nume": "LICEUL\"STEFAN D. LUCHIAN\"\" STEFANESTI\tBoto\u0219ani"}