{"specializari": {"LICEU CU PROGRAM SPORTIV": 140}, "limba_moderna": {"LIMBA FRANCEZA": 58, "LIMBA ENGLEZA": 82}, "limba_materna": {"LIMBA ROMANA": 140}, "promotie_anterioara": {"DA": 23, "NU": 117}, "materii": {"LIMBA ROMANA": {"medie": 5.568045112781953, "reusita": 76.42857142857142, "cnt": 140}, "GENERAL": {"medie": 6.283854166666667, "reusita": 55.714285714285715, "cnt": 140}, "ISTORIE": {"medie": 6.02175572519084, "reusita": 77.14285714285715, "cnt": 140}, "GEOGRAFIE": {"medie": 6.903614457831325, "reusita": 82.75862068965517, "cnt": 87}, "LOGICA, ARGUMENTARE SI COMUNICARE": {"medie": 7.573958333333333, "reusita": 82.6923076923077, "cnt": 52}, "PSIHOLOGIE": {"medie": 7.65, "reusita": 100.0, "cnt": 1}}, "nume": "LICEUL CU PROGRAM SPORTIV \"VIITORUL\" PITESTI\tArge\u0219"}