{"specializari": {"STIINTE ALE NATURII": 59, "MATEMATICA-INFORMATICA": 105, "FILOLOGIE": 36}, "limba_moderna": {"LIMBA FRANCEZA": 58, "LIMBA ENGLEZA": 142}, "limba_materna": {"LIMBA ROMANA": 200}, "promotie_anterioara": {"DA": 40, "NU": 160}, "materii": {"LIMBA ROMANA": {"medie": 7.123711340206189, "reusita": 94.5, "cnt": 200}, "MATEMATICA ST-NAT": {"medie": 4.719827586206897, "reusita": 57.6271186440678, "cnt": 59}, "ANATOMIE SI FIZIOLOGIE UMANA, GENETICA SI ECOLOGIE UMANA": {"medie": 7.213214285714285, "reusita": 91.66666666666666, "cnt": 144}, "GENERAL": {"medie": 6.671029668411864, "reusita": 54.50000000000001, "cnt": 200}, "MATEMATICA MATE-INFO": {"medie": 5.08910891089109, "reusita": 59.04761904761905, "cnt": 105}, "ISTORIE": {"medie": 7.368571428571429, "reusita": 97.22222222222221, "cnt": 36}, "GEOGRAFIE": {"medie": 8.194117647058825, "reusita": 94.28571428571428, "cnt": 35}, "FIZICA TEO": {"medie": 7.859374999999999, "reusita": 100.0, "cnt": 16}, "CHIMIE ORGANICA TEO NIVEL I/II": {"medie": 7.112500000000001, "reusita": 100.0, "cnt": 4}, "ECONOMIE": {"medie": 9.0, "reusita": 100.0, "cnt": 1}}, "nume": "LICEUL TEORETIC \"IANCU C VISSARION\" TITU\tD\u00e2mbovi\u021ba"}