{"specializari": {"TEHNICIAN IN ACTIVITATI ECONOMICE": 19, "FILOLOGIE": 100, "STIINTE ALE NATURII": 17, "MATEMATICA-INFORMATICA": 2}, "limba_moderna": {"LIMBA ENGLEZA": 138}, "limba_materna": {"LIMBA ROMANA": 138}, "promotie_anterioara": {"DA": 54, "NU": 84}, "materii": {"LIMBA ROMANA": {"medie": 5.493388429752071, "reusita": 73.18840579710145, "cnt": 138}, "MATEMATICA ST-NAT": {"medie": 4.803125, "reusita": 58.82352941176471, "cnt": 17}, "ANATOMIE SI FIZIOLOGIE UMANA, GENETICA SI ECOLOGIE UMANA": {"medie": 6.935, "reusita": 69.23076923076923, "cnt": 13}, "GENERAL": {"medie": 5.832242990654207, "reusita": 39.85507246376812, "cnt": 138}, "MATEMATICA MATE-INFO": {"medie": 5.6, "reusita": 100.0, "cnt": 2}, "BIOLOGIE VEGETALA SI ANIMALA": {"medie": 4.583333333333333, "reusita": 33.33333333333333, "cnt": 3}, "ISTORIE": {"medie": 5.757142857142857, "reusita": 70.0, "cnt": 100}, "GEOGRAFIE": {"medie": 6.120454545454544, "reusita": 62.06896551724138, "cnt": 58}, "MATEMATICA TEHN": {"medie": 4.172222222222222, "reusita": 47.368421052631575, "cnt": 19}, "SOCIOLOGIE": {"medie": 6.183928571428572, "reusita": 67.74193548387096, "cnt": 31}, "LOGICA, ARGUMENTARE SI COMUNICARE": {"medie": 7.550000000000001, "reusita": 87.5, "cnt": 24}, "PSIHOLOGIE": {"medie": 5.2749999999999995, "reusita": 75.0, "cnt": 4}, "FILOSOFIE": {"medie": "-", "reusita": 0.0, "cnt": 1}, "FIZICA TEO": {"medie": 7.425, "reusita": 100.0, "cnt": 2}, "INFORMATICA MI C/C++": {"medie": 7.95, "reusita": 100.0, "cnt": 1}, "ECONOMIE": {"medie": 8.2, "reusita": 100.0, "cnt": 1}}, "nume": "LICEUL TEORETIC \"HYPERION\"\tBucure\u0219ti"}