{"specializari": {"LICEU CU PROGRAM SPORTIV": 14, "STIINTE ALE NATURII": 3, "STIINTE SOCIALE": 62, "MATEMATICA-INFORMATICA": 24}, "limba_moderna": {"LIMBA ENGLEZA": 102, "LIMBA FRANCEZA": 1}, "limba_materna": {"LIMBA ROMANA": 103}, "promotie_anterioara": {"DA": 19, "NU": 84}, "materii": {"LIMBA ROMANA": {"medie": 6.876, "reusita": 86.40776699029125, "cnt": 103}, "MATEMATICA ST-NAT": {"medie": 3.3333333333333335, "reusita": 33.33333333333333, "cnt": 3}, "ANATOMIE SI FIZIOLOGIE UMANA, GENETICA SI ECOLOGIE UMANA": {"medie": 8.66875, "reusita": 100.0, "cnt": 8}, "GENERAL": {"medie": 7.061000000000002, "reusita": 74.75728155339806, "cnt": 103}, "MATEMATICA MATE-INFO": {"medie": 8.304166666666665, "reusita": 100.0, "cnt": 24}, "ISTORIE": {"medie": 5.976666666666668, "reusita": 94.73684210526315, "cnt": 76}, "GEOGRAFIE": {"medie": 7.501388888888887, "reusita": 94.52054794520548, "cnt": 73}, "SOCIOLOGIE": {"medie": 7.8500000000000005, "reusita": 100.0, "cnt": 3}, "FIZICA TEO": {"medie": 8.533333333333333, "reusita": 100.0, "cnt": 6}, "CHIMIE ANORGANICA TEO NIVEL I/II": {"medie": 8.661538461538461, "reusita": 100.0, "cnt": 13}}, "nume": "LICEUL TEORETIC \"TRAIAN LALESCU\"\tMehedin\u021bi"}