{"specializari": {"FILOLOGIE": 19}, "limba_moderna": {"LIMBA ENGLEZA": 19}, "limba_materna": {"LIMBA ROMANA": 19}, "promotie_anterioara": {"DA": 4, "NU": 15}, "materii": {"LIMBA ROMANA": {"medie": 5.794117647058822, "reusita": 68.42105263157895, "cnt": 19}, "GENERAL": {"medie": 6.829166666666666, "reusita": 57.89473684210527, "cnt": 19}, "ISTORIE": {"medie": 7.043750000000001, "reusita": 84.21052631578947, "cnt": 19}, "GEOGRAFIE": {"medie": 7.8136363636363635, "reusita": 84.61538461538461, "cnt": 13}, "LOGICA, ARGUMENTARE SI COMUNICARE": {"medie": 7.13, "reusita": 66.66666666666666, "cnt": 6}}, "nume": "LICEUL TEORETIC, COMUNA FILIPESTII DE PADURE\tPrahova"}