{"specializari": {"MATEMATICA-INFORMATICA": 21, "STIINTE ALE NATURII": 26, "FILOLOGIE": 61, "STIINTE SOCIALE": 30}, "limba_moderna": {"LIMBA ENGLEZA": 136, "LIMBA FRANCEZA": 2}, "limba_materna": {"LIMBA ROMANA": 138}, "promotie_anterioara": {"DA": 7, "NU": 131}, "materii": {"LIMBA ROMANA": {"medie": 6.72226277372263, "reusita": 93.47826086956522, "cnt": 138}, "MATEMATICA ST-NAT": {"medie": 5.834, "reusita": 65.38461538461539, "cnt": 26}, "ANATOMIE SI FIZIOLOGIE UMANA, GENETICA SI ECOLOGIE UMANA": {"medie": 6.98, "reusita": 80.55555555555556, "cnt": 36}, "GENERAL": {"medie": 7.207177615571777, "reusita": 81.15942028985508, "cnt": 138}, "MATEMATICA MATE-INFO": {"medie": 5.83809523809524, "reusita": 71.42857142857143, "cnt": 21}, "BIOLOGIE VEGETALA SI ANIMALA": {"medie": 5.949999999999999, "reusita": 100.0, "cnt": 2}, "ISTORIE": {"medie": 7.792307692307695, "reusita": 97.8021978021978, "cnt": 91}, "GEOGRAFIE": {"medie": 8.287735849056604, "reusita": 100.0, "cnt": 53}, "SOCIOLOGIE": {"medie": 7.914999999999999, "reusita": 100.0, "cnt": 10}, "LOGICA, ARGUMENTARE SI COMUNICARE": {"medie": 8.288888888888886, "reusita": 92.5925925925926, "cnt": 27}, "PSIHOLOGIE": {"medie": 6.55, "reusita": 100.0, "cnt": 1}, "FIZICA TEO": {"medie": 6.783333333333334, "reusita": 100.0, "cnt": 6}, "INFORMATICA MI C/C++": {"medie": 6.8, "reusita": 100.0, "cnt": 2}, "INFORMATICA SN C/C++": {"medie": 4.4, "reusita": 0.0, "cnt": 1}}, "nume": "LICEUL TEORETIC \"TUDOR ARGHEZI\" CRAIOVA\tDolj"}