{"specializari": {"TEHNICIAN IN AGRICULTURA": 22}, "limba_moderna": {"LIMBA ENGLEZA": 22}, "limba_materna": {"LIMBA ROMANA": 22}, "promotie_anterioara": {"DA": 2, "NU": 20}, "materii": {"LIMBA ROMANA": {"medie": 4.747222222222222, "reusita": 36.36363636363637, "cnt": 22}, "ANATOMIE SI FIZIOLOGIE UMANA, GENETICA SI ECOLOGIE UMANA": {"medie": 4.836111111111111, "reusita": 27.27272727272727, "cnt": 22}, "GENERAL": {"medie": 4.122549019607843, "reusita": 13.636363636363635, "cnt": 22}, "MATEMATICA TEHN": {"medie": 2.5750000000000006, "reusita": 18.181818181818183, "cnt": 22}}, "nume": "LICEUL TEHNOLOGIC \"ION POPESCU-CILIENI\" CILIENI\tOlt"}