{"specializari": {"MATEMATICA-INFORMATICA": 13}, "limba_moderna": {"LIMBA ENGLEZA": 13}, "limba_materna": {"LIMBA ROMANA": 13}, "promotie_anterioara": {"DA": 1, "NU": 12}, "materii": {"LIMBA ROMANA": {"medie": 5.7, "reusita": 38.46153846153847, "cnt": 13}, "GENERAL": {"medie": 4.453703703703703, "reusita": 23.076923076923077, "cnt": 13}, "MATEMATICA MATE-INFO": {"medie": 2.8444444444444446, "reusita": 23.076923076923077, "cnt": 13}, "BIOLOGIE VEGETALA SI ANIMALA": {"medie": 4.816666666666666, "reusita": 30.76923076923077, "cnt": 13}}, "nume": "LICEUL TEORETIC GHELARI\tHunedoara"}