{"specializari": {"STIINTE ALE NATURII": 50, "STIINTE SOCIALE": 63, "MATEMATICA-INFORMATICA": 28, "FILOLOGIE": 67}, "limba_moderna": {"LIMBA ENGLEZA": 200, "LIMBA FRANCEZA": 8}, "limba_materna": {"LIMBA ROMANA": 208}, "promotie_anterioara": {"DA": 39, "NU": 169}, "materii": {"LIMBA ROMANA": {"medie": 6.6383663366336645, "reusita": 95.1923076923077, "cnt": 208}, "MATEMATICA ST-NAT": {"medie": 4.198913043478259, "reusita": 40.0, "cnt": 50}, "ANATOMIE SI FIZIOLOGIE UMANA, GENETICA SI ECOLOGIE UMANA": {"medie": 6.235849056603771, "reusita": 80.0, "cnt": 55}, "GENERAL": {"medie": 6.767431972789119, "reusita": 61.53846153846154, "cnt": 208}, "MATEMATICA MATE-INFO": {"medie": 5.053999999999999, "reusita": 60.71428571428571, "cnt": 28}, "BIOLOGIE VEGETALA SI ANIMALA": {"medie": 4.816666666666666, "reusita": 37.5, "cnt": 8}, "ISTORIE": {"medie": 7.515234375000004, "reusita": 96.15384615384616, "cnt": 130}, "GEOGRAFIE": {"medie": 7.329687499999998, "reusita": 92.3076923076923, "cnt": 65}, "SOCIOLOGIE": {"medie": 8.445454545454547, "reusita": 93.93939393939394, "cnt": 33}, "LOGICA, ARGUMENTARE SI COMUNICARE": {"medie": 8.429629629629629, "reusita": 89.65517241379311, "cnt": 29}, "PSIHOLOGIE": {"medie": 6.2, "reusita": 100.0, "cnt": 3}, "FIZICA TEO": {"medie": 2.45, "reusita": 0.0, "cnt": 2}, "CHIMIE ORGANICA TEO NIVEL I/II": {"medie": 5.86, "reusita": 60.0, "cnt": 5}, "INFORMATICA MI C/C++": {"medie": 5.1416666666666675, "reusita": 57.14285714285714, "cnt": 7}, "CHIMIE ANORGANICA TEO NIVEL I/II": {"medie": 6.5, "reusita": 100.0, "cnt": 1}}, "nume": "LICEUL TEORETIC \"C-TIN BRANCOVEANU\"\tBucure\u0219ti"}