{"specializari": {"LICEU CU PROGRAM SPORTIV": 96}, "limba_moderna": {"LIMBA ENGLEZA": 96}, "limba_materna": {"LIMBA ROMANA": 96}, "promotie_anterioara": {"DA": 17, "NU": 79}, "materii": {"LIMBA ROMANA": {"medie": 5.713483146067416, "reusita": 72.91666666666666, "cnt": 96}, "GENERAL": {"medie": 6.3386973180076644, "reusita": 51.041666666666664, "cnt": 96}, "ISTORIE": {"medie": 6.2288043478260855, "reusita": 92.70833333333334, "cnt": 96}, "GEOGRAFIE": {"medie": 6.64561403508772, "reusita": 87.09677419354838, "cnt": 62}, "LOGICA, ARGUMENTARE SI COMUNICARE": {"medie": 7.549999999999998, "reusita": 88.23529411764706, "cnt": 34}}, "nume": "LICEUL CU PROGRAM SPORTIV CLUJ-NAPOCA\tCluj"}