{"specializari": {"MATEMATICA-INFORMATICA": 29, "STIINTE ALE NATURII": 37, "FILOLOGIE": 68}, "limba_moderna": {"LIMBA ENGLEZA": 98, "LIMBA FRANCEZA": 28, "LIMBA GERMANA MODERNA": 8}, "limba_materna": {"LIMBA ROMANA": 134}, "promotie_anterioara": {"DA": 7, "NU": 127}, "materii": {"LIMBA ROMANA": {"medie": 7.552272727272726, "reusita": 96.26865671641791, "cnt": 134}, "MATEMATICA ST-NAT": {"medie": 7.340540540540539, "reusita": 97.2972972972973, "cnt": 37}, "ANATOMIE SI FIZIOLOGIE UMANA, GENETICA SI ECOLOGIE UMANA": {"medie": 8.106250000000001, "reusita": 95.83333333333334, "cnt": 24}, "GENERAL": {"medie": 7.583712121212124, "reusita": 81.34328358208955, "cnt": 134}, "MATEMATICA MATE-INFO": {"medie": 5.329310344827586, "reusita": 58.620689655172406, "cnt": 29}, "BIOLOGIE VEGETALA SI ANIMALA": {"medie": 7.567857142857142, "reusita": 92.85714285714286, "cnt": 14}, "ISTORIE": {"medie": 7.759848484848483, "reusita": 97.05882352941177, "cnt": 68}, "LOGICA, ARGUMENTARE SI COMUNICARE": {"medie": 8.507692307692308, "reusita": 91.04477611940298, "cnt": 67}, "FILOSOFIE": {"medie": 6.1, "reusita": 100.0, "cnt": 1}, "FIZICA TEO": {"medie": 7.762499999999999, "reusita": 87.5, "cnt": 8}, "CHIMIE ORGANICA TEO NIVEL I/II": {"medie": 7.75, "reusita": 100.0, "cnt": 4}, "INFORMATICA MI C/C++": {"medie": 7.777272727272727, "reusita": 100.0, "cnt": 11}, "CHIMIE ANORGANICA TEO NIVEL I/II": {"medie": 5.5, "reusita": 100.0, "cnt": 1}, "INFORMATICA SN C/C++": {"medie": 6.050000000000001, "reusita": 100.0, "cnt": 4}}, "nume": "LICEUL TEORETIC \"DAN BARBILIAN\" CAMPULUNG\tArge\u0219"}