{"specializari": {"MUZICA": 16, "ARTE PLASTICE SI DECORATIVE": 23, "ARHITECTURA, ARTE AMBIENTALE SI DESIGN": 1, "FILOLOGIE": 28, "MATEMATICA-INFORMATICA": 46}, "limba_moderna": {"LIMBA ENGLEZA": 114}, "limba_materna": {"LIMBA ROMANA": 114}, "promotie_anterioara": {"DA": 6, "NU": 108}, "materii": {"LIMBA ROMANA": {"medie": 7.633482142857145, "reusita": 94.73684210526315, "cnt": 114}, "ANATOMIE SI FIZIOLOGIE UMANA, GENETICA SI ECOLOGIE UMANA": {"medie": 8.671875, "reusita": 94.11764705882352, "cnt": 17}, "GENERAL": {"medie": 7.6301801801801785, "reusita": 90.35087719298247, "cnt": 114}, "MATEMATICA MATE-INFO": {"medie": 7.558888888888888, "reusita": 91.30434782608695, "cnt": 46}, "ISTORIE": {"medie": 6.902238805970149, "reusita": 95.58823529411765, "cnt": 68}, "GEOGRAFIE": {"medie": 7.43103448275862, "reusita": 93.54838709677419, "cnt": 31}, "LOGICA, ARGUMENTARE SI COMUNICARE": {"medie": 8.668055555555556, "reusita": 100.0, "cnt": 36}, "PSIHOLOGIE": {"medie": 5.35, "reusita": 100.0, "cnt": 1}, "FIZICA TEO": {"medie": 7.479166666666667, "reusita": 91.66666666666666, "cnt": 24}, "CHIMIE ORGANICA TEO NIVEL I/II": {"medie": 9.133333333333333, "reusita": 100.0, "cnt": 3}, "INFORMATICA MI C/C++": {"medie": 8.15, "reusita": 100.0, "cnt": 2}}, "nume": "LICEUL DE ARTE \"IONEL PERLEA\" SLOBOZIA\tIalomi\u021ba"}