{"specializari": {"TEOLOGIE PENTICOSTALA": 31}, "limba_moderna": {"LIMBA ENGLEZA": 31}, "limba_materna": {"LIMBA ROMANA": 31}, "promotie_anterioara": {"DA": 4, "NU": 27}, "materii": {"LIMBA ROMANA": {"medie": 6.9387096774193555, "reusita": 96.7741935483871, "cnt": 31}, "GENERAL": {"medie": 7.129885057471263, "reusita": 80.64516129032258, "cnt": 31}, "ISTORIE": {"medie": 6.662903225806452, "reusita": 100.0, "cnt": 31}, "GEOGRAFIE": {"medie": 7.535714285714285, "reusita": 100.0, "cnt": 14}, "LOGICA, ARGUMENTARE SI COMUNICARE": {"medie": 7.746666666666667, "reusita": 88.23529411764706, "cnt": 17}}, "nume": "LICEUL TEOLOGIC PENTICOSTAL \"EMANUEL\"\tBucure\u0219ti"}