{"specializari": {"MATEMATICA-INFORMATICA": 70, "STIINTE ALE NATURII": 30, "FILOLOGIE": 25, "STIINTE SOCIALE": 30}, "limba_moderna": {"LIMBA ENGLEZA": 144, "LIMBA FRANCEZA": 9, "LIMBA RUSA": 2}, "limba_materna": {"LIMBA ROMANA": 155}, "promotie_anterioara": {"DA": 2, "NU": 153}, "materii": {"LIMBA ROMANA": {"medie": 8.142532467532467, "reusita": 99.35483870967742, "cnt": 155}, "MATEMATICA ST-NAT": {"medie": 7.786666666666666, "reusita": 100.0, "cnt": 30}, "ANATOMIE SI FIZIOLOGIE UMANA, GENETICA SI ECOLOGIE UMANA": {"medie": 8.129999999999999, "reusita": 100.0, "cnt": 10}, "GENERAL": {"medie": 8.27614379084967, "reusita": 96.7741935483871, "cnt": 155}, "MATEMATICA MATE-INFO": {"medie": 8.298571428571428, "reusita": 97.14285714285714, "cnt": 70}, "BIOLOGIE VEGETALA SI ANIMALA": {"medie": 8.448571428571428, "reusita": 100.0, "cnt": 35}, "ISTORIE": {"medie": 8.549999999999997, "reusita": 98.18181818181819, "cnt": 55}, "GEOGRAFIE": {"medie": 7.773529411764706, "reusita": 88.88888888888889, "cnt": 18}, "SOCIOLOGIE": {"medie": 7.880434782608697, "reusita": 100.0, "cnt": 23}, "LOGICA, ARGUMENTARE SI COMUNICARE": {"medie": 9.0, "reusita": 92.3076923076923, "cnt": 13}, "FILOSOFIE": {"medie": 6.3, "reusita": 100.0, "cnt": 1}, "FIZICA TEO": {"medie": 8.413157894736841, "reusita": 100.0, "cnt": 19}, "CHIMIE ORGANICA TEO NIVEL I/II": {"medie": 8.48125, "reusita": 100.0, "cnt": 8}, "INFORMATICA MI C/C++": {"medie": 9.025, "reusita": 100.0, "cnt": 28}}, "nume": "LICEUL TEORETIC \"NICOLAE IORGA\"\tBr\u0103ila"}