{"specializari": {"LICEU CU PROGRAM SPORTIV": 95, "STIINTE ALE NATURII": 28}, "limba_moderna": {"LIMBA ENGLEZA": 114, "LIMBA FRANCEZA": 9}, "limba_materna": {"LIMBA ROMANA": 123}, "promotie_anterioara": {"DA": 26, "NU": 97}, "materii": {"LIMBA ROMANA": {"medie": 5.596694214876032, "reusita": 71.54471544715447, "cnt": 123}, "MATEMATICA ST-NAT": {"medie": 4.446296296296295, "reusita": 53.57142857142857, "cnt": 28}, "ANATOMIE SI FIZIOLOGIE UMANA, GENETICA SI ECOLOGIE UMANA": {"medie": 6.557692307692307, "reusita": 92.3076923076923, "cnt": 26}, "GENERAL": {"medie": 5.686039886039884, "reusita": 39.02439024390244, "cnt": 123}, "BIOLOGIE VEGETALA SI ANIMALA": {"medie": 6.1, "reusita": 100.0, "cnt": 1}, "ISTORIE": {"medie": 5.452150537634406, "reusita": 84.21052631578947, "cnt": 95}, "GEOGRAFIE": {"medie": 5.796428571428571, "reusita": 81.3953488372093, "cnt": 86}, "PSIHOLOGIE": {"medie": 9.066666666666668, "reusita": 100.0, "cnt": 9}, "CHIMIE ORGANICA TEO NIVEL I/II": {"medie": 5.0, "reusita": 100.0, "cnt": 1}}, "nume": "LICEUL CU PROGRAM SPORTIV TG-JIU\tGorj"}