{"specializari": {"TEHNICIAN TRANSPORTURI": 2, "FILOLOGIE": 35, "MATEMATICA-INFORMATICA": 18}, "limba_moderna": {"LIMBA FRANCEZA": 22, "LIMBA ENGLEZA": 33}, "limba_materna": {"LIMBA ROMANA": 55}, "promotie_anterioara": {"DA": 9, "NU": 46}, "materii": {"LIMBA ROMANA": {"medie": 6.535849056603774, "reusita": 83.63636363636363, "cnt": 55}, "ANATOMIE SI FIZIOLOGIE UMANA, GENETICA SI ECOLOGIE UMANA": {"medie": 6.759090909090909, "reusita": 81.81818181818183, "cnt": 11}, "GENERAL": {"medie": 6.786538461538461, "reusita": 54.54545454545454, "cnt": 55}, "MATEMATICA MATE-INFO": {"medie": 6.044444444444446, "reusita": 66.66666666666666, "cnt": 18}, "BIOLOGIE VEGETALA SI ANIMALA": {"medie": 7.733333333333333, "reusita": 100.0, "cnt": 6}, "ISTORIE": {"medie": 7.36969696969697, "reusita": 94.28571428571428, "cnt": 35}, "GEOGRAFIE": {"medie": 6.861764705882351, "reusita": 82.85714285714286, "cnt": 35}, "MATEMATICA TEHN": {"medie": 4.425, "reusita": 50.0, "cnt": 2}, "INFORMATICA MI C/C++": {"medie": 6.616666666666667, "reusita": 66.66666666666666, "cnt": 3}}, "nume": "LICEUL TEORETIC \"SILVIU DRAGOMIR\" ILIA\tHunedoara"}