{"specializari": {"MATEMATICA-INFORMATICA": 79, "FILOLOGIE": 91}, "limba_moderna": {"LIMBA FRANCEZA": 33, "LIMBA ENGLEZA": 137}, "limba_materna": {"LIMBA ROMANA": 170}, "promotie_anterioara": {"DA": 27, "NU": 143}, "materii": {"LIMBA ROMANA": {"medie": 6.622455089820358, "reusita": 85.29411764705883, "cnt": 170}, "ANATOMIE SI FIZIOLOGIE UMANA, GENETICA SI ECOLOGIE UMANA": {"medie": 6.30677966101695, "reusita": 76.66666666666667, "cnt": 60}, "GENERAL": {"medie": 6.6142126789366085, "reusita": 62.94117647058823, "cnt": 170}, "MATEMATICA MATE-INFO": {"medie": 4.485999999999998, "reusita": 41.77215189873418, "cnt": 79}, "BIOLOGIE VEGETALA SI ANIMALA": {"medie": 7.383333333333333, "reusita": 100.0, "cnt": 3}, "ISTORIE": {"medie": 6.83777777777778, "reusita": 93.4065934065934, "cnt": 91}, "GEOGRAFIE": {"medie": 7.998780487804879, "reusita": 90.47619047619048, "cnt": 84}, "PSIHOLOGIE": {"medie": 8.700000000000001, "reusita": 100.0, "cnt": 3}, "FIZICA TEO": {"medie": 8.14642857142857, "reusita": 92.85714285714286, "cnt": 14}, "INFORMATICA MI C/C++": {"medie": 6.8, "reusita": 100.0, "cnt": 1}, "CHIMIE ANORGANICA TEO NIVEL I/II": {"medie": 2.8, "reusita": 0.0, "cnt": 1}, "ECONOMIE": {"medie": 6.7, "reusita": 75.0, "cnt": 4}}, "nume": "LICEUL TEORETIC \"ALEXANDRU GHICA\" ALEXANDRIA\tTeleorman"}