{"specializari": {"FILOLOGIE": 37, "MATEMATICA-INFORMATICA": 60, "STIINTE ALE NATURII": 38}, "limba_moderna": {"LIMBA ENGLEZA": 116, "LIMBA FRANCEZA": 19}, "limba_materna": {"LIMBA ROMANA": 135}, "promotie_anterioara": {"DA": 20, "NU": 115}, "materii": {"LIMBA ROMANA": {"medie": 7.386940298507462, "reusita": 96.29629629629629, "cnt": 135}, "MATEMATICA ST-NAT": {"medie": 5.714864864864865, "reusita": 73.68421052631578, "cnt": 38}, "ANATOMIE SI FIZIOLOGIE UMANA, GENETICA SI ECOLOGIE UMANA": {"medie": 8.083333333333336, "reusita": 95.71428571428572, "cnt": 70}, "GENERAL": {"medie": 7.548846153846151, "reusita": 80.0, "cnt": 135}, "MATEMATICA MATE-INFO": {"medie": 7.245689655172415, "reusita": 88.33333333333333, "cnt": 60}, "BIOLOGIE VEGETALA SI ANIMALA": {"medie": 6.2, "reusita": 100.0, "cnt": 1}, "ISTORIE": {"medie": 7.902702702702702, "reusita": 100.0, "cnt": 37}, "GEOGRAFIE": {"medie": 8.295454545454545, "reusita": 100.0, "cnt": 11}, "LOGICA, ARGUMENTARE SI COMUNICARE": {"medie": 8.197619047619048, "reusita": 90.9090909090909, "cnt": 22}, "PSIHOLOGIE": {"medie": 7.35, "reusita": 100.0, "cnt": 2}, "FILOSOFIE": {"medie": 10.0, "reusita": 100.0, "cnt": 1}, "FIZICA TEO": {"medie": 8.48, "reusita": 100.0, "cnt": 15}, "CHIMIE ORGANICA TEO NIVEL I/II": {"medie": 7.283333333333334, "reusita": 66.66666666666666, "cnt": 3}, "INFORMATICA MI C/C++": {"medie": 7.466666666666667, "reusita": 88.88888888888889, "cnt": 9}, "ECONOMIE": {"medie": 8.8, "reusita": 100.0, "cnt": 1}}, "nume": "LICEUL TEORETIC \"NICOLAE BALCESCU\" MEDGIDIA\tConstan\u021ba"}