{"specializari": {"TEOLOGIE BAPTISTA": 14}, "limba_moderna": {"LIMBA ENGLEZA": 14}, "limba_materna": {"LIMBA ROMANA": 14}, "promotie_anterioara": {"DA": 2, "NU": 12}, "materii": {"LIMBA ROMANA": {"medie": 6.8571428571428585, "reusita": 100.0, "cnt": 14}, "GENERAL": {"medie": 7.090277777777778, "reusita": 71.42857142857143, "cnt": 14}, "ISTORIE": {"medie": 7.43076923076923, "reusita": 92.85714285714286, "cnt": 14}, "GEOGRAFIE": {"medie": 7.135714285714285, "reusita": 100.0, "cnt": 14}}, "nume": "LICEUL TEOLOGIC BAPTIST \"LOGOS\"\tBucure\u0219ti"}