{"specializari": {"STIINTE ALE NATURII": 56, "MATEMATICA-INFORMATICA": 45, "FILOLOGIE": 73}, "limba_moderna": {"LIMBA FRANCEZA": 61, "LIMBA ENGLEZA": 110, "LIMBA ITALIANA": 3}, "limba_materna": {"LIMBA ROMANA": 161, "LIMBA UCRAINEANA": 13}, "promotie_anterioara": {"DA": 21, "NU": 153}, "materii": {"LIMBA ROMANA": {"medie": 6.574269005847953, "reusita": 87.93103448275862, "cnt": 174}, "MATEMATICA ST-NAT": {"medie": 5.7281818181818185, "reusita": 78.57142857142857, "cnt": 56}, "ANATOMIE SI FIZIOLOGIE UMANA, GENETICA SI ECOLOGIE UMANA": {"medie": 6.915384615384614, "reusita": 84.61538461538461, "cnt": 13}, "GENERAL": {"medie": 6.492382413087936, "reusita": 60.91954022988506, "cnt": 174}, "MATEMATICA MATE-INFO": {"medie": 5.305555555555555, "reusita": 60.0, "cnt": 45}, "BIOLOGIE VEGETALA SI ANIMALA": {"medie": 5.480555555555555, "reusita": 69.64285714285714, "cnt": 56}, "ISTORIE": {"medie": 6.224264705882352, "reusita": 86.3013698630137, "cnt": 73}, "GEOGRAFIE": {"medie": 7.694166666666667, "reusita": 88.05970149253731, "cnt": 67}, "LOGICA, ARGUMENTARE SI COMUNICARE": {"medie": 9.175, "reusita": 100.0, "cnt": 2}, "PSIHOLOGIE": {"medie": 9.212499999999999, "reusita": 100.0, "cnt": 4}, "CHIMIE ORGANICA TEO NIVEL I/II": {"medie": 8.733333333333334, "reusita": 100.0, "cnt": 9}, "INFORMATICA MI C/C++": {"medie": 6.924999999999998, "reusita": 95.45454545454545, "cnt": 22}, "LIMBA UCRAINEANA": {"medie": 8.0, "reusita": 92.3076923076923, "cnt": 13}, "INFORMATICA SN C/C++": {"medie": 2.9, "reusita": 0.0, "cnt": 1}}, "nume": "LICEUL TEORETIC \"IULIA HASDEU\" LUGOJ\tTimi\u0219"}