{"specializari": {"TEHNICIAN IN TURISM": 30, "TEHNICIAN PROIECTANT PRODUSE FINITE DIN LEMN": 17}, "limba_moderna": {"LIMBA ENGLEZA": 47}, "limba_materna": {"LIMBA ROMANA": 47}, "promotie_anterioara": {"DA": 3, "NU": 44}, "materii": {"LIMBA ROMANA": {"medie": 5.541176470588235, "reusita": 51.06382978723404, "cnt": 47}, "GENERAL": {"medie": 5.575520833333336, "reusita": 27.659574468085108, "cnt": 47}, "BIOLOGIE VEGETALA SI ANIMALA": {"medie": 4.142857142857143, "reusita": 17.647058823529413, "cnt": 17}, "GEOGRAFIE": {"medie": 7.388461538461538, "reusita": 76.66666666666667, "cnt": 30}, "MATEMATICA TEHN": {"medie": 4.242857142857143, "reusita": 29.78723404255319, "cnt": 47}}, "nume": "LICEUL TEHNOLOGIC \"RETEZAT\" URICANI\tHunedoara"}