{"specializari": {"LICEU CU PROGRAM SPORTIV": 63}, "limba_moderna": {"LIMBA ENGLEZA": 60, "LIMBA FRANCEZA": 3}, "limba_materna": {"LIMBA ROMANA": 63}, "promotie_anterioara": {"DA": 11, "NU": 52}, "materii": {"LIMBA ROMANA": {"medie": 6.37155172413793, "reusita": 79.36507936507937, "cnt": 63}, "GENERAL": {"medie": 6.954678362573099, "reusita": 69.84126984126983, "cnt": 63}, "ISTORIE": {"medie": 6.650833333333334, "reusita": 93.65079365079364, "cnt": 63}, "GEOGRAFIE": {"medie": 8.1625, "reusita": 88.88888888888889, "cnt": 27}, "LOGICA, ARGUMENTARE SI COMUNICARE": {"medie": 7.2628571428571425, "reusita": 86.11111111111111, "cnt": 36}}, "nume": "LICEUL CU PROGRAM SPORTIV \"PETRACHE TRISCU\" CRAIOVA\tDolj"}