{"specializari": {"TEOLOGIE GRECO-CATOLICA": 31, "MATEMATICA-INFORMATICA": 23}, "limba_moderna": {"LIMBA ENGLEZA": 54}, "limba_materna": {"LIMBA ROMANA": 54}, "promotie_anterioara": {"DA": 2, "NU": 52}, "materii": {"LIMBA ROMANA": {"medie": 7.36759259259259, "reusita": 98.14814814814815, "cnt": 54}, "ANATOMIE SI FIZIOLOGIE UMANA, GENETICA SI ECOLOGIE UMANA": {"medie": 7.8500000000000005, "reusita": 94.44444444444444, "cnt": 18}, "GENERAL": {"medie": 7.411949685534591, "reusita": 81.48148148148148, "cnt": 54}, "MATEMATICA MATE-INFO": {"medie": 7.613636363636363, "reusita": 86.95652173913044, "cnt": 23}, "ISTORIE": {"medie": 7.011290322580645, "reusita": 96.7741935483871, "cnt": 31}, "GEOGRAFIE": {"medie": 7.413636363636365, "reusita": 95.45454545454545, "cnt": 22}, "FILOSOFIE": {"medie": 6.9222222222222225, "reusita": 100.0, "cnt": 9}, "FIZICA TEO": {"medie": 7.85, "reusita": 100.0, "cnt": 1}, "CHIMIE ORGANICA TEO NIVEL I/II": {"medie": 9.7, "reusita": 100.0, "cnt": 1}, "INFORMATICA MI C/C++": {"medie": 7.983333333333333, "reusita": 100.0, "cnt": 3}}, "nume": "LICEUL GRECO-CATOLIC \"IULIU MANIU\" ORADEA\tBihor"}