{"specializari": {"TEHNICIAN IN ACTIVITATI ECONOMICE": 34, "TEHNICIAN IN GASTRONOMIE": 4, "STIINTE ALE NATURII": 28, "TEHNICIAN TRANSPORTURI": 59, "TEHNICIAN IN TURISM": 19, "TEHNICIAN MECATRONIST": 15, "TEHNICIAN IN ACTIVITATI DE COMERT": 23, "MATEMATICA-INFORMATICA": 33, "FILOLOGIE": 34, "STIINTE SOCIALE": 26}, "limba_moderna": {"LIMBA ENGLEZA": 275}, "limba_materna": {"LIMBA ROMANA": 275}, "promotie_anterioara": {"DA": 65, "NU": 210}, "materii": {"LIMBA ROMANA": {"medie": 5.660891089108912, "reusita": 56.72727272727273, "cnt": 275}, "MATEMATICA ST-NAT": {"medie": 3.2812500000000004, "reusita": 17.857142857142858, "cnt": 28}, "ANATOMIE SI FIZIOLOGIE UMANA, GENETICA SI ECOLOGIE UMANA": {"medie": 7.625, "reusita": 94.28571428571428, "cnt": 35}, "GENERAL": {"medie": 5.975274725274724, "reusita": 31.636363636363633, "cnt": 275}, "MATEMATICA MATE-INFO": {"medie": 6.314516129032259, "reusita": 81.81818181818183, "cnt": 33}, "BIOLOGIE VEGETALA SI ANIMALA": {"medie": 4.753448275862069, "reusita": 20.77922077922078, "cnt": 77}, "ISTORIE": {"medie": 6.727966101694914, "reusita": 98.33333333333333, "cnt": 60}, "GEOGRAFIE": {"medie": 6.98761467889908, "reusita": 76.74418604651163, "cnt": 129}, "MATEMATICA TEHN": {"medie": 4.2425000000000015, "reusita": 27.27272727272727, "cnt": 154}, "FIZICA TEH": {"medie": 5.8, "reusita": 26.666666666666668, "cnt": 15}, "FILOSOFIE": {"medie": 6.225, "reusita": 100.0, "cnt": 2}, "FIZICA TEO": {"medie": 7.478571428571429, "reusita": 100.0, "cnt": 7}, "INFORMATICA MI C/C++": {"medie": 7.75, "reusita": 100.0, "cnt": 1}, "ECONOMIE": {"medie": 6.325, "reusita": 77.77777777777779, "cnt": 9}}, "nume": "LICEUL BORSA\tMaramure\u0219"}