{"specializari": {"STIINTE ALE NATURII": 22, "TEHNICIAN AGRONOM": 25, "TEHNICIAN IN ACTIVITATI DE COMERT": 2}, "limba_moderna": {"LIMBA ENGLEZA": 37, "LIMBA GERMANA MODERNA": 12}, "limba_materna": {"LIMBA MAGHIARA": 29, "LIMBA ROMANA": 20}, "promotie_anterioara": {"DA": 13, "NU": 36}, "materii": {"LIMBA ROMANA": {"medie": 4.475, "reusita": 48.97959183673469, "cnt": 49}, "MATEMATICA ST-NAT": {"medie": 4.8136363636363635, "reusita": 45.45454545454545, "cnt": 22}, "ANATOMIE SI FIZIOLOGIE UMANA, GENETICA SI ECOLOGIE UMANA": {"medie": 6.438888888888889, "reusita": 73.68421052631578, "cnt": 19}, "GENERAL": {"medie": 5.039534883720929, "reusita": 26.53061224489796, "cnt": 49}, "BIOLOGIE VEGETALA SI ANIMALA": {"medie": 4.793181818181818, "reusita": 56.52173913043478, "cnt": 23}, "GEOGRAFIE": {"medie": 6.574999999999999, "reusita": 100.0, "cnt": 2}, "MATEMATICA TEHN": {"medie": 4.1038461538461535, "reusita": 44.44444444444444, "cnt": 27}, "LIMBA MAGHIARA (REAL)": {"medie": 6.319230769230769, "reusita": 82.75862068965517, "cnt": 29}, "FIZICA TEO": {"medie": 6.75, "reusita": 100.0, "cnt": 2}, "CHIMIE ANORGANICA TEO NIVEL I/II": {"medie": 7.199999999999999, "reusita": 66.66666666666666, "cnt": 3}}, "nume": "LICEUL TEHNOLOGIC NR.1 VALEA LUI MIHAI\tBihor"}