{"specializari": {"TEHNICIAN DESENATOR PENTRU CONSTRUCTII SI INSTALATII": 21, "TEHNICIAN ECOLOG SI PROTECTIA CALITATII MEDIULUI": 7, "TEHNICIAN IN TURISM": 32, "TEHNICIAN OPERATORI ROBOTI INDUSTRIALI": 6, "TEHNICIAN OPERATOR TEHNICA DE CALCUL": 32, "TEHNICIAN MECANIC PENTRU INTRETINERE SI REPARATII": 21, "TEHNICIAN IN ACTIVITATI ECONOMICE": 32, "MATEMATICA-INFORMATICA": 20, "STIINTE ALE NATURII": 30, "FILOLOGIE": 38}, "limba_moderna": {"LIMBA ENGLEZA": 219, "LIMBA FRANCEZA": 20}, "limba_materna": {"LIMBA ROMANA": 239}, "promotie_anterioara": {"DA": 34, "NU": 205}, "materii": {"LIMBA ROMANA": {"medie": 6.466438356164382, "reusita": 77.40585774058577, "cnt": 239}, "MATEMATICA ST-NAT": {"medie": 7.256666666666669, "reusita": 90.0, "cnt": 30}, "ANATOMIE SI FIZIOLOGIE UMANA, GENETICA SI ECOLOGIE UMANA": {"medie": 7.502941176470588, "reusita": 88.57142857142857, "cnt": 35}, "GENERAL": {"medie": 6.261569579288026, "reusita": 47.28033472803347, "cnt": 239}, "MATEMATICA MATE-INFO": {"medie": 6.965000000000001, "reusita": 80.0, "cnt": 20}, "BIOLOGIE VEGETALA SI ANIMALA": {"medie": 3.1566037735849073, "reusita": 19.444444444444446, "cnt": 72}, "ISTORIE": {"medie": 7.4223684210526315, "reusita": 97.36842105263158, "cnt": 38}, "GEOGRAFIE": {"medie": 7.365254237288135, "reusita": 90.47619047619048, "cnt": 63}, "MATEMATICA TEHN": {"medie": 4.5406504065040645, "reusita": 46.35761589403973, "cnt": 151}, "FIZICA TEH": {"medie": 3.65, "reusita": 50.0, "cnt": 2}, "LOGICA, ARGUMENTARE SI COMUNICARE": {"medie": 8.255555555555555, "reusita": 91.66666666666666, "cnt": 36}, "CHIMIE ORGANICA TEO NIVEL I/II": {"medie": 8.284374999999999, "reusita": 100.0, "cnt": 16}, "INFORMATICA MI C/C++": {"medie": 8.459999999999999, "reusita": 100.0, "cnt": 5}, "CHIMIE ORGANICA TEH NIVEL I/II": {"medie": 3.5, "reusita": 14.285714285714285, "cnt": 7}, "ECONOMIE": {"medie": 7.1000000000000005, "reusita": 100.0, "cnt": 3}}, "nume": "LICEUL TEHNOLOGIC \"DIMITRIE FILISANU\" FILIASI\tDolj"}