{"specializari": {"COAFOR STILIST": 13, "STIINTE SOCIALE": 11, "TEHNICIAN IN INDUSTRIA TEXTILA": 2}, "limba_moderna": {"LIMBA FRANCEZA": 8, "LIMBA ENGLEZA": 18}, "limba_materna": {"LIMBA ROMANA": 22, "LIMBA MAGHIARA": 4}, "promotie_anterioara": {"DA": 5, "NU": 21}, "materii": {"LIMBA ROMANA": {"medie": 4.569047619047619, "reusita": 38.46153846153847, "cnt": 26}, "GENERAL": {"medie": 4.416666666666667, "reusita": 15.384615384615385, "cnt": 26}, "ISTORIE": {"medie": 4.3374999999999995, "reusita": 36.36363636363637, "cnt": 11}, "GEOGRAFIE": {"medie": 5.083333333333334, "reusita": 45.83333333333333, "cnt": 24}, "MATEMATICA TEHN": {"medie": 3.3999999999999995, "reusita": 33.33333333333333, "cnt": 15}, "FIZICA TEH": {"medie": 2.2, "reusita": 0.0, "cnt": 2}, "LIMBA MAGHIARA (REAL)": {"medie": 6.387499999999999, "reusita": 100.0, "cnt": 4}}, "nume": "LICEUL TEHNOLOGIC \"ELISA ZAMFIRESCU\" SATU MARE\tSatu-Mare"}