{"specializari": {"STIINTE ALE NATURII": 9, "FILOLOGIE": 18}, "limba_moderna": {"LIMBA ENGLEZA": 25, "LIMBA FRANCEZA": 2}, "limba_materna": {"LIMBA ROMANA": 27}, "promotie_anterioara": {"DA": 6, "NU": 21}, "materii": {"LIMBA ROMANA": {"medie": 6.844000000000001, "reusita": 81.48148148148148, "cnt": 27}, "MATEMATICA ST-NAT": {"medie": 7.561111111111111, "reusita": 88.88888888888889, "cnt": 9}, "ANATOMIE SI FIZIOLOGIE UMANA, GENETICA SI ECOLOGIE UMANA": {"medie": 8.655555555555557, "reusita": 100.0, "cnt": 9}, "GENERAL": {"medie": 7.197333333333334, "reusita": 74.07407407407408, "cnt": 27}, "ISTORIE": {"medie": 6.674999999999999, "reusita": 88.88888888888889, "cnt": 18}, "GEOGRAFIE": {"medie": 7.188888888888887, "reusita": 88.88888888888889, "cnt": 9}, "LOGICA, ARGUMENTARE SI COMUNICARE": {"medie": 7.529999999999999, "reusita": 71.42857142857143, "cnt": 7}, "ECONOMIE": {"medie": 6.800000000000001, "reusita": 100.0, "cnt": 2}}, "nume": "LICEUL TEORETIC \"GEORGE MOROIANU\" SACELE\tBra\u0219ov"}