{"specializari": {"TEHNICIAN IN GASTRONOMIE": 30, "TEHNICIAN HORTICULTOR": 24, "STIINTE ALE NATURII": 27}, "limba_moderna": {"LIMBA ENGLEZA": 52, "LIMBA FRANCEZA": 29}, "limba_materna": {"LIMBA ROMANA": 81}, "promotie_anterioara": {"DA": 8, "NU": 73}, "materii": {"LIMBA ROMANA": {"medie": 6.25769230769231, "reusita": 77.77777777777779, "cnt": 81}, "MATEMATICA ST-NAT": {"medie": 6.39807692307692, "reusita": 81.48148148148148, "cnt": 27}, "ANATOMIE SI FIZIOLOGIE UMANA, GENETICA SI ECOLOGIE UMANA": {"medie": 6.270212765957448, "reusita": 66.66666666666666, "cnt": 51}, "GENERAL": {"medie": 5.756060606060607, "reusita": 45.67901234567901, "cnt": 81}, "GEOGRAFIE": {"medie": 6.305000000000001, "reusita": 83.33333333333334, "cnt": 30}, "MATEMATICA TEHN": {"medie": 3.8813725490196083, "reusita": 40.74074074074074, "cnt": 54}}, "nume": "LICEUL TEHNOLOGIC \"STEFAN CEL MARE SI SFANT\" VORONA\tBoto\u0219ani"}