{"specializari": {"MATEMATICA-INFORMATICA": 43, "FILOLOGIE": 140}, "limba_moderna": {"LIMBA ENGLEZA": 159, "LIMBA FRANCEZA": 24}, "limba_materna": {"LIMBA ROMANA": 183}, "promotie_anterioara": {"DA": 45, "NU": 138}, "materii": {"LIMBA ROMANA": {"medie": 4.8901129943502815, "reusita": 62.295081967213115, "cnt": 183}, "ANATOMIE SI FIZIOLOGIE UMANA, GENETICA SI ECOLOGIE UMANA": {"medie": 5.888888888888889, "reusita": 70.96774193548387, "cnt": 31}, "GENERAL": {"medie": 5.368989898989899, "reusita": 29.508196721311474, "cnt": 183}, "MATEMATICA MATE-INFO": {"medie": 2.7220588235294114, "reusita": 20.930232558139537, "cnt": 43}, "BIOLOGIE VEGETALA SI ANIMALA": {"medie": 5.905000000000001, "reusita": 72.72727272727273, "cnt": 11}, "ISTORIE": {"medie": 5.447761194029848, "reusita": 70.71428571428572, "cnt": 140}, "GEOGRAFIE": {"medie": 6.508474576271188, "reusita": 83.73983739837398, "cnt": 123}, "SOCIOLOGIE": {"medie": 4.300000000000001, "reusita": 75.0, "cnt": 4}, "PSIHOLOGIE": {"medie": 5.8, "reusita": 100.0, "cnt": 2}, "FILOSOFIE": {"medie": 5.095, "reusita": 45.45454545454545, "cnt": 11}, "INFORMATICA MI PASCAL": {"medie": 5.15, "reusita": 100.0, "cnt": 1}}, "nume": "LICEUL TEORETIC \"CONSTANTIN NOICA\" ALEXANDRIA\tTeleorman"}