{"specializari": {"FILOLOGIE": 65, "TEHNICIAN IN ACTIVITATI ECONOMICE": 34, "MATEMATICA-INFORMATICA": 25}, "limba_moderna": {"LIMBA FRANCEZA": 39, "LIMBA ENGLEZA": 85}, "limba_materna": {"LIMBA ROMANA": 124}, "promotie_anterioara": {"DA": 16, "NU": 108}, "materii": {"LIMBA ROMANA": {"medie": 6.8707627118644075, "reusita": 87.90322580645162, "cnt": 124}, "GENERAL": {"medie": 7.200569800569799, "reusita": 75.80645161290323, "cnt": 124}, "MATEMATICA MATE-INFO": {"medie": 8.193999999999999, "reusita": 100.0, "cnt": 25}, "BIOLOGIE VEGETALA SI ANIMALA": {"medie": 8.488888888888889, "reusita": 100.0, "cnt": 18}, "ISTORIE": {"medie": 6.507812500000001, "reusita": 95.38461538461539, "cnt": 65}, "GEOGRAFIE": {"medie": 7.6452380952380965, "reusita": 91.04477611940298, "cnt": 67}, "MATEMATICA TEHN": {"medie": 6.686363636363637, "reusita": 91.17647058823529, "cnt": 34}, "SOCIOLOGIE": {"medie": 6.4, "reusita": 100.0, "cnt": 1}, "LOGICA, ARGUMENTARE SI COMUNICARE": {"medie": 7.093548387096774, "reusita": 80.64516129032258, "cnt": 31}, "FIZICA TEO": {"medie": 9.285714285714286, "reusita": 100.0, "cnt": 7}}, "nume": "LICEUL TEORETIC \"SERBAN VODA\", ORASUL SLANIC\tPrahova"}