{"specializari": {"TEHNICIAN IN ACTIVITATI ECONOMICE": 25, "TEHNICIAN TRANSPORTURI": 2, "TEHNICIAN VETERINAR": 16}, "limba_moderna": {"LIMBA ENGLEZA": 43}, "limba_materna": {"LIMBA MAGHIARA": 25, "LIMBA ROMANA": 18}, "promotie_anterioara": {"DA": 6, "NU": 37}, "materii": {"LIMBA ROMANA": {"medie": 3.3828947368421054, "reusita": 23.25581395348837, "cnt": 43}, "GENERAL": {"medie": 3.435300925925926, "reusita": 0.0, "cnt": 43}, "BIOLOGIE VEGETALA SI ANIMALA": {"medie": 3.332142857142857, "reusita": 17.647058823529413, "cnt": 17}, "GEOGRAFIE": {"medie": 4.533333333333334, "reusita": 50.0, "cnt": 4}, "MATEMATICA TEHN": {"medie": 2.0684210526315785, "reusita": 6.976744186046512, "cnt": 43}, "FIZICA TEH": {"medie": 5.0, "reusita": 100.0, "cnt": 1}, "PSIHOLOGIE": {"medie": 5.300000000000001, "reusita": 52.38095238095239, "cnt": 21}, "LIMBA MAGHIARA (REAL)": {"medie": 4.277272727272728, "reusita": 32.0, "cnt": 25}}, "nume": "LICEUL TEHNOLOGIC \"IOAN OSSIAN\" SIMLEU SILVANIEI\tS\u0103laj"}