{"specializari": {"LICEU CU PROGRAM SPORTIV": 81}, "limba_moderna": {"LIMBA ENGLEZA": 78, "LIMBA FRANCEZA": 3}, "limba_materna": {"LIMBA ROMANA": 81}, "promotie_anterioara": {"DA": 12, "NU": 69}, "materii": {"LIMBA ROMANA": {"medie": 5.8424657534246585, "reusita": 66.66666666666666, "cnt": 81}, "GENERAL": {"medie": 6.379166666666666, "reusita": 53.086419753086425, "cnt": 81}, "ISTORIE": {"medie": 6.0660000000000025, "reusita": 83.9506172839506, "cnt": 81}, "GEOGRAFIE": {"medie": 7.292307692307691, "reusita": 75.34246575342466, "cnt": 73}, "LOGICA, ARGUMENTARE SI COMUNICARE": {"medie": 3.96, "reusita": 40.0, "cnt": 5}, "PSIHOLOGIE": {"medie": 7.6000000000000005, "reusita": 100.0, "cnt": 3}}, "nume": "LICEUL CU PROGRAM SPORTIV SLATINA\tOlt"}