{"specializari": {"TEHNICIAN OPERATOR TEHNICA DE CALCUL": 13, "TEHNICIAN IN TURISM": 21, "TEHNICIAN ECOLOG SI PROTECTIA CALITATII MEDIULUI": 13, "TEHNICIAN IN ACTIVITATI ECONOMICE": 22, "STIINTE SOCIALE": 20}, "limba_moderna": {"LIMBA ENGLEZA": 89}, "limba_materna": {"LIMBA ROMANA": 89}, "promotie_anterioara": {"DA": 7, "NU": 82}, "materii": {"LIMBA ROMANA": {"medie": 6.439634146341463, "reusita": 83.14606741573034, "cnt": 89}, "ANATOMIE SI FIZIOLOGIE UMANA, GENETICA SI ECOLOGIE UMANA": {"medie": 7.1923076923076925, "reusita": 92.3076923076923, "cnt": 13}, "GENERAL": {"medie": 6.048148148148149, "reusita": 39.325842696629216, "cnt": 89}, "BIOLOGIE VEGETALA SI ANIMALA": {"medie": 7.292307692307692, "reusita": 92.3076923076923, "cnt": 13}, "ISTORIE": {"medie": 5.91388888888889, "reusita": 75.0, "cnt": 20}, "GEOGRAFIE": {"medie": 6.973863636363635, "reusita": 82.35294117647058, "cnt": 51}, "MATEMATICA TEHN": {"medie": 4.519047619047618, "reusita": 46.3768115942029, "cnt": 69}, "SOCIOLOGIE": {"medie": 7.8, "reusita": 100.0, "cnt": 1}, "PSIHOLOGIE": {"medie": 6.733333333333334, "reusita": 100.0, "cnt": 3}, "FILOSOFIE": {"medie": 4.678571428571429, "reusita": 37.5, "cnt": 8}}, "nume": "LICEUL TEHNOLOGIC \"IONITA G. ANDRON\" NEGRESTI-OAS\tSatu-Mare"}