{"specializari": {"FILOLOGIE": 42}, "limba_moderna": {"LIMBA ENGLEZA": 42}, "limba_materna": {"LIMBA ROMANA": 42}, "promotie_anterioara": {"DA": 13, "NU": 29}, "materii": {"LIMBA ROMANA": {"medie": 5.175757575757575, "reusita": 61.904761904761905, "cnt": 42}, "GENERAL": {"medie": 5.697701149425288, "reusita": 26.190476190476193, "cnt": 42}, "ISTORIE": {"medie": 5.820588235294118, "reusita": 71.42857142857143, "cnt": 42}, "GEOGRAFIE": {"medie": 6.072222222222222, "reusita": 61.53846153846154, "cnt": 13}, "SOCIOLOGIE": {"medie": 5.588636363636362, "reusita": 64.0, "cnt": 25}, "LOGICA, ARGUMENTARE SI COMUNICARE": {"medie": 8.15, "reusita": 50.0, "cnt": 2}, "FILOSOFIE": {"medie": 6.1, "reusita": 100.0, "cnt": 1}, "ECONOMIE": {"medie": 4.35, "reusita": 0.0, "cnt": 1}}, "nume": "LICEUL TEORETIC \"VICTORIA\"\tBucure\u0219ti"}