{"specializari": {"FILOLOGIE": 34}, "limba_moderna": {"LIMBA ENGLEZA": 28, "LIMBA FRANCEZA": 6}, "limba_materna": {"LIMBA ROMANA": 34}, "promotie_anterioara": {"DA": 1, "NU": 33}, "materii": {"LIMBA ROMANA": {"medie": 6.337096774193548, "reusita": 79.41176470588235, "cnt": 34}, "GENERAL": {"medie": 6.539247311827956, "reusita": 64.70588235294117, "cnt": 34}, "ISTORIE": {"medie": 5.891935483870969, "reusita": 82.35294117647058, "cnt": 34}, "GEOGRAFIE": {"medie": 7.498333333333333, "reusita": 84.84848484848484, "cnt": 33}, "PSIHOLOGIE": {"medie": 4.1, "reusita": 0.0, "cnt": 1}}, "nume": "LICEUL \"STEFAN CEL MARE\", SAT CODAESTI\tVaslui"}