{"specializari": {"FILOLOGIE": 55, "MATEMATICA-INFORMATICA": 1, "STIINTE ALE NATURII": 67}, "limba_moderna": {"LIMBA ENGLEZA": 107, "LIMBA GERMANA MODERNA": 16}, "limba_materna": {"LIMBA ROMANA": 79, "LIMBA GERMANA": 44}, "promotie_anterioara": {"DA": 14, "NU": 109}, "materii": {"LIMBA ROMANA": {"medie": 7.012601626016261, "reusita": 91.05691056910568, "cnt": 123}, "MATEMATICA ST-NAT": {"medie": 5.70846153846154, "reusita": 59.70149253731343, "cnt": 67}, "ANATOMIE SI FIZIOLOGIE UMANA, GENETICA SI ECOLOGIE UMANA": {"medie": 7.255555555555555, "reusita": 98.14814814814815, "cnt": 54}, "GENERAL": {"medie": 6.918802521008406, "reusita": 63.41463414634146, "cnt": 123}, "MATEMATICA MATE-INFO": {"medie": 2.25, "reusita": 0.0, "cnt": 1}, "BIOLOGIE VEGETALA SI ANIMALA": {"medie": 8.9, "reusita": 100.0, "cnt": 1}, "ISTORIE": {"medie": 7.347222222222225, "reusita": 98.18181818181819, "cnt": 55}, "GEOGRAFIE": {"medie": 7.809374999999999, "reusita": 96.96969696969697, "cnt": 33}, "SOCIOLOGIE": {"medie": 7.9026315789473704, "reusita": 100.0, "cnt": 19}, "PSIHOLOGIE": {"medie": 7.683333333333334, "reusita": 100.0, "cnt": 3}, "FIZICA TEO": {"medie": 5.45, "reusita": 50.0, "cnt": 2}, "CHIMIE ORGANICA TEO NIVEL I/II": {"medie": 6.8125, "reusita": 100.0, "cnt": 4}, "CHIMIE ANORGANICA TEO NIVEL I/II": {"medie": 7.683333333333334, "reusita": 100.0, "cnt": 6}, "LIMBA GERMANA": {"medie": 7.295454545454546, "reusita": 93.18181818181817, "cnt": 44}, "INFORMATICA SN C/C++": {"medie": 6.95, "reusita": 100.0, "cnt": 1}}, "nume": "LICEUL TEORETIC \"ADAM MULLER GUTTENBRUNN\" ARAD\tArad"}