{"specializari": {"TEHNICIAN DESIGNER VESTIMENTAR": 20, "TEHNICIAN MECANIC PENTRU INTRETINERE SI REPARATII": 17, "TEHNICIAN IN INDUSTRIA ALIMENTARA": 29, "STIINTE ALE NATURII": 31, "MATEMATICA-INFORMATICA": 17, "STIINTE SOCIALE": 32}, "limba_moderna": {"LIMBA ENGLEZA": 130, "LIMBA FRANCEZA": 16}, "limba_materna": {"LIMBA ROMANA": 146}, "promotie_anterioara": {"DA": 24, "NU": 122}, "materii": {"LIMBA ROMANA": {"medie": 6.97651515151515, "reusita": 86.98630136986301, "cnt": 146}, "MATEMATICA ST-NAT": {"medie": 7.441935483870968, "reusita": 93.54838709677419, "cnt": 31}, "ANATOMIE SI FIZIOLOGIE UMANA, GENETICA SI ECOLOGIE UMANA": {"medie": 7.3616666666666655, "reusita": 76.11940298507463, "cnt": 67}, "GENERAL": {"medie": 6.8829365079365035, "reusita": 56.16438356164384, "cnt": 146}, "MATEMATICA MATE-INFO": {"medie": 7.763333333333334, "reusita": 82.35294117647058, "cnt": 17}, "BIOLOGIE VEGETALA SI ANIMALA": {"medie": 4.543333333333333, "reusita": 38.88888888888889, "cnt": 18}, "ISTORIE": {"medie": 7.821875000000001, "reusita": 100.0, "cnt": 32}, "GEOGRAFIE": {"medie": 8.72, "reusita": 100.0, "cnt": 10}, "MATEMATICA TEHN": {"medie": 4.257407407407406, "reusita": 40.909090909090914, "cnt": 66}, "LOGICA, ARGUMENTARE SI COMUNICARE": {"medie": 9.127500000000001, "reusita": 100.0, "cnt": 20}, "CHIMIE ANORGANICA TEH NIVEL I/II": {"medie": 4.146153846153846, "reusita": 21.052631578947366, "cnt": 19}, "FILOSOFIE": {"medie": 8.625, "reusita": 100.0, "cnt": 2}, "INFORMATICA MI C/C++": {"medie": 8.67, "reusita": 100.0, "cnt": 5}, "CHIMIE ANORGANICA TEO NIVEL I/II": {"medie": 8.629999999999999, "reusita": 100.0, "cnt": 5}}, "nume": "LICEUL \"DIMITRIE CANTEMIR\" DARABANI\tBoto\u0219ani"}