{"specializari": {"STIINTE SOCIALE": 64, "FILOLOGIE": 83, "STIINTE ALE NATURII": 26, "MATEMATICA-INFORMATICA": 75}, "limba_moderna": {"LIMBA ENGLEZA": 246, "LIMBA FRANCEZA": 2}, "limba_materna": {"LIMBA ROMANA": 248}, "promotie_anterioara": {"DA": 5, "NU": 243}, "materii": {"LIMBA ROMANA": {"medie": 8.484081632653059, "reusita": 97.98387096774194, "cnt": 248}, "MATEMATICA ST-NAT": {"medie": 7.569230769230769, "reusita": 96.15384615384616, "cnt": 26}, "ANATOMIE SI FIZIOLOGIE UMANA, GENETICA SI ECOLOGIE UMANA": {"medie": 8.745, "reusita": 100.0, "cnt": 50}, "GENERAL": {"medie": 8.486407103825137, "reusita": 95.56451612903226, "cnt": 248}, "MATEMATICA MATE-INFO": {"medie": 8.47, "reusita": 97.33333333333334, "cnt": 75}, "BIOLOGIE VEGETALA SI ANIMALA": {"medie": 6.75, "reusita": 100.0, "cnt": 1}, "ISTORIE": {"medie": 7.96793103448276, "reusita": 97.27891156462584, "cnt": 147}, "GEOGRAFIE": {"medie": 8.968220338983052, "reusita": 99.15966386554622, "cnt": 119}, "SOCIOLOGIE": {"medie": 8.7, "reusita": 100.0, "cnt": 1}, "LOGICA, ARGUMENTARE SI COMUNICARE": {"medie": 8.590000000000002, "reusita": 87.5, "cnt": 16}, "PSIHOLOGIE": {"medie": 8.578571428571427, "reusita": 100.0, "cnt": 7}, "FIZICA TEO": {"medie": 9.01896551724138, "reusita": 100.0, "cnt": 29}, "CHIMIE ORGANICA TEO NIVEL I/II": {"medie": 9.316666666666668, "reusita": 100.0, "cnt": 6}, "INFORMATICA MI C/C++": {"medie": 8.426666666666668, "reusita": 100.0, "cnt": 15}, "ECONOMIE": {"medie": 6.5, "reusita": 75.0, "cnt": 4}}, "nume": "LICEUL TEORETIC \"MIHAI VITEAZUL\" CARACAL\tOlt"}