{"specializari": {"LICEU CU PROGRAM SPORTIV": 46, "STIINTE ALE NATURII": 19, "MATEMATICA-INFORMATICA": 20, "FILOLOGIE": 67, "TEHNICIAN IN TURISM": 33}, "limba_moderna": {"LIMBA ENGLEZA": 185}, "limba_materna": {"LIMBA ROMANA": 185}, "promotie_anterioara": {"DA": 41, "NU": 144}, "materii": {"LIMBA ROMANA": {"medie": 5.132335329341319, "reusita": 53.51351351351351, "cnt": 185}, "MATEMATICA ST-NAT": {"medie": 2.21, "reusita": 5.263157894736842, "cnt": 19}, "ANATOMIE SI FIZIOLOGIE UMANA, GENETICA SI ECOLOGIE UMANA": {"medie": 6.25, "reusita": 50.0, "cnt": 2}, "GENERAL": {"medie": 5.453837719298245, "reusita": 32.432432432432435, "cnt": 185}, "MATEMATICA MATE-INFO": {"medie": 3.231578947368421, "reusita": 35.0, "cnt": 20}, "BIOLOGIE VEGETALA SI ANIMALA": {"medie": 4.2153846153846155, "reusita": 29.72972972972973, "cnt": 37}, "ISTORIE": {"medie": 6.033173076923078, "reusita": 76.10619469026548, "cnt": 113}, "GEOGRAFIE": {"medie": 6.471428571428573, "reusita": 70.76923076923077, "cnt": 130}, "MATEMATICA TEHN": {"medie": 3.1413793103448273, "reusita": 24.242424242424242, "cnt": 33}, "SOCIOLOGIE": {"medie": 6.378571428571429, "reusita": 71.42857142857143, "cnt": 7}, "LOGICA, ARGUMENTARE SI COMUNICARE": {"medie": 8.65, "reusita": 100.0, "cnt": 1}, "PSIHOLOGIE": {"medie": 5.800000000000001, "reusita": 100.0, "cnt": 4}, "ECONOMIE": {"medie": 2.9666666666666663, "reusita": 0.0, "cnt": 4}}, "nume": "LICEUL TEORETIC \"MIHAIL KOGALNICEANU\" SNAGOV\tIlfov"}