{"specializari": {"LICEU CU PROGRAM SPORTIV": 78}, "limba_moderna": {"LIMBA ENGLEZA": 77, "LIMBA SPANIOLA": 1}, "limba_materna": {"LIMBA ROMANA": 78}, "promotie_anterioara": {"DA": 11, "NU": 67}, "materii": {"LIMBA ROMANA": {"medie": 5.565753424657535, "reusita": 71.7948717948718, "cnt": 78}, "GENERAL": {"medie": 5.92112676056338, "reusita": 42.30769230769231, "cnt": 78}, "ISTORIE": {"medie": 5.8287671232876725, "reusita": 83.33333333333334, "cnt": 78}, "GEOGRAFIE": {"medie": 5.9980769230769235, "reusita": 65.51724137931035, "cnt": 29}, "LOGICA, ARGUMENTARE SI COMUNICARE": {"medie": 6.561111111111113, "reusita": 71.42857142857143, "cnt": 49}}, "nume": "LICEUL CU PROGRAM SPORTIV, MUN. VASLUI\tVaslui"}