{"specializari": {"MATEMATICA-INFORMATICA": 33, "TEHNICIAN MECATRONIST": 17, "TEHNICIAN DESENATOR PENTRU CONSTRUCTII SI INSTALATII": 11, "TEHNICIAN IN ACTIVITATI ECONOMICE": 52, "TEHNICIAN INSTALATOR PENTRU CONSTRUCTII": 2, "TEHNICIAN IN TURISM": 55, "TEHNICIAN IN ACHIZITII SI CONTRACTARI": 25, "STIINTE ALE NATURII": 19, "TEHNICIAN IN CONSTRUCTII SI LUCRARI PUBLICE": 1}, "limba_moderna": {"LIMBA ENGLEZA": 201, "LIMBA FRANCEZA": 14}, "limba_materna": {"LIMBA ROMANA": 215}, "promotie_anterioara": {"DA": 37, "NU": 178}, "materii": {"LIMBA ROMANA": {"medie": 6.187804878048783, "reusita": 82.7906976744186, "cnt": 215}, "MATEMATICA ST-NAT": {"medie": 5.155555555555556, "reusita": 57.89473684210527, "cnt": 19}, "ANATOMIE SI FIZIOLOGIE UMANA, GENETICA SI ECOLOGIE UMANA": {"medie": 6.565151515151516, "reusita": 80.0, "cnt": 35}, "GENERAL": {"medie": 5.599323181049066, "reusita": 35.81395348837209, "cnt": 215}, "MATEMATICA MATE-INFO": {"medie": 4.145161290322581, "reusita": 45.45454545454545, "cnt": 33}, "BIOLOGIE VEGETALA SI ANIMALA": {"medie": 3.277777777777778, "reusita": 23.333333333333332, "cnt": 30}, "GEOGRAFIE": {"medie": 6.304761904761906, "reusita": 81.81818181818183, "cnt": 44}, "MATEMATICA TEHN": {"medie": 4.375165562913908, "reusita": 46.62576687116564, "cnt": 163}, "FIZICA TEH": {"medie": 2.4, "reusita": 0.0, "cnt": 2}, "LOGICA, ARGUMENTARE SI COMUNICARE": {"medie": 6.945180722891566, "reusita": 75.29411764705883, "cnt": 85}, "PSIHOLOGIE": {"medie": 5.466666666666666, "reusita": 66.66666666666666, "cnt": 3}, "INFORMATICA MI PASCAL": {"medie": 5.716666666666667, "reusita": 80.0, "cnt": 15}, "FIZICA TEO": {"medie": 2.2, "reusita": 0.0, "cnt": 1}}, "nume": "LICEUL TEHNOLOGIC \"AL.IOAN CUZA\" SLOBOZIA\tIalomi\u021ba"}