{"specializari": {"MATEMATICA-INFORMATICA": 65, "STIINTE ALE NATURII": 19, "FILOLOGIE": 73}, "limba_moderna": {"LIMBA ENGLEZA": 146, "LIMBA FRANCEZA": 11}, "limba_materna": {"LIMBA ROMANA": 157}, "promotie_anterioara": {"DA": 9, "NU": 148}, "materii": {"LIMBA ROMANA": {"medie": 7.556774193548385, "reusita": 98.08917197452229, "cnt": 157}, "MATEMATICA ST-NAT": {"medie": 6.336842105263157, "reusita": 84.21052631578947, "cnt": 19}, "ANATOMIE SI FIZIOLOGIE UMANA, GENETICA SI ECOLOGIE UMANA": {"medie": "-", "reusita": 0.0, "cnt": 1}, "GENERAL": {"medie": 7.622580645161291, "reusita": 84.71337579617835, "cnt": 157}, "MATEMATICA MATE-INFO": {"medie": 6.834375, "reusita": 90.76923076923077, "cnt": 65}, "BIOLOGIE VEGETALA SI ANIMALA": {"medie": 7.107142857142857, "reusita": 97.95918367346938, "cnt": 49}, "ISTORIE": {"medie": 8.11736111111111, "reusita": 98.63013698630137, "cnt": 73}, "GEOGRAFIE": {"medie": 8.66111111111111, "reusita": 94.73684210526315, "cnt": 19}, "SOCIOLOGIE": {"medie": 8.681818181818183, "reusita": 100.0, "cnt": 44}, "LOGICA, ARGUMENTARE SI COMUNICARE": {"medie": 9.65, "reusita": 100.0, "cnt": 1}, "PSIHOLOGIE": {"medie": 9.116666666666665, "reusita": 100.0, "cnt": 3}, "INFORMATICA MI PASCAL": {"medie": 7.881818181818181, "reusita": 100.0, "cnt": 11}, "FIZICA TEO": {"medie": 6.696666666666666, "reusita": 80.0, "cnt": 15}, "CHIMIE ORGANICA TEO NIVEL I/II": {"medie": 8.50625, "reusita": 100.0, "cnt": 8}, "ECONOMIE": {"medie": 8.766666666666667, "reusita": 100.0, "cnt": 6}}, "nume": "LICEUL TEORETIC \"MIHAI EMINESCU\" CALARASI\tC\u0103l\u0103ra\u0219i"}