{"specializari": {"STIINTE ALE NATURII": 27, "FILOLOGIE": 58, "MATEMATICA-INFORMATICA": 23}, "limba_moderna": {"LIMBA ENGLEZA": 108}, "limba_materna": {"LIMBA ROMANA": 108}, "promotie_anterioara": {"DA": 9, "NU": 99}, "materii": {"LIMBA ROMANA": {"medie": 6.866509433962267, "reusita": 90.74074074074075, "cnt": 108}, "MATEMATICA ST-NAT": {"medie": 4.663461538461538, "reusita": 51.85185185185185, "cnt": 27}, "ANATOMIE SI FIZIOLOGIE UMANA, GENETICA SI ECOLOGIE UMANA": {"medie": 6.793023255813954, "reusita": 73.33333333333333, "cnt": 45}, "GENERAL": {"medie": 6.999682539682537, "reusita": 70.37037037037037, "cnt": 108}, "MATEMATICA MATE-INFO": {"medie": 7.706521739130435, "reusita": 91.30434782608695, "cnt": 23}, "BIOLOGIE VEGETALA SI ANIMALA": {"medie": 5.85, "reusita": 100.0, "cnt": 1}, "ISTORIE": {"medie": 7.047413793103448, "reusita": 100.0, "cnt": 58}, "GEOGRAFIE": {"medie": 7.893103448275861, "reusita": 94.82758620689656, "cnt": 58}, "INFORMATICA MI C/C++": {"medie": 8.1, "reusita": 100.0, "cnt": 4}}, "nume": "LICEUL TEORETIC \"MIHAI VELICIU\" CHISINEU-CRIS\tArad"}