{"specializari": {"TEHNICIAN DESIGNER MOBILA SI AMENAJARI INTERIOARE": 26, "MATEMATICA-INFORMATICA": 22, "FILOLOGIE": 21}, "limba_moderna": {"LIMBA ENGLEZA": 69}, "limba_materna": {"LIMBA ROMANA": 69}, "promotie_anterioara": {"DA": 10, "NU": 59}, "materii": {"LIMBA ROMANA": {"medie": 5.178070175438597, "reusita": 55.072463768115945, "cnt": 69}, "ANATOMIE SI FIZIOLOGIE UMANA, GENETICA SI ECOLOGIE UMANA": {"medie": 7.283333333333334, "reusita": 85.71428571428571, "cnt": 21}, "GENERAL": {"medie": 4.930606060606061, "reusita": 21.73913043478261, "cnt": 69}, "MATEMATICA MATE-INFO": {"medie": 3.7886363636363636, "reusita": 27.27272727272727, "cnt": 22}, "BIOLOGIE VEGETALA SI ANIMALA": {"medie": 3.8022727272727277, "reusita": 25.925925925925924, "cnt": 27}, "ISTORIE": {"medie": 5.226923076923077, "reusita": 42.857142857142854, "cnt": 21}, "GEOGRAFIE": {"medie": 6.292307692307692, "reusita": 47.61904761904761, "cnt": 21}, "MATEMATICA TEHN": {"medie": 2.9650000000000007, "reusita": 26.923076923076923, "cnt": 26}}, "nume": "LICEUL TEORETIC \"GHEORGHE LAZAR\" PECICA\tArad"}