{"specializari": {"MATEMATICA-INFORMATICA": 48, "STIINTE ALE NATURII": 56, "FILOLOGIE": 33, "STIINTE SOCIALE": 63, "INVATATOR - EDUCATOARE": 30}, "limba_moderna": {"LIMBA ENGLEZA": 158, "LIMBA FRANCEZA": 72}, "limba_materna": {"LIMBA ROMANA": 230}, "promotie_anterioara": {"DA": 10, "NU": 220}, "materii": {"LIMBA ROMANA": {"medie": 7.854424778761056, "reusita": 97.3913043478261, "cnt": 230}, "MATEMATICA ST-NAT": {"medie": 5.896363636363637, "reusita": 78.57142857142857, "cnt": 56}, "ANATOMIE SI FIZIOLOGIE UMANA, GENETICA SI ECOLOGIE UMANA": {"medie": 7.694594594594596, "reusita": 94.8051948051948, "cnt": 77}, "GENERAL": {"medie": 7.698498498498497, "reusita": 82.17391304347827, "cnt": 230}, "MATEMATICA MATE-INFO": {"medie": 6.032222222222221, "reusita": 70.83333333333334, "cnt": 48}, "ISTORIE": {"medie": 7.723655913978493, "reusita": 96.875, "cnt": 96}, "GEOGRAFIE": {"medie": 8.287, "reusita": 96.07843137254902, "cnt": 51}, "MATEMATICA PED": {"medie": 8.501666666666663, "reusita": 100.0, "cnt": 30}, "LOGICA, ARGUMENTARE SI COMUNICARE": {"medie": 9.086029411764706, "reusita": 94.28571428571428, "cnt": 70}, "PSIHOLOGIE": {"medie": 8.64, "reusita": 100.0, "cnt": 5}, "FIZICA TEO": {"medie": 6.8, "reusita": 87.5, "cnt": 8}, "INFORMATICA MI C/C++": {"medie": 6.3578947368421055, "reusita": 84.21052631578947, "cnt": 19}}, "nume": "LICEUL PEDAGOGIC \"NICOLAE IORGA\" BOTOSANI\tBoto\u0219ani"}