{"specializari": {"MUZICA BISERICEASCA": 2, "TEOLOGIE ORTODOXA": 20}, "limba_moderna": {"LIMBA ENGLEZA": 22}, "limba_materna": {"LIMBA ROMANA": 22}, "promotie_anterioara": {"DA": 6, "NU": 16}, "materii": {"LIMBA ROMANA": {"medie": 5.676190476190477, "reusita": 81.81818181818183, "cnt": 22}, "GENERAL": {"medie": 6.464285714285715, "reusita": 59.09090909090909, "cnt": 22}, "ISTORIE": {"medie": 6.0166666666666675, "reusita": 95.45454545454545, "cnt": 22}, "GEOGRAFIE": {"medie": 6.533333333333334, "reusita": 100.0, "cnt": 3}, "LOGICA, ARGUMENTARE SI COMUNICARE": {"medie": 7.894444444444444, "reusita": 89.47368421052632, "cnt": 19}}, "nume": "SEMINARUL TEOLOGIC ORTODOX \"TEOCTIST PATRIARHUL\"\tGiurgiu"}