{"specializari": {"TEOLOGIE ORTODOXA": 29}, "limba_moderna": {"LIMBA ENGLEZA": 22, "LIMBA FRANCEZA": 7}, "limba_materna": {"LIMBA ROMANA": 29}, "promotie_anterioara": {"DA": 3, "NU": 26}, "materii": {"LIMBA ROMANA": {"medie": 6.326000000000001, "reusita": 72.41379310344827, "cnt": 29}, "GENERAL": {"medie": 7.139855072463767, "reusita": 58.620689655172406, "cnt": 29}, "ISTORIE": {"medie": 7.5304347826086975, "reusita": 75.86206896551724, "cnt": 29}, "GEOGRAFIE": {"medie": 7.3374999999999995, "reusita": 80.0, "cnt": 15}, "LOGICA, ARGUMENTARE SI COMUNICARE": {"medie": 7.486363636363635, "reusita": 84.61538461538461, "cnt": 13}, "PSIHOLOGIE": {"medie": 9.4, "reusita": 100.0, "cnt": 1}}, "nume": "SEMINARUL TEOLOGIC LICEAL ORTODOX \"MITROPOLITUL DOSOFTEI\" SUCEAVA\tSuceava"}