{"specializari": {"TEOLOGIE ORTODOXA": 52}, "limba_moderna": {"LIMBA ENGLEZA": 51, "LIMBA FRANCEZA": 1}, "limba_materna": {"LIMBA ROMANA": 52}, "promotie_anterioara": {"DA": 7, "NU": 45}, "materii": {"LIMBA ROMANA": {"medie": 7.473076923076922, "reusita": 98.07692307692307, "cnt": 52}, "GENERAL": {"medie": 7.667687074829934, "reusita": 88.46153846153845, "cnt": 52}, "ISTORIE": {"medie": 7.514000000000001, "reusita": 94.23076923076923, "cnt": 52}, "GEOGRAFIE": {"medie": 7.936486486486486, "reusita": 97.36842105263158, "cnt": 38}, "LOGICA, ARGUMENTARE SI COMUNICARE": {"medie": 7.6187499999999995, "reusita": 88.88888888888889, "cnt": 9}, "PSIHOLOGIE": {"medie": 7.95, "reusita": 100.0, "cnt": 3}, "ECONOMIE": {"medie": 6.949999999999999, "reusita": 100.0, "cnt": 2}}, "nume": "SEMINARUL TEOLOGIC ORTODOX\tBucure\u0219ti"}