{"specializari": {"TEOLOGIE ORTODOXA": 15, "FILOLOGIE": 23}, "limba_moderna": {"LIMBA ENGLEZA": 38}, "limba_materna": {"LIMBA ROMANA": 38}, "promotie_anterioara": {"DA": 7, "NU": 31}, "materii": {"LIMBA ROMANA": {"medie": 6.964705882352942, "reusita": 81.57894736842105, "cnt": 38}, "GENERAL": {"medie": 7.1572916666666675, "reusita": 65.78947368421053, "cnt": 38}, "ISTORIE": {"medie": 6.680882352941176, "reusita": 86.8421052631579, "cnt": 38}, "GEOGRAFIE": {"medie": 7.612962962962963, "reusita": 78.78787878787878, "cnt": 33}, "LOGICA, ARGUMENTARE SI COMUNICARE": {"medie": 7.489999999999999, "reusita": 80.0, "cnt": 5}}, "nume": "SEMINARUL TEOLOGIC LICEAL ORTODOX \"SF.IOAN IACOB\" DOROHOI\tBoto\u0219ani"}