{"specializari": {"STIINTE ALE NATURII": 24, "MATEMATICA-INFORMATICA": 31, "STIINTE SOCIALE": 32, "FILOLOGIE": 33}, "limba_moderna": {"LIMBA ENGLEZA": 98, "LIMBA FRANCEZA": 22}, "limba_materna": {"LIMBA ROMANA": 120}, "promotie_anterioara": {"NU": 106, "DA": 14}, "materii": {"LIMBA ROMANA": {"medie": 6.977083333333328, "reusita": 91.66666666666666, "cnt": 120}, "BIOLOGIE VEGETALA SI ANIMALA": {"medie": 9.35, "reusita": 100.0, "cnt": 3}, "GENERAL": {"medie": 6.974435028248589, "reusita": 71.66666666666667, "cnt": 120}, "MATEMATICA ST-NAT": {"medie": 4.413043478260868, "reusita": 54.166666666666664, "cnt": 24}, "CHIMIE ORGANICA TEO NIVEL I/II": {"medie": 9.3, "reusita": 100.0, "cnt": 1}, "ISTORIE": {"medie": 6.206153846153847, "reusita": 86.15384615384616, "cnt": 65}, "MATEMATICA MATE-INFO": {"medie": 7.032258064516128, "reusita": 87.09677419354838, "cnt": 31}, "GEOGRAFIE": {"medie": 7.737301587301586, "reusita": 93.65079365079364, "cnt": 63}, "ANATOMIE SI FIZIOLOGIE UMANA, GENETICA SI ECOLOGIE UMANA": {"medie": 7.663333333333334, "reusita": 95.65217391304348, "cnt": 46}, "FIZICA TEO": {"medie": 9.366666666666667, "reusita": 100.0, "cnt": 3}, "SOCIOLOGIE": {"medie": 5.1, "reusita": 100.0, "cnt": 1}, "PSIHOLOGIE": {"medie": 5.7, "reusita": 100.0, "cnt": 1}, "INFORMATICA MI PASCAL": {"medie": 8.55, "reusita": 100.0, "cnt": 2}}, "nume": "COLEGIUL NATIONAL \"TUDOR ARGHEZI\" TG-CARBUNESTI\tGorj"}