{"specializari": {"MATEMATICA-INFORMATICA": 156, "FILOLOGIE": 32, "STIINTE SOCIALE": 28, "STIINTE ALE NATURII": 36}, "limba_moderna": {"LIMBA ENGLEZA": 200, "LIMBA FRANCEZA": 51, "LIMBA GERMANA MODERNA": 1}, "limba_materna": {"LIMBA ROMANA": 252}, "promotie_anterioara": {"NU": 235, "DA": 17}, "materii": {"LIMBA ROMANA": {"medie": 8.009362549800793, "reusita": 98.80952380952381, "cnt": 252}, "BIOLOGIE VEGETALA SI ANIMALA": {"medie": 8.023291925465838, "reusita": 98.75776397515527, "cnt": 161}, "GENERAL": {"medie": 7.871779548472779, "reusita": 88.4920634920635, "cnt": 252}, "MATEMATICA ST-NAT": {"medie": 5.33888888888889, "reusita": 75.0, "cnt": 36}, "CHIMIE ORGANICA TEO NIVEL I/II": {"medie": 8.9, "reusita": 100.0, "cnt": 2}, "ISTORIE": {"medie": 7.602542372881358, "reusita": 98.33333333333333, "cnt": 60}, "MATEMATICA MATE-INFO": {"medie": 7.651282051282049, "reusita": 94.87179487179486, "cnt": 156}, "INFORMATICA MI C/C++": {"medie": 8.85, "reusita": 100.0, "cnt": 4}, "GEOGRAFIE": {"medie": 8.972881355932206, "reusita": 98.33333333333333, "cnt": 60}, "ANATOMIE SI FIZIOLOGIE UMANA, GENETICA SI ECOLOGIE UMANA": {"medie": 8.893333333333334, "reusita": 100.0, "cnt": 15}, "FIZICA TEO": {"medie": 7.5, "reusita": 80.0, "cnt": 10}}, "nume": "COLEGIUL NATIONAL \"VLADIMIR STREINU\" GAESTI\tD\u00e2mbovi\u021ba"}