{"specializari": {"MATEMATICA-INFORMATICA": 34, "STIINTE ALE NATURII": 58, "STIINTE SOCIALE": 31, "FILOLOGIE": 60}, "limba_moderna": {"LIMBA ENGLEZA": 103, "LIMBA FRANCEZA": 80}, "limba_materna": {"LIMBA ROMANA": 183}, "promotie_anterioara": {"NU": 162, "DA": 21}, "materii": {"LIMBA ROMANA": {"medie": 7.115659340659339, "reusita": 93.98907103825137, "cnt": 183}, "GENERAL": {"medie": 7.286924493554325, "reusita": 78.68852459016394, "cnt": 183}, "MATEMATICA ST-NAT": {"medie": 6.331578947368422, "reusita": 81.03448275862068, "cnt": 58}, "CHIMIE ORGANICA TEO NIVEL I/II": {"medie": 5.089999999999999, "reusita": 50.0, "cnt": 6}, "ISTORIE": {"medie": 6.84285714285714, "reusita": 98.9010989010989, "cnt": 91}, "MATEMATICA MATE-INFO": {"medie": 7.830882352941178, "reusita": 97.05882352941177, "cnt": 34}, "INFORMATICA MI C/C++": {"medie": 7.83, "reusita": 100.0, "cnt": 5}, "GEOGRAFIE": {"medie": 8.186, "reusita": 98.66666666666667, "cnt": 75}, "ANATOMIE SI FIZIOLOGIE UMANA, GENETICA SI ECOLOGIE UMANA": {"medie": 8.392253521126761, "reusita": 100.0, "cnt": 71}, "FIZICA TEO": {"medie": 5.75625, "reusita": 75.0, "cnt": 8}, "SOCIOLOGIE": {"medie": 7.081249999999999, "reusita": 100.0, "cnt": 8}, "CHIMIE ANORGANICA TEO NIVEL I/II": {"medie": 5.15, "reusita": 100.0, "cnt": 2}, "FILOSOFIE": {"medie": 5.331250000000001, "reusita": 75.0, "cnt": 8}}, "nume": "COLEGIUL NATIONAL \"C.NEGRI\" TIRGU OCNA\tBac\u0103u"}