{"specializari": {"STIINTE ALE NATURII": 34, "MATEMATICA-INFORMATICA": 77, "STIINTE SOCIALE": 48, "FILOLOGIE": 42}, "limba_moderna": {"LIMBA ENGLEZA": 200, "LIMBA FRANCEZA": 1}, "limba_materna": {"LIMBA ROMANA": 201}, "promotie_anterioara": {"NU": 189, "DA": 12}, "materii": {"LIMBA ROMANA": {"medie": 8.03894472361809, "reusita": 98.50746268656717, "cnt": 201}, "BIOLOGIE VEGETALA SI ANIMALA": {"medie": 7.747499999999998, "reusita": 100.0, "cnt": 20}, "GENERAL": {"medie": 7.944982993197282, "reusita": 86.56716417910447, "cnt": 201}, "MATEMATICA ST-NAT": {"medie": 6.733333333333333, "reusita": 73.52941176470588, "cnt": 34}, "CHIMIE ORGANICA TEO NIVEL I/II": {"medie": 8.561904761904763, "reusita": 100.0, "cnt": 21}, "ISTORIE": {"medie": 8.05056818181818, "reusita": 96.66666666666667, "cnt": 90}, "LOGICA, ARGUMENTARE SI COMUNICARE": {"medie": 10.0, "reusita": 100.0, "cnt": 1}, "MATEMATICA MATE-INFO": {"medie": 7.864935064935065, "reusita": 94.8051948051948, "cnt": 77}, "INFORMATICA MI C/C++": {"medie": 7.743181818181819, "reusita": 95.45454545454545, "cnt": 22}, "GEOGRAFIE": {"medie": 8.359374999999998, "reusita": 95.91836734693877, "cnt": 49}, "ANATOMIE SI FIZIOLOGIE UMANA, GENETICA SI ECOLOGIE UMANA": {"medie": 7.739393939393939, "reusita": 88.23529411764706, "cnt": 34}, "FIZICA TEO": {"medie": 8.4125, "reusita": 100.0, "cnt": 8}, "SOCIOLOGIE": {"medie": 7.921874999999999, "reusita": 96.96969696969697, "cnt": 33}, "CHIMIE ANORGANICA TEO NIVEL I/II": {"medie": 6.466666666666668, "reusita": 100.0, "cnt": 6}, "PSIHOLOGIE": {"medie": 8.375, "reusita": 100.0, "cnt": 4}, "ECONOMIE": {"medie": 9.25, "reusita": 100.0, "cnt": 1}, "FILOSOFIE": {"medie": 5.75, "reusita": 50.0, "cnt": 2}}, "nume": "COLEGIUL NATIONAL \"IANCU DE HUNEDOARA\" HUNEDOARA\tHunedoara"}