{"specializari": {"FILOLOGIE": 29, "MATEMATICA-INFORMATICA": 139, "STIINTE SOCIALE": 36}, "limba_moderna": {"LIMBA ENGLEZA": 193, "LIMBA FRANCEZA": 3, "LIMBA SPANIOLA": 8}, "limba_materna": {"LIMBA ROMANA": 204}, "promotie_anterioara": {"NU": 201, "DA": 3}, "materii": {"LIMBA ROMANA": {"medie": 8.25717821782178, "reusita": 99.01960784313727, "cnt": 204}, "BIOLOGIE VEGETALA SI ANIMALA": {"medie": 9.03125, "reusita": 88.88888888888889, "cnt": 9}, "GENERAL": {"medie": 8.374009900990101, "reusita": 97.54901960784314, "cnt": 204}, "CHIMIE ORGANICA TEO NIVEL I/II": {"medie": 7.6499999999999995, "reusita": 100.0, "cnt": 9}, "ISTORIE": {"medie": 7.914615384615385, "reusita": 100.0, "cnt": 65}, "LOGICA, ARGUMENTARE SI COMUNICARE": {"medie": 9.34375, "reusita": 100.0, "cnt": 32}, "MATEMATICA MATE-INFO": {"medie": 8.236594202898551, "reusita": 98.56115107913669, "cnt": 139}, "INFORMATICA MI C/C++": {"medie": 8.725510204081633, "reusita": 97.95918367346938, "cnt": 49}, "GEOGRAFIE": {"medie": 9.070833333333333, "reusita": 100.0, "cnt": 12}, "ANATOMIE SI FIZIOLOGIE UMANA, GENETICA SI ECOLOGIE UMANA": {"medie": 8.455263157894738, "reusita": 98.24561403508771, "cnt": 57}, "FIZICA TEO": {"medie": 8.37692307692308, "reusita": 100.0, "cnt": 13}, "SOCIOLOGIE": {"medie": 8.784615384615385, "reusita": 100.0, "cnt": 13}, "CHIMIE ANORGANICA TEO NIVEL I/II": {"medie": 7.875, "reusita": 100.0, "cnt": 2}, "PSIHOLOGIE": {"medie": 7.5, "reusita": 100.0, "cnt": 2}, "ECONOMIE": {"medie": 8.8, "reusita": 100.0, "cnt": 1}, "FILOSOFIE": {"medie": 9.0, "reusita": 100.0, "cnt": 5}}, "nume": "COLEGIUL NATIONAL \"FERDINAND I\" BACAU\tBac\u0103u"}