{"specializari": {"MATEMATICA-INFORMATICA": 112, "STIINTE ALE NATURII": 39, "FILOLOGIE": 77, "STIINTE SOCIALE": 42}, "limba_moderna": {"LIMBA ENGLEZA": 253, "LIMBA FRANCEZA": 13, "LIMBA GERMANA MODERNA": 1, "LIMBA SPANIOLA": 3}, "limba_materna": {"LIMBA ROMANA": 270}, "promotie_anterioara": {"NU": 264, "DA": 6}, "materii": {"LIMBA ROMANA": {"medie": 8.36888888888889, "reusita": 99.62962962962963, "cnt": 270}, "BIOLOGIE VEGETALA SI ANIMALA": {"medie": 8.67142857142857, "reusita": 96.875, "cnt": 64}, "GENERAL": {"medie": 8.468601747815239, "reusita": 97.4074074074074, "cnt": 270}, "MATEMATICA ST-NAT": {"medie": 9.006410256410255, "reusita": 97.43589743589743, "cnt": 39}, "CHIMIE ORGANICA TEO NIVEL I/II": {"medie": 8.05952380952381, "reusita": 100.0, "cnt": 21}, "INFORMATICA SN C/C++": {"medie": 9.5, "reusita": 100.0, "cnt": 1}, "ISTORIE": {"medie": 8.05423728813559, "reusita": 99.15966386554622, "cnt": 119}, "LOGICA, ARGUMENTARE SI COMUNICARE": {"medie": 8.625000000000002, "reusita": 100.0, "cnt": 10}, "MATEMATICA MATE-INFO": {"medie": 8.65892857142857, "reusita": 100.0, "cnt": 112}, "INFORMATICA MI C/C++": {"medie": 8.644444444444444, "reusita": 100.0, "cnt": 18}, "GEOGRAFIE": {"medie": 8.49142857142857, "reusita": 100.0, "cnt": 35}, "ANATOMIE SI FIZIOLOGIE UMANA, GENETICA SI ECOLOGIE UMANA": {"medie": 8.58, "reusita": 95.23809523809523, "cnt": 21}, "FIZICA TEO": {"medie": 8.120454545454542, "reusita": 100.0, "cnt": 22}, "SOCIOLOGIE": {"medie": 8.871590909090909, "reusita": 100.0, "cnt": 44}, "CHIMIE ANORGANICA TEO NIVEL I/II": {"medie": 6.8999999999999995, "reusita": 100.0, "cnt": 4}, "PSIHOLOGIE": {"medie": 7.627777777777776, "reusita": 100.0, "cnt": 9}, "ECONOMIE": {"medie": 8.91842105263158, "reusita": 100.0, "cnt": 19}, "FILOSOFIE": {"medie": 8.05, "reusita": 100.0, "cnt": 2}}, "nume": "COLEGIUL NATIONAL \"SPIRU HARET\"\tBucure\u0219ti"}