{"specializari": {"STIINTE ALE NATURII": 59, "MATEMATICA-INFORMATICA": 120, "FILOLOGIE": 66, "STIINTE SOCIALE": 1}, "limba_moderna": {"LIMBA FRANCEZA": 20, "LIMBA ENGLEZA": 224, "LIMBA ITALIANA": 2}, "limba_materna": {"LIMBA ROMANA": 246}, "promotie_anterioara": {"NU": 241, "DA": 5}, "materii": {"LIMBA ROMANA": {"medie": 8.613729508196718, "reusita": 98.3739837398374, "cnt": 246}, "BIOLOGIE VEGETALA SI ANIMALA": {"medie": 9.481250000000001, "reusita": 100.0, "cnt": 8}, "GENERAL": {"medie": 8.38292349726776, "reusita": 94.3089430894309, "cnt": 246}, "MATEMATICA ST-NAT": {"medie": 7.41779661016949, "reusita": 96.61016949152543, "cnt": 59}, "CHIMIE ORGANICA TEO NIVEL I/II": {"medie": 8.683333333333332, "reusita": 100.0, "cnt": 24}, "ISTORIE": {"medie": 7.530303030303029, "reusita": 98.50746268656717, "cnt": 67}, "MATEMATICA MATE-INFO": {"medie": 8.764705882352938, "reusita": 98.33333333333333, "cnt": 120}, "INFORMATICA MI C/C++": {"medie": 8.852702702702704, "reusita": 100.0, "cnt": 37}, "GEOGRAFIE": {"medie": 8.343181818181817, "reusita": 97.77777777777777, "cnt": 45}, "ANATOMIE SI FIZIOLOGIE UMANA, GENETICA SI ECOLOGIE UMANA": {"medie": 8.042613636363638, "reusita": 97.75280898876404, "cnt": 89}, "FIZICA TEO": {"medie": 9.442857142857143, "reusita": 100.0, "cnt": 21}, "SOCIOLOGIE": {"medie": 7.013636363636365, "reusita": 100.0, "cnt": 11}, "PSIHOLOGIE": {"medie": 6.766666666666667, "reusita": 100.0, "cnt": 3}, "ECONOMIE": {"medie": 9.3125, "reusita": 100.0, "cnt": 8}}, "nume": "COLEGIUL NATIONAL \"TUDOR VLADIMIRESCU\" TG-JIU\tGorj"}