{"specializari": {"MATEMATICA-INFORMATICA": 125, "FILOLOGIE": 35, "STIINTE SOCIALE": 36, "LICEU CU PROGRAM SPORTIV": 32}, "limba_moderna": {"LIMBA ENGLEZA": 205, "LIMBA FRANCEZA": 23}, "limba_materna": {"LIMBA ROMANA": 228}, "promotie_anterioara": {"NU": 192, "DA": 36}, "materii": {"LIMBA ROMANA": {"medie": 7.436184210526315, "reusita": 97.80701754385966, "cnt": 228}, "BIOLOGIE VEGETALA SI ANIMALA": {"medie": 6.485294117647058, "reusita": 82.35294117647058, "cnt": 17}, "GENERAL": {"medie": 7.497123893805307, "reusita": 86.40350877192982, "cnt": 228}, "ISTORIE": {"medie": 6.812745098039216, "reusita": 94.1747572815534, "cnt": 103}, "LOGICA, ARGUMENTARE SI COMUNICARE": {"medie": 8.952499999999999, "reusita": 100.0, "cnt": 20}, "MATEMATICA MATE-INFO": {"medie": 7.615599999999999, "reusita": 96.0, "cnt": 125}, "INFORMATICA MI C/C++": {"medie": 7.322641509433961, "reusita": 100.0, "cnt": 53}, "GEOGRAFIE": {"medie": 8.048, "reusita": 96.05263157894737, "cnt": 76}, "ANATOMIE SI FIZIOLOGIE UMANA, GENETICA SI ECOLOGIE UMANA": {"medie": 7.7093750000000005, "reusita": 97.91666666666666, "cnt": 48}, "FIZICA TEO": {"medie": 7.433333333333334, "reusita": 100.0, "cnt": 3}, "SOCIOLOGIE": {"medie": 8.77, "reusita": 100.0, "cnt": 5}, "CHIMIE ANORGANICA TEO NIVEL I/II": {"medie": 6.85, "reusita": 100.0, "cnt": 4}, "PSIHOLOGIE": {"medie": 9.15, "reusita": 100.0, "cnt": 1}, "ECONOMIE": {"medie": 9.6, "reusita": 100.0, "cnt": 1}}, "nume": "COLEGIUL NATIONAL \"OCTAV ONICESCU\"\tBucure\u0219ti"}