{"specializari": {"TEHNICIAN IN TURISM": 63, "TEHNICIAN IN ACTIVITATI ECONOMICE": 263}, "limba_moderna": {"LIMBA ENGLEZA": 318, "LIMBA FRANCEZA": 8}, "limba_materna": {"LIMBA ROMANA": 326}, "promotie_anterioara": {"NU": 322, "DA": 4}, "materii": {"LIMBA ROMANA": {"medie": 8.489846153846154, "reusita": 99.69325153374233, "cnt": 326}, "MATEMATICA TEHN": {"medie": 9.270769230769238, "reusita": 98.77300613496932, "cnt": 326}, "GENERAL": {"medie": 8.821897435897442, "reusita": 98.15950920245399, "cnt": 326}, "LOGICA, ARGUMENTARE SI COMUNICARE": {"medie": 6.3, "reusita": 100.0, "cnt": 1}, "GEOGRAFIE": {"medie": 8.723345588235295, "reusita": 99.63369963369964, "cnt": 273}, "ECONOMIE": {"medie": 8.655769230769229, "reusita": 100.0, "cnt": 52}}, "nume": "COLEGIUL ECONOMIC \"V. MADGEARU\"\tBucure\u0219ti"}