{"specializari": {"FILOLOGIE": 32, "MATEMATICA-INFORMATICA": 125, "STIINTE SOCIALE": 37, "STIINTE ALE NATURII": 21}, "limba_moderna": {"LIMBA ENGLEZA": 193, "LIMBA SPANIOLA": 3, "LIMBA FRANCEZA": 18, "LIMBA GERMANA MODERNA": 1}, "limba_materna": {"LIMBA ROMANA": 215}, "promotie_anterioara": {"NU": 204, "DA": 11}, "materii": {"LIMBA ROMANA": {"medie": 7.938139534883718, "reusita": 96.74418604651163, "cnt": 215}, "BIOLOGIE VEGETALA SI ANIMALA": {"medie": 7.125, "reusita": 100.0, "cnt": 2}, "GENERAL": {"medie": 7.949224806201557, "reusita": 88.37209302325581, "cnt": 215}, "MATEMATICA ST-NAT": {"medie": 6.5023809523809515, "reusita": 90.47619047619048, "cnt": 21}, "CHIMIE ORGANICA TEO NIVEL I/II": {"medie": 9.072222222222223, "reusita": 100.0, "cnt": 18}, "ISTORIE": {"medie": 7.676811594202899, "reusita": 98.55072463768117, "cnt": 69}, "LOGICA, ARGUMENTARE SI COMUNICARE": {"medie": 9.5, "reusita": 100.0, "cnt": 1}, "MATEMATICA MATE-INFO": {"medie": 8.106800000000002, "reusita": 92.80000000000001, "cnt": 125}, "INFORMATICA MI C/C++": {"medie": 9.025, "reusita": 100.0, "cnt": 8}, "GEOGRAFIE": {"medie": 8.548387096774192, "reusita": 100.0, "cnt": 31}, "ANATOMIE SI FIZIOLOGIE UMANA, GENETICA SI ECOLOGIE UMANA": {"medie": 6.8112068965517265, "reusita": 84.48275862068965, "cnt": 58}, "FIZICA TEO": {"medie": 8.912711864406779, "reusita": 100.0, "cnt": 59}, "SOCIOLOGIE": {"medie": 7.525925925925925, "reusita": 92.5925925925926, "cnt": 27}, "CHIMIE ANORGANICA TEO NIVEL I/II": {"medie": 6.05, "reusita": 100.0, "cnt": 1}, "PSIHOLOGIE": {"medie": 8.8, "reusita": 100.0, "cnt": 2}, "ECONOMIE": {"medie": 8.735714285714286, "reusita": 100.0, "cnt": 7}, "FILOSOFIE": {"medie": 7.8, "reusita": 100.0, "cnt": 1}}, "nume": "COLEGIUL NATIONAL \"TRAIAN\"\tMehedin\u021bi"}