{"specializari": {"FILOLOGIE": 70, "MATEMATICA-INFORMATICA": 74, "LICEU CU PROGRAM SPORTIV": 35}, "limba_moderna": {"LIMBA ENGLEZA": 167, "LIMBA FRANCEZA": 10, "LIMBA GERMANA MODERNA": 1, "LIMBA EBRAICA": 1}, "limba_materna": {"LIMBA ROMANA": 179}, "promotie_anterioara": {"NU": 133, "DA": 46}, "materii": {"LIMBA ROMANA": {"medie": 6.850280898876404, "reusita": 93.85474860335195, "cnt": 179}, "BIOLOGIE VEGETALA SI ANIMALA": {"medie": 6.090909090909091, "reusita": 83.33333333333334, "cnt": 12}, "GENERAL": {"medie": 6.818761904761903, "reusita": 72.62569832402235, "cnt": 179}, "ISTORIE": {"medie": 7.148076923076925, "reusita": 96.19047619047619, "cnt": 105}, "MATEMATICA MATE-INFO": {"medie": 6.203378378378379, "reusita": 85.13513513513513, "cnt": 74}, "INFORMATICA MI C/C++": {"medie": 7.033333333333334, "reusita": 66.66666666666666, "cnt": 3}, "GEOGRAFIE": {"medie": 7.013888888888887, "reusita": 85.71428571428571, "cnt": 91}, "ANATOMIE SI FIZIOLOGIE UMANA, GENETICA SI ECOLOGIE UMANA": {"medie": 6.466363636363638, "reusita": 87.5, "cnt": 56}, "FIZICA TEO": {"medie": 6.6000000000000005, "reusita": 100.0, "cnt": 3}, "SOCIOLOGIE": {"medie": 6.944444444444445, "reusita": 88.88888888888889, "cnt": 9}, "PSIHOLOGIE": {"medie": 7.033333333333334, "reusita": 100.0, "cnt": 3}, "ECONOMIE": {"medie": 5.85, "reusita": 100.0, "cnt": 2}}, "nume": "COLEGIUL NATIONAL \"AUREL VLAICU\"\tBucure\u0219ti"}