{"specializari": {"LICEU CU PROGRAM SPORTIV": 35, "MATEMATICA-INFORMATICA": 26, "FILOLOGIE": 37}, "limba_moderna": {"LIMBA ENGLEZA": 96, "LIMBA FRANCEZA": 2}, "limba_materna": {"LIMBA ROMANA": 98}, "promotie_anterioara": {"NU": 79, "DA": 19}, "materii": {"LIMBA ROMANA": {"medie": 7.171354166666667, "reusita": 95.91836734693877, "cnt": 98}, "BIOLOGIE VEGETALA SI ANIMALA": {"medie": 8.5, "reusita": 100.0, "cnt": 3}, "GENERAL": {"medie": 7.160243055555554, "reusita": 76.53061224489795, "cnt": 98}, "ISTORIE": {"medie": 6.984285714285718, "reusita": 90.27777777777779, "cnt": 72}, "MATEMATICA MATE-INFO": {"medie": 6.721153846153845, "reusita": 76.92307692307693, "cnt": 26}, "GEOGRAFIE": {"medie": 7.554464285714288, "reusita": 94.73684210526315, "cnt": 57}, "ANATOMIE SI FIZIOLOGIE UMANA, GENETICA SI ECOLOGIE UMANA": {"medie": 6.863333333333333, "reusita": 86.66666666666667, "cnt": 15}, "FIZICA TEO": {"medie": 7.4333333333333345, "reusita": 100.0, "cnt": 6}, "SOCIOLOGIE": {"medie": 6.927777777777777, "reusita": 100.0, "cnt": 9}, "CHIMIE ANORGANICA TEO NIVEL I/II": {"medie": 7.85, "reusita": 100.0, "cnt": 2}, "PSIHOLOGIE": {"medie": 7.3500000000000005, "reusita": 100.0, "cnt": 2}, "ECONOMIE": {"medie": 6.483333333333333, "reusita": 66.66666666666666, "cnt": 3}, "FILOSOFIE": {"medie": 8.0, "reusita": 100.0, "cnt": 1}}, "nume": "COLEGIUL NATIONAL \"EMIL RACOVITA\"\tBucure\u0219ti"}