{"specializari": {"MATEMATICA-INFORMATICA": 22, "TEHNICIAN IN TURISM": 12, "TEHNICIAN IN ACTIVITATI ECONOMICE": 21, "FILOLOGIE": 8}, "limba_moderna": {"LIMBA ENGLEZA": 57, "LIMBA GERMANA MODERNA": 6}, "limba_materna": {"LIMBA MAGHIARA": 63}, "promotie_anterioara": {"NU": 51, "DA": 12}, "materii": {"LIMBA ROMANA": {"medie": 5.936290322580646, "reusita": 76.19047619047619, "cnt": 63}, "MATEMATICA TEHN": {"medie": 5.919696969696969, "reusita": 72.72727272727273, "cnt": 33}, "BIOLOGIE VEGETALA SI ANIMALA": {"medie": 7.913636363636363, "reusita": 100.0, "cnt": 11}, "GENERAL": {"medie": 6.845161290322579, "reusita": 63.49206349206349, "cnt": 63}, "ISTORIE": {"medie": 5.5375, "reusita": 100.0, "cnt": 8}, "MATEMATICA MATE-INFO": {"medie": 7.372727272727274, "reusita": 90.9090909090909, "cnt": 22}, "INFORMATICA MI C/C++": {"medie": 7.225000000000001, "reusita": 100.0, "cnt": 6}, "GEOGRAFIE": {"medie": 7.516176470588237, "reusita": 97.14285714285714, "cnt": 35}, "ANATOMIE SI FIZIOLOGIE UMANA, GENETICA SI ECOLOGIE UMANA": {"medie": 9.520000000000001, "reusita": 100.0, "cnt": 5}, "PSIHOLOGIE": {"medie": 6.250000000000001, "reusita": 100.0, "cnt": 5}, "ECONOMIE": {"medie": 6.5, "reusita": 100.0, "cnt": 1}, "LIMBA MAGHIARA (REAL)": {"medie": 7.639090909090908, "reusita": 98.18181818181819, "cnt": 55}, "LIMBA MAGHIARA (UMAN)": {"medie": 5.83125, "reusita": 87.5, "cnt": 8}}, "nume": "COLEGIUL \"CSIKI GERGELY\" ARAD\tArad"}