{"specializari": {"TEHNICIAN IN ACTIVITATI ECONOMICE": 173, "TEHNICIAN IN TURISM": 76}, "limba_moderna": {"LIMBA ENGLEZA": 223, "LIMBA FRANCEZA": 16, "LIMBA SPANIOLA": 10}, "limba_materna": {"LIMBA ROMANA": 249}, "promotie_anterioara": {"NU": 229, "DA": 20}, "materii": {"LIMBA ROMANA": {"medie": 7.502631578947367, "reusita": 96.3855421686747, "cnt": 249}, "MATEMATICA TEHN": {"medie": 8.272967479674795, "reusita": 96.3855421686747, "cnt": 249}, "GENERAL": {"medie": 7.801693766937665, "reusita": 87.14859437751004, "cnt": 249}, "LOGICA, ARGUMENTARE SI COMUNICARE": {"medie": 8.22857142857143, "reusita": 100.0, "cnt": 7}, "GEOGRAFIE": {"medie": 8.068874172185431, "reusita": 98.01324503311258, "cnt": 151}, "PSIHOLOGIE": {"medie": 5.15, "reusita": 50.0, "cnt": 10}, "ECONOMIE": {"medie": 6.951898734177213, "reusita": 85.18518518518519, "cnt": 81}}, "nume": "COLEGIUL ECONOMIC \"A.D.XENOPOL\"\tBucure\u0219ti"}