{"specializari": {"FILOLOGIE": 73, "MATEMATICA-INFORMATICA": 99, "STIINTE ALE NATURII": 54, "STIINTE SOCIALE": 59}, "limba_moderna": {"LIMBA RUSA": 13, "LIMBA ENGLEZA": 189, "LIMBA FRANCEZA": 80, "LIMBA ITALIANA": 3}, "limba_materna": {"LIMBA ROMANA": 285}, "promotie_anterioara": {"NU": 280, "DA": 5}, "materii": {"LIMBA ROMANA": {"medie": 7.365845070422537, "reusita": 93.6842105263158, "cnt": 285}, "BIOLOGIE VEGETALA SI ANIMALA": {"medie": 5.525, "reusita": 100.0, "cnt": 2}, "GENERAL": {"medie": 7.578462441314558, "reusita": 84.21052631578947, "cnt": 285}, "MATEMATICA ST-NAT": {"medie": 7.59074074074074, "reusita": 90.74074074074075, "cnt": 54}, "CHIMIE ORGANICA TEO NIVEL I/II": {"medie": 8.416666666666668, "reusita": 100.0, "cnt": 27}, "ISTORIE": {"medie": 7.183969465648854, "reusita": 97.72727272727273, "cnt": 132}, "MATEMATICA MATE-INFO": {"medie": 7.622727272727274, "reusita": 96.96969696969697, "cnt": 99}, "INFORMATICA MI C/C++": {"medie": 7.146428571428571, "reusita": 89.28571428571429, "cnt": 28}, "GEOGRAFIE": {"medie": 8.285039370078742, "reusita": 97.65625, "cnt": 128}, "ANATOMIE SI FIZIOLOGIE UMANA, GENETICA SI ECOLOGIE UMANA": {"medie": 7.903448275862072, "reusita": 96.55172413793103, "cnt": 87}, "FIZICA TEO": {"medie": 3.7, "reusita": 20.0, "cnt": 5}, "SOCIOLOGIE": {"medie": 10.0, "reusita": 100.0, "cnt": 1}, "CHIMIE ANORGANICA TEO NIVEL I/II": {"medie": 6.85, "reusita": 100.0, "cnt": 4}, "PSIHOLOGIE": {"medie": 8.4, "reusita": 100.0, "cnt": 3}}, "nume": "COLEGIUL NATIONAL \"DRAGOS VODA\" SIGHETU MARMATIEI\tMaramure\u0219"}