{"specializari": {"STIINTE ALE NATURII": 29, "STIINTE SOCIALE": 67, "MATEMATICA-INFORMATICA": 39, "FILOLOGIE": 33}, "limba_moderna": {"LIMBA ENGLEZA": 159, "LIMBA FRANCEZA": 9}, "limba_materna": {"LIMBA ROMANA": 168}, "promotie_anterioara": {"NU": 160, "DA": 8}, "materii": {"LIMBA ROMANA": {"medie": 7.9658682634730535, "reusita": 98.80952380952381, "cnt": 168}, "GENERAL": {"medie": 7.823131313131316, "reusita": 95.23809523809523, "cnt": 168}, "MATEMATICA ST-NAT": {"medie": 7.675862068965519, "reusita": 100.0, "cnt": 29}, "CHIMIE ORGANICA TEO NIVEL I/II": {"medie": 6.35, "reusita": 100.0, "cnt": 1}, "INFORMATICA SN C/C++": {"medie": 7.900000000000001, "reusita": 100.0, "cnt": 3}, "ISTORIE": {"medie": 7.377777777777781, "reusita": 99.0, "cnt": 100}, "LOGICA, ARGUMENTARE SI COMUNICARE": {"medie": 8.538461538461537, "reusita": 96.29629629629629, "cnt": 27}, "MATEMATICA MATE-INFO": {"medie": 7.387179487179488, "reusita": 100.0, "cnt": 39}, "INFORMATICA MI C/C++": {"medie": 7.519999999999999, "reusita": 100.0, "cnt": 5}, "GEOGRAFIE": {"medie": 8.207462686567164, "reusita": 98.52941176470588, "cnt": 68}, "ANATOMIE SI FIZIOLOGIE UMANA, GENETICA SI ECOLOGIE UMANA": {"medie": 7.697000000000002, "reusita": 100.0, "cnt": 50}, "SOCIOLOGIE": {"medie": 8.4875, "reusita": 100.0, "cnt": 4}, "CHIMIE ANORGANICA TEO NIVEL I/II": {"medie": 7.338888888888889, "reusita": 100.0, "cnt": 9}, "FILOSOFIE": {"medie": 7.0, "reusita": 100.0, "cnt": 1}}, "nume": "COLEGIUL \"M.EMINESCU\" BACAU\tBac\u0103u"}