{"specializari": {"MATEMATICA-INFORMATICA": 81, "FILOLOGIE": 110, "INVATATOR - EDUCATOARE": 65}, "limba_moderna": {"LIMBA FRANCEZA": 28, "LIMBA ENGLEZA": 225, "LIMBA SPANIOLA": 3}, "limba_materna": {"LIMBA ROMANA": 256}, "promotie_anterioara": {"NU": 248, "DA": 8}, "materii": {"LIMBA ROMANA": {"medie": 7.342578124999993, "reusita": 96.875, "cnt": 256}, "BIOLOGIE VEGETALA SI ANIMALA": {"medie": 7.770634920634921, "reusita": 92.06349206349206, "cnt": 63}, "GENERAL": {"medie": 7.457096354166669, "reusita": 84.765625, "cnt": 256}, "ISTORIE": {"medie": 7.114090909090914, "reusita": 98.18181818181819, "cnt": 110}, "MATEMATICA MATE-INFO": {"medie": 6.64753086419753, "reusita": 83.9506172839506, "cnt": 81}, "GEOGRAFIE": {"medie": 8.081410256410255, "reusita": 98.07692307692307, "cnt": 156}, "ANATOMIE SI FIZIOLOGIE UMANA, GENETICA SI ECOLOGIE UMANA": {"medie": 8.905000000000001, "reusita": 100.0, "cnt": 10}, "FIZICA TEO": {"medie": 7.683333333333334, "reusita": 83.33333333333334, "cnt": 6}, "MATEMATICA PED": {"medie": 7.366153846153846, "reusita": 92.3076923076923, "cnt": 65}, "SOCIOLOGIE": {"medie": 7.35, "reusita": 100.0, "cnt": 1}, "CHIMIE ANORGANICA TEO NIVEL I/II": {"medie": 9.175, "reusita": 100.0, "cnt": 2}, "PSIHOLOGIE": {"medie": 5.608333333333333, "reusita": 100.0, "cnt": 6}, "ECONOMIE": {"medie": 8.48, "reusita": 100.0, "cnt": 10}, "FILOSOFIE": {"medie": 9.0, "reusita": 100.0, "cnt": 2}}, "nume": "COLEGIUL NATIONAL PEDAGOGIC \"MIRCEA SCARLAT\" ALEXANDRIA\tTeleorman"}