{"specializari": {"FILOLOGIE": 29, "TEHNICIAN MECATRONIST": 54, "MATEMATICA-INFORMATICA": 27, "TEHNICIAN MECANIC PENTRU INTRETINERE SI REPARATII": 4}, "limba_moderna": {"LIMBA ENGLEZA": 86, "LIMBA FRANCEZA": 28}, "limba_materna": {"LIMBA ROMANA": 114}, "promotie_anterioara": {"NU": 98, "DA": 16}, "materii": {"LIMBA ROMANA": {"medie": 6.7045871559633055, "reusita": 81.57894736842105, "cnt": 114}, "MATEMATICA TEHN": {"medie": 3.6718181818181828, "reusita": 43.103448275862064, "cnt": 58}, "BIOLOGIE VEGETALA SI ANIMALA": {"medie": 3.4990196078431364, "reusita": 14.814814814814813, "cnt": 54}, "GENERAL": {"medie": 5.822429906542058, "reusita": 45.614035087719294, "cnt": 114}, "ISTORIE": {"medie": 6.3428571428571425, "reusita": 89.65517241379311, "cnt": 29}, "MATEMATICA MATE-INFO": {"medie": 5.948148148148149, "reusita": 88.88888888888889, "cnt": 27}, "GEOGRAFIE": {"medie": 8.429629629629629, "reusita": 96.42857142857143, "cnt": 28}, "ANATOMIE SI FIZIOLOGIE UMANA, GENETICA SI ECOLOGIE UMANA": {"medie": 7.707692307692308, "reusita": 100.0, "cnt": 26}, "FIZICA TEO": {"medie": 7.6, "reusita": 100.0, "cnt": 1}, "FIZICA TEH": {"medie": 5.016666666666667, "reusita": 50.0, "cnt": 4}, "PSIHOLOGIE": {"medie": 3.6, "reusita": 0.0, "cnt": 1}}, "nume": "COLEGIUL \"MIHAI VITEAZUL\" BUMBESTI-JIU\tGorj"}