{"specializari": {"MATEMATICA-INFORMATICA": 60, "STIINTE ALE NATURII": 93, "FILOLOGIE": 36, "STIINTE SOCIALE": 68}, "limba_moderna": {"LIMBA ENGLEZA": 248, "LIMBA FRANCEZA": 8, "LIMBA GERMANA MODERNA": 1}, "limba_materna": {"LIMBA ROMANA": 257}, "promotie_anterioara": {"NU": 248, "DA": 9}, "materii": {"LIMBA ROMANA": {"medie": 7.506225680933852, "reusita": 97.27626459143968, "cnt": 257}, "BIOLOGIE VEGETALA SI ANIMALA": {"medie": 7.142307692307693, "reusita": 92.3076923076923, "cnt": 13}, "GENERAL": {"medie": 7.8262369791666675, "reusita": 91.43968871595331, "cnt": 257}, "MATEMATICA ST-NAT": {"medie": 7.935483870967743, "reusita": 98.9247311827957, "cnt": 93}, "CHIMIE ORGANICA TEO NIVEL I/II": {"medie": 5.4, "reusita": 100.0, "cnt": 1}, "ISTORIE": {"medie": 7.537500000000003, "reusita": 97.11538461538461, "cnt": 104}, "LOGICA, ARGUMENTARE SI COMUNICARE": {"medie": 8.780952380952378, "reusita": 98.4126984126984, "cnt": 63}, "MATEMATICA MATE-INFO": {"medie": 8.044915254237289, "reusita": 98.33333333333333, "cnt": 60}, "INFORMATICA MI C/C++": {"medie": 6.949999999999998, "reusita": 100.0, "cnt": 7}, "GEOGRAFIE": {"medie": 8.028125, "reusita": 96.875, "cnt": 32}, "ANATOMIE SI FIZIOLOGIE UMANA, GENETICA SI ECOLOGIE UMANA": {"medie": 8.295754716981135, "reusita": 98.13084112149532, "cnt": 107}, "FIZICA TEO": {"medie": 7.226315789473683, "reusita": 94.73684210526315, "cnt": 19}, "SOCIOLOGIE": {"medie": 8.521428571428572, "reusita": 100.0, "cnt": 7}, "CHIMIE ANORGANICA TEO NIVEL I/II": {"medie": 7.75, "reusita": 100.0, "cnt": 6}, "PSIHOLOGIE": {"medie": 5.0, "reusita": 100.0, "cnt": 1}, "ECONOMIE": {"medie": 4.3, "reusita": 0.0, "cnt": 1}}, "nume": "COLEGIUL NATIONAL \"MIHAI EMINESCU\" CONSTANTA\tConstan\u021ba"}