{"specializari": {"TEHNICIAN IN ACTIVITATI ECONOMICE": 101, "TEHNICIAN IN TURISM": 3, "MATEMATICA-INFORMATICA": 30, "TEHNICIAN IN ACTIVITATI DE COMERT": 2}, "limba_moderna": {"LIMBA ENGLEZA": 136}, "limba_materna": {"LIMBA ROMANA": 136}, "promotie_anterioara": {"DA": 24, "NU": 112}, "materii": {"LIMBA ROMANA": {"medie": 6.572180451127823, "reusita": 90.44117647058823, "cnt": 136}, "MATEMATICA TEHN": {"medie": 6.609708737864076, "reusita": 83.9622641509434, "cnt": 106}, "GENERAL": {"medie": 6.550378787878788, "reusita": 58.08823529411765, "cnt": 136}, "MATEMATICA MATE-INFO": {"medie": 4.929310344827586, "reusita": 66.66666666666666, "cnt": 30}, "GEOGRAFIE": {"medie": 6.976442307692309, "reusita": 93.39622641509435, "cnt": 106}, "ANATOMIE SI FIZIOLOGIE UMANA, GENETICA SI ECOLOGIE UMANA": {"medie": 6.351724137931033, "reusita": 90.0, "cnt": 30}}, "nume": "COLEGIUL ECONOMIC NASAUD\tBistri\u021ba-N\u0103s\u0103ud"}