{"specializari": {"STIINTE ALE NATURII": 75, "FILOLOGIE": 37, "STIINTE SOCIALE": 66, "TEHNICIAN MECANIC PENTRU INTRETINERE SI REPARATII": 4, "MATEMATICA-INFORMATICA": 64, "TEHNICIAN PRELUCRARI MECANICE": 2, "TEHNICIAN IN AUTOMATIZARI": 1, "TEHNICIAN PROIECTANT CAD": 2}, "limba_moderna": {"LIMBA ENGLEZA": 220, "LIMBA FRANCEZA": 31}, "limba_materna": {"LIMBA ROMANA": 251}, "promotie_anterioara": {"DA": 57, "NU": 194}, "materii": {"LIMBA ROMANA": {"medie": 6.826434426229502, "reusita": 92.82868525896414, "cnt": 251}, "MATEMATICA TEHN": {"medie": 5.244444444444444, "reusita": 88.88888888888889, "cnt": 9}, "BIOLOGIE VEGETALA SI ANIMALA": {"medie": 5.836250000000001, "reusita": 78.04878048780488, "cnt": 41}, "GENERAL": {"medie": 6.695588235294119, "reusita": 66.93227091633466, "cnt": 251}, "MATEMATICA ST-NAT": {"medie": 5.913768115942031, "reusita": 73.33333333333333, "cnt": 75}, "CHIMIE ORGANICA TEO NIVEL I/II": {"medie": 7.425000000000001, "reusita": 100.0, "cnt": 2}, "INFORMATICA SN C/C++": {"medie": 8.55, "reusita": 100.0, "cnt": 1}, "ISTORIE": {"medie": 6.6267676767676775, "reusita": 93.20388349514563, "cnt": 103}, "LOGICA, ARGUMENTARE SI COMUNICARE": {"medie": 6.714285714285714, "reusita": 71.42857142857143, "cnt": 7}, "MATEMATICA MATE-INFO": {"medie": 6.590625000000003, "reusita": 92.1875, "cnt": 64}, "INFORMATICA MI C/C++": {"medie": 6.946153846153846, "reusita": 100.0, "cnt": 13}, "GEOGRAFIE": {"medie": 7.201098901098902, "reusita": 93.6842105263158, "cnt": 95}, "ANATOMIE SI FIZIOLOGIE UMANA, GENETICA SI ECOLOGIE UMANA": {"medie": 6.5531914893617005, "reusita": 71.15384615384616, "cnt": 52}, "FIZICA TEO": {"medie": 8.34, "reusita": 100.0, "cnt": 5}, "FIZICA TEH": {"medie": 4.199999999999999, "reusita": 50.0, "cnt": 2}, "CHIMIE ANORGANICA TEO NIVEL I/II": {"medie": 7.232258064516127, "reusita": 96.875, "cnt": 32}, "PSIHOLOGIE": {"medie": 5.05, "reusita": 100.0, "cnt": 1}}, "nume": "COLEGIUL \"NICOLAE TITULESCU\" BRASOV\tBra\u0219ov"}