{"specializari": {"MATEMATICA-INFORMATICA": 116, "STIINTE ALE NATURII": 30, "FILOLOGIE": 69}, "limba_moderna": {"LIMBA ENGLEZA": 199, "LIMBA FRANCEZA": 16}, "limba_materna": {"LIMBA ROMANA": 215}, "promotie_anterioara": {"NU": 210, "DA": 5}, "materii": {"LIMBA ROMANA": {"medie": 7.688317757009347, "reusita": 96.74418604651163, "cnt": 215}, "BIOLOGIE VEGETALA SI ANIMALA": {"medie": 7.388571428571428, "reusita": 95.71428571428572, "cnt": 70}, "GENERAL": {"medie": 7.668613707165106, "reusita": 88.37209302325581, "cnt": 215}, "MATEMATICA ST-NAT": {"medie": 7.09, "reusita": 96.66666666666667, "cnt": 30}, "CHIMIE ORGANICA TEO NIVEL I/II": {"medie": 9.276315789473685, "reusita": 100.0, "cnt": 19}, "ISTORIE": {"medie": 6.5735294117647065, "reusita": 95.65217391304348, "cnt": 69}, "MATEMATICA MATE-INFO": {"medie": 7.987931034482755, "reusita": 97.41379310344827, "cnt": 116}, "INFORMATICA MI C/C++": {"medie": 8.4, "reusita": 100.0, "cnt": 1}, "GEOGRAFIE": {"medie": 8.22857142857143, "reusita": 95.23809523809523, "cnt": 21}, "ANATOMIE SI FIZIOLOGIE UMANA, GENETICA SI ECOLOGIE UMANA": {"medie": 7.987500000000001, "reusita": 100.0, "cnt": 8}, "FIZICA TEO": {"medie": 8.475, "reusita": 100.0, "cnt": 38}, "SOCIOLOGIE": {"medie": 7.406097560975611, "reusita": 88.09523809523809, "cnt": 42}, "PSIHOLOGIE": {"medie": 8.15, "reusita": 100.0, "cnt": 2}, "ECONOMIE": {"medie": 7.5874999999999995, "reusita": 100.0, "cnt": 4}, "INFORMATICA MI PASCAL": {"medie": 8.075, "reusita": 90.0, "cnt": 10}}, "nume": "COLEGIUL NATIONAL \"BARBU STIRBEI\" CALARASI\tC\u0103l\u0103ra\u0219i"}