{"specializari": {"MATEMATICA-INFORMATICA": 115, "FILOLOGIE": 92, "STIINTE ALE NATURII": 33}, "limba_moderna": {"LIMBA ENGLEZA": 169, "LIMBA RUSA": 8, "LIMBA FRANCEZA": 55, "LIMBA GERMANA MODERNA": 8}, "limba_materna": {"LIMBA ROMANA": 240}, "promotie_anterioara": {"NU": 240}, "materii": {"LIMBA ROMANA": {"medie": 7.865833333333337, "reusita": 98.75, "cnt": 240}, "BIOLOGIE VEGETALA SI ANIMALA": {"medie": 8.25, "reusita": 88.88888888888889, "cnt": 9}, "GENERAL": {"medie": 8.28229166666667, "reusita": 94.58333333333333, "cnt": 240}, "MATEMATICA ST-NAT": {"medie": 7.904545454545455, "reusita": 93.93939393939394, "cnt": 33}, "CHIMIE ORGANICA TEO NIVEL I/II": {"medie": 7.676785714285715, "reusita": 100.0, "cnt": 28}, "INFORMATICA SN C/C++": {"medie": 8.4, "reusita": 100.0, "cnt": 3}, "ISTORIE": {"medie": 8.325543478260869, "reusita": 98.91304347826086, "cnt": 92}, "LOGICA, ARGUMENTARE SI COMUNICARE": {"medie": 9.189795918367347, "reusita": 100.0, "cnt": 49}, "MATEMATICA MATE-INFO": {"medie": 8.62869565217391, "reusita": 95.65217391304348, "cnt": 115}, "INFORMATICA MI C/C++": {"medie": 8.183561643835617, "reusita": 100.0, "cnt": 73}, "GEOGRAFIE": {"medie": 9.163749999999997, "reusita": 100.0, "cnt": 40}, "ANATOMIE SI FIZIOLOGIE UMANA, GENETICA SI ECOLOGIE UMANA": {"medie": 8.409090909090908, "reusita": 100.0, "cnt": 11}, "FIZICA TEO": {"medie": 8.693749999999998, "reusita": 91.66666666666666, "cnt": 24}, "PSIHOLOGIE": {"medie": 6.9, "reusita": 100.0, "cnt": 1}, "ECONOMIE": {"medie": 9.825, "reusita": 100.0, "cnt": 2}}, "nume": "COLEGIUL NATIONAL \"DINICU GOLESCU\"\tArge\u0219"}