{"specializari": {"MATEMATICA-INFORMATICA": 118, "STIINTE ALE NATURII": 27, "STIINTE SOCIALE": 31, "FILOLOGIE": 67}, "limba_moderna": {"LIMBA FRANCEZA": 75, "LIMBA ENGLEZA": 168}, "limba_materna": {"LIMBA ROMANA": 243}, "promotie_anterioara": {"NU": 240, "DA": 3}, "materii": {"LIMBA ROMANA": {"medie": 7.75826446280992, "reusita": 97.11934156378601, "cnt": 243}, "BIOLOGIE VEGETALA SI ANIMALA": {"medie": 7.075, "reusita": 100.0, "cnt": 2}, "GENERAL": {"medie": 8.149239280774546, "reusita": 94.65020576131687, "cnt": 243}, "MATEMATICA ST-NAT": {"medie": 7.220370370370371, "reusita": 96.29629629629629, "cnt": 27}, "CHIMIE ORGANICA TEO NIVEL I/II": {"medie": 8.879999999999999, "reusita": 100.0, "cnt": 10}, "ISTORIE": {"medie": 7.411855670103096, "reusita": 96.93877551020408, "cnt": 98}, "LOGICA, ARGUMENTARE SI COMUNICARE": {"medie": 9.34375, "reusita": 97.5609756097561, "cnt": 41}, "MATEMATICA MATE-INFO": {"medie": 8.6525641025641, "reusita": 99.15254237288136, "cnt": 118}, "INFORMATICA MI C/C++": {"medie": 8.65625, "reusita": 100.0, "cnt": 8}, "GEOGRAFIE": {"medie": 7.5375, "reusita": 98.07692307692307, "cnt": 52}, "ANATOMIE SI FIZIOLOGIE UMANA, GENETICA SI ECOLOGIE UMANA": {"medie": 8.929702970297031, "reusita": 99.01960784313727, "cnt": 102}, "FIZICA TEO": {"medie": 9.05, "reusita": 100.0, "cnt": 23}, "ECONOMIE": {"medie": 8.86, "reusita": 100.0, "cnt": 5}}, "nume": "COLEGIUL NATIONAL \"NICOLAE IORGA\", ORASUL VALENII DE MUNTE\tPrahova"}