{"specializari": {"TEHNICIAN IN ACTIVITATI ECONOMICE": 166, "TEHNICIAN IN TURISM": 33}, "limba_moderna": {"LIMBA FRANCEZA": 30, "LIMBA ENGLEZA": 169}, "limba_materna": {"LIMBA ROMANA": 199}, "promotie_anterioara": {"NU": 189, "DA": 10}, "materii": {"LIMBA ROMANA": {"medie": 7.5378787878787925, "reusita": 99.49748743718592, "cnt": 199}, "MATEMATICA TEHN": {"medie": 8.31212121212121, "reusita": 97.98994974874373, "cnt": 199}, "GENERAL": {"medie": 7.79671717171717, "reusita": 92.96482412060301, "cnt": 199}, "GEOGRAFIE": {"medie": 7.7680981595092, "reusita": 99.39024390243902, "cnt": 164}, "PSIHOLOGIE": {"medie": 4.3, "reusita": 0.0, "cnt": 1}, "ECONOMIE": {"medie": 6.54264705882353, "reusita": 91.17647058823529, "cnt": 34}}, "nume": "COLEGIUL ECONOMIC \"COSTIN C. KIRITESCU\"\tBucure\u0219ti"}