{"specializari": {"MATEMATICA-INFORMATICA": 64, "STIINTE ALE NATURII": 55, "STIINTE SOCIALE": 65, "FILOLOGIE": 33}, "limba_moderna": {"LIMBA ENGLEZA": 198, "LIMBA FRANCEZA": 19}, "limba_materna": {"LIMBA ROMANA": 217}, "promotie_anterioara": {"NU": 203, "DA": 14}, "materii": {"LIMBA ROMANA": {"medie": 7.4765116279069765, "reusita": 97.23502304147466, "cnt": 217}, "GENERAL": {"medie": 7.6439749608763705, "reusita": 84.33179723502305, "cnt": 217}, "MATEMATICA ST-NAT": {"medie": 6.34090909090909, "reusita": 89.0909090909091, "cnt": 55}, "ISTORIE": {"medie": 7.46340206185567, "reusita": 96.93877551020408, "cnt": 98}, "MATEMATICA MATE-INFO": {"medie": 7.85625, "reusita": 92.1875, "cnt": 64}, "GEOGRAFIE": {"medie": 7.913253012048192, "reusita": 94.11764705882352, "cnt": 85}, "ANATOMIE SI FIZIOLOGIE UMANA, GENETICA SI ECOLOGIE UMANA": {"medie": 7.93910891089109, "reusita": 98.0392156862745, "cnt": 102}, "FIZICA TEO": {"medie": 9.500000000000002, "reusita": 100.0, "cnt": 17}, "PSIHOLOGIE": {"medie": 9.075000000000001, "reusita": 100.0, "cnt": 8}, "ECONOMIE": {"medie": 9.1375, "reusita": 100.0, "cnt": 4}, "FILOSOFIE": {"medie": 9.0, "reusita": 100.0, "cnt": 1}}, "nume": "COLEGIUL NATIONAL\"GRIGORE MOISIL\" URZICENI\tIalomi\u021ba"}