{"specializari": {"STIINTE ALE NATURII": 63, "MATEMATICA-INFORMATICA": 58, "STIINTE SOCIALE": 33, "FILOLOGIE": 31}, "limba_moderna": {"LIMBA ENGLEZA": 163, "LIMBA GERMANA MODERNA": 22}, "limba_materna": {"LIMBA MAGHIARA": 185}, "promotie_anterioara": {"NU": 180, "DA": 5}, "materii": {"LIMBA ROMANA": {"medie": 6.595380434782613, "reusita": 93.51351351351352, "cnt": 185}, "BIOLOGIE VEGETALA SI ANIMALA": {"medie": 7.225, "reusita": 100.0, "cnt": 4}, "GENERAL": {"medie": 7.7820652173913025, "reusita": 90.27027027027027, "cnt": 185}, "MATEMATICA ST-NAT": {"medie": 7.953174603174603, "reusita": 98.4126984126984, "cnt": 63}, "CHIMIE ORGANICA TEO NIVEL I/II": {"medie": 7.095454545454545, "reusita": 100.0, "cnt": 11}, "ISTORIE": {"medie": 7.981746031746033, "reusita": 96.875, "cnt": 64}, "LOGICA, ARGUMENTARE SI COMUNICARE": {"medie": 9.003000000000002, "reusita": 98.0392156862745, "cnt": 51}, "MATEMATICA MATE-INFO": {"medie": 8.268965517241377, "reusita": 98.27586206896551, "cnt": 58}, "INFORMATICA MI C/C++": {"medie": 8.455714285714288, "reusita": 100.0, "cnt": 35}, "GEOGRAFIE": {"medie": 5.65, "reusita": 100.0, "cnt": 1}, "ANATOMIE SI FIZIOLOGIE UMANA, GENETICA SI ECOLOGIE UMANA": {"medie": 8.7135593220339, "reusita": 98.30508474576271, "cnt": 59}, "FIZICA TEO": {"medie": 10.0, "reusita": 100.0, "cnt": 1}, "SOCIOLOGIE": {"medie": 8.45, "reusita": 100.0, "cnt": 2}, "CHIMIE ANORGANICA TEO NIVEL I/II": {"medie": 7.168181818181818, "reusita": 100.0, "cnt": 11}, "PSIHOLOGIE": {"medie": 6.890000000000001, "reusita": 100.0, "cnt": 5}, "ECONOMIE": {"medie": 7.766666666666666, "reusita": 100.0, "cnt": 3}, "LIMBA MAGHIARA (REAL)": {"medie": 7.940495867768599, "reusita": 100.0, "cnt": 121}, "LIMBA MAGHIARA (UMAN)": {"medie": 8.18095238095238, "reusita": 98.4375, "cnt": 64}, "FILOSOFIE": {"medie": 9.025, "reusita": 100.0, "cnt": 2}}, "nume": "COLEGIUL NATIONAL \"MARTON ARON\" MIERCUREA CIUC\tHarghita"}