{"specializari": {"MATEMATICA-INFORMATICA": 50, "STIINTE ALE NATURII": 24, "FILOLOGIE": 75, "STIINTE SOCIALE": 74, "LICEU CU PROGRAM SPORTIV": 1}, "limba_moderna": {"LIMBA ENGLEZA": 200, "LIMBA FRANCEZA": 24}, "limba_materna": {"LIMBA ROMANA": 224}, "promotie_anterioara": {"NU": 213, "DA": 11}, "materii": {"LIMBA ROMANA": {"medie": 6.7416666666666725, "reusita": 88.39285714285714, "cnt": 224}, "GENERAL": {"medie": 7.387762762762764, "reusita": 83.48214285714286, "cnt": 224}, "MATEMATICA ST-NAT": {"medie": 7.2104166666666645, "reusita": 95.83333333333334, "cnt": 24}, "CHIMIE ORGANICA TEO NIVEL I/II": {"medie": 9.1, "reusita": 100.0, "cnt": 1}, "ISTORIE": {"medie": 7.243959731543623, "reusita": 98.66666666666667, "cnt": 150}, "MATEMATICA MATE-INFO": {"medie": 8.328999999999999, "reusita": 100.0, "cnt": 50}, "INFORMATICA MI C/C++": {"medie": 8.675, "reusita": 100.0, "cnt": 2}, "GEOGRAFIE": {"medie": 7.885570469798656, "reusita": 96.66666666666667, "cnt": 150}, "ANATOMIE SI FIZIOLOGIE UMANA, GENETICA SI ECOLOGIE UMANA": {"medie": 7.935714285714286, "reusita": 98.57142857142858, "cnt": 70}, "FIZICA TEO": {"medie": 9.75, "reusita": 100.0, "cnt": 1}}, "nume": "COLEGIUL NATIONAL \"SAMUIL VULCAN\" BEIUS\tBihor"}