{"specializari": {"MATEMATICA-INFORMATICA": 62, "STIINTE ALE NATURII": 57, "FILOLOGIE": 58, "STIINTE SOCIALE": 34}, "limba_moderna": {"LIMBA ENGLEZA": 184, "LIMBA GERMANA MODERNA": 24, "LIMBA FRANCEZA": 3}, "limba_materna": {"LIMBA ROMANA": 211}, "promotie_anterioara": {"NU": 208, "DA": 3}, "materii": {"LIMBA ROMANA": {"medie": 7.902843601895736, "reusita": 98.5781990521327, "cnt": 211}, "BIOLOGIE VEGETALA SI ANIMALA": {"medie": 8.643333333333334, "reusita": 98.66666666666667, "cnt": 75}, "GENERAL": {"medie": 8.230505529225908, "reusita": 95.73459715639811, "cnt": 211}, "MATEMATICA ST-NAT": {"medie": 8.488596491228073, "reusita": 98.24561403508771, "cnt": 57}, "CHIMIE ORGANICA TEO NIVEL I/II": {"medie": 9.6, "reusita": 100.0, "cnt": 1}, "ISTORIE": {"medie": 7.2222826086956555, "reusita": 98.91304347826086, "cnt": 92}, "LOGICA, ARGUMENTARE SI COMUNICARE": {"medie": 7.291666666666667, "reusita": 83.33333333333334, "cnt": 6}, "MATEMATICA MATE-INFO": {"medie": 8.921129032258063, "reusita": 100.0, "cnt": 62}, "INFORMATICA MI C/C++": {"medie": 8.740625, "reusita": 100.0, "cnt": 16}, "GEOGRAFIE": {"medie": 8.705232558139537, "reusita": 100.0, "cnt": 86}, "ANATOMIE SI FIZIOLOGIE UMANA, GENETICA SI ECOLOGIE UMANA": {"medie": 9.306521739130433, "reusita": 100.0, "cnt": 23}, "CHIMIE ANORGANICA TEO NIVEL I/II": {"medie": 9.212499999999999, "reusita": 100.0, "cnt": 4}}, "nume": "COLEGIUL NATIONAL \"LUCIAN BLAGA\" SEBES\tAlba"}