{"specializari": {"MATEMATICA-INFORMATICA": 159, "STIINTE ALE NATURII": 35, "FILOLOGIE": 68}, "limba_moderna": {"LIMBA ENGLEZA": 198, "LIMBA FRANCEZA": 61, "LIMBA GERMANA MODERNA": 3}, "limba_materna": {"LIMBA ROMANA": 262}, "promotie_anterioara": {"NU": 258, "DA": 4}, "materii": {"LIMBA ROMANA": {"medie": 8.427777777777782, "reusita": 99.61832061068702, "cnt": 262}, "BIOLOGIE VEGETALA SI ANIMALA": {"medie": 8.25, "reusita": 100.0, "cnt": 2}, "GENERAL": {"medie": 8.605641025641024, "reusita": 98.09160305343512, "cnt": 262}, "MATEMATICA ST-NAT": {"medie": 8.101428571428569, "reusita": 100.0, "cnt": 35}, "CHIMIE ORGANICA TEO NIVEL I/II": {"medie": 9.026190476190475, "reusita": 100.0, "cnt": 21}, "ISTORIE": {"medie": 8.47089552238806, "reusita": 97.05882352941177, "cnt": 68}, "LOGICA, ARGUMENTARE SI COMUNICARE": {"medie": 9.122499999999999, "reusita": 95.0, "cnt": 20}, "MATEMATICA MATE-INFO": {"medie": 8.845253164556958, "reusita": 98.74213836477988, "cnt": 159}, "INFORMATICA MI C/C++": {"medie": 8.632142857142856, "reusita": 100.0, "cnt": 14}, "GEOGRAFIE": {"medie": 8.834615384615383, "reusita": 100.0, "cnt": 39}, "ANATOMIE SI FIZIOLOGIE UMANA, GENETICA SI ECOLOGIE UMANA": {"medie": 8.800900900900904, "reusita": 100.0, "cnt": 111}, "FIZICA TEO": {"medie": 9.068181818181817, "reusita": 100.0, "cnt": 11}, "CHIMIE ANORGANICA TEO NIVEL I/II": {"medie": 7.9125000000000005, "reusita": 100.0, "cnt": 8}, "PSIHOLOGIE": {"medie": 7.974999999999999, "reusita": 88.88888888888889, "cnt": 9}, "INFORMATICA MI PASCAL": {"medie": 8.259259259259261, "reusita": 100.0, "cnt": 27}}, "nume": "COLEGIUL NATIONAL \"VASILE LUCACIU\" BAIA MARE\tMaramure\u0219"}