{"specializari": {"MATEMATICA-INFORMATICA": 57, "FILOLOGIE": 66, "STIINTE ALE NATURII": 34, "TEHNICIAN IN ACTIVITATI ECONOMICE": 31}, "limba_moderna": {"LIMBA ENGLEZA": 180, "LIMBA FRANCEZA": 7, "LIMBA GERMANA MODERNA": 1}, "limba_materna": {"LIMBA ROMANA": 122, "LIMBA MAGHIARA": 66}, "promotie_anterioara": {"NU": 180, "DA": 8}, "materii": {"LIMBA ROMANA": {"medie": 7.101336898395721, "reusita": 90.95744680851064, "cnt": 188}, "MATEMATICA TEHN": {"medie": 8.355, "reusita": 90.32258064516128, "cnt": 31}, "BIOLOGIE VEGETALA SI ANIMALA": {"medie": 9.0425, "reusita": 100.0, "cnt": 20}, "GENERAL": {"medie": 7.5134491978609645, "reusita": 82.97872340425532, "cnt": 188}, "MATEMATICA ST-NAT": {"medie": 5.592647058823528, "reusita": 79.41176470588235, "cnt": 34}, "CHIMIE ORGANICA TEO NIVEL I/II": {"medie": 8.55, "reusita": 100.0, "cnt": 2}, "ISTORIE": {"medie": 7.103787878787882, "reusita": 100.0, "cnt": 66}, "MATEMATICA MATE-INFO": {"medie": 8.34298245614035, "reusita": 96.49122807017544, "cnt": 57}, "GEOGRAFIE": {"medie": 7.844318181818181, "reusita": 97.77777777777777, "cnt": 45}, "ANATOMIE SI FIZIOLOGIE UMANA, GENETICA SI ECOLOGIE UMANA": {"medie": 7.6348837209302305, "reusita": 100.0, "cnt": 43}, "FIZICA TEO": {"medie": 8.336153846153845, "reusita": 100.0, "cnt": 13}, "SOCIOLOGIE": {"medie": 8.198684210526315, "reusita": 100.0, "cnt": 38}, "PSIHOLOGIE": {"medie": 5.1, "reusita": 100.0, "cnt": 1}, "LIMBA MAGHIARA (REAL)": {"medie": 8.016666666666666, "reusita": 100.0, "cnt": 33}, "INFORMATICA MI PASCAL": {"medie": 7.246153846153846, "reusita": 92.3076923076923, "cnt": 13}, "LIMBA MAGHIARA (UMAN)": {"medie": 7.181818181818182, "reusita": 100.0, "cnt": 33}, "FILOSOFIE": {"medie": 6.56923076923077, "reusita": 100.0, "cnt": 13}}, "nume": "COLEGIUL NATIONAL \"SIMION BARNUTIU\" SIMLEU SILVANIEI\tS\u0103laj"}