{"specializari": {"FILOLOGIE": 53, "MATEMATICA-INFORMATICA": 26, "INVATATOR - EDUCATOARE": 51, "STIINTE ALE NATURII": 22}, "limba_moderna": {"LIMBA SPANIOLA": 22, "LIMBA ENGLEZA": 130}, "limba_materna": {"LIMBA ROMANA": 134, "LIMBA MAGHIARA": 18}, "promotie_anterioara": {"NU": 149, "DA": 3}, "materii": {"LIMBA ROMANA": {"medie": 7.937171052631579, "reusita": 98.02631578947368, "cnt": 152}, "GENERAL": {"medie": 7.9531524122807, "reusita": 93.42105263157895, "cnt": 152}, "MATEMATICA ST-NAT": {"medie": 8.91590909090909, "reusita": 100.0, "cnt": 22}, "CHIMIE ORGANICA TEO NIVEL I/II": {"medie": 6.949999999999999, "reusita": 100.0, "cnt": 2}, "ISTORIE": {"medie": 7.439622641509434, "reusita": 98.11320754716981, "cnt": 53}, "LOGICA, ARGUMENTARE SI COMUNICARE": {"medie": 8.594444444444445, "reusita": 88.88888888888889, "cnt": 9}, "MATEMATICA MATE-INFO": {"medie": 7.961538461538463, "reusita": 100.0, "cnt": 26}, "INFORMATICA MI C/C++": {"medie": 9.308333333333334, "reusita": 100.0, "cnt": 6}, "GEOGRAFIE": {"medie": 8.278823529411767, "reusita": 100.0, "cnt": 85}, "ANATOMIE SI FIZIOLOGIE UMANA, GENETICA SI ECOLOGIE UMANA": {"medie": 8.600000000000003, "reusita": 100.0, "cnt": 40}, "MATEMATICA PED": {"medie": 6.6235294117647046, "reusita": 90.19607843137256, "cnt": 51}, "SOCIOLOGIE": {"medie": 8.825, "reusita": 100.0, "cnt": 4}, "PSIHOLOGIE": {"medie": 8.1, "reusita": 100.0, "cnt": 5}, "LIMBA MAGHIARA (UMAN)": {"medie": 6.6000000000000005, "reusita": 100.0, "cnt": 18}, "FILOSOFIE": {"medie": 8.95, "reusita": 100.0, "cnt": 1}}, "nume": "COLEGIUL NATIONAL \"IOSIF VULCAN\" ORADEA\tBihor"}