{"specializari": {"STIINTE ALE NATURII": 74, "STIINTE SOCIALE": 95, "FILOLOGIE": 66, "MATEMATICA-INFORMATICA": 28}, "limba_moderna": {"LIMBA ENGLEZA": 234, "LIMBA FRANCEZA": 29}, "limba_materna": {"LIMBA ROMANA": 263}, "promotie_anterioara": {"NU": 247, "DA": 16}, "materii": {"LIMBA ROMANA": {"medie": 7.544423076923074, "reusita": 90.49429657794677, "cnt": 263}, "BIOLOGIE VEGETALA SI ANIMALA": {"medie": 6.05, "reusita": 100.0, "cnt": 1}, "GENERAL": {"medie": 7.658172458172457, "reusita": 81.74904942965779, "cnt": 263}, "MATEMATICA ST-NAT": {"medie": 7.430555555555559, "reusita": 82.43243243243244, "cnt": 74}, "CHIMIE ORGANICA TEO NIVEL I/II": {"medie": 8.965, "reusita": 100.0, "cnt": 10}, "INFORMATICA SN C/C++": {"medie": 9.4, "reusita": 100.0, "cnt": 1}, "ISTORIE": {"medie": 6.709375000000001, "reusita": 93.16770186335404, "cnt": 161}, "LOGICA, ARGUMENTARE SI COMUNICARE": {"medie": 8.74722222222222, "reusita": 100.0, "cnt": 18}, "MATEMATICA MATE-INFO": {"medie": 8.476785714285715, "reusita": 100.0, "cnt": 28}, "INFORMATICA MI C/C++": {"medie": 8.133333333333335, "reusita": 100.0, "cnt": 6}, "GEOGRAFIE": {"medie": 8.612087912087915, "reusita": 100.0, "cnt": 91}, "ANATOMIE SI FIZIOLOGIE UMANA, GENETICA SI ECOLOGIE UMANA": {"medie": 8.025949367088607, "reusita": 93.90243902439023, "cnt": 82}, "FIZICA TEO": {"medie": 8.225000000000001, "reusita": 100.0, "cnt": 2}, "SOCIOLOGIE": {"medie": 8.072340425531914, "reusita": 95.83333333333334, "cnt": 48}, "ECONOMIE": {"medie": 8.2, "reusita": 100.0, "cnt": 1}, "FILOSOFIE": {"medie": 6.916666666666667, "reusita": 100.0, "cnt": 3}}, "nume": "COLEGIUL NATIONAL \"GRIGORE GHICA\" DOROHOI\tBoto\u0219ani"}