{"specializari": {"STIINTE ALE NATURII": 34, "STIINTE SOCIALE": 37, "FILOLOGIE": 67, "LICEU CU PROGRAM SPORTIV": 36, "MATEMATICA-INFORMATICA": 140}, "limba_moderna": {"LIMBA ENGLEZA": 279, "LIMBA FRANCEZA": 23, "LIMBA SPANIOLA": 9, "LIMBA GERMANA MODERNA": 3}, "limba_materna": {"LIMBA ROMANA": 314}, "promotie_anterioara": {"NU": 307, "DA": 7}, "materii": {"LIMBA ROMANA": {"medie": 8.542332268370602, "reusita": 99.04458598726114, "cnt": 314}, "BIOLOGIE VEGETALA SI ANIMALA": {"medie": 8.484375000000002, "reusita": 100.0, "cnt": 32}, "GENERAL": {"medie": 8.691001064962732, "reusita": 97.45222929936305, "cnt": 314}, "MATEMATICA ST-NAT": {"medie": 8.633823529411766, "reusita": 100.0, "cnt": 34}, "CHIMIE ORGANICA TEO NIVEL I/II": {"medie": 8.558823529411763, "reusita": 100.0, "cnt": 34}, "ISTORIE": {"medie": 7.7746428571428625, "reusita": 99.28571428571429, "cnt": 140}, "LOGICA, ARGUMENTARE SI COMUNICARE": {"medie": 8.943939393939395, "reusita": 98.98989898989899, "cnt": 99}, "MATEMATICA MATE-INFO": {"medie": 9.476785714285715, "reusita": 100.0, "cnt": 140}, "INFORMATICA MI C/C++": {"medie": 9.381944444444445, "reusita": 100.0, "cnt": 36}, "GEOGRAFIE": {"medie": 8.626923076923077, "reusita": 96.15384615384616, "cnt": 26}, "ANATOMIE SI FIZIOLOGIE UMANA, GENETICA SI ECOLOGIE UMANA": {"medie": 8.641666666666667, "reusita": 100.0, "cnt": 12}, "FIZICA TEO": {"medie": 9.231372549019605, "reusita": 100.0, "cnt": 51}, "CHIMIE ANORGANICA TEO NIVEL I/II": {"medie": 8.833333333333334, "reusita": 100.0, "cnt": 3}, "PSIHOLOGIE": {"medie": 8.042857142857143, "reusita": 100.0, "cnt": 7}, "ECONOMIE": {"medie": 8.635714285714288, "reusita": 100.0, "cnt": 7}, "INFORMATICA MI PASCAL": {"medie": 9.5, "reusita": 100.0, "cnt": 6}, "FILOSOFIE": {"medie": 8.0, "reusita": 100.0, "cnt": 1}}, "nume": "COLEGIUL NATIONAL \"MIHAI VITEAZUL\", MUNICIPIUL PLOIESTI\tPrahova"}