{"specializari": {"FILOLOGIE": 137, "MATEMATICA-INFORMATICA": 84}, "limba_moderna": {"LIMBA ENGLEZA": 170, "LIMBA FRANCEZA": 51}, "limba_materna": {"LIMBA ROMANA": 221}, "promotie_anterioara": {"NU": 205, "DA": 16}, "materii": {"LIMBA ROMANA": {"medie": 8.195927601809956, "reusita": 99.5475113122172, "cnt": 221}, "BIOLOGIE VEGETALA SI ANIMALA": {"medie": 6.781818181818181, "reusita": 83.33333333333334, "cnt": 12}, "GENERAL": {"medie": 7.956468797564685, "reusita": 92.76018099547511, "cnt": 221}, "CHIMIE ORGANICA TEO NIVEL I/II": {"medie": 8.511111111111111, "reusita": 100.0, "cnt": 9}, "ISTORIE": {"medie": 7.507299270072991, "reusita": 97.8102189781022, "cnt": 137}, "LOGICA, ARGUMENTARE SI COMUNICARE": {"medie": 8.440909090909091, "reusita": 100.0, "cnt": 11}, "MATEMATICA MATE-INFO": {"medie": 7.9160714285714295, "reusita": 98.80952380952381, "cnt": 84}, "INFORMATICA MI C/C++": {"medie": 7.550000000000002, "reusita": 100.0, "cnt": 17}, "GEOGRAFIE": {"medie": 8.210975609756096, "reusita": 100.0, "cnt": 41}, "ANATOMIE SI FIZIOLOGIE UMANA, GENETICA SI ECOLOGIE UMANA": {"medie": 8.464062500000002, "reusita": 100.0, "cnt": 32}, "FIZICA TEO": {"medie": 7.278571428571429, "reusita": 92.85714285714286, "cnt": 14}, "SOCIOLOGIE": {"medie": 7.710169491525424, "reusita": 96.66666666666667, "cnt": 60}, "PSIHOLOGIE": {"medie": 7.991666666666667, "reusita": 100.0, "cnt": 6}, "ECONOMIE": {"medie": 8.999999999999998, "reusita": 100.0, "cnt": 8}, "FILOSOFIE": {"medie": 8.100000000000001, "reusita": 100.0, "cnt": 11}}, "nume": "COLEGIUL NATIONAL \"SCOALA CENTRALA\"\tBucure\u0219ti"}