{"specializari": {"TEHNICIAN IN AUTOMATIZARI": 44, "MATEMATICA-INFORMATICA": 128, "STIINTE ALE NATURII": 34, "TEHNICIAN MECATRONIST": 91, "TEHNICIAN MECANIC PENTRU INTRETINERE SI REPARATII": 27, "TEHNICIAN DE TELECOMUNICATII": 31}, "limba_moderna": {"LIMBA FRANCEZA": 38, "LIMBA ENGLEZA": 317}, "limba_materna": {"LIMBA ROMANA": 355}, "promotie_anterioara": {"NU": 314, "DA": 41}, "materii": {"LIMBA ROMANA": {"medie": 7.2641643059490075, "reusita": 98.59154929577466, "cnt": 355}, "MATEMATICA TEHN": {"medie": 7.0318421052631574, "reusita": 87.56476683937824, "cnt": 193}, "BIOLOGIE VEGETALA SI ANIMALA": {"medie": 6.624170616113742, "reusita": 80.37383177570094, "cnt": 214}, "GENERAL": {"medie": 7.139506172839512, "reusita": 78.0281690140845, "cnt": 355}, "MATEMATICA ST-NAT": {"medie": 8.030882352941175, "reusita": 97.05882352941177, "cnt": 34}, "CHIMIE ORGANICA TEO NIVEL I/II": {"medie": 7.429687500000001, "reusita": 96.875, "cnt": 32}, "MATEMATICA MATE-INFO": {"medie": 7.519921874999998, "reusita": 97.65625, "cnt": 128}, "INFORMATICA MI C/C++": {"medie": 8.48125, "reusita": 100.0, "cnt": 8}, "ANATOMIE SI FIZIOLOGIE UMANA, GENETICA SI ECOLOGIE UMANA": {"medie": 7.68157894736842, "reusita": 94.73684210526315, "cnt": 19}, "FIZICA TEO": {"medie": 6.673684210526315, "reusita": 94.73684210526315, "cnt": 19}, "FIZICA TEH": {"medie": 6.996296296296297, "reusita": 88.88888888888889, "cnt": 27}, "CHIMIE ANORGANICA TEO NIVEL I/II": {"medie": 6.866666666666667, "reusita": 100.0, "cnt": 9}, "CHIMIE ANORGANICA TEH NIVEL I/II": {"medie": 4.7, "reusita": 40.0, "cnt": 5}, "INFORMATICA MI PASCAL": {"medie": 6.8925, "reusita": 95.0, "cnt": 20}, "CHIMIE ORGANICA TEH NIVEL I/II": {"medie": 5.975, "reusita": 50.0, "cnt": 2}}, "nume": "COLEGIUL \"SPIRU HARET\", MUNICIPIUL PLOIESTI\tPrahova"}