{"specializari": {"MATEMATICA-INFORMATICA": 115, "STIINTE ALE NATURII": 92, "STIINTE SOCIALE": 34, "FILOLOGIE": 34}, "limba_moderna": {"LIMBA ENGLEZA": 225, "LIMBA FRANCEZA": 41, "LIMBA GERMANA MODERNA": 1, "LIMBA SPANIOLA": 8}, "limba_materna": {"LIMBA ROMANA": 275}, "promotie_anterioara": {"NU": 271, "DA": 4}, "materii": {"LIMBA ROMANA": {"medie": 7.394545454545456, "reusita": 99.63636363636364, "cnt": 275}, "BIOLOGIE VEGETALA SI ANIMALA": {"medie": 8.234, "reusita": 100.0, "cnt": 25}, "GENERAL": {"medie": 7.924969696969704, "reusita": 95.63636363636364, "cnt": 275}, "MATEMATICA ST-NAT": {"medie": 7.635326086956521, "reusita": 95.65217391304348, "cnt": 92}, "CHIMIE ORGANICA TEO NIVEL I/II": {"medie": 8.666666666666666, "reusita": 100.0, "cnt": 6}, "INFORMATICA SN C/C++": {"medie": 8.183333333333334, "reusita": 100.0, "cnt": 6}, "ISTORIE": {"medie": 7.688970588235293, "reusita": 100.0, "cnt": 68}, "LOGICA, ARGUMENTARE SI COMUNICARE": {"medie": 9.124999999999998, "reusita": 100.0, "cnt": 22}, "MATEMATICA MATE-INFO": {"medie": 8.208260869565219, "reusita": 99.1304347826087, "cnt": 115}, "INFORMATICA MI C/C++": {"medie": 8.101219512195122, "reusita": 100.0, "cnt": 41}, "GEOGRAFIE": {"medie": 8.81904761904762, "reusita": 100.0, "cnt": 21}, "ANATOMIE SI FIZIOLOGIE UMANA, GENETICA SI ECOLOGIE UMANA": {"medie": 8.483333333333333, "reusita": 100.0, "cnt": 102}, "FIZICA TEO": {"medie": 8.605555555555556, "reusita": 100.0, "cnt": 27}, "SOCIOLOGIE": {"medie": 8.683333333333334, "reusita": 100.0, "cnt": 18}, "PSIHOLOGIE": {"medie": 7.6, "reusita": 100.0, "cnt": 1}, "ECONOMIE": {"medie": 8.125, "reusita": 100.0, "cnt": 6}}, "nume": "COLEGIUL NATIONAL \"ALEXANDRU ODOBESCU\"\tArge\u0219"}