{"specializari": {"STIINTE ALE NATURII": 27, "MATEMATICA-INFORMATICA": 29, "TEHNICIAN IN ACTIVITATI ECONOMICE": 28, "FILOLOGIE": 29}, "limba_moderna": {"LIMBA ENGLEZA": 108, "LIMBA GERMANA MODERNA": 5}, "limba_materna": {"LIMBA MAGHIARA": 113}, "promotie_anterioara": {"NU": 108, "DA": 5}, "materii": {"LIMBA ROMANA": {"medie": 7.232300884955753, "reusita": 95.57522123893806, "cnt": 113}, "MATEMATICA TEHN": {"medie": 7.916071428571427, "reusita": 96.42857142857143, "cnt": 28}, "BIOLOGIE VEGETALA SI ANIMALA": {"medie": 7.606896551724139, "reusita": 96.55172413793103, "cnt": 29}, "GENERAL": {"medie": 7.528650442477879, "reusita": 86.72566371681415, "cnt": 113}, "MATEMATICA ST-NAT": {"medie": 6.870370370370369, "reusita": 96.29629629629629, "cnt": 27}, "ISTORIE": {"medie": 7.267241379310346, "reusita": 100.0, "cnt": 29}, "MATEMATICA MATE-INFO": {"medie": 8.972413793103446, "reusita": 100.0, "cnt": 29}, "INFORMATICA MI C/C++": {"medie": 9.059999999999999, "reusita": 100.0, "cnt": 5}, "GEOGRAFIE": {"medie": 7.5739583333333345, "reusita": 93.75, "cnt": 48}, "ANATOMIE SI FIZIOLOGIE UMANA, GENETICA SI ECOLOGIE UMANA": {"medie": 8.655555555555555, "reusita": 100.0, "cnt": 18}, "FIZICA TEO": {"medie": 9.4875, "reusita": 100.0, "cnt": 4}, "SOCIOLOGIE": {"medie": 8.1, "reusita": 100.0, "cnt": 2}, "PSIHOLOGIE": {"medie": 6.183333333333334, "reusita": 100.0, "cnt": 6}, "ECONOMIE": {"medie": 7.95, "reusita": 100.0, "cnt": 1}, "LIMBA MAGHIARA (REAL)": {"medie": 7.204761904761901, "reusita": 94.04761904761905, "cnt": 84}, "LIMBA MAGHIARA (UMAN)": {"medie": 7.5155172413793085, "reusita": 96.55172413793103, "cnt": 29}}, "nume": "COLEGIUL NATIONAL \"APRILY LAJOS\" BRASOV\tBra\u0219ov"}