{"specializari": {"MATEMATICA-INFORMATICA": 123, "FILOLOGIE": 102, "STIINTE ALE NATURII": 36}, "limba_moderna": {"LIMBA ENGLEZA": 241, "LIMBA FRANCEZA": 20}, "limba_materna": {"LIMBA ROMANA": 261}, "promotie_anterioara": {"NU": 243, "DA": 18}, "materii": {"LIMBA ROMANA": {"medie": 6.703696498054474, "reusita": 93.86973180076629, "cnt": 261}, "BIOLOGIE VEGETALA SI ANIMALA": {"medie": 8.3, "reusita": 100.0, "cnt": 2}, "GENERAL": {"medie": 7.246419270833335, "reusita": 81.99233716475096, "cnt": 261}, "MATEMATICA ST-NAT": {"medie": 7.284722222222224, "reusita": 94.44444444444444, "cnt": 36}, "CHIMIE ORGANICA TEO NIVEL I/II": {"medie": 7.258333333333333, "reusita": 83.33333333333334, "cnt": 12}, "ISTORIE": {"medie": 7.461881188118813, "reusita": 98.0392156862745, "cnt": 102}, "LOGICA, ARGUMENTARE SI COMUNICARE": {"medie": 7.525, "reusita": 100.0, "cnt": 8}, "MATEMATICA MATE-INFO": {"medie": 6.562809917355373, "reusita": 85.36585365853658, "cnt": 123}, "INFORMATICA MI C/C++": {"medie": 7.424999999999999, "reusita": 100.0, "cnt": 16}, "GEOGRAFIE": {"medie": 8.74642857142857, "reusita": 98.82352941176471, "cnt": 85}, "ANATOMIE SI FIZIOLOGIE UMANA, GENETICA SI ECOLOGIE UMANA": {"medie": 7.647580645161289, "reusita": 95.2755905511811, "cnt": 127}, "FIZICA TEO": {"medie": 8.85, "reusita": 100.0, "cnt": 2}, "SOCIOLOGIE": {"medie": 8.774999999999999, "reusita": 100.0, "cnt": 2}, "PSIHOLOGIE": {"medie": 6.175, "reusita": 50.0, "cnt": 2}, "ECONOMIE": {"medie": 7.58, "reusita": 100.0, "cnt": 5}}, "nume": "COLEGIUL NATIONAL \"CALISTRAT HOGAS\", LOCALITATEA TECUCI\tGala\u021bi"}