{"specializari": {"MATEMATICA-INFORMATICA": 114, "STIINTE SOCIALE": 67, "STIINTE ALE NATURII": 52, "FILOLOGIE": 80}, "limba_moderna": {"LIMBA FRANCEZA": 33, "LIMBA ENGLEZA": 280}, "limba_materna": {"LIMBA ROMANA": 313}, "promotie_anterioara": {"NU": 310, "DA": 3}, "materii": {"LIMBA ROMANA": {"medie": 8.438263665594862, "reusita": 99.36102236421725, "cnt": 313}, "GENERAL": {"medie": 8.389710610932475, "reusita": 96.80511182108627, "cnt": 313}, "MATEMATICA ST-NAT": {"medie": 8.752884615384614, "reusita": 100.0, "cnt": 52}, "CHIMIE ORGANICA TEO NIVEL I/II": {"medie": 8.683333333333334, "reusita": 100.0, "cnt": 15}, "ISTORIE": {"medie": 7.329999999999999, "reusita": 97.27891156462584, "cnt": 147}, "LOGICA, ARGUMENTARE SI COMUNICARE": {"medie": 8.829591836734691, "reusita": 97.97979797979798, "cnt": 99}, "MATEMATICA MATE-INFO": {"medie": 8.632456140350877, "reusita": 99.12280701754386, "cnt": 114}, "INFORMATICA MI C/C++": {"medie": 8.239655172413793, "reusita": 96.55172413793103, "cnt": 29}, "GEOGRAFIE": {"medie": 8.447368421052634, "reusita": 97.36842105263158, "cnt": 38}, "ANATOMIE SI FIZIOLOGIE UMANA, GENETICA SI ECOLOGIE UMANA": {"medie": 8.805494505494503, "reusita": 100.0, "cnt": 91}, "FIZICA TEO": {"medie": 8.746296296296295, "reusita": 100.0, "cnt": 27}, "SOCIOLOGIE": {"medie": 9.55, "reusita": 100.0, "cnt": 1}, "CHIMIE ANORGANICA TEO NIVEL I/II": {"medie": 8.15, "reusita": 100.0, "cnt": 4}, "PSIHOLOGIE": {"medie": 7.55, "reusita": 100.0, "cnt": 5}, "ECONOMIE": {"medie": 9.45, "reusita": 75.0, "cnt": 4}}, "nume": "COLEGIUL NATIONAL \"A.T.LAURIAN\" BOTOSANI\tBoto\u0219ani"}