{"specializari": {"TEHNICIAN DE TELECOMUNICATII": 107, "ARHITECTURA, ARTE AMBIENTALE SI DESIGN": 52, "TEHNICIAN OPERATOR TEHNICA DE CALCUL": 28, "TEHNICIAN DESIGNER MOBILA SI AMENAJARI INTERIOARE": 17, "TEHNICIAN DESENATOR PENTRU CONSTRUCTII SI INSTALATII": 40, "TEHNICIAN IN PRELUCRAREA LEMNULUI": 1}, "limba_moderna": {"LIMBA ENGLEZA": 231, "LIMBA GERMANA MODERNA": 2, "LIMBA FRANCEZA": 12}, "limba_materna": {"LIMBA ROMANA": 245}, "promotie_anterioara": {"NU": 185, "DA": 60}, "materii": {"LIMBA ROMANA": {"medie": 6.311538461538466, "reusita": 84.89795918367346, "cnt": 245}, "MATEMATICA TEHN": {"medie": 5.924571428571427, "reusita": 67.87564766839378, "cnt": 193}, "BIOLOGIE VEGETALA SI ANIMALA": {"medie": 5.322891566265061, "reusita": 55.73770491803278, "cnt": 183}, "GENERAL": {"medie": 6.027677224736049, "reusita": 45.714285714285715, "cnt": 245}, "ISTORIE": {"medie": 6.325000000000001, "reusita": 86.53846153846155, "cnt": 52}, "LOGICA, ARGUMENTARE SI COMUNICARE": {"medie": 5.616666666666666, "reusita": 42.857142857142854, "cnt": 7}, "GEOGRAFIE": {"medie": 8.527083333333332, "reusita": 100.0, "cnt": 24}, "FIZICA TEH": {"medie": 5.319999999999999, "reusita": 70.0, "cnt": 10}, "PSIHOLOGIE": {"medie": 4.047222222222221, "reusita": 26.31578947368421, "cnt": 19}, "ECONOMIE": {"medie": 7.05, "reusita": 100.0, "cnt": 1}, "FILOSOFIE": {"medie": 5.15, "reusita": 100.0, "cnt": 1}}, "nume": "COLEGIUL TEHNIC \"ION MINCU\" MUN.TIMISOARA\tTimi\u0219"}