{"specializari": {"MUZICA": 68, "ARTA ACTORULUI": 35}, "limba_moderna": {"LIMBA ENGLEZA": 101, "LIMBA FRANCEZA": 2}, "limba_materna": {"LIMBA ROMANA": 103}, "promotie_anterioara": {"NU": 94, "DA": 9}, "materii": {"LIMBA ROMANA": {"medie": 7.07156862745098, "reusita": 90.29126213592234, "cnt": 103}, "GENERAL": {"medie": 7.323, "reusita": 75.72815533980582, "cnt": 103}, "ISTORIE": {"medie": 6.850495049504952, "reusita": 90.29126213592234, "cnt": 103}, "LOGICA, ARGUMENTARE SI COMUNICARE": {"medie": 8.757407407407406, "reusita": 96.29629629629629, "cnt": 27}, "GEOGRAFIE": {"medie": 7.735416666666669, "reusita": 93.24324324324324, "cnt": 74}, "PSIHOLOGIE": {"medie": 6.05, "reusita": 100.0, "cnt": 1}, "FILOSOFIE": {"medie": 6.1, "reusita": 100.0, "cnt": 1}}, "nume": "COLEGIUL NATIONAL DE ARTE \"DINU LIPATTI\"\tBucure\u0219ti"}