{"specializari": {"MATEMATICA-INFORMATICA": 172, "STIINTE SOCIALE": 1}, "limba_moderna": {"LIMBA ENGLEZA": 167, "LIMBA FRANCEZA": 6}, "limba_materna": {"LIMBA ROMANA": 173}, "promotie_anterioara": {"NU": 166, "DA": 7}, "materii": {"LIMBA ROMANA": {"medie": 7.924855491329475, "reusita": 100.0, "cnt": 173}, "BIOLOGIE VEGETALA SI ANIMALA": {"medie": 8.507142857142858, "reusita": 100.0, "cnt": 7}, "GENERAL": {"medie": 8.14796511627907, "reusita": 95.37572254335261, "cnt": 173}, "CHIMIE ORGANICA TEO NIVEL I/II": {"medie": 7.890000000000001, "reusita": 80.0, "cnt": 5}, "ISTORIE": {"medie": 5.2, "reusita": 100.0, "cnt": 1}, "MATEMATICA MATE-INFO": {"medie": 8.472807017543861, "reusita": 99.4186046511628, "cnt": 172}, "INFORMATICA MI C/C++": {"medie": 8.364583333333336, "reusita": 98.61111111111111, "cnt": 72}, "GEOGRAFIE": {"medie": 7.4, "reusita": 100.0, "cnt": 1}, "ANATOMIE SI FIZIOLOGIE UMANA, GENETICA SI ECOLOGIE UMANA": {"medie": 7.778985507246375, "reusita": 98.55072463768117, "cnt": 69}, "FIZICA TEO": {"medie": 7.847368421052633, "reusita": 94.73684210526315, "cnt": 19}}, "nume": "COLEGIUL NATIONAL DE INFORMATICA, MUNICIPIUL PIATRA-NEAMT\tNeam\u021b"}