{"specializari": {"FILOLOGIE": 69, "MATEMATICA-INFORMATICA": 106, "STIINTE ALE NATURII": 29, "STIINTE SOCIALE": 34}, "limba_moderna": {"LIMBA ENGLEZA": 208, "LIMBA FRANCEZA": 10, "LIMBA SPANIOLA": 19, "LIMBA GERMANA MODERNA": 1}, "limba_materna": {"LIMBA ROMANA": 238}, "promotie_anterioara": {"NU": 230, "DA": 8}, "materii": {"LIMBA ROMANA": {"medie": 8.301687763713078, "reusita": 99.15966386554622, "cnt": 238}, "BIOLOGIE VEGETALA SI ANIMALA": {"medie": 9.475000000000001, "reusita": 100.0, "cnt": 2}, "GENERAL": {"medie": 8.274402250351612, "reusita": 93.69747899159664, "cnt": 238}, "MATEMATICA ST-NAT": {"medie": 7.141379310344826, "reusita": 93.10344827586206, "cnt": 29}, "CHIMIE ORGANICA TEO NIVEL I/II": {"medie": 8.451923076923077, "reusita": 100.0, "cnt": 26}, "ISTORIE": {"medie": 8.055392156862746, "reusita": 99.02912621359224, "cnt": 103}, "LOGICA, ARGUMENTARE SI COMUNICARE": {"medie": 8.700000000000001, "reusita": 100.0, "cnt": 3}, "MATEMATICA MATE-INFO": {"medie": 8.826415094339627, "reusita": 99.05660377358491, "cnt": 106}, "INFORMATICA MI C/C++": {"medie": 8.677272727272728, "reusita": 100.0, "cnt": 11}, "GEOGRAFIE": {"medie": 8.455681818181818, "reusita": 98.86363636363636, "cnt": 88}, "ANATOMIE SI FIZIOLOGIE UMANA, GENETICA SI ECOLOGIE UMANA": {"medie": 7.482786885245902, "reusita": 96.72131147540983, "cnt": 61}, "FIZICA TEO": {"medie": 8.5734375, "reusita": 96.875, "cnt": 32}, "SOCIOLOGIE": {"medie": "-", "reusita": 0.0, "cnt": 1}, "PSIHOLOGIE": {"medie": 8.283333333333333, "reusita": 100.0, "cnt": 6}, "ECONOMIE": {"medie": 9.64, "reusita": 100.0, "cnt": 5}, "INFORMATICA MI PASCAL": {"medie": 6.066666666666666, "reusita": 100.0, "cnt": 3}}, "nume": "COLEGIUL NATIONAL \"GHEORGHE TITEICA\"\tMehedin\u021bi"}