{"specializari": {"STIINTE ALE NATURII": 95, "MATEMATICA-INFORMATICA": 62, "STIINTE SOCIALE": 33, "FILOLOGIE": 63}, "limba_moderna": {"LIMBA ENGLEZA": 242, "LIMBA FRANCEZA": 10, "LIMBA RUSA": 1}, "limba_materna": {"LIMBA ROMANA": 253}, "promotie_anterioara": {"NU": 252, "DA": 1}, "materii": {"LIMBA ROMANA": {"medie": 7.80535714285714, "reusita": 98.02371541501977, "cnt": 253}, "GENERAL": {"medie": 8.188333333333333, "reusita": 94.0711462450593, "cnt": 253}, "MATEMATICA ST-NAT": {"medie": 8.784042553191489, "reusita": 98.94736842105263, "cnt": 95}, "CHIMIE ORGANICA TEO NIVEL I/II": {"medie": 9.19032258064516, "reusita": 100.0, "cnt": 31}, "ISTORIE": {"medie": 7.626562500000002, "reusita": 98.95833333333334, "cnt": 96}, "LOGICA, ARGUMENTARE SI COMUNICARE": {"medie": 8.752631578947367, "reusita": 100.0, "cnt": 19}, "MATEMATICA MATE-INFO": {"medie": 7.916935483870968, "reusita": 93.54838709677419, "cnt": 62}, "INFORMATICA MI C/C++": {"medie": 9.326315789473684, "reusita": 100.0, "cnt": 19}, "GEOGRAFIE": {"medie": 8.371527777777779, "reusita": 98.63013698630137, "cnt": 73}, "ANATOMIE SI FIZIOLOGIE UMANA, GENETICA SI ECOLOGIE UMANA": {"medie": 8.773563218390805, "reusita": 98.86363636363636, "cnt": 88}, "FIZICA TEO": {"medie": 8.8125, "reusita": 100.0, "cnt": 4}, "SOCIOLOGIE": {"medie": 9.4, "reusita": 100.0, "cnt": 1}, "CHIMIE ANORGANICA TEO NIVEL I/II": {"medie": 6.293333333333334, "reusita": 86.66666666666667, "cnt": 15}, "PSIHOLOGIE": {"medie": 8.433333333333334, "reusita": 100.0, "cnt": 3}}, "nume": "COLEGIUL NATIONAL \"MIHAIL SADOVEANU\", PASCANI\tIa\u0219i"}