{"specializari": {"MATEMATICA-INFORMATICA": 178, "STIINTE ALE NATURII": 69, "FILOLOGIE": 67}, "limba_moderna": {"LIMBA ENGLEZA": 287, "LIMBA FRANCEZA": 27}, "limba_materna": {"LIMBA ROMANA": 314}, "promotie_anterioara": {"NU": 310, "DA": 4}, "materii": {"LIMBA ROMANA": {"medie": 8.691373801916933, "reusita": 99.68152866242038, "cnt": 314}, "BIOLOGIE VEGETALA SI ANIMALA": {"medie": 8.980821917808221, "reusita": 98.63013698630137, "cnt": 73}, "GENERAL": {"medie": 8.948881789137376, "reusita": 98.40764331210191, "cnt": 314}, "MATEMATICA ST-NAT": {"medie": 8.906521739130433, "reusita": 100.0, "cnt": 69}, "CHIMIE ORGANICA TEO NIVEL I/II": {"medie": 8.948666666666668, "reusita": 100.0, "cnt": 75}, "ISTORIE": {"medie": 8.95820895522388, "reusita": 100.0, "cnt": 67}, "LOGICA, ARGUMENTARE SI COMUNICARE": {"medie": 9.260227272727272, "reusita": 100.0, "cnt": 44}, "MATEMATICA MATE-INFO": {"medie": 9.216573033707862, "reusita": 99.43820224719101, "cnt": 178}, "INFORMATICA MI C/C++": {"medie": 9.073333333333332, "reusita": 100.0, "cnt": 15}, "GEOGRAFIE": {"medie": 9.106666666666666, "reusita": 100.0, "cnt": 15}, "ANATOMIE SI FIZIOLOGIE UMANA, GENETICA SI ECOLOGIE UMANA": {"medie": 9.138888888888891, "reusita": 100.0, "cnt": 9}, "FIZICA TEO": {"medie": 9.254838709677419, "reusita": 98.38709677419355, "cnt": 62}, "CHIMIE ANORGANICA TEO NIVEL I/II": {"medie": 8.492307692307692, "reusita": 100.0, "cnt": 13}, "PSIHOLOGIE": {"medie": 7.266666666666666, "reusita": 100.0, "cnt": 3}, "ECONOMIE": {"medie": 8.3125, "reusita": 100.0, "cnt": 4}, "FILOSOFIE": {"medie": 10.0, "reusita": 100.0, "cnt": 1}}, "nume": "COLEGIUL NATIONAL \"ION LUCA CARAGIALE\", MUNICIPIUL PLOIESTI\tPrahova"}