{"specializari": {"STIINTE SOCIALE": 37, "STIINTE ALE NATURII": 33, "MATEMATICA-INFORMATICA": 106, "FILOLOGIE": 69}, "limba_moderna": {"LIMBA ENGLEZA": 236, "LIMBA FRANCEZA": 9}, "limba_materna": {"LIMBA ROMANA": 245}, "promotie_anterioara": {"NU": 242, "DA": 3}, "materii": {"LIMBA ROMANA": {"medie": 8.731020408163262, "reusita": 100.0, "cnt": 245}, "BIOLOGIE VEGETALA SI ANIMALA": {"medie": 8.075, "reusita": 92.85714285714286, "cnt": 14}, "GENERAL": {"medie": 8.743673469387756, "reusita": 97.95918367346938, "cnt": 245}, "MATEMATICA ST-NAT": {"medie": 8.604545454545454, "reusita": 100.0, "cnt": 33}, "CHIMIE ORGANICA TEO NIVEL I/II": {"medie": 8.918965517241379, "reusita": 100.0, "cnt": 29}, "ISTORIE": {"medie": 8.295283018867929, "reusita": 100.0, "cnt": 106}, "MATEMATICA MATE-INFO": {"medie": 8.985377358490565, "reusita": 97.16981132075472, "cnt": 106}, "INFORMATICA MI C/C++": {"medie": 8.488888888888889, "reusita": 100.0, "cnt": 18}, "GEOGRAFIE": {"medie": 8.823888888888886, "reusita": 100.0, "cnt": 90}, "ANATOMIE SI FIZIOLOGIE UMANA, GENETICA SI ECOLOGIE UMANA": {"medie": 9.022368421052633, "reusita": 100.0, "cnt": 38}, "FIZICA TEO": {"medie": 9.544871794871794, "reusita": 100.0, "cnt": 39}, "CHIMIE ANORGANICA TEO NIVEL I/II": {"medie": 6.9, "reusita": 100.0, "cnt": 1}, "PSIHOLOGIE": {"medie": 7.887499999999999, "reusita": 100.0, "cnt": 8}, "ECONOMIE": {"medie": 8.866666666666667, "reusita": 100.0, "cnt": 6}, "FILOSOFIE": {"medie": 7.425000000000001, "reusita": 100.0, "cnt": 2}}, "nume": "COLEGIUL NATIONAL \"IENACHITA VACARESCU\" TARGOVISTE\tD\u00e2mbovi\u021ba"}