{"specializari": {"FILOLOGIE": 37, "MATEMATICA-INFORMATICA": 32, "STIINTE SOCIALE": 38, "STIINTE ALE NATURII": 53, "TEHNICIAN IN ACTIVITATI ECONOMICE": 56}, "limba_moderna": {"LIMBA ENGLEZA": 195, "LIMBA FRANCEZA": 21}, "limba_materna": {"LIMBA ROMANA": 216}, "promotie_anterioara": {"NU": 207, "DA": 9}, "materii": {"LIMBA ROMANA": {"medie": 7.820853080568726, "reusita": 95.83333333333334, "cnt": 216}, "MATEMATICA TEHN": {"medie": 9.176785714285716, "reusita": 100.0, "cnt": 56}, "GENERAL": {"medie": 8.028285256410259, "reusita": 89.35185185185185, "cnt": 216}, "MATEMATICA ST-NAT": {"medie": 7.078846153846154, "reusita": 90.56603773584906, "cnt": 53}, "CHIMIE ORGANICA TEO NIVEL I/II": {"medie": 7.566666666666667, "reusita": 100.0, "cnt": 3}, "ISTORIE": {"medie": 7.352816901408452, "reusita": 94.66666666666667, "cnt": 75}, "LOGICA, ARGUMENTARE SI COMUNICARE": {"medie": 8.547777777777778, "reusita": 91.83673469387756, "cnt": 49}, "MATEMATICA MATE-INFO": {"medie": 9.458064516129033, "reusita": 96.875, "cnt": 32}, "INFORMATICA MI C/C++": {"medie": 9.233333333333334, "reusita": 100.0, "cnt": 3}, "GEOGRAFIE": {"medie": 8.272222222222222, "reusita": 100.0, "cnt": 81}, "ANATOMIE SI FIZIOLOGIE UMANA, GENETICA SI ECOLOGIE UMANA": {"medie": 7.892391304347829, "reusita": 97.82608695652173, "cnt": 46}, "FIZICA TEO": {"medie": 8.067857142857141, "reusita": 92.85714285714286, "cnt": 14}, "CHIMIE ANORGANICA TEO NIVEL I/II": {"medie": 7.122222222222222, "reusita": 89.47368421052632, "cnt": 19}, "PSIHOLOGIE": {"medie": 7.2, "reusita": 100.0, "cnt": 1}}, "nume": "COLEGIUL NATIONAL \"STEFAN CEL MARE\", HARLAU\tIa\u0219i"}