{"specializari": {"TEHNICIAN IN ACTIVITATI ECONOMICE": 133, "TEHNICIAN IN GASTRONOMIE": 20, "TEHNICIAN IN ACTIVITATI DE COMERT": 19, "TEHNICIAN IN TURISM": 24, "TEHNICIAN IN ADMINISTRATIE": 20}, "limba_moderna": {"LIMBA ENGLEZA": 184, "LIMBA FRANCEZA": 32}, "limba_materna": {"LIMBA ROMANA": 216}, "promotie_anterioara": {"NU": 207, "DA": 9}, "materii": {"LIMBA ROMANA": {"medie": 7.743981481481484, "reusita": 98.61111111111111, "cnt": 216}, "MATEMATICA TEHN": {"medie": 8.279861111111117, "reusita": 98.14814814814815, "cnt": 216}, "GENERAL": {"medie": 8.097993827160497, "reusita": 93.51851851851852, "cnt": 216}, "GEOGRAFIE": {"medie": 8.292822966507176, "reusita": 100.0, "cnt": 209}, "ECONOMIE": {"medie": 7.592857142857142, "reusita": 85.71428571428571, "cnt": 7}}, "nume": "COLEGIUL ECONOMIC MUNICIPIUL BUZAU\tBuz\u0103u"}