{"specializari": {"INVATATOR - EDUCATOARE": 61, "FILOLOGIE": 63, "MATEMATICA-INFORMATICA": 51, "STIINTE ALE NATURII": 44, "STIINTE SOCIALE": 42, "BIBLIOTECAR DOCUMENTARIST": 1}, "limba_moderna": {"LIMBA ENGLEZA": 219, "LIMBA FRANCEZA": 43}, "limba_materna": {"LIMBA ROMANA": 262}, "promotie_anterioara": {"NU": 244, "DA": 18}, "materii": {"LIMBA ROMANA": {"medie": 7.4866412213740405, "reusita": 95.41984732824427, "cnt": 262}, "GENERAL": {"medie": 7.5181467181467205, "reusita": 79.77099236641222, "cnt": 262}, "MATEMATICA ST-NAT": {"medie": 6.352272727272728, "reusita": 81.81818181818183, "cnt": 44}, "CHIMIE ORGANICA TEO NIVEL I/II": {"medie": 7.638888888888889, "reusita": 89.28571428571429, "cnt": 28}, "ISTORIE": {"medie": 6.941428571428573, "reusita": 96.22641509433963, "cnt": 106}, "LOGICA, ARGUMENTARE SI COMUNICARE": {"medie": 8.34042553191489, "reusita": 94.68085106382979, "cnt": 94}, "MATEMATICA MATE-INFO": {"medie": 7.144117647058824, "reusita": 88.23529411764706, "cnt": 51}, "INFORMATICA MI C/C++": {"medie": 8.5, "reusita": 100.0, "cnt": 1}, "GEOGRAFIE": {"medie": 8.221641791044775, "reusita": 94.11764705882352, "cnt": 68}, "ANATOMIE SI FIZIOLOGIE UMANA, GENETICA SI ECOLOGIE UMANA": {"medie": 7.768032786885247, "reusita": 98.36065573770492, "cnt": 61}, "FIZICA TEO": {"medie": 9.190000000000001, "reusita": 100.0, "cnt": 5}, "MATEMATICA PED": {"medie": 7.039166666666668, "reusita": 77.04918032786885, "cnt": 61}, "SOCIOLOGIE": {"medie": 6.05, "reusita": 100.0, "cnt": 1}, "PSIHOLOGIE": {"medie": 7.1000000000000005, "reusita": 100.0, "cnt": 3}, "ECONOMIE": {"medie": 10.0, "reusita": 100.0, "cnt": 1}}, "nume": "COLEGIUL NATIONAL PEDAGOGIC \"STEFAN ODOBLEJA\"\tMehedin\u021bi"}