{"specializari": {"MATEMATICA-INFORMATICA": 152, "STIINTE ALE NATURII": 38, "FILOLOGIE": 39, "STIINTE SOCIALE": 40}, "limba_moderna": {"LIMBA ENGLEZA": 260, "LIMBA FRANCEZA": 9}, "limba_materna": {"LIMBA ROMANA": 269}, "promotie_anterioara": {"NU": 261, "DA": 8}, "materii": {"LIMBA ROMANA": {"medie": 8.339591078066913, "reusita": 100.0, "cnt": 269}, "BIOLOGIE VEGETALA SI ANIMALA": {"medie": 8.244444444444445, "reusita": 100.0, "cnt": 9}, "GENERAL": {"medie": 8.311878109452739, "reusita": 94.05204460966543, "cnt": 269}, "MATEMATICA ST-NAT": {"medie": 8.17763157894737, "reusita": 97.36842105263158, "cnt": 38}, "CHIMIE ORGANICA TEO NIVEL I/II": {"medie": 8.235714285714286, "reusita": 100.0, "cnt": 14}, "ISTORIE": {"medie": 8.54493670886076, "reusita": 100.0, "cnt": 79}, "LOGICA, ARGUMENTARE SI COMUNICARE": {"medie": 9.0875, "reusita": 100.0, "cnt": 4}, "MATEMATICA MATE-INFO": {"medie": 8.095723684210526, "reusita": 96.05263157894737, "cnt": 152}, "INFORMATICA MI C/C++": {"medie": 7.216666666666666, "reusita": 91.66666666666666, "cnt": 24}, "GEOGRAFIE": {"medie": 8.621428571428572, "reusita": 100.0, "cnt": 7}, "ANATOMIE SI FIZIOLOGIE UMANA, GENETICA SI ECOLOGIE UMANA": {"medie": 8.43103448275862, "reusita": 97.41379310344827, "cnt": 116}, "FIZICA TEO": {"medie": 8.086363636363636, "reusita": 100.0, "cnt": 22}, "SOCIOLOGIE": {"medie": 8.749999999999998, "reusita": 98.24561403508771, "cnt": 57}, "CHIMIE ANORGANICA TEO NIVEL I/II": {"medie": 7.090000000000001, "reusita": 100.0, "cnt": 5}, "PSIHOLOGIE": {"medie": 8.200000000000001, "reusita": 100.0, "cnt": 6}, "ECONOMIE": {"medie": 8.8, "reusita": 100.0, "cnt": 5}}, "nume": "COLEGIUL NATIONAL \"MATEI BASARAB\"\tBucure\u0219ti"}