{"specializari": {"TEHNICIAN DESIGNER VESTIMENTAR": 16, "STIINTE ALE NATURII": 53, "TEHNICIAN ECOLOG SI PROTECTIA CALITATII MEDIULUI": 46, "TEHNICIAN CHIMIST DE LABORATOR": 20, "TEHNICIAN IN CHIMIE INDUSTRIALA": 2, "TEHNICIAN IN INDUSTRIA PIELARIEI": 14}, "limba_moderna": {"LIMBA FRANCEZA": 14, "LIMBA ENGLEZA": 137}, "limba_materna": {"LIMBA ROMANA": 151}, "promotie_anterioara": {"DA": 73, "NU": 78}, "materii": {"LIMBA ROMANA": {"medie": 6.557482993197285, "reusita": 90.72847682119205, "cnt": 151}, "MATEMATICA TEHN": {"medie": 5.61736842105263, "reusita": 76.53061224489795, "cnt": 98}, "BIOLOGIE VEGETALA SI ANIMALA": {"medie": 5.651075268817206, "reusita": 69.47368421052632, "cnt": 95}, "GENERAL": {"medie": 5.978587962962963, "reusita": 45.033112582781456, "cnt": 151}, "MATEMATICA ST-NAT": {"medie": 5.466037735849057, "reusita": 77.35849056603774, "cnt": 53}, "ANATOMIE SI FIZIOLOGIE UMANA, GENETICA SI ECOLOGIE UMANA": {"medie": 6.525000000000002, "reusita": 81.57894736842105, "cnt": 38}, "FIZICA TEO": {"medie": 4.975, "reusita": 50.0, "cnt": 2}, "FIZICA TEH": {"medie": 3.1333333333333333, "reusita": 14.285714285714285, "cnt": 7}, "CHIMIE ANORGANICA TEO NIVEL I/II": {"medie": 6.9, "reusita": 100.0, "cnt": 2}, "CHIMIE ORGANICA TEH NIVEL I/II": {"medie": 4.971428571428571, "reusita": 71.42857142857143, "cnt": 7}}, "nume": "COLEGIUL TEHNIC \"PETRU RARES\"\tBucure\u0219ti"}