{"specializari": {"INVATATOR - EDUCATOARE": 61, "MATEMATICA-INFORMATICA": 30, "STIINTE SOCIALE": 34}, "limba_moderna": {"LIMBA ENGLEZA": 115, "LIMBA FRANCEZA": 10}, "limba_materna": {"LIMBA ROMANA": 125}, "promotie_anterioara": {"NU": 118, "DA": 7}, "materii": {"LIMBA ROMANA": {"medie": 7.842800000000002, "reusita": 99.2, "cnt": 125}, "BIOLOGIE VEGETALA SI ANIMALA": {"medie": 7.625, "reusita": 100.0, "cnt": 6}, "GENERAL": {"medie": 8.053333333333331, "reusita": 96.0, "cnt": 125}, "ISTORIE": {"medie": 8.33235294117647, "reusita": 100.0, "cnt": 34}, "LOGICA, ARGUMENTARE SI COMUNICARE": {"medie": 8.844444444444445, "reusita": 100.0, "cnt": 45}, "MATEMATICA MATE-INFO": {"medie": 8.003333333333334, "reusita": 96.66666666666667, "cnt": 30}, "INFORMATICA MI C/C++": {"medie": 8.557692307692307, "reusita": 100.0, "cnt": 13}, "GEOGRAFIE": {"medie": 8.514516129032257, "reusita": 100.0, "cnt": 31}, "ANATOMIE SI FIZIOLOGIE UMANA, GENETICA SI ECOLOGIE UMANA": {"medie": 9.049999999999999, "reusita": 100.0, "cnt": 3}, "MATEMATICA PED": {"medie": 7.609016393442622, "reusita": 98.36065573770492, "cnt": 61}, "SOCIOLOGIE": {"medie": 8.000000000000002, "reusita": 100.0, "cnt": 5}, "CHIMIE ANORGANICA TEO NIVEL I/II": {"medie": 7.3500000000000005, "reusita": 100.0, "cnt": 8}, "PSIHOLOGIE": {"medie": 7.6571428571428575, "reusita": 92.85714285714286, "cnt": 14}}, "nume": "COLEGIUL NATIONAL PEDAGOGIC \"GHEORGHE LAZAR\" CLUJ-NAPOCA\tCluj"}