{"specializari": {"MATEMATICA-INFORMATICA": 51, "STIINTE ALE NATURII": 60, "STIINTE SOCIALE": 34, "FILOLOGIE": 37}, "limba_moderna": {"LIMBA ENGLEZA": 170, "LIMBA GERMANA MODERNA": 12}, "limba_materna": {"LIMBA MAGHIARA": 182}, "promotie_anterioara": {"NU": 168, "DA": 14}, "materii": {"LIMBA ROMANA": {"medie": 7.148076923076925, "reusita": 95.6043956043956, "cnt": 182}, "GENERAL": {"medie": 7.913873626373632, "reusita": 94.5054945054945, "cnt": 182}, "MATEMATICA ST-NAT": {"medie": 8.133333333333331, "reusita": 100.0, "cnt": 60}, "CHIMIE ORGANICA TEO NIVEL I/II": {"medie": 7.991666666666668, "reusita": 100.0, "cnt": 12}, "ISTORIE": {"medie": 8.255633802816904, "reusita": 100.0, "cnt": 71}, "MATEMATICA MATE-INFO": {"medie": 8.245098039215685, "reusita": 98.0392156862745, "cnt": 51}, "GEOGRAFIE": {"medie": 8.31, "reusita": 100.0, "cnt": 60}, "ANATOMIE SI FIZIOLOGIE UMANA, GENETICA SI ECOLOGIE UMANA": {"medie": 8.864814814814814, "reusita": 98.14814814814815, "cnt": 54}, "FIZICA TEO": {"medie": 9.26, "reusita": 100.0, "cnt": 5}, "ECONOMIE": {"medie": 9.75, "reusita": 100.0, "cnt": 2}, "LIMBA MAGHIARA (REAL)": {"medie": 8.193693693693692, "reusita": 100.0, "cnt": 111}, "INFORMATICA MI PASCAL": {"medie": 8.172500000000001, "reusita": 100.0, "cnt": 40}, "LIMBA MAGHIARA (UMAN)": {"medie": 7.30774647887324, "reusita": 100.0, "cnt": 71}, "FILOSOFIE": {"medie": 7.938888888888889, "reusita": 100.0, "cnt": 9}}, "nume": "COLEGIUL NATIONAL \"KOLCSEY FERENC\" SATU MARE\tSatu-Mare"}