{"specializari": {"MUZICA": 82}, "limba_moderna": {"LIMBA ENGLEZA": 73, "LIMBA FRANCEZA": 9}, "limba_materna": {"LIMBA ROMANA": 56, "LIMBA MAGHIARA": 26}, "promotie_anterioara": {"NU": 76, "DA": 6}, "materii": {"LIMBA ROMANA": {"medie": 7.604878048780491, "reusita": 98.78048780487805, "cnt": 82}, "GENERAL": {"medie": 7.597002032520325, "reusita": 89.02439024390245, "cnt": 82}, "ISTORIE": {"medie": 7.031097560975611, "reusita": 96.34146341463415, "cnt": 82}, "LOGICA, ARGUMENTARE SI COMUNICARE": {"medie": 8.833333333333334, "reusita": 100.0, "cnt": 3}, "GEOGRAFIE": {"medie": 7.899999999999996, "reusita": 98.63013698630137, "cnt": 73}, "LIMBA MAGHIARA (REAL)": {"medie": 8.248076923076923, "reusita": 100.0, "cnt": 26}, "FILOSOFIE": {"medie": 8.191666666666666, "reusita": 100.0, "cnt": 6}}, "nume": "COLEGIUL DE MUZICA \"SIGISMUND TODUTA\" CLUJ-NAPOCA\tCluj"}