{"specializari": {"STIINTE SOCIALE": 38, "INVATATOR - EDUCATOARE": 33, "FILOLOGIE": 40, "MATEMATICA-INFORMATICA": 50, "STIINTE ALE NATURII": 76}, "limba_moderna": {"LIMBA ENGLEZA": 230, "LIMBA FRANCEZA": 7}, "limba_materna": {"LIMBA ROMANA": 237}, "promotie_anterioara": {"NU": 211, "DA": 26}, "materii": {"LIMBA ROMANA": {"medie": 7.544092827004219, "reusita": 99.57805907172997, "cnt": 237}, "BIOLOGIE VEGETALA SI ANIMALA": {"medie": 9.375, "reusita": 100.0, "cnt": 4}, "GENERAL": {"medie": 7.548148148148152, "reusita": 86.07594936708861, "cnt": 237}, "MATEMATICA ST-NAT": {"medie": 7.189473684210526, "reusita": 90.78947368421053, "cnt": 76}, "CHIMIE ORGANICA TEO NIVEL I/II": {"medie": 7.128125, "reusita": 93.75, "cnt": 16}, "INFORMATICA SN C/C++": {"medie": 4.375, "reusita": 50.0, "cnt": 2}, "ISTORIE": {"medie": 7.088157894736841, "reusita": 94.87179487179486, "cnt": 78}, "LOGICA, ARGUMENTARE SI COMUNICARE": {"medie": 9.370833333333334, "reusita": 100.0, "cnt": 12}, "MATEMATICA MATE-INFO": {"medie": 7.6530000000000005, "reusita": 98.0, "cnt": 50}, "INFORMATICA MI C/C++": {"medie": 6.083333333333333, "reusita": 83.33333333333334, "cnt": 12}, "GEOGRAFIE": {"medie": 7.552500000000003, "reusita": 95.08196721311475, "cnt": 61}, "ANATOMIE SI FIZIOLOGIE UMANA, GENETICA SI ECOLOGIE UMANA": {"medie": 8.142763157894736, "reusita": 98.68421052631578, "cnt": 76}, "FIZICA TEO": {"medie": 7.483333333333333, "reusita": 91.66666666666666, "cnt": 12}, "MATEMATICA PED": {"medie": 6.677272727272727, "reusita": 87.87878787878788, "cnt": 33}, "SOCIOLOGIE": {"medie": 8.621621621621621, "reusita": 97.36842105263158, "cnt": 38}, "CHIMIE ANORGANICA TEO NIVEL I/II": {"medie": 6.25, "reusita": 100.0, "cnt": 4}}, "nume": "COLEGIUL NATIONAL PEDAGOGIC \"STEFAN CEL MARE\"\tBac\u0103u"}