{"specializari": {"MATEMATICA-INFORMATICA": 146, "STIINTE SOCIALE": 38}, "limba_moderna": {"LIMBA ENGLEZA": 184}, "limba_materna": {"LIMBA ROMANA": 184}, "promotie_anterioara": {"NU": 180, "DA": 4}, "materii": {"LIMBA ROMANA": {"medie": 8.484153005464485, "reusita": 99.45652173913044, "cnt": 184}, "BIOLOGIE VEGETALA SI ANIMALA": {"medie": 8.801612903225807, "reusita": 100.0, "cnt": 31}, "GENERAL": {"medie": 8.549362477231327, "reusita": 98.36956521739131, "cnt": 184}, "CHIMIE ORGANICA TEO NIVEL I/II": {"medie": 8.636111111111113, "reusita": 100.0, "cnt": 18}, "ISTORIE": {"medie": 8.518918918918919, "reusita": 97.36842105263158, "cnt": 38}, "LOGICA, ARGUMENTARE SI COMUNICARE": {"medie": 8.8, "reusita": 100.0, "cnt": 1}, "MATEMATICA MATE-INFO": {"medie": 8.670890410958902, "reusita": 100.0, "cnt": 146}, "INFORMATICA MI C/C++": {"medie": 8.048958333333333, "reusita": 100.0, "cnt": 48}, "GEOGRAFIE": {"medie": 9.530000000000001, "reusita": 100.0, "cnt": 5}, "ANATOMIE SI FIZIOLOGIE UMANA, GENETICA SI ECOLOGIE UMANA": {"medie": 8.534374999999999, "reusita": 100.0, "cnt": 16}, "FIZICA TEO": {"medie": 8.66, "reusita": 100.0, "cnt": 30}, "SOCIOLOGIE": {"medie": 8.66111111111111, "reusita": 100.0, "cnt": 18}, "CHIMIE ANORGANICA TEO NIVEL I/II": {"medie": 8.333333333333334, "reusita": 100.0, "cnt": 3}, "PSIHOLOGIE": {"medie": "-", "reusita": 0.0, "cnt": 1}, "ECONOMIE": {"medie": 8.576923076923077, "reusita": 100.0, "cnt": 13}}, "nume": "COLEGIUL NATIONAL \"CANTEMIR VODA\"\tBucure\u0219ti"}