{"specializari": {"INVATATOR - EDUCATOARE": 116, "FILOLOGIE": 25, "TEOLOGIE ROMANO-CATOLICA": 30}, "limba_moderna": {"LIMBA ENGLEZA": 123, "LIMBA FRANCEZA": 48}, "limba_materna": {"LIMBA ROMANA": 171}, "promotie_anterioara": {"NU": 168, "DA": 3}, "materii": {"LIMBA ROMANA": {"medie": 7.433918128654967, "reusita": 97.07602339181285, "cnt": 171}, "GENERAL": {"medie": 7.677218934911242, "reusita": 86.54970760233918, "cnt": 171}, "ISTORIE": {"medie": 7.450909090909091, "reusita": 96.36363636363636, "cnt": 55}, "LOGICA, ARGUMENTARE SI COMUNICARE": {"medie": 8.693181818181818, "reusita": 95.65217391304348, "cnt": 23}, "GEOGRAFIE": {"medie": 7.968707482993201, "reusita": 97.97297297297297, "cnt": 148}, "MATEMATICA PED": {"medie": 7.475431034482762, "reusita": 92.24137931034483, "cnt": 116}}, "nume": "COLEGIUL PEDAGOGIC \"VASILE LUPU\", IASI\tIa\u0219i"}