{"specializari": {"INVATATOR - EDUCATOARE": 88, "FILOLOGIE": 60}, "limba_moderna": {"LIMBA ENGLEZA": 146, "LIMBA FRANCEZA": 2}, "limba_materna": {"LIMBA ROMANA": 88, "LIMBA GERMANA": 60}, "promotie_anterioara": {"NU": 144, "DA": 4}, "materii": {"LIMBA ROMANA": {"medie": 6.858445945945945, "reusita": 95.27027027027027, "cnt": 148}, "GENERAL": {"medie": 7.411768018018016, "reusita": 87.83783783783784, "cnt": 148}, "ISTORIE": {"medie": 7.570000000000001, "reusita": 100.0, "cnt": 60}, "LOGICA, ARGUMENTARE SI COMUNICARE": {"medie": 8.2041237113402, "reusita": 97.9381443298969, "cnt": 97}, "GEOGRAFIE": {"medie": 7.952127659574466, "reusita": 100.0, "cnt": 47}, "MATEMATICA PED": {"medie": 7.251136363636365, "reusita": 95.45454545454545, "cnt": 88}, "SOCIOLOGIE": {"medie": 8.883333333333333, "reusita": 100.0, "cnt": 3}, "LIMBA GERMANA": {"medie": 7.124166666666667, "reusita": 95.0, "cnt": 60}, "PSIHOLOGIE": {"medie": 5.3, "reusita": 100.0, "cnt": 1}}, "nume": "COLEGIUL NATIONAL PEDAGOGIC \"ANDREI SAGUNA\" SIBIU\tSibiu"}