{"specializari": {"MATEMATICA-INFORMATICA": 141, "FILOLOGIE": 67}, "limba_moderna": {"LIMBA ENGLEZA": 202, "LIMBA GERMANA MODERNA": 1, "LIMBA FRANCEZA": 5}, "limba_materna": {"LIMBA ROMANA": 208}, "promotie_anterioara": {"NU": 208}, "materii": {"LIMBA ROMANA": {"medie": 8.940384615384614, "reusita": 100.0, "cnt": 208}, "BIOLOGIE VEGETALA SI ANIMALA": {"medie": 9.666666666666666, "reusita": 100.0, "cnt": 6}, "GENERAL": {"medie": 9.148953301127218, "reusita": 99.51923076923077, "cnt": 208}, "CHIMIE ORGANICA TEO NIVEL I/II": {"medie": 9.203703703703704, "reusita": 100.0, "cnt": 27}, "ISTORIE": {"medie": 8.949999999999998, "reusita": 98.50746268656717, "cnt": 67}, "LOGICA, ARGUMENTARE SI COMUNICARE": {"medie": 9.476829268292683, "reusita": 100.0, "cnt": 41}, "MATEMATICA MATE-INFO": {"medie": 9.27872340425532, "reusita": 100.0, "cnt": 141}, "INFORMATICA MI C/C++": {"medie": 9.226388888888886, "reusita": 100.0, "cnt": 36}, "GEOGRAFIE": {"medie": 9.357142857142858, "reusita": 100.0, "cnt": 14}, "ANATOMIE SI FIZIOLOGIE UMANA, GENETICA SI ECOLOGIE UMANA": {"medie": 9.387142857142855, "reusita": 100.0, "cnt": 35}, "FIZICA TEO": {"medie": 9.316666666666666, "reusita": 100.0, "cnt": 36}, "SOCIOLOGIE": {"medie": 9.7, "reusita": 100.0, "cnt": 1}, "CHIMIE ANORGANICA TEO NIVEL I/II": {"medie": 9.0, "reusita": 100.0, "cnt": 1}, "PSIHOLOGIE": {"medie": 8.899999999999999, "reusita": 100.0, "cnt": 2}, "ECONOMIE": {"medie": 9.081249999999999, "reusita": 88.88888888888889, "cnt": 9}}, "nume": "COLEGIUL NATIONAL \"GHEORGHE VRANCEANU\" BACAU\tBac\u0103u"}