{"specializari": {"MATEMATICA-INFORMATICA": 27, "STIINTE ALE NATURII": 65, "FILOLOGIE": 58, "TEHNICIAN DESIGNER VESTIMENTAR": 25, "TEHNICIAN MECATRONIST": 19, "TEHNICIAN AGRONOM": 11}, "limba_moderna": {"LIMBA ENGLEZA": 180, "LIMBA FRANCEZA": 25}, "limba_materna": {"LIMBA ROMANA": 205}, "promotie_anterioara": {"NU": 184, "DA": 21}, "materii": {"LIMBA ROMANA": {"medie": 7.336180904522612, "reusita": 91.21951219512195, "cnt": 205}, "MATEMATICA TEHN": {"medie": 5.236792452830189, "reusita": 63.63636363636363, "cnt": 55}, "BIOLOGIE VEGETALA SI ANIMALA": {"medie": 6.383653846153847, "reusita": 81.48148148148148, "cnt": 54}, "GENERAL": {"medie": 7.188468013468015, "reusita": 72.1951219512195, "cnt": 205}, "MATEMATICA ST-NAT": {"medie": 7.9421874999999975, "reusita": 96.92307692307692, "cnt": 65}, "CHIMIE ORGANICA TEO NIVEL I/II": {"medie": 9.05, "reusita": 100.0, "cnt": 3}, "ISTORIE": {"medie": 5.733928571428571, "reusita": 87.93103448275862, "cnt": 58}, "MATEMATICA MATE-INFO": {"medie": 8.681481481481482, "reusita": 100.0, "cnt": 27}, "GEOGRAFIE": {"medie": 6.9758928571428545, "reusita": 84.48275862068965, "cnt": 58}, "ANATOMIE SI FIZIOLOGIE UMANA, GENETICA SI ECOLOGIE UMANA": {"medie": 8.853703703703705, "reusita": 98.18181818181819, "cnt": 55}, "CHIMIE ANORGANICA TEO NIVEL I/II": {"medie": 7.698529411764707, "reusita": 100.0, "cnt": 34}, "CHIMIE ANORGANICA TEH NIVEL I/II": {"medie": 4.35, "reusita": 0.0, "cnt": 1}}, "nume": "LICEUL TEORETIC NEGRESTI OAS\tSatu-Mare"}