{"specializari": {"MUZICA": 18, "ARTE PLASTICE SI DECORATIVE": 17}, "limba_moderna": {"LIMBA ENGLEZA": 35}, "limba_materna": {"LIMBA ROMANA": 35}, "promotie_anterioara": {"NU": 32, "DA": 3}, "materii": {"LIMBA ROMANA": {"medie": 6.907142857142858, "reusita": 97.14285714285714, "cnt": 35}, "GENERAL": {"medie": 6.78904761904762, "reusita": 77.14285714285715, "cnt": 35}, "ISTORIE": {"medie": 6.501428571428572, "reusita": 97.14285714285714, "cnt": 35}, "GEOGRAFIE": {"medie": 7.467391304347826, "reusita": 91.30434782608695, "cnt": 23}, "FILOSOFIE": {"medie": 5.983333333333334, "reusita": 83.33333333333334, "cnt": 12}}, "nume": "LICEUL DE ARTA \"IOAN SIMA\" ZALAU\tS\u0103laj"}