{"specializari": {"MATEMATICA-INFORMATICA": 57, "FILOLOGIE": 70, "STIINTE ALE NATURII": 26}, "limba_moderna": {"LIMBA ENGLEZA": 149, "LIMBA FRANCEZA": 4}, "limba_materna": {"LIMBA ROMANA": 153}, "promotie_anterioara": {"NU": 132, "DA": 21}, "materii": {"LIMBA ROMANA": {"medie": 6.956250000000001, "reusita": 86.9281045751634, "cnt": 153}, "BIOLOGIE VEGETALA SI ANIMALA": {"medie": 5.576666666666668, "reusita": 68.75, "cnt": 16}, "GENERAL": {"medie": 6.783445945945945, "reusita": 64.05228758169935, "cnt": 153}, "MATEMATICA ST-NAT": {"medie": 3.05, "reusita": 30.76923076923077, "cnt": 26}, "CHIMIE ORGANICA TEO NIVEL I/II": {"medie": 8.975, "reusita": 100.0, "cnt": 2}, "ISTORIE": {"medie": 6.103571428571429, "reusita": 91.42857142857143, "cnt": 70}, "LOGICA, ARGUMENTARE SI COMUNICARE": {"medie": 8.73076923076923, "reusita": 100.0, "cnt": 13}, "MATEMATICA MATE-INFO": {"medie": 7.547368421052632, "reusita": 91.22807017543859, "cnt": 57}, "GEOGRAFIE": {"medie": 7.095121951219513, "reusita": 100.0, "cnt": 41}, "ANATOMIE SI FIZIOLOGIE UMANA, GENETICA SI ECOLOGIE UMANA": {"medie": 6.546296296296297, "reusita": 75.0, "cnt": 28}, "FIZICA TEO": {"medie": 8.85, "reusita": 100.0, "cnt": 2}, "SOCIOLOGIE": {"medie": 8.17142857142857, "reusita": 92.85714285714286, "cnt": 14}, "PSIHOLOGIE": {"medie": 5.8500000000000005, "reusita": 50.0, "cnt": 2}, "INFORMATICA MI PASCAL": {"medie": 7.332857142857142, "reusita": 100.0, "cnt": 35}}, "nume": "LICEUL TEORETIC \"TUDOR VLADIMIRESCU\" DRAGANESTI-OLT\tOlt"}