{"specializari": {"STIINTE ALE NATURII": 27, "FILOLOGIE": 62, "MATEMATICA-INFORMATICA": 49, "STIINTE SOCIALE": 30}, "limba_moderna": {"LIMBA FRANCEZA": 22, "LIMBA ENGLEZA": 146}, "limba_materna": {"LIMBA ROMANA": 168}, "promotie_anterioara": {"NU": 155, "DA": 13}, "materii": {"LIMBA ROMANA": {"medie": 7.14789156626506, "reusita": 91.07142857142857, "cnt": 168}, "GENERAL": {"medie": 7.137349397590363, "reusita": 80.35714285714286, "cnt": 168}, "MATEMATICA ST-NAT": {"medie": 6.6000000000000005, "reusita": 85.18518518518519, "cnt": 27}, "CHIMIE ORGANICA TEO NIVEL I/II": {"medie": 7.637499999999999, "reusita": 100.0, "cnt": 4}, "INFORMATICA SN C/C++": {"medie": 7.4, "reusita": 100.0, "cnt": 1}, "ISTORIE": {"medie": 7.240760869565214, "reusita": 100.0, "cnt": 92}, "LOGICA, ARGUMENTARE SI COMUNICARE": {"medie": 6.9894736842105285, "reusita": 94.73684210526315, "cnt": 19}, "MATEMATICA MATE-INFO": {"medie": 6.408510638297872, "reusita": 79.59183673469387, "cnt": 49}, "INFORMATICA MI C/C++": {"medie": 8.216666666666667, "reusita": 100.0, "cnt": 3}, "GEOGRAFIE": {"medie": 7.639855072463769, "reusita": 100.0, "cnt": 69}, "ANATOMIE SI FIZIOLOGIE UMANA, GENETICA SI ECOLOGIE UMANA": {"medie": 7.162295081967212, "reusita": 90.47619047619048, "cnt": 63}, "FIZICA TEO": {"medie": 7.790000000000001, "reusita": 100.0, "cnt": 5}, "FILOSOFIE": {"medie": 5.9750000000000005, "reusita": 100.0, "cnt": 4}}, "nume": "LICEUL TEORETIC \"TUDOR ARGHEZI\" CRAIOVA\tDolj"}