{"specializari": {"MATEMATICA-INFORMATICA": 81, "FILOLOGIE": 39, "TEHNICIAN MECANIC PENTRU INTRETINERE SI REPARATII": 41, "TEHNICIAN ELECTROTEHNIST": 12, "TEHNICIAN IN INSTALATII ELECTRICE": 27, "TEHNICIAN DESENATOR PENTRU CONSTRUCTII SI INSTALATII": 25, "STIINTE ALE NATURII": 29}, "limba_moderna": {"LIMBA ENGLEZA": 207, "LIMBA FRANCEZA": 47}, "limba_materna": {"LIMBA ROMANA": 254}, "promotie_anterioara": {"NU": 195, "DA": 59}, "materii": {"LIMBA ROMANA": {"medie": 6.383193277310926, "reusita": 79.52755905511812, "cnt": 254}, "MATEMATICA TEHN": {"medie": 4.731313131313131, "reusita": 57.14285714285714, "cnt": 105}, "BIOLOGIE VEGETALA SI ANIMALA": {"medie": 4.45108695652174, "reusita": 45.83333333333333, "cnt": 96}, "GENERAL": {"medie": 6.016812227074235, "reusita": 43.30708661417323, "cnt": 254}, "MATEMATICA ST-NAT": {"medie": 2.447222222222223, "reusita": 17.24137931034483, "cnt": 29}, "ISTORIE": {"medie": 6.794736842105264, "reusita": 92.3076923076923, "cnt": 39}, "MATEMATICA MATE-INFO": {"medie": 6.468987341772152, "reusita": 77.77777777777779, "cnt": 81}, "INFORMATICA MI C/C++": {"medie": 7.220000000000001, "reusita": 100.0, "cnt": 5}, "GEOGRAFIE": {"medie": 8.106666666666667, "reusita": 100.0, "cnt": 30}, "ANATOMIE SI FIZIOLOGIE UMANA, GENETICA SI ECOLOGIE UMANA": {"medie": 7.0011363636363635, "reusita": 76.0, "cnt": 100}, "FIZICA TEO": {"medie": 6.15, "reusita": 100.0, "cnt": 2}, "FIZICA TEH": {"medie": 3.83125, "reusita": 11.11111111111111, "cnt": 9}, "SOCIOLOGIE": {"medie": 7.5055555555555555, "reusita": 88.88888888888889, "cnt": 9}, "CHIMIE ANORGANICA TEO NIVEL I/II": {"medie": 6.933333333333334, "reusita": 100.0, "cnt": 3}}, "nume": "LICEUL TEHNOLOGIC \"DUMITRU DUMITRESCU\" BUFTEA\tIlfov"}