{"specializari": {"FILOLOGIE": 87, "STIINTE ALE NATURII": 93, "MATEMATICA-INFORMATICA": 73, "LICEU CU PROGRAM SPORTIV": 41}, "limba_moderna": {"LIMBA ENGLEZA": 270, "LIMBA SPANIOLA": 13, "LIMBA FRANCEZA": 11}, "limba_materna": {"LIMBA ROMANA": 294}, "promotie_anterioara": {"NU": 205, "DA": 89}, "materii": {"LIMBA ROMANA": {"medie": 6.430726643598615, "reusita": 89.45578231292517, "cnt": 294}, "BIOLOGIE VEGETALA SI ANIMALA": {"medie": 5.284782608695651, "reusita": 75.0, "cnt": 24}, "GENERAL": {"medie": 6.3550234741784015, "reusita": 62.244897959183675, "cnt": 294}, "MATEMATICA ST-NAT": {"medie": 5.022159090909091, "reusita": 65.59139784946237, "cnt": 93}, "CHIMIE ORGANICA TEO NIVEL I/II": {"medie": 4.275, "reusita": 50.0, "cnt": 2}, "ISTORIE": {"medie": 6.393600000000001, "reusita": 92.1875, "cnt": 128}, "MATEMATICA MATE-INFO": {"medie": 6.000684931506851, "reusita": 84.93150684931507, "cnt": 73}, "GEOGRAFIE": {"medie": 7.025925925925925, "reusita": 90.36144578313254, "cnt": 83}, "ANATOMIE SI FIZIOLOGIE UMANA, GENETICA SI ECOLOGIE UMANA": {"medie": 6.943478260869566, "reusita": 88.03418803418803, "cnt": 117}, "FIZICA TEO": {"medie": 6.697222222222221, "reusita": 88.88888888888889, "cnt": 18}, "SOCIOLOGIE": {"medie": 7.473333333333332, "reusita": 96.66666666666667, "cnt": 30}, "CHIMIE ANORGANICA TEO NIVEL I/II": {"medie": 6.9399999999999995, "reusita": 80.0, "cnt": 5}, "PSIHOLOGIE": {"medie": 4.796666666666667, "reusita": 66.66666666666666, "cnt": 15}}, "nume": "LICEUL TEORETIC \"BENJAMIN FRANKLIN\"\tBucure\u0219ti"}