{"specializari": {"MATEMATICA-INFORMATICA": 24, "FILOLOGIE": 54, "STIINTE ALE NATURII": 13}, "limba_moderna": {"LIMBA ENGLEZA": 91}, "limba_materna": {"LIMBA GERMANA": 47, "LIMBA ROMANA": 44}, "promotie_anterioara": {"NU": 85, "DA": 6}, "materii": {"LIMBA ROMANA": {"medie": 7.355494505494503, "reusita": 96.7032967032967, "cnt": 91}, "BIOLOGIE VEGETALA SI ANIMALA": {"medie": 6.003846153846154, "reusita": 64.28571428571429, "cnt": 14}, "GENERAL": {"medie": 7.1456944444444455, "reusita": 73.62637362637363, "cnt": 91}, "MATEMATICA ST-NAT": {"medie": 5.215384615384616, "reusita": 61.53846153846154, "cnt": 13}, "CHIMIE ORGANICA TEO NIVEL I/II": {"medie": 6.7, "reusita": 100.0, "cnt": 1}, "ISTORIE": {"medie": 6.564814814814816, "reusita": 96.29629629629629, "cnt": 54}, "MATEMATICA MATE-INFO": {"medie": 7.828260869565219, "reusita": 95.83333333333334, "cnt": 24}, "INFORMATICA MI C/C++": {"medie": 8.360714285714286, "reusita": 100.0, "cnt": 14}, "GEOGRAFIE": {"medie": 7.862264150943397, "reusita": 92.45283018867924, "cnt": 53}, "ANATOMIE SI FIZIOLOGIE UMANA, GENETICA SI ECOLOGIE UMANA": {"medie": 7.574999999999999, "reusita": 100.0, "cnt": 2}, "FIZICA TEO": {"medie": 7.35, "reusita": 75.0, "cnt": 4}, "CHIMIE ANORGANICA TEO NIVEL I/II": {"medie": 6.300000000000001, "reusita": 100.0, "cnt": 2}, "LIMBA GERMANA": {"medie": 7.093617021276596, "reusita": 85.1063829787234, "cnt": 47}, "PSIHOLOGIE": {"medie": 6.25, "reusita": 100.0, "cnt": 1}}, "nume": "LICEUL TEORETIC \"STEPHAN LUDWIG ROTH\" MEDIAS\tSibiu"}