{"specializari": {"TEHNICIAN IN ACTIVITATI ECONOMICE": 32, "TEHNICIAN IN ACTIVITATI DE COMERT": 42, "TEHNICIAN IN GASTRONOMIE": 14, "FILOLOGIE": 23}, "limba_moderna": {"LIMBA ENGLEZA": 111}, "limba_materna": {"LIMBA ROMANA": 111}, "promotie_anterioara": {"DA": 33, "NU": 78}, "materii": {"LIMBA ROMANA": {"medie": 5.6407407407407435, "reusita": 63.96396396396396, "cnt": 111}, "MATEMATICA TEHN": {"medie": 4.552941176470591, "reusita": 51.13636363636363, "cnt": 88}, "GENERAL": {"medie": 5.669934640522875, "reusita": 38.73873873873874, "cnt": 111}, "ISTORIE": {"medie": 6.340909090909091, "reusita": 91.30434782608695, "cnt": 23}, "GEOGRAFIE": {"medie": 5.94141414141414, "reusita": 74.50980392156863, "cnt": 102}, "SOCIOLOGIE": {"medie": 6.949999999999999, "reusita": 100.0, "cnt": 8}, "ECONOMIE": {"medie": 6.25, "reusita": 100.0, "cnt": 1}}, "nume": "LICEUL TEHNOLOGIC \"BARBU A. STIRBEY\" BUFTEA\tIlfov"}