{"specializari": {"MATEMATICA-INFORMATICA": 88, "STIINTE ALE NATURII": 38, "FILOLOGIE": 87}, "limba_moderna": {"LIMBA ENGLEZA": 200, "LIMBA FRANCEZA": 13}, "limba_materna": {"LIMBA ROMANA": 213}, "promotie_anterioara": {"NU": 204, "DA": 9}, "materii": {"LIMBA ROMANA": {"medie": 7.356398104265403, "reusita": 94.36619718309859, "cnt": 213}, "GENERAL": {"medie": 7.502460317460316, "reusita": 83.09859154929578, "cnt": 213}, "MATEMATICA ST-NAT": {"medie": 4.781081081081081, "reusita": 57.89473684210527, "cnt": 38}, "CHIMIE ORGANICA TEO NIVEL I/II": {"medie": 9.3, "reusita": 100.0, "cnt": 2}, "ISTORIE": {"medie": 6.9023529411764715, "reusita": 96.55172413793103, "cnt": 87}, "LOGICA, ARGUMENTARE SI COMUNICARE": {"medie": 8.331428571428575, "reusita": 86.48648648648648, "cnt": 37}, "MATEMATICA MATE-INFO": {"medie": 8.107954545454547, "reusita": 96.5909090909091, "cnt": 88}, "INFORMATICA MI C/C++": {"medie": 8.376470588235295, "reusita": 100.0, "cnt": 17}, "GEOGRAFIE": {"medie": 7.759782608695654, "reusita": 100.0, "cnt": 46}, "ANATOMIE SI FIZIOLOGIE UMANA, GENETICA SI ECOLOGIE UMANA": {"medie": 8.04, "reusita": 97.91666666666666, "cnt": 96}, "FIZICA TEO": {"medie": 8.429999999999998, "reusita": 100.0, "cnt": 10}, "CHIMIE ANORGANICA TEO NIVEL I/II": {"medie": 7.9, "reusita": 100.0, "cnt": 1}, "PSIHOLOGIE": {"medie": 8.966666666666667, "reusita": 100.0, "cnt": 3}, "ECONOMIE": {"medie": 9.8, "reusita": 100.0, "cnt": 1}}, "nume": "LICEUL TEORETIC \"NICOLAE BALCESCU\" MEDGIDIA\tConstan\u021ba"}