{"specializari": {"MATEMATICA-INFORMATICA": 54, "STIINTE ALE NATURII": 62, "FILOLOGIE": 72}, "limba_moderna": {"LIMBA ENGLEZA": 137, "LIMBA GERMANA MODERNA": 51}, "limba_materna": {"LIMBA ROMANA": 95, "LIMBA MAGHIARA": 93}, "promotie_anterioara": {"NU": 178, "DA": 10}, "materii": {"LIMBA ROMANA": {"medie": 7.673936170212764, "reusita": 96.27659574468085, "cnt": 188}, "GENERAL": {"medie": 8.154454787234043, "reusita": 94.68085106382979, "cnt": 188}, "MATEMATICA ST-NAT": {"medie": 8.425000000000002, "reusita": 100.0, "cnt": 62}, "CHIMIE ORGANICA TEO NIVEL I/II": {"medie": 8.327586206896553, "reusita": 100.0, "cnt": 29}, "ISTORIE": {"medie": 7.793749999999999, "reusita": 100.0, "cnt": 72}, "MATEMATICA MATE-INFO": {"medie": 8.969444444444441, "reusita": 100.0, "cnt": 54}, "INFORMATICA MI C/C++": {"medie": 9.2, "reusita": 100.0, "cnt": 1}, "GEOGRAFIE": {"medie": 7.435227272727274, "reusita": 97.72727272727273, "cnt": 44}, "ANATOMIE SI FIZIOLOGIE UMANA, GENETICA SI ECOLOGIE UMANA": {"medie": 8.807575757575755, "reusita": 100.0, "cnt": 66}, "FIZICA TEO": {"medie": 9.625, "reusita": 100.0, "cnt": 2}, "PSIHOLOGIE": {"medie": 9.2, "reusita": 100.0, "cnt": 1}, "LIMBA MAGHIARA (REAL)": {"medie": 8.868518518518519, "reusita": 100.0, "cnt": 54}, "INFORMATICA MI PASCAL": {"medie": 8.68611111111111, "reusita": 100.0, "cnt": 18}, "LIMBA MAGHIARA (UMAN)": {"medie": 7.674358974358975, "reusita": 100.0, "cnt": 39}, "FILOSOFIE": {"medie": 7.905555555555555, "reusita": 100.0, "cnt": 27}}, "nume": "LICEUL TEORETIC CAREI\tSatu-Mare"}