{"specializari": {"FILOLOGIE": 117, "INVATATOR - EDUCATOARE": 62, "MATEMATICA-INFORMATICA": 75, "ARTE PLASTICE SI DECORATIVE": 23, "INSTRUCTOR PENTRU ACTIVITATI EXTRASCOLARE": 1, "LICEU CU PROGRAM SPORTIV": 1}, "limba_moderna": {"LIMBA FRANCEZA": 36, "LIMBA ENGLEZA": 217, "LIMBA SPANIOLA": 26}, "limba_materna": {"LIMBA ROMANA": 279}, "promotie_anterioara": {"NU": 252, "DA": 27}, "materii": {"LIMBA ROMANA": {"medie": 6.870397111913359, "reusita": 89.6057347670251, "cnt": 279}, "BIOLOGIE VEGETALA SI ANIMALA": {"medie": 6.1109375, "reusita": 84.375, "cnt": 32}, "GENERAL": {"medie": 6.969890510948902, "reusita": 71.68458781362007, "cnt": 279}, "ISTORIE": {"medie": 6.21726618705036, "reusita": 88.02816901408451, "cnt": 142}, "LOGICA, ARGUMENTARE SI COMUNICARE": {"medie": 8.073529411764707, "reusita": 88.23529411764706, "cnt": 17}, "MATEMATICA MATE-INFO": {"medie": 6.638356164383561, "reusita": 85.33333333333334, "cnt": 75}, "INFORMATICA MI C/C++": {"medie": 7.0249999999999995, "reusita": 83.33333333333334, "cnt": 6}, "GEOGRAFIE": {"medie": 7.886890243902439, "reusita": 92.7710843373494, "cnt": 166}, "ANATOMIE SI FIZIOLOGIE UMANA, GENETICA SI ECOLOGIE UMANA": {"medie": 7.8999999999999995, "reusita": 100.0, "cnt": 3}, "FIZICA TEO": {"medie": 6.825000000000001, "reusita": 81.25, "cnt": 16}, "MATEMATICA PED": {"medie": 7.229032258064514, "reusita": 90.32258064516128, "cnt": 62}, "SOCIOLOGIE": {"medie": 6.839473684210525, "reusita": 89.47368421052632, "cnt": 19}, "PSIHOLOGIE": {"medie": 5.45, "reusita": 100.0, "cnt": 1}, "ECONOMIE": {"medie": 9.05, "reusita": 100.0, "cnt": 1}, "INFORMATICA MI PASCAL": {"medie": 6.638888888888889, "reusita": 88.88888888888889, "cnt": 18}}, "nume": "LICEUL TEORETIC \"NICOLAE TITULESCU\" SLATINA\tOlt"}