{"specializari": {"TEHNICIAN IN ACTIVITATI ECONOMICE": 55}, "limba_moderna": {"LIMBA ENGLEZA": 55}, "limba_materna": {"LIMBA ROMANA": 55}, "promotie_anterioara": {"DA": 45, "NU": 10}, "materii": {"LIMBA ROMANA": {"medie": 5.18490566037736, "reusita": 69.0909090909091, "cnt": 55}, "MATEMATICA TEHN": {"medie": 4.186458333333334, "reusita": 49.09090909090909, "cnt": 55}, "GENERAL": {"medie": 5.395185185185184, "reusita": 34.54545454545455, "cnt": 55}, "GEOGRAFIE": {"medie": 6.491836734693877, "reusita": 76.36363636363637, "cnt": 55}}, "nume": "LICEUL \"PROFESIA\"\tBucure\u0219ti"}