{"specializari": {"MATEMATICA-INFORMATICA": 63, "FILOLOGIE": 36, "STIINTE SOCIALE": 34}, "limba_moderna": {"LIMBA ENGLEZA": 121, "LIMBA FRANCEZA": 12}, "limba_materna": {"LIMBA ROMANA": 133}, "promotie_anterioara": {"NU": 124, "DA": 9}, "materii": {"LIMBA ROMANA": {"medie": 7.778682170542638, "reusita": 96.2406015037594, "cnt": 133}, "BIOLOGIE VEGETALA SI ANIMALA": {"medie": 6.7923076923076895, "reusita": 70.0, "cnt": 30}, "GENERAL": {"medie": 7.72622739018088, "reusita": 86.46616541353383, "cnt": 133}, "ISTORIE": {"medie": 7.227142857142858, "reusita": 100.0, "cnt": 70}, "MATEMATICA MATE-INFO": {"medie": 7.543220338983052, "reusita": 88.88888888888889, "cnt": 63}, "INFORMATICA MI C/C++": {"medie": 8.773529411764706, "reusita": 100.0, "cnt": 17}, "GEOGRAFIE": {"medie": 8.133620689655176, "reusita": 98.27586206896551, "cnt": 58}, "ANATOMIE SI FIZIOLOGIE UMANA, GENETICA SI ECOLOGIE UMANA": {"medie": 7.633333333333333, "reusita": 100.0, "cnt": 3}, "FIZICA TEO": {"medie": 9.111111111111109, "reusita": 100.0, "cnt": 9}, "SOCIOLOGIE": {"medie": 9.177777777777779, "reusita": 100.0, "cnt": 9}, "CHIMIE ANORGANICA TEO NIVEL I/II": {"medie": 6.683333333333334, "reusita": 100.0, "cnt": 3}, "ECONOMIE": {"medie": 8.366666666666665, "reusita": 100.0, "cnt": 3}, "INFORMATICA MI PASCAL": {"medie": 5.5, "reusita": 100.0, "cnt": 1}}, "nume": "LICEUL TEORETIC \"GRIGORE TOCILESCU\", ORASUL MIZIL\tPrahova"}