{"specializari": {"LICEU CU PROGRAM SPORTIV": 59}, "limba_moderna": {"LIMBA ENGLEZA": 45, "LIMBA FRANCEZA": 14}, "limba_materna": {"LIMBA ROMANA": 59}, "promotie_anterioara": {"NU": 48, "DA": 11}, "materii": {"LIMBA ROMANA": {"medie": 5.844827586206896, "reusita": 88.13559322033898, "cnt": 59}, "GENERAL": {"medie": 6.541666666666669, "reusita": 59.32203389830508, "cnt": 59}, "ISTORIE": {"medie": 6.063793103448278, "reusita": 89.83050847457628, "cnt": 59}, "LOGICA, ARGUMENTARE SI COMUNICARE": {"medie": 8.04078947368421, "reusita": 86.8421052631579, "cnt": 38}, "GEOGRAFIE": {"medie": 7.1, "reusita": 90.47619047619048, "cnt": 21}}, "nume": "LICEUL CU PROGRAM SPORTIV CAMPULUNG\tArge\u0219"}