{"specializari": {"TEHNICIAN IN GASTRONOMIE": 23}, "limba_moderna": {"LIMBA ENGLEZA": 23}, "limba_materna": {"LIMBA ROMANA": 23}, "promotie_anterioara": {"NU": 22, "DA": 1}, "materii": {"LIMBA ROMANA": {"medie": 4.905263157894737, "reusita": 43.47826086956522, "cnt": 23}, "MATEMATICA TEHN": {"medie": 3.281578947368421, "reusita": 26.08695652173913, "cnt": 23}, "GENERAL": {"medie": 4.275000000000001, "reusita": 13.043478260869565, "cnt": 23}, "GEOGRAFIE": {"medie": 4.373684210526315, "reusita": 30.434782608695656, "cnt": 23}}, "nume": "LICEUL TEHNOLOGIC \"JEAN DINU\" ADAMCLISI\tConstan\u021ba"}