{"specializari": {"STIINTE ALE NATURII": 64, "MATEMATICA-INFORMATICA": 34, "STIINTE SOCIALE": 31}, "limba_moderna": {"LIMBA ENGLEZA": 126, "LIMBA FRANCEZA": 3}, "limba_materna": {"LIMBA ROMANA": 103, "LIMBA MAGHIARA": 26}, "promotie_anterioara": {"NU": 123, "DA": 6}, "materii": {"LIMBA ROMANA": {"medie": 8.486821705426355, "reusita": 100.0, "cnt": 129}, "BIOLOGIE VEGETALA SI ANIMALA": {"medie": 8.358333333333333, "reusita": 83.33333333333334, "cnt": 6}, "GENERAL": {"medie": 8.485872395833336, "reusita": 96.89922480620154, "cnt": 129}, "MATEMATICA ST-NAT": {"medie": 7.690625000000002, "reusita": 98.4375, "cnt": 64}, "CHIMIE ORGANICA TEO NIVEL I/II": {"medie": 7.159090909090909, "reusita": 90.9090909090909, "cnt": 11}, "ISTORIE": {"medie": 8.24516129032258, "reusita": 100.0, "cnt": 31}, "LOGICA, ARGUMENTARE SI COMUNICARE": {"medie": 9.0575, "reusita": 100.0, "cnt": 20}, "MATEMATICA MATE-INFO": {"medie": 8.823529411764707, "reusita": 100.0, "cnt": 34}, "INFORMATICA MI C/C++": {"medie": 8.719444444444445, "reusita": 100.0, "cnt": 18}, "GEOGRAFIE": {"medie": 9.004545454545452, "reusita": 100.0, "cnt": 11}, "ANATOMIE SI FIZIOLOGIE UMANA, GENETICA SI ECOLOGIE UMANA": {"medie": 8.94122807017544, "reusita": 96.55172413793103, "cnt": 58}, "FIZICA TEO": {"medie": 8.200000000000001, "reusita": 100.0, "cnt": 4}, "CHIMIE ANORGANICA TEO NIVEL I/II": {"medie": 9.9, "reusita": 100.0, "cnt": 1}, "LIMBA MAGHIARA (REAL)": {"medie": 8.107692307692307, "reusita": 100.0, "cnt": 26}}, "nume": "LICEUL TEORETIC \"ONISIFOR GHIBU\" CLUJ-NAPOCA\tCluj"}