{"specializari": {"MATEMATICA-INFORMATICA": 30, "TEHNICIAN OPERATOR TEHNICA DE CALCUL": 35, "TEHNICIAN MECANIC PENTRU INTRETINERE SI REPARATII": 18}, "limba_moderna": {"LIMBA ENGLEZA": 83}, "limba_materna": {"LIMBA ROMANA": 83}, "promotie_anterioara": {"DA": 18, "NU": 65}, "materii": {"LIMBA ROMANA": {"medie": 5.40246913580247, "reusita": 66.26506024096386, "cnt": 83}, "MATEMATICA TEHN": {"medie": 3.536274509803922, "reusita": 35.84905660377358, "cnt": 53}, "BIOLOGIE VEGETALA SI ANIMALA": {"medie": 4.188235294117646, "reusita": 39.62264150943396, "cnt": 53}, "GENERAL": {"medie": 5.1047916666666655, "reusita": 32.53012048192771, "cnt": 83}, "MATEMATICA MATE-INFO": {"medie": 6.5200000000000005, "reusita": 93.33333333333333, "cnt": 30}, "ANATOMIE SI FIZIOLOGIE UMANA, GENETICA SI ECOLOGIE UMANA": {"medie": 6.765000000000001, "reusita": 90.0, "cnt": 30}}, "nume": "LICEUL TEORETIC \"MIHAI VITEAZUL\" VISINA\tD\u00e2mbovi\u021ba"}