{"specializari": {"MATEMATICA-INFORMATICA": 29, "LICEU CU PROGRAM SPORTIV": 36, "STIINTE ALE NATURII": 29, "FILOLOGIE": 66, "ARTA ACTORULUI": 1}, "limba_moderna": {"LIMBA ENGLEZA": 156, "LIMBA SPANIOLA": 4, "LIMBA FRANCEZA": 1}, "limba_materna": {"LIMBA ROMANA": 132, "LIMBA GERMANA": 29}, "promotie_anterioara": {"NU": 155, "DA": 6}, "materii": {"LIMBA ROMANA": {"medie": 8.012111801242238, "reusita": 99.37888198757764, "cnt": 161}, "BIOLOGIE VEGETALA SI ANIMALA": {"medie": 8.583870967741934, "reusita": 100.0, "cnt": 31}, "GENERAL": {"medie": 7.899192708333329, "reusita": 93.16770186335404, "cnt": 161}, "MATEMATICA ST-NAT": {"medie": 8.413793103448274, "reusita": 96.55172413793103, "cnt": 29}, "CHIMIE ORGANICA TEO NIVEL I/II": {"medie": 5.6000000000000005, "reusita": 66.66666666666666, "cnt": 3}, "ISTORIE": {"medie": 6.902427184466018, "reusita": 99.02912621359224, "cnt": 103}, "LOGICA, ARGUMENTARE SI COMUNICARE": {"medie": 8.634375000000002, "reusita": 100.0, "cnt": 16}, "MATEMATICA MATE-INFO": {"medie": 8.450000000000001, "reusita": 100.0, "cnt": 29}, "INFORMATICA MI C/C++": {"medie": 8.5625, "reusita": 100.0, "cnt": 8}, "GEOGRAFIE": {"medie": 7.985632183908049, "reusita": 100.0, "cnt": 87}, "ANATOMIE SI FIZIOLOGIE UMANA, GENETICA SI ECOLOGIE UMANA": {"medie": 8.683333333333334, "reusita": 90.0, "cnt": 10}, "FIZICA TEO": {"medie": 7.741666666666667, "reusita": 100.0, "cnt": 6}, "LIMBA GERMANA": {"medie": 7.65, "reusita": 89.65517241379311, "cnt": 29}}, "nume": "LICEUL TEORETIC \"ONISIFOR GHIBU\" SIBIU\tSibiu"}