{"specializari": {"MATEMATICA-INFORMATICA": 31, "STIINTE ALE NATURII": 66, "STIINTE SOCIALE": 32}, "limba_moderna": {"LIMBA FRANCEZA": 1, "LIMBA ENGLEZA": 128}, "limba_materna": {"LIMBA ROMANA": 103, "LIMBA MAGHIARA": 26}, "promotie_anterioara": {"NU": 108, "DA": 21}, "materii": {"LIMBA ROMANA": {"medie": 7.370634920634918, "reusita": 93.7984496124031, "cnt": 129}, "BIOLOGIE VEGETALA SI ANIMALA": {"medie": 7.1326086956521735, "reusita": 91.66666666666666, "cnt": 24}, "GENERAL": {"medie": 7.323974867724867, "reusita": 81.3953488372093, "cnt": 129}, "MATEMATICA ST-NAT": {"medie": 6.640151515151513, "reusita": 93.93939393939394, "cnt": 66}, "CHIMIE ORGANICA TEO NIVEL I/II": {"medie": 5.91, "reusita": 100.0, "cnt": 5}, "ISTORIE": {"medie": 6.621874999999999, "reusita": 100.0, "cnt": 32}, "LOGICA, ARGUMENTARE SI COMUNICARE": {"medie": 9.05892857142857, "reusita": 100.0, "cnt": 28}, "MATEMATICA MATE-INFO": {"medie": 7.4383333333333335, "reusita": 87.09677419354838, "cnt": 31}, "GEOGRAFIE": {"medie": 7.1000000000000005, "reusita": 100.0, "cnt": 4}, "ANATOMIE SI FIZIOLOGIE UMANA, GENETICA SI ECOLOGIE UMANA": {"medie": 7.250000000000002, "reusita": 95.0, "cnt": 40}, "FIZICA TEO": {"medie": 7.064285714285715, "reusita": 85.71428571428571, "cnt": 7}, "CHIMIE ANORGANICA TEO NIVEL I/II": {"medie": 6.8199999999999985, "reusita": 100.0, "cnt": 10}, "LIMBA MAGHIARA (REAL)": {"medie": 7.798076923076924, "reusita": 100.0, "cnt": 26}, "INFORMATICA MI PASCAL": {"medie": 8.540909090909091, "reusita": 100.0, "cnt": 11}}, "nume": "LICEUL TEORETIC \"PETRU MAIOR\" GHERLA\tCluj"}