{"specializari": {"STIINTE ALE NATURII": 124}, "limba_moderna": {"LIMBA ENGLEZA": 102, "LIMBA FRANCEZA": 22}, "limba_materna": {"LIMBA ROMANA": 124}, "promotie_anterioara": {"NU": 108, "DA": 16}, "materii": {"LIMBA ROMANA": {"medie": 6.825609756097561, "reusita": 95.16129032258065, "cnt": 124}, "BIOLOGIE VEGETALA SI ANIMALA": {"medie": 5.949999999999999, "reusita": 50.0, "cnt": 2}, "GENERAL": {"medie": 6.650135501355016, "reusita": 66.12903225806451, "cnt": 124}, "MATEMATICA ST-NAT": {"medie": 5.847154471544716, "reusita": 77.41935483870968, "cnt": 124}, "CHIMIE ORGANICA TEO NIVEL I/II": {"medie": 6.971428571428572, "reusita": 100.0, "cnt": 7}, "ANATOMIE SI FIZIOLOGIE UMANA, GENETICA SI ECOLOGIE UMANA": {"medie": 7.3197368421052635, "reusita": 91.30434782608695, "cnt": 115}}, "nume": "LICEUL TEORETIC \"GEORGE EMIL PALADE\" CONSTANTA\tConstan\u021ba"}