{"specializari": {"MATEMATICA-INFORMATICA": 80, "FILOLOGIE": 113, "STIINTE ALE NATURII": 38, "STIINTE SOCIALE": 79}, "limba_moderna": {"LIMBA ENGLEZA": 290, "LIMBA FRANCEZA": 20}, "limba_materna": {"LIMBA ROMANA": 310}, "promotie_anterioara": {"NU": 303, "DA": 7}, "materii": {"LIMBA ROMANA": {"medie": 7.721590909090903, "reusita": 96.12903225806451, "cnt": 310}, "BIOLOGIE VEGETALA SI ANIMALA": {"medie": 7.9, "reusita": 100.0, "cnt": 1}, "GENERAL": {"medie": 7.933008658008654, "reusita": 91.61290322580645, "cnt": 310}, "MATEMATICA ST-NAT": {"medie": 7.578947368421056, "reusita": 92.10526315789474, "cnt": 38}, "CHIMIE ORGANICA TEO NIVEL I/II": {"medie": 8.24318181818182, "reusita": 100.0, "cnt": 22}, "ISTORIE": {"medie": 6.8892105263157895, "reusita": 96.35416666666666, "cnt": 192}, "MATEMATICA MATE-INFO": {"medie": 8.871875, "reusita": 100.0, "cnt": 80}, "INFORMATICA MI C/C++": {"medie": 8.933333333333334, "reusita": 100.0, "cnt": 3}, "GEOGRAFIE": {"medie": 8.621122994652406, "reusita": 97.87234042553192, "cnt": 188}, "ANATOMIE SI FIZIOLOGIE UMANA, GENETICA SI ECOLOGIE UMANA": {"medie": 8.181914893617021, "reusita": 95.74468085106383, "cnt": 47}, "FIZICA TEO": {"medie": 9.1453488372093, "reusita": 100.0, "cnt": 43}, "SOCIOLOGIE": {"medie": 8.7, "reusita": 100.0, "cnt": 2}, "CHIMIE ANORGANICA TEO NIVEL I/II": {"medie": 6.925, "reusita": 100.0, "cnt": 2}, "ECONOMIE": {"medie": 7.9, "reusita": 50.0, "cnt": 2}}, "nume": "LICEUL TEORETIC \"MIHAI VITEAZUL\" CARACAL\tOlt"}