{"specializari": {"MATEMATICA-INFORMATICA": 23, "FILOLOGIE": 34, "TEOLOGIE ROMANO-CATOLICA": 37, "STIINTE ALE NATURII": 55}, "limba_moderna": {"LIMBA ENGLEZA": 103, "LIMBA GERMANA MODERNA": 46}, "limba_materna": {"LIMBA MAGHIARA": 149}, "promotie_anterioara": {"NU": 138, "DA": 11}, "materii": {"LIMBA ROMANA": {"medie": 6.00748299319728, "reusita": 74.49664429530202, "cnt": 149}, "GENERAL": {"medie": 7.084353741496601, "reusita": 66.44295302013423, "cnt": 149}, "MATEMATICA ST-NAT": {"medie": 8.286363636363637, "reusita": 100.0, "cnt": 55}, "CHIMIE ORGANICA TEO NIVEL I/II": {"medie": 9.108333333333334, "reusita": 100.0, "cnt": 6}, "ISTORIE": {"medie": 6.593478260869565, "reusita": 87.32394366197182, "cnt": 71}, "MATEMATICA MATE-INFO": {"medie": 6.058695652173912, "reusita": 78.26086956521739, "cnt": 23}, "INFORMATICA MI C/C++": {"medie": 6.79375, "reusita": 93.75, "cnt": 16}, "GEOGRAFIE": {"medie": 6.466666666666666, "reusita": 84.50704225352112, "cnt": 71}, "ANATOMIE SI FIZIOLOGIE UMANA, GENETICA SI ECOLOGIE UMANA": {"medie": 8.126999999999997, "reusita": 100.0, "cnt": 50}, "FIZICA TEO": {"medie": 7.3999999999999995, "reusita": 100.0, "cnt": 6}, "LIMBA MAGHIARA (REAL)": {"medie": 7.826106194690262, "reusita": 95.65217391304348, "cnt": 115}, "LIMBA MAGHIARA (UMAN)": {"medie": 8.464705882352941, "reusita": 100.0, "cnt": 34}}, "nume": "LICEUL TEORETIC \"NAGY MOZES\" TARGU SECUIESC\tCovasna"}