{"specializari": {"FILOLOGIE": 34, "TEOLOGIE ORTODOXA": 34}, "limba_moderna": {"LIMBA ENGLEZA": 67, "LIMBA FRANCEZA": 1}, "limba_materna": {"LIMBA ROMANA": 68}, "promotie_anterioara": {"NU": 64, "DA": 4}, "materii": {"LIMBA ROMANA": {"medie": 6.68676470588235, "reusita": 91.17647058823529, "cnt": 68}, "GENERAL": {"medie": 6.711519607843137, "reusita": 70.58823529411765, "cnt": 68}, "ISTORIE": {"medie": 6.530882352941179, "reusita": 94.11764705882352, "cnt": 68}, "GEOGRAFIE": {"medie": 6.916911764705881, "reusita": 91.17647058823529, "cnt": 68}}, "nume": "LICEUL TEOLOGIC ORTODOX \"NICOLAE STEINHARDT\" SATU MARE\tSatu-Mare"}