{"specializari": {"MATEMATICA-INFORMATICA": 49, "STIINTE SOCIALE": 35, "STIINTE ALE NATURII": 59, "TEHNICIAN IN TURISM": 24, "FILOLOGIE": 35}, "limba_moderna": {"LIMBA ENGLEZA": 190, "LIMBA FRANCEZA": 12}, "limba_materna": {"LIMBA ROMANA": 202}, "promotie_anterioara": {"NU": 186, "DA": 16}, "materii": {"LIMBA ROMANA": {"medie": 8.180249999999996, "reusita": 97.02970297029702, "cnt": 202}, "MATEMATICA TEHN": {"medie": 6.302173913043479, "reusita": 91.66666666666666, "cnt": 24}, "BIOLOGIE VEGETALA SI ANIMALA": {"medie": 8.26842105263158, "reusita": 96.61016949152543, "cnt": 59}, "GENERAL": {"medie": 7.952188552188556, "reusita": 88.61386138613861, "cnt": 202}, "MATEMATICA ST-NAT": {"medie": 6.987068965517241, "reusita": 89.83050847457628, "cnt": 59}, "CHIMIE ORGANICA TEO NIVEL I/II": {"medie": 6.8100000000000005, "reusita": 93.33333333333333, "cnt": 30}, "ISTORIE": {"medie": 7.607142857142857, "reusita": 100.0, "cnt": 70}, "LOGICA, ARGUMENTARE SI COMUNICARE": {"medie": 8.7, "reusita": 100.0, "cnt": 2}, "MATEMATICA MATE-INFO": {"medie": 8.559183673469391, "reusita": 100.0, "cnt": 49}, "INFORMATICA MI C/C++": {"medie": 8.55, "reusita": 100.0, "cnt": 1}, "GEOGRAFIE": {"medie": 8.440588235294115, "reusita": 98.83720930232558, "cnt": 86}, "ANATOMIE SI FIZIOLOGIE UMANA, GENETICA SI ECOLOGIE UMANA": {"medie": 8.271428571428572, "reusita": 100.0, "cnt": 7}, "FIZICA TEO": {"medie": 8.840909090909092, "reusita": 100.0, "cnt": 11}, "PSIHOLOGIE": {"medie": 7.033333333333334, "reusita": 100.0, "cnt": 3}, "ECONOMIE": {"medie": 6.883333333333334, "reusita": 66.66666666666666, "cnt": 3}}, "nume": "LICEUL TEORETIC \"I. C. BRATIANU\" HATEG\tHunedoara"}