{"specializari": {"STIINTE SOCIALE": 33, "LICEU CU PROGRAM SPORTIV": 26, "TEHNICIAN IN INDUSTRIA ALIMENTARA": 23, "STIINTE ALE NATURII": 32}, "limba_moderna": {"LIMBA FRANCEZA": 7, "LIMBA ENGLEZA": 107}, "limba_materna": {"LIMBA ROMANA": 114}, "promotie_anterioara": {"NU": 75, "DA": 39}, "materii": {"LIMBA ROMANA": {"medie": 5.534905660377361, "reusita": 67.54385964912281, "cnt": 114}, "MATEMATICA TEHN": {"medie": 4.286363636363636, "reusita": 43.47826086956522, "cnt": 23}, "BIOLOGIE VEGETALA SI ANIMALA": {"medie": 5.876470588235294, "reusita": 72.22222222222221, "cnt": 18}, "GENERAL": {"medie": 5.452063492063495, "reusita": 28.947368421052634, "cnt": 114}, "MATEMATICA ST-NAT": {"medie": 3.335483870967742, "reusita": 25.0, "cnt": 32}, "ISTORIE": {"medie": 5.502727272727271, "reusita": 71.1864406779661, "cnt": 59}, "LOGICA, ARGUMENTARE SI COMUNICARE": {"medie": 8.352631578947367, "reusita": 90.0, "cnt": 20}, "GEOGRAFIE": {"medie": 6.140277777777778, "reusita": 68.42105263157895, "cnt": 38}, "ANATOMIE SI FIZIOLOGIE UMANA, GENETICA SI ECOLOGIE UMANA": {"medie": 5.335714285714286, "reusita": 59.45945945945946, "cnt": 37}, "PSIHOLOGIE": {"medie": 2.8, "reusita": 0.0, "cnt": 1}}, "nume": "LICEUL TEHNOLOGIC \"ION PODARU\" OVIDIU\tConstan\u021ba"}