{"specializari": {"FILOLOGIE": 39, "MATEMATICA-INFORMATICA": 23, "STIINTE ALE NATURII": 46, "STIINTE SOCIALE": 71}, "limba_moderna": {"LIMBA ENGLEZA": 159, "LIMBA FRANCEZA": 20}, "limba_materna": {"LIMBA ROMANA": 179}, "promotie_anterioara": {"NU": 165, "DA": 14}, "materii": {"LIMBA ROMANA": {"medie": 6.546648044692737, "reusita": 88.26815642458101, "cnt": 179}, "GENERAL": {"medie": 6.995692883895129, "reusita": 73.74301675977654, "cnt": 179}, "MATEMATICA ST-NAT": {"medie": 6.343478260869565, "reusita": 84.78260869565217, "cnt": 46}, "ISTORIE": {"medie": 6.583181818181817, "reusita": 98.18181818181819, "cnt": 110}, "MATEMATICA MATE-INFO": {"medie": 8.330434782608695, "reusita": 100.0, "cnt": 23}, "INFORMATICA MI C/C++": {"medie": 7.641666666666667, "reusita": 84.61538461538461, "cnt": 13}, "GEOGRAFIE": {"medie": 7.656435643564356, "reusita": 95.04950495049505, "cnt": 101}, "ANATOMIE SI FIZIOLOGIE UMANA, GENETICA SI ECOLOGIE UMANA": {"medie": 7.900000000000003, "reusita": 100.0, "cnt": 51}, "FIZICA TEO": {"medie": 8.7, "reusita": 100.0, "cnt": 5}, "SOCIOLOGIE": {"medie": 6.2, "reusita": 80.0, "cnt": 5}, "PSIHOLOGIE": {"medie": 6.05, "reusita": 100.0, "cnt": 1}, "FILOSOFIE": {"medie": 6.383333333333333, "reusita": 100.0, "cnt": 3}}, "nume": "LICEUL TEORETIC \"PETRU RARES\" TARGU LAPUS\tMaramure\u0219"}