{"specializari": {"STIINTE ALE NATURII": 32, "MATEMATICA-INFORMATICA": 31, "FILOLOGIE": 59}, "limba_moderna": {"LIMBA ENGLEZA": 122}, "limba_materna": {"LIMBA ROMANA": 122}, "promotie_anterioara": {"DA": 23, "NU": 99}, "materii": {"LIMBA ROMANA": {"medie": 6.308823529411765, "reusita": 87.70491803278688, "cnt": 122}, "BIOLOGIE VEGETALA SI ANIMALA": {"medie": 5.85, "reusita": 100.0, "cnt": 1}, "GENERAL": {"medie": 6.565960451977402, "reusita": 60.65573770491803, "cnt": 122}, "MATEMATICA ST-NAT": {"medie": 4.7203124999999995, "reusita": 59.375, "cnt": 32}, "ISTORIE": {"medie": 6.518965517241382, "reusita": 96.61016949152543, "cnt": 59}, "MATEMATICA MATE-INFO": {"medie": 6.711666666666668, "reusita": 87.09677419354838, "cnt": 31}, "INFORMATICA MI C/C++": {"medie": 9.7, "reusita": 100.0, "cnt": 1}, "GEOGRAFIE": {"medie": 7.455263157894737, "reusita": 93.10344827586206, "cnt": 58}, "ANATOMIE SI FIZIOLOGIE UMANA, GENETICA SI ECOLOGIE UMANA": {"medie": 7.064406779661018, "reusita": 88.33333333333333, "cnt": 60}, "FIZICA TEO": {"medie": 5.0, "reusita": 100.0, "cnt": 1}, "PSIHOLOGIE": {"medie": 2.85, "reusita": 0.0, "cnt": 1}}, "nume": "LICEUL TEORETIC \"MIHAI VELICIU\" CHISINEU-CRIS\tArad"}