{"specializari": {"MUZICA": 28}, "limba_moderna": {"LIMBA ENGLEZA": 28}, "limba_materna": {"LIMBA ROMANA": 28}, "promotie_anterioara": {"NU": 26, "DA": 2}, "materii": {"LIMBA ROMANA": {"medie": 7.709259259259257, "reusita": 96.42857142857143, "cnt": 28}, "GENERAL": {"medie": 7.850617283950618, "reusita": 96.42857142857143, "cnt": 28}, "ISTORIE": {"medie": 7.410714285714286, "reusita": 100.0, "cnt": 28}, "GEOGRAFIE": {"medie": 8.342592592592592, "reusita": 96.42857142857143, "cnt": 28}}, "nume": "LICEUL VOCATIONAL DE MUZICA \"TUDOR CIORTEA\" BRASOV\tBra\u0219ov"}