{"specializari": {"STIINTE ALE NATURII": 74, "TEHNICIAN AGRONOM": 41, "TEHNICIAN IN AGRICULTURA": 3}, "limba_moderna": {"LIMBA FRANCEZA": 3, "LIMBA ENGLEZA": 115}, "limba_materna": {"LIMBA ROMANA": 118}, "promotie_anterioara": {"NU": 104, "DA": 14}, "materii": {"LIMBA ROMANA": {"medie": 6.200990099009902, "reusita": 70.33898305084746, "cnt": 118}, "MATEMATICA TEHN": {"medie": 2.814285714285714, "reusita": 13.636363636363635, "cnt": 44}, "GENERAL": {"medie": 5.390476190476189, "reusita": 27.11864406779661, "cnt": 118}, "MATEMATICA ST-NAT": {"medie": 4.663888888888888, "reusita": 47.2972972972973, "cnt": 74}, "ANATOMIE SI FIZIOLOGIE UMANA, GENETICA SI ECOLOGIE UMANA": {"medie": 5.534302325581398, "reusita": 52.83018867924528, "cnt": 106}, "CHIMIE ANORGANICA TEO NIVEL I/II": {"medie": 7.534999999999999, "reusita": 90.0, "cnt": 10}, "CHIMIE ANORGANICA TEH NIVEL I/II": {"medie": 6.75, "reusita": 100.0, "cnt": 2}}, "nume": "LICEUL \"DEMOSTENE BOTEZ\" TRUSESTI\tBoto\u0219ani"}