{"specializari": {"ARHITECTURA, ARTE AMBIENTALE SI DESIGN": 32, "MUZICA": 30, "ARTE PLASTICE SI DECORATIVE": 33}, "limba_moderna": {"LIMBA ENGLEZA": 86, "LIMBA FRANCEZA": 8, "LIMBA SPANIOLA": 1}, "limba_materna": {"LIMBA ROMANA": 95}, "promotie_anterioara": {"NU": 88, "DA": 7}, "materii": {"LIMBA ROMANA": {"medie": 8.447894736842109, "reusita": 98.94736842105263, "cnt": 95}, "GENERAL": {"medie": 7.6449122807017575, "reusita": 92.63157894736842, "cnt": 95}, "ISTORIE": {"medie": 6.780000000000003, "reusita": 98.94736842105263, "cnt": 95}, "GEOGRAFIE": {"medie": 7.808139534883725, "reusita": 97.67441860465115, "cnt": 86}, "PSIHOLOGIE": {"medie": 6.3500000000000005, "reusita": 100.0, "cnt": 6}, "ECONOMIE": {"medie": 7.516666666666666, "reusita": 100.0, "cnt": 3}}, "nume": "LICEUL DE ARTE \"BALASA DOAMNA\" TARGOVISTE\tD\u00e2mbovi\u021ba"}