{"specializari": {"TEHNICIAN MECATRONIST": 52}, "limba_moderna": {"LIMBA ENGLEZA": 52}, "limba_materna": {"LIMBA ROMANA": 52}, "promotie_anterioara": {"NU": 35, "DA": 17}, "materii": {"LIMBA ROMANA": {"medie": 6.382999999999998, "reusita": 86.53846153846155, "cnt": 52}, "MATEMATICA TEHN": {"medie": 7.357843137254904, "reusita": 94.23076923076923, "cnt": 52}, "BIOLOGIE VEGETALA SI ANIMALA": {"medie": 8.459090909090909, "reusita": 100.0, "cnt": 44}, "GENERAL": {"medie": 7.317687074829929, "reusita": 80.76923076923077, "cnt": 52}, "FIZICA TEH": {"medie": 6.228571428571428, "reusita": 87.5, "cnt": 8}}, "nume": "LICEUL TEHNOLOGIC NR.1 SUPLACU DE BARCAU\tBihor"}