{"specializari": {"MATEMATICA-INFORMATICA": 32, "STIINTE ALE NATURII": 22, "STIINTE SOCIALE": 25, "FILOLOGIE": 32}, "limba_moderna": {"LIMBA ENGLEZA": 104, "LIMBA FRANCEZA": 7}, "limba_materna": {"LIMBA ROMANA": 111}, "promotie_anterioara": {"NU": 99, "DA": 12}, "materii": {"LIMBA ROMANA": {"medie": 6.703636363636363, "reusita": 84.68468468468468, "cnt": 111}, "BIOLOGIE VEGETALA SI ANIMALA": {"medie": 8.766666666666666, "reusita": 100.0, "cnt": 3}, "GENERAL": {"medie": 6.879290123456791, "reusita": 64.86486486486487, "cnt": 111}, "MATEMATICA ST-NAT": {"medie": 5.497727272727274, "reusita": 68.18181818181817, "cnt": 22}, "ISTORIE": {"medie": 5.982727272727274, "reusita": 73.68421052631578, "cnt": 57}, "MATEMATICA MATE-INFO": {"medie": 8.2453125, "reusita": 93.75, "cnt": 32}, "GEOGRAFIE": {"medie": 6.447777777777779, "reusita": 80.43478260869566, "cnt": 46}, "ANATOMIE SI FIZIOLOGIE UMANA, GENETICA SI ECOLOGIE UMANA": {"medie": 8.30108695652174, "reusita": 97.87234042553192, "cnt": 47}, "FIZICA TEO": {"medie": 6.172499999999999, "reusita": 100.0, "cnt": 4}, "SOCIOLOGIE": {"medie": 7.0, "reusita": 88.88888888888889, "cnt": 9}, "PSIHOLOGIE": {"medie": 5.2, "reusita": 100.0, "cnt": 1}, "ECONOMIE": {"medie": 5.05, "reusita": 100.0, "cnt": 1}}, "nume": "LICEUL TEORETIC \"IOAN COTOVU\" HARSOVA\tConstan\u021ba"}