{"specializari": {"MATEMATICA-INFORMATICA": 150, "FILOLOGIE": 41}, "limba_moderna": {"LIMBA ENGLEZA": 134, "LIMBA FRANCEZA": 53, "LIMBA SPANIOLA": 4}, "limba_materna": {"LIMBA ROMANA": 191}, "promotie_anterioara": {"NU": 142, "DA": 49}, "materii": {"LIMBA ROMANA": {"medie": 6.723947368421056, "reusita": 93.19371727748691, "cnt": 191}, "BIOLOGIE VEGETALA SI ANIMALA": {"medie": 6.688461538461538, "reusita": 92.3076923076923, "cnt": 13}, "GENERAL": {"medie": 6.4443262411347515, "reusita": 52.879581151832454, "cnt": 191}, "CHIMIE ORGANICA TEO NIVEL I/II": {"medie": 9.6125, "reusita": 100.0, "cnt": 4}, "ISTORIE": {"medie": 6.0807692307692305, "reusita": 87.8048780487805, "cnt": 41}, "MATEMATICA MATE-INFO": {"medie": 5.510402684563758, "reusita": 64.0, "cnt": 150}, "INFORMATICA MI C/C++": {"medie": 7.9, "reusita": 100.0, "cnt": 1}, "GEOGRAFIE": {"medie": 7.322222222222221, "reusita": 94.5945945945946, "cnt": 37}, "ANATOMIE SI FIZIOLOGIE UMANA, GENETICA SI ECOLOGIE UMANA": {"medie": 6.6823275862068945, "reusita": 90.51724137931035, "cnt": 116}, "FIZICA TEO": {"medie": 7.229166666666668, "reusita": 83.33333333333334, "cnt": 12}, "PSIHOLOGIE": {"medie": 8.05, "reusita": 100.0, "cnt": 2}, "ECONOMIE": {"medie": 8.5, "reusita": 100.0, "cnt": 2}, "INFORMATICA MI PASCAL": {"medie": 6.8, "reusita": 100.0, "cnt": 4}}, "nume": "LICEUL TEORETIC \"ALEXANDRU GHICA\" ALEXANDRIA\tTeleorman"}