{"specializari": {"MATEMATICA-INFORMATICA": 34, "STIINTE ALE NATURII": 69, "FILOLOGIE": 33, "STIINTE SOCIALE": 32}, "limba_moderna": {"LIMBA ENGLEZA": 140, "LIMBA FRANCEZA": 28}, "limba_materna": {"LIMBA ROMANA": 168}, "promotie_anterioara": {"NU": 155, "DA": 13}, "materii": {"LIMBA ROMANA": {"medie": 6.831437125748505, "reusita": 91.07142857142857, "cnt": 168}, "GENERAL": {"medie": 7.105289421157686, "reusita": 76.78571428571429, "cnt": 168}, "MATEMATICA ST-NAT": {"medie": 5.911029411764704, "reusita": 71.01449275362319, "cnt": 69}, "CHIMIE ORGANICA TEO NIVEL I/II": {"medie": 8.3, "reusita": 100.0, "cnt": 1}, "ISTORIE": {"medie": 7.036153846153845, "reusita": 96.92307692307692, "cnt": 65}, "MATEMATICA MATE-INFO": {"medie": 8.405882352941177, "reusita": 91.17647058823529, "cnt": 34}, "INFORMATICA MI C/C++": {"medie": 8.286538461538465, "reusita": 100.0, "cnt": 26}, "GEOGRAFIE": {"medie": 8.103906250000001, "reusita": 96.875, "cnt": 64}, "ANATOMIE SI FIZIOLOGIE UMANA, GENETICA SI ECOLOGIE UMANA": {"medie": 6.917164179104477, "reusita": 85.29411764705883, "cnt": 68}, "FIZICA TEO": {"medie": 7.76875, "reusita": 100.0, "cnt": 8}, "ECONOMIE": {"medie": 5.8, "reusita": 100.0, "cnt": 1}}, "nume": "LICEUL TEORETIC \"INDEPENDENTA\" CALAFAT\tDolj"}