{"specializari": {"FILOLOGIE": 142, "STIINTE SOCIALE": 31, "INVATATOR - EDUCATOARE": 33}, "limba_moderna": {"LIMBA ENGLEZA": 175, "LIMBA GERMANA MODERNA": 22, "LIMBA FRANCEZA": 9}, "limba_materna": {"LIMBA MAGHIARA": 58, "LIMBA ROMANA": 144, "LIMBA GERMANA": 4}, "promotie_anterioara": {"NU": 200, "DA": 6}, "materii": {"LIMBA ROMANA": {"medie": 7.1051219512195045, "reusita": 92.23300970873787, "cnt": 206}, "GENERAL": {"medie": 7.794959349593495, "reusita": 88.83495145631069, "cnt": 206}, "ISTORIE": {"medie": 7.693313953488373, "reusita": 99.42196531791907, "cnt": 173}, "GEOGRAFIE": {"medie": 8.601442307692311, "reusita": 98.07692307692307, "cnt": 104}, "MATEMATICA PED": {"medie": 8.006060606060604, "reusita": 96.96969696969697, "cnt": 33}, "SOCIOLOGIE": {"medie": 8.265340909090908, "reusita": 97.75280898876404, "cnt": 89}, "LIMBA GERMANA": {"medie": 7.625, "reusita": 100.0, "cnt": 4}, "PSIHOLOGIE": {"medie": 7.970000000000001, "reusita": 100.0, "cnt": 10}, "LIMBA MAGHIARA (UMAN)": {"medie": 7.50175438596491, "reusita": 98.27586206896551, "cnt": 58}, "FILOSOFIE": {"medie": 7.716666666666668, "reusita": 100.0, "cnt": 3}}, "nume": "LICEUL PEDAGOGIC \"GHEORGHE SINCAI\" ZALAU\tS\u0103laj"}