{"specializari": {"MATEMATICA-INFORMATICA": 72, "FILOLOGIE": 77, "STIINTE SOCIALE": 36, "STIINTE ALE NATURII": 49}, "limba_moderna": {"LIMBA ENGLEZA": 220, "LIMBA FRANCEZA": 14}, "limba_materna": {"LIMBA ROMANA": 234}, "promotie_anterioara": {"NU": 196, "DA": 38}, "materii": {"LIMBA ROMANA": {"medie": 6.8138888888888856, "reusita": 96.15384615384616, "cnt": 234}, "BIOLOGIE VEGETALA SI ANIMALA": {"medie": 7.3625, "reusita": 100.0, "cnt": 12}, "GENERAL": {"medie": 6.965945165945166, "reusita": 79.05982905982906, "cnt": 234}, "MATEMATICA ST-NAT": {"medie": 6.324489795918369, "reusita": 83.6734693877551, "cnt": 49}, "CHIMIE ORGANICA TEO NIVEL I/II": {"medie": 7.342857142857143, "reusita": 85.71428571428571, "cnt": 7}, "ISTORIE": {"medie": 6.510267857142858, "reusita": 99.11504424778761, "cnt": 113}, "MATEMATICA MATE-INFO": {"medie": 6.711971830985916, "reusita": 91.66666666666666, "cnt": 72}, "INFORMATICA MI C/C++": {"medie": 6.323529411764706, "reusita": 76.47058823529412, "cnt": 17}, "GEOGRAFIE": {"medie": 7.799509803921566, "reusita": 98.05825242718447, "cnt": 103}, "ANATOMIE SI FIZIOLOGIE UMANA, GENETICA SI ECOLOGIE UMANA": {"medie": 7.482098765432098, "reusita": 95.06172839506173, "cnt": 81}, "FIZICA TEO": {"medie": 7.1, "reusita": 100.0, "cnt": 2}, "SOCIOLOGIE": {"medie": 7.5, "reusita": 100.0, "cnt": 3}, "CHIMIE ANORGANICA TEO NIVEL I/II": {"medie": 7.675000000000001, "reusita": 100.0, "cnt": 2}, "PSIHOLOGIE": {"medie": 7.050000000000001, "reusita": 100.0, "cnt": 2}, "ECONOMIE": {"medie": 7.416666666666667, "reusita": 100.0, "cnt": 3}, "FILOSOFIE": {"medie": 9.075, "reusita": 100.0, "cnt": 2}}, "nume": "LICEUL TEORETIC \"DIMITRIE BOLINTINEANU\"\tBucure\u0219ti"}