{"specializari": {"MATEMATICA-INFORMATICA": 16, "FILOLOGIE": 171, "TEHNICIAN IN ACTIVITATI ECONOMICE": 23, "STIINTE ALE NATURII": 22, "TEHNICIAN MECATRONIST": 1}, "limba_moderna": {"LIMBA ENGLEZA": 232, "LIMBA FRANCEZA": 1}, "limba_materna": {"LIMBA ROMANA": 233}, "promotie_anterioara": {"NU": 172, "DA": 61}, "materii": {"LIMBA ROMANA": {"medie": 5.371681415929203, "reusita": 70.81545064377683, "cnt": 233}, "MATEMATICA TEHN": {"medie": 5.297826086956522, "reusita": 66.66666666666666, "cnt": 24}, "BIOLOGIE VEGETALA SI ANIMALA": {"medie": 5.2192307692307685, "reusita": 57.14285714285714, "cnt": 14}, "GENERAL": {"medie": 5.6765909090909075, "reusita": 36.48068669527897, "cnt": 233}, "MATEMATICA ST-NAT": {"medie": 4.61590909090909, "reusita": 50.0, "cnt": 22}, "CHIMIE ORGANICA TEO NIVEL I/II": {"medie": 9.4, "reusita": 100.0, "cnt": 1}, "ISTORIE": {"medie": 5.573668639053255, "reusita": 83.62573099415205, "cnt": 171}, "LOGICA, ARGUMENTARE SI COMUNICARE": {"medie": 8.09, "reusita": 100.0, "cnt": 5}, "MATEMATICA MATE-INFO": {"medie": 5.45, "reusita": 75.0, "cnt": 16}, "INFORMATICA MI C/C++": {"medie": 5.4, "reusita": 100.0, "cnt": 1}, "GEOGRAFIE": {"medie": 6.355223880597015, "reusita": 81.61764705882352, "cnt": 136}, "ANATOMIE SI FIZIOLOGIE UMANA, GENETICA SI ECOLOGIE UMANA": {"medie": 6.4925000000000015, "reusita": 80.95238095238095, "cnt": 21}, "FIZICA TEO": {"medie": 6.1, "reusita": 50.0, "cnt": 2}, "SOCIOLOGIE": {"medie": 6.0181818181818185, "reusita": 71.11111111111111, "cnt": 45}, "PSIHOLOGIE": {"medie": 4.8875, "reusita": 50.0, "cnt": 8}}, "nume": "LICEUL TEORETIC \"HYPERION\"\tBucure\u0219ti"}