{"specializari": {"LICEU CU PROGRAM SPORTIV": 58}, "limba_moderna": {"LIMBA ENGLEZA": 58}, "limba_materna": {"LIMBA ROMANA": 58}, "promotie_anterioara": {"NU": 55, "DA": 3}, "materii": {"LIMBA ROMANA": {"medie": 6.843103448275863, "reusita": 89.65517241379311, "cnt": 58}, "GENERAL": {"medie": 6.8982758620689655, "reusita": 74.13793103448276, "cnt": 58}, "ISTORIE": {"medie": 6.749999999999998, "reusita": 98.27586206896551, "cnt": 58}, "LOGICA, ARGUMENTARE SI COMUNICARE": {"medie": 7.444117647058825, "reusita": 82.35294117647058, "cnt": 17}, "GEOGRAFIE": {"medie": 6.959756097560976, "reusita": 87.8048780487805, "cnt": 41}}, "nume": "LICEUL CU PROGRAM SPORTIV ALBA IULIA\tAlba"}