{"specializari": {"FILOLOGIE": 71, "MATEMATICA-INFORMATICA": 69, "STIINTE ALE NATURII": 46, "STIINTE SOCIALE": 35}, "limba_moderna": {"LIMBA ENGLEZA": 216, "LIMBA FRANCEZA": 5}, "limba_materna": {"LIMBA ROMANA": 221}, "promotie_anterioara": {"NU": 174, "DA": 47}, "materii": {"LIMBA ROMANA": {"medie": 6.626484018264843, "reusita": 97.73755656108597, "cnt": 221}, "BIOLOGIE VEGETALA SI ANIMALA": {"medie": 6.263636363636365, "reusita": 77.58620689655173, "cnt": 58}, "GENERAL": {"medie": 6.745061728395058, "reusita": 72.85067873303167, "cnt": 221}, "MATEMATICA ST-NAT": {"medie": 5.411363636363636, "reusita": 67.3913043478261, "cnt": 46}, "CHIMIE ORGANICA TEO NIVEL I/II": {"medie": 6.35, "reusita": 100.0, "cnt": 9}, "INFORMATICA SN C/C++": {"medie": 6.65, "reusita": 100.0, "cnt": 1}, "ISTORIE": {"medie": 7.023584905660377, "reusita": 100.0, "cnt": 106}, "LOGICA, ARGUMENTARE SI COMUNICARE": {"medie": 8.203571428571427, "reusita": 100.0, "cnt": 42}, "MATEMATICA MATE-INFO": {"medie": 6.51544117647059, "reusita": 89.85507246376811, "cnt": 69}, "INFORMATICA MI C/C++": {"medie": 6.90625, "reusita": 100.0, "cnt": 8}, "GEOGRAFIE": {"medie": 7.199999999999998, "reusita": 90.2439024390244, "cnt": 41}, "ANATOMIE SI FIZIOLOGIE UMANA, GENETICA SI ECOLOGIE UMANA": {"medie": 6.953125000000001, "reusita": 81.81818181818183, "cnt": 33}, "FIZICA TEO": {"medie": 5.687500000000001, "reusita": 50.0, "cnt": 4}, "SOCIOLOGIE": {"medie": 7.192857142857143, "reusita": 95.23809523809523, "cnt": 21}, "CHIMIE ANORGANICA TEO NIVEL I/II": {"medie": 5.4, "reusita": 100.0, "cnt": 1}, "PSIHOLOGIE": {"medie": 6.9, "reusita": 100.0, "cnt": 2}, "INFORMATICA MI PASCAL": {"medie": 7.85, "reusita": 100.0, "cnt": 1}}, "nume": "LICEUL TEORETIC \"C-TIN BRANCOVEANU\"\tBucure\u0219ti"}