{"specializari": {"MATEMATICA-INFORMATICA": 29, "FILOLOGIE": 35, "STIINTE SOCIALE": 29, "LICEU CU PROGRAM SPORTIV": 31, "STIINTE ALE NATURII": 30}, "limba_moderna": {"LIMBA ENGLEZA": 150, "LIMBA GERMANA MODERNA": 4}, "limba_materna": {"LIMBA ROMANA": 154}, "promotie_anterioara": {"NU": 137, "DA": 17}, "materii": {"LIMBA ROMANA": {"medie": 7.482236842105264, "reusita": 94.15584415584416, "cnt": 154}, "BIOLOGIE VEGETALA SI ANIMALA": {"medie": 8.103225806451613, "reusita": 96.7741935483871, "cnt": 31}, "GENERAL": {"medie": 7.486293859649125, "reusita": 79.87012987012987, "cnt": 154}, "MATEMATICA ST-NAT": {"medie": 6.973333333333331, "reusita": 90.0, "cnt": 30}, "ISTORIE": {"medie": 6.931720430107528, "reusita": 97.89473684210527, "cnt": 95}, "MATEMATICA MATE-INFO": {"medie": 9.00344827586207, "reusita": 100.0, "cnt": 29}, "INFORMATICA MI C/C++": {"medie": 8.999999999999998, "reusita": 100.0, "cnt": 5}, "GEOGRAFIE": {"medie": 7.275543478260866, "reusita": 92.5531914893617, "cnt": 94}, "ANATOMIE SI FIZIOLOGIE UMANA, GENETICA SI ECOLOGIE UMANA": {"medie": 8.703125, "reusita": 93.75, "cnt": 16}, "FIZICA TEO": {"medie": 7.1000000000000005, "reusita": 100.0, "cnt": 7}, "FILOSOFIE": {"medie": 7.0, "reusita": 100.0, "cnt": 1}}, "nume": "LICEUL TEORETIC \"TRAIAN VUIA\" RESITA\tCara\u0219-Severin"}