{"specializari": {"LICEU CU PROGRAM SPORTIV": 55}, "limba_moderna": {"LIMBA ENGLEZA": 54, "LIMBA FRANCEZA": 1}, "limba_materna": {"LIMBA ROMANA": 55}, "promotie_anterioara": {"NU": 36, "DA": 19}, "materii": {"LIMBA ROMANA": {"medie": 5.498999999999999, "reusita": 76.36363636363637, "cnt": 55}, "GENERAL": {"medie": 6.018367346938774, "reusita": 47.27272727272727, "cnt": 55}, "ISTORIE": {"medie": 5.125961538461539, "reusita": 76.36363636363637, "cnt": 55}, "GEOGRAFIE": {"medie": 7.321153846153848, "reusita": 94.54545454545455, "cnt": 55}}, "nume": "LICEUL CU PROGRAM SPORTIV ARAD\tArad"}