{"specializari": {"TEHNICIAN IN GASTRONOMIE": 5, "COAFOR STILIST": 2}, "limba_moderna": {"LIMBA ENGLEZA": 7}, "limba_materna": {"LIMBA ROMANA": 7}, "promotie_anterioara": {"NU": 4, "DA": 3}, "materii": {"LIMBA ROMANA": {"medie": 5.707142857142857, "reusita": 71.42857142857143, "cnt": 7}, "MATEMATICA TEHN": {"medie": 4.385714285714285, "reusita": 42.857142857142854, "cnt": 7}, "GENERAL": {"medie": 5.464285714285714, "reusita": 42.857142857142854, "cnt": 7}, "GEOGRAFIE": {"medie": 6.299999999999999, "reusita": 85.71428571428571, "cnt": 7}}, "nume": "LICEUL UCECOM \"SPIRU HARET\" ARAD\tArad"}