{"specializari": {"TEHNICIAN IN INSTALATII ELECTRICE": 48}, "limba_moderna": {"LIMBA ENGLEZA": 25, "LIMBA FRANCEZA": 23}, "limba_materna": {"LIMBA ROMANA": 48}, "promotie_anterioara": {"NU": 42, "DA": 6}, "materii": {"LIMBA ROMANA": {"medie": 4.581707317073171, "reusita": 41.66666666666667, "cnt": 48}, "MATEMATICA TEHN": {"medie": 2.9200000000000004, "reusita": 20.833333333333336, "cnt": 48}, "BIOLOGIE VEGETALA SI ANIMALA": {"medie": 3.3324999999999996, "reusita": 18.75, "cnt": 48}, "GENERAL": {"medie": 3.6270833333333337, "reusita": 8.333333333333332, "cnt": 48}}, "nume": "LICEUL TEHNOLOGIC STOINA\tGorj"}