{"specializari": {"MATEMATICA-INFORMATICA": 40, "FILOLOGIE": 37, "STIINTE ALE NATURII": 32}, "limba_moderna": {"LIMBA ENGLEZA": 79, "LIMBA FRANCEZA": 30}, "limba_materna": {"LIMBA ROMANA": 109}, "promotie_anterioara": {"NU": 96, "DA": 13}, "materii": {"LIMBA ROMANA": {"medie": 7.010891089108916, "reusita": 80.73394495412845, "cnt": 109}, "BIOLOGIE VEGETALA SI ANIMALA": {"medie": 5.765686274509806, "reusita": 63.793103448275865, "cnt": 58}, "GENERAL": {"medie": 6.492592592592592, "reusita": 56.88073394495413, "cnt": 109}, "MATEMATICA ST-NAT": {"medie": 3.2729166666666667, "reusita": 25.0, "cnt": 32}, "ISTORIE": {"medie": 6.629729729729729, "reusita": 94.5945945945946, "cnt": 37}, "MATEMATICA MATE-INFO": {"medie": 6.001249999999997, "reusita": 77.5, "cnt": 40}, "GEOGRAFIE": {"medie": 7.25945945945946, "reusita": 86.48648648648648, "cnt": 37}, "ANATOMIE SI FIZIOLOGIE UMANA, GENETICA SI ECOLOGIE UMANA": {"medie": 8.196428571428571, "reusita": 92.85714285714286, "cnt": 14}}, "nume": "LICEUL TEORETIC \"EFTIMIE MURGU\" BOZOVICI\tCara\u0219-Severin"}