{"specializari": {"LICEU CU PROGRAM SPORTIV": 131}, "limba_moderna": {"LIMBA ENGLEZA": 125, "LIMBA FRANCEZA": 6}, "limba_materna": {"LIMBA ROMANA": 131}, "promotie_anterioara": {"NU": 115, "DA": 16}, "materii": {"LIMBA ROMANA": {"medie": 6.407031249999999, "reusita": 90.83969465648855, "cnt": 131}, "GENERAL": {"medie": 6.575669291338587, "reusita": 68.70229007633588, "cnt": 131}, "ISTORIE": {"medie": 5.804883720930233, "reusita": 85.49618320610686, "cnt": 131}, "LOGICA, ARGUMENTARE SI COMUNICARE": {"medie": 8.909090909090908, "reusita": 100.0, "cnt": 11}, "GEOGRAFIE": {"medie": 7.308474576271187, "reusita": 95.0, "cnt": 120}}, "nume": "LICEUL CU PROGRAM SPORTIV CLUJ-NAPOCA\tCluj"}