{"specializari": {"TEHNICIAN IN TURISM": 31}, "limba_moderna": {"LIMBA ENGLEZA": 31}, "limba_materna": {"LIMBA ROMANA": 31}, "promotie_anterioara": {"NU": 28, "DA": 3}, "materii": {"LIMBA ROMANA": {"medie": 6.593181818181818, "reusita": 64.51612903225806, "cnt": 31}, "MATEMATICA TEHN": {"medie": 6.379545454545456, "reusita": 58.06451612903226, "cnt": 31}, "GENERAL": {"medie": 6.686363636363637, "reusita": 54.83870967741935, "cnt": 31}, "GEOGRAFIE": {"medie": 7.092500000000001, "reusita": 62.06896551724138, "cnt": 29}, "ECONOMIE": {"medie": 7.025, "reusita": 100.0, "cnt": 2}}, "nume": "LICEUL TEHNOLOGIC JUSTINIAN MARINA, ORAS BAILE OLANESTI\tV\u00e2lcea"}