{"specializari": {"STIINTE SOCIALE": 39, "STIINTE ALE NATURII": 56, "TEHNICIAN TRANSPORTURI": 5, "TEHNICIAN IN INDUSTRIA TEXTILA": 2, "FILOLOGIE": 60, "TEHNICIAN IN GASTRONOMIE": 15, "MATEMATICA-INFORMATICA": 30, "TEHNICIAN IN ACTIVITATI ECONOMICE": 29}, "limba_moderna": {"LIMBA FRANCEZA": 48, "LIMBA ENGLEZA": 188}, "limba_materna": {"LIMBA ROMANA": 236}, "promotie_anterioara": {"NU": 207, "DA": 29}, "materii": {"LIMBA ROMANA": {"medie": 6.218526785714289, "reusita": 76.69491525423729, "cnt": 236}, "MATEMATICA TEHN": {"medie": 3.5655555555555565, "reusita": 21.568627450980394, "cnt": 51}, "GENERAL": {"medie": 6.338888888888891, "reusita": 50.847457627118644, "cnt": 236}, "MATEMATICA ST-NAT": {"medie": 3.9712962962962965, "reusita": 41.07142857142857, "cnt": 56}, "CHIMIE ORGANICA TEO NIVEL I/II": {"medie": 9.1, "reusita": 100.0, "cnt": 1}, "ISTORIE": {"medie": 7.017894736842106, "reusita": 94.94949494949495, "cnt": 99}, "LOGICA, ARGUMENTARE SI COMUNICARE": {"medie": 9.4, "reusita": 100.0, "cnt": 1}, "MATEMATICA MATE-INFO": {"medie": 6.706666666666667, "reusita": 93.33333333333333, "cnt": 30}, "GEOGRAFIE": {"medie": 7.196616541353382, "reusita": 85.91549295774648, "cnt": 142}, "ANATOMIE SI FIZIOLOGIE UMANA, GENETICA SI ECOLOGIE UMANA": {"medie": 7.031097560975609, "reusita": 85.71428571428571, "cnt": 84}, "FIZICA TEO": {"medie": 7.75, "reusita": 100.0, "cnt": 1}, "FIZICA TEH": {"medie": 2.0666666666666664, "reusita": 0.0, "cnt": 7}}, "nume": "LICEUL \"ALEXANDRU ODOBESCU\" LEHLIU GARA\tC\u0103l\u0103ra\u0219i"}