{"specializari": {"FILOLOGIE": 142, "MATEMATICA-INFORMATICA": 111}, "limba_moderna": {"LIMBA ENGLEZA": 194, "LIMBA FRANCEZA": 59}, "limba_materna": {"LIMBA ROMANA": 253}, "promotie_anterioara": {"NU": 190, "DA": 63}, "materii": {"LIMBA ROMANA": {"medie": 5.429674796747965, "reusita": 71.14624505928853, "cnt": 253}, "BIOLOGIE VEGETALA SI ANIMALA": {"medie": 5.315789473684211, "reusita": 65.0, "cnt": 20}, "GENERAL": {"medie": 5.503151260504203, "reusita": 31.620553359683797, "cnt": 253}, "ISTORIE": {"medie": 5.994202898550722, "reusita": 77.46478873239437, "cnt": 142}, "MATEMATICA MATE-INFO": {"medie": 3.197549019607844, "reusita": 22.52252252252252, "cnt": 111}, "GEOGRAFIE": {"medie": 6.980000000000002, "reusita": 85.5072463768116, "cnt": 138}, "ANATOMIE SI FIZIOLOGIE UMANA, GENETICA SI ECOLOGIE UMANA": {"medie": 5.175581395348839, "reusita": 61.53846153846154, "cnt": 91}, "PSIHOLOGIE": {"medie": 7.0375, "reusita": 100.0, "cnt": 4}}, "nume": "LICEUL TEORETIC \"CONSTANTIN NOICA\" ALEXANDRIA\tTeleorman"}