{"specializari": {"FILOLOGIE": 27}, "limba_moderna": {"LIMBA ENGLEZA": 25, "LIMBA FRANCEZA": 2}, "limba_materna": {"LIMBA ROMANA": 27}, "promotie_anterioara": {"NU": 27}, "materii": {"LIMBA ROMANA": {"medie": 7.262962962962963, "reusita": 96.29629629629629, "cnt": 27}, "GENERAL": {"medie": 7.288461538461541, "reusita": 77.77777777777779, "cnt": 27}, "ISTORIE": {"medie": 6.662962962962964, "reusita": 96.29629629629629, "cnt": 27}, "GEOGRAFIE": {"medie": 7.65625, "reusita": 100.0, "cnt": 24}, "SOCIOLOGIE": {"medie": 8.733333333333333, "reusita": 100.0, "cnt": 3}}, "nume": "LICEUL TEORETIC WALDORF, IASI\tIa\u0219i"}