{"specializari": {"MATEMATICA-INFORMATICA": 28, "FILOLOGIE": 22, "STIINTE SOCIALE": 1}, "limba_moderna": {"LIMBA ENGLEZA": 41, "LIMBA GERMANA MODERNA": 10}, "limba_materna": {"LIMBA MAGHIARA": 51}, "promotie_anterioara": {"NU": 48, "DA": 3}, "materii": {"LIMBA ROMANA": {"medie": 4.979411764705882, "reusita": 60.78431372549019, "cnt": 51}, "GENERAL": {"medie": 6.422549019607841, "reusita": 52.94117647058824, "cnt": 51}, "CHIMIE ORGANICA TEO NIVEL I/II": {"medie": 7.1, "reusita": 100.0, "cnt": 1}, "ISTORIE": {"medie": 6.141304347826087, "reusita": 100.0, "cnt": 23}, "MATEMATICA MATE-INFO": {"medie": 5.903571428571429, "reusita": 78.57142857142857, "cnt": 28}, "INFORMATICA MI C/C++": {"medie": 6.9526315789473685, "reusita": 94.73684210526315, "cnt": 19}, "GEOGRAFIE": {"medie": 7.172222222222222, "reusita": 94.44444444444444, "cnt": 18}, "ANATOMIE SI FIZIOLOGIE UMANA, GENETICA SI ECOLOGIE UMANA": {"medie": 8.29375, "reusita": 100.0, "cnt": 8}, "LIMBA MAGHIARA (REAL)": {"medie": 8.355357142857143, "reusita": 100.0, "cnt": 28}, "LIMBA MAGHIARA (UMAN)": {"medie": 6.643478260869566, "reusita": 95.65217391304348, "cnt": 23}, "FILOSOFIE": {"medie": 5.659999999999999, "reusita": 100.0, "cnt": 5}}, "nume": "LICEUL TEORETIC \"ARANY JANOS\" SALONTA\tBihor"}