{"specializari": {"TEOLOGIE REFORMATA": 33, "MATEMATICA-INFORMATICA": 28}, "limba_moderna": {"LIMBA ENGLEZA": 53, "LIMBA GERMANA MODERNA": 8}, "limba_materna": {"LIMBA MAGHIARA": 61}, "promotie_anterioara": {"NU": 54, "DA": 7}, "materii": {"LIMBA ROMANA": {"medie": 5.033898305084747, "reusita": 59.01639344262295, "cnt": 61}, "BIOLOGIE VEGETALA SI ANIMALA": {"medie": 6.168181818181818, "reusita": 70.83333333333334, "cnt": 24}, "GENERAL": {"medie": 6.076339285714284, "reusita": 44.26229508196721, "cnt": 61}, "CHIMIE ORGANICA TEO NIVEL I/II": {"medie": 5.65, "reusita": 100.0, "cnt": 2}, "ISTORIE": {"medie": 5.665151515151515, "reusita": 90.9090909090909, "cnt": 33}, "MATEMATICA MATE-INFO": {"medie": 5.849999999999999, "reusita": 82.14285714285714, "cnt": 28}, "GEOGRAFIE": {"medie": 8.8, "reusita": 100.0, "cnt": 2}, "CHIMIE ANORGANICA TEO NIVEL I/II": {"medie": 5.6, "reusita": 100.0, "cnt": 2}, "PSIHOLOGIE": {"medie": 6.4375, "reusita": 80.0, "cnt": 5}, "LIMBA MAGHIARA (REAL)": {"medie": 7.138983050847457, "reusita": 96.72131147540983, "cnt": 61}, "FILOSOFIE": {"medie": 6.014000000000001, "reusita": 92.3076923076923, "cnt": 26}}, "nume": "LICEUL REFORMAT \"WESSELENYI\" ZALAU\tS\u0103laj"}