{"specializari": {"FILOLOGIE": 64, "MATEMATICA-INFORMATICA": 58, "STIINTE ALE NATURII": 66, "STIINTE SOCIALE": 32}, "limba_moderna": {"LIMBA ENGLEZA": 183, "LIMBA FRANCEZA": 37}, "limba_materna": {"LIMBA ROMANA": 220}, "promotie_anterioara": {"NU": 210, "DA": 10}, "materii": {"LIMBA ROMANA": {"medie": 7.869634703196346, "reusita": 98.63636363636363, "cnt": 220}, "BIOLOGIE VEGETALA SI ANIMALA": {"medie": 8.247435897435897, "reusita": 100.0, "cnt": 39}, "GENERAL": {"medie": 8.024200913242009, "reusita": 91.36363636363637, "cnt": 220}, "MATEMATICA ST-NAT": {"medie": 7.784848484848484, "reusita": 96.96969696969697, "cnt": 66}, "CHIMIE ORGANICA TEO NIVEL I/II": {"medie": 7.85, "reusita": 92.3076923076923, "cnt": 26}, "ISTORIE": {"medie": 7.788020833333332, "reusita": 98.95833333333334, "cnt": 96}, "LOGICA, ARGUMENTARE SI COMUNICARE": {"medie": 8.85909090909091, "reusita": 100.0, "cnt": 11}, "MATEMATICA MATE-INFO": {"medie": 8.856034482758622, "reusita": 100.0, "cnt": 58}, "GEOGRAFIE": {"medie": 7.515662650602411, "reusita": 92.7710843373494, "cnt": 83}, "ANATOMIE SI FIZIOLOGIE UMANA, GENETICA SI ECOLOGIE UMANA": {"medie": 8.936904761904763, "reusita": 100.0, "cnt": 42}, "FIZICA TEO": {"medie": 8.573529411764705, "reusita": 100.0, "cnt": 17}, "SOCIOLOGIE": {"medie": 8.4, "reusita": 100.0, "cnt": 1}, "ECONOMIE": {"medie": 7.0, "reusita": 100.0, "cnt": 1}}, "nume": "LICEUL TEORETIC \"S.HARET\" MOINESTI\tBac\u0103u"}