{"specializari": {"MATEMATICA-INFORMATICA": 35, "FILOLOGIE": 58, "STIINTE ALE NATURII": 56}, "limba_moderna": {"LIMBA ENGLEZA": 140, "LIMBA GERMANA MODERNA": 9}, "limba_materna": {"LIMBA ROMANA": 149}, "promotie_anterioara": {"NU": 133, "DA": 16}, "materii": {"LIMBA ROMANA": {"medie": 7.279861111111109, "reusita": 88.59060402684564, "cnt": 149}, "BIOLOGIE VEGETALA SI ANIMALA": {"medie": 6.7956521739130435, "reusita": 86.95652173913044, "cnt": 23}, "GENERAL": {"medie": 6.96154761904762, "reusita": 67.11409395973155, "cnt": 149}, "MATEMATICA ST-NAT": {"medie": 4.370588235294118, "reusita": 42.857142857142854, "cnt": 56}, "CHIMIE ORGANICA TEO NIVEL I/II": {"medie": 6.405555555555555, "reusita": 88.88888888888889, "cnt": 9}, "ISTORIE": {"medie": 6.193859649122807, "reusita": 96.55172413793103, "cnt": 58}, "LOGICA, ARGUMENTARE SI COMUNICARE": {"medie": 7.914285714285715, "reusita": 97.14285714285714, "cnt": 35}, "MATEMATICA MATE-INFO": {"medie": 7.657142857142858, "reusita": 97.14285714285714, "cnt": 35}, "INFORMATICA MI C/C++": {"medie": 7.9125000000000005, "reusita": 100.0, "cnt": 4}, "GEOGRAFIE": {"medie": 8.418181818181818, "reusita": 95.65217391304348, "cnt": 23}, "ANATOMIE SI FIZIOLOGIE UMANA, GENETICA SI ECOLOGIE UMANA": {"medie": 7.084883720930232, "reusita": 79.16666666666666, "cnt": 48}, "CHIMIE ANORGANICA TEO NIVEL I/II": {"medie": 6.807142857142858, "reusita": 85.71428571428571, "cnt": 7}}, "nume": "LICEUL TEORETIC \"IOAN JEBELEAN\" SANNICOLAU MARE\tTimi\u0219"}