{"specializari": {"TEHNICIAN DESENATOR PENTRU CONSTRUCTII SI INSTALATII": 33, "MATEMATICA-INFORMATICA": 28, "STIINTE ALE NATURII": 28, "FILOLOGIE": 38, "TEHNICIAN IN ACTIVITATI ECONOMICE": 37, "TEHNICIAN OPERATOR TEHNICA DE CALCUL": 59, "TEHNICIAN ECOLOG SI PROTECTIA CALITATII MEDIULUI": 73, "TEHNICIAN IN TURISM": 24, "TEHNICIAN MECANIC PENTRU INTRETINERE SI REPARATII": 21, "TEHNICIAN OPERATORI ROBOTI INDUSTRIALI": 4, "TEHNICIAN METROLOG": 2, "TEHNICIAN IN AGRICULTURA": 1}, "limba_moderna": {"LIMBA ENGLEZA": 296, "LIMBA FRANCEZA": 52}, "limba_materna": {"LIMBA ROMANA": 348}, "promotie_anterioara": {"DA": 59, "NU": 289}, "materii": {"LIMBA ROMANA": {"medie": 6.298623853211007, "reusita": 80.74712643678161, "cnt": 348}, "MATEMATICA TEHN": {"medie": 5.194104803493453, "reusita": 54.7244094488189, "cnt": 254}, "BIOLOGIE VEGETALA SI ANIMALA": {"medie": 4.002112676056338, "reusita": 31.16883116883117, "cnt": 77}, "GENERAL": {"medie": 6.270032573289901, "reusita": 51.14942528735632, "cnt": 348}, "MATEMATICA ST-NAT": {"medie": 7.6732142857142875, "reusita": 96.42857142857143, "cnt": 28}, "CHIMIE ORGANICA TEO NIVEL I/II": {"medie": 7.316666666666666, "reusita": 66.66666666666666, "cnt": 3}, "ISTORIE": {"medie": 7.434210526315788, "reusita": 97.36842105263158, "cnt": 38}, "LOGICA, ARGUMENTARE SI COMUNICARE": {"medie": 9.049999999999999, "reusita": 100.0, "cnt": 8}, "MATEMATICA MATE-INFO": {"medie": 8.530357142857143, "reusita": 92.85714285714286, "cnt": 28}, "INFORMATICA MI C/C++": {"medie": 9.95, "reusita": 100.0, "cnt": 1}, "GEOGRAFIE": {"medie": 7.5442528735632175, "reusita": 94.31818181818183, "cnt": 88}, "ANATOMIE SI FIZIOLOGIE UMANA, GENETICA SI ECOLOGIE UMANA": {"medie": 6.876126126126125, "reusita": 81.19658119658119, "cnt": 117}, "FIZICA TEO": {"medie": 9.366666666666665, "reusita": 100.0, "cnt": 3}, "FIZICA TEH": {"medie": 4.1000000000000005, "reusita": 15.384615384615385, "cnt": 13}, "PSIHOLOGIE": {"medie": 9.6, "reusita": 100.0, "cnt": 2}, "ECONOMIE": {"medie": 8.35, "reusita": 100.0, "cnt": 1}, "CHIMIE ORGANICA TEH NIVEL I/II": {"medie": 4.403125000000001, "reusita": 34.285714285714285, "cnt": 35}}, "nume": "LICEUL TEHNOLOGIC \"DIMITRIE FILISANU\" FILIASI\tDolj"}