{"specializari": {"STIINTE SOCIALE": 13}, "limba_moderna": {"LIMBA ENGLEZA": 13}, "limba_materna": {"LIMBA ROMANA": 13}, "promotie_anterioara": {"NU": 8, "DA": 5}, "materii": {"LIMBA ROMANA": {"medie": 4.2272727272727275, "reusita": 46.15384615384615, "cnt": 13}, "GENERAL": {"medie": 4.657575757575757, "reusita": 0.0, "cnt": 13}, "ISTORIE": {"medie": 4.754166666666666, "reusita": 46.15384615384615, "cnt": 13}, "GEOGRAFIE": {"medie": 4.972727272727273, "reusita": 58.333333333333336, "cnt": 12}, "PSIHOLOGIE": {"medie": 3.4, "reusita": 0.0, "cnt": 1}}, "nume": "LICEUL FEG\tBucure\u0219ti"}