{"specializari": {"TEHNICIAN TRANSPORTURI": 29}, "limba_moderna": {"LIMBA ENGLEZA": 29}, "limba_materna": {"LIMBA ROMANA": 29}, "promotie_anterioara": {"NU": 26, "DA": 3}, "materii": {"LIMBA ROMANA": {"medie": 3.0558823529411763, "reusita": 6.896551724137931, "cnt": 29}, "MATEMATICA TEHN": {"medie": 2.3615384615384616, "reusita": 10.344827586206897, "cnt": 29}, "BIOLOGIE VEGETALA SI ANIMALA": {"medie": 2.5249999999999995, "reusita": 0.0, "cnt": 26}, "GENERAL": {"medie": 2.8512820512820514, "reusita": 0.0, "cnt": 29}, "FIZICA TEH": {"medie": 3.633333333333333, "reusita": 33.33333333333333, "cnt": 3}}, "nume": "LICEUL TEHNOLOGIC NR. 2 ROSIORI DE VEDE\tTeleorman"}