{"specializari": {"MATEMATICA-INFORMATICA": 27, "FILOLOGIE": 31, "TEHNICIAN MECATRONIST": 12, "TEHNICIAN IN INSTALATII ELECTRICE": 24, "TEHNICIAN IN PRELUCRAREA LEMNULUI": 2, "TEHNICIAN MECANIC PENTRU INTRETINERE SI REPARATII": 1}, "limba_moderna": {"LIMBA ENGLEZA": 76, "LIMBA FRANCEZA": 19, "LIMBA GERMANA MODERNA": 2}, "limba_materna": {"LIMBA ROMANA": 74, "LIMBA MAGHIARA": 23}, "promotie_anterioara": {"NU": 77, "DA": 20}, "materii": {"LIMBA ROMANA": {"medie": 6.305056179775282, "reusita": 82.4742268041237, "cnt": 97}, "MATEMATICA TEHN": {"medie": 4.195454545454545, "reusita": 35.8974358974359, "cnt": 39}, "BIOLOGIE VEGETALA SI ANIMALA": {"medie": 5.39396551724138, "reusita": 53.84615384615385, "cnt": 65}, "GENERAL": {"medie": 5.8775383141762445, "reusita": 40.20618556701031, "cnt": 97}, "ISTORIE": {"medie": 5.923333333333333, "reusita": 77.41935483870968, "cnt": 31}, "MATEMATICA MATE-INFO": {"medie": 5.761111111111112, "reusita": 70.37037037037037, "cnt": 27}, "GEOGRAFIE": {"medie": 7.056666666666668, "reusita": 87.09677419354838, "cnt": 31}, "LIMBA MAGHIARA (REAL)": {"medie": 5.216666666666665, "reusita": 52.17391304347826, "cnt": 23}, "CHIMIE ANORGANICA TEH NIVEL I/II": {"medie": 3.5, "reusita": 0.0, "cnt": 1}}, "nume": "LICEUL TEORETIC \"ST.O.IOSIF\" RUPEA\tBra\u0219ov"}