{"specializari": {"STIINTE ALE NATURII": 66, "MATEMATICA-INFORMATICA": 34, "TEHNICIAN IN ACTIVITATI ECONOMICE": 34, "FILOLOGIE": 70, "LICEU CU PROGRAM SPORTIV": 1, "ORGANIZATOR BANQUETING": 1}, "limba_moderna": {"LIMBA FRANCEZA": 50, "LIMBA ENGLEZA": 148, "LIMBA GERMANA MODERNA": 8}, "limba_materna": {"LIMBA ROMANA": 206}, "promotie_anterioara": {"NU": 178, "DA": 28}, "materii": {"LIMBA ROMANA": {"medie": 7.401231527093597, "reusita": 95.14563106796116, "cnt": 206}, "MATEMATICA TEHN": {"medie": 7.439705882352943, "reusita": 94.28571428571428, "cnt": 35}, "BIOLOGIE VEGETALA SI ANIMALA": {"medie": 6.85, "reusita": 100.0, "cnt": 1}, "GENERAL": {"medie": 7.621921182266006, "reusita": 88.3495145631068, "cnt": 206}, "MATEMATICA ST-NAT": {"medie": 7.563846153846155, "reusita": 98.48484848484848, "cnt": 66}, "CHIMIE ORGANICA TEO NIVEL I/II": {"medie": 7.275, "reusita": 100.0, "cnt": 2}, "ISTORIE": {"medie": 7.772142857142857, "reusita": 98.59154929577466, "cnt": 71}, "MATEMATICA MATE-INFO": {"medie": 7.424999999999999, "reusita": 94.11764705882352, "cnt": 34}, "INFORMATICA MI C/C++": {"medie": 6.942857142857143, "reusita": 100.0, "cnt": 7}, "GEOGRAFIE": {"medie": 8.005154639175263, "reusita": 97.97979797979798, "cnt": 99}, "ANATOMIE SI FIZIOLOGIE UMANA, GENETICA SI ECOLOGIE UMANA": {"medie": 7.811494252873564, "reusita": 98.86363636363636, "cnt": 88}, "FIZICA TEO": {"medie": 7.375, "reusita": 100.0, "cnt": 2}, "SOCIOLOGIE": {"medie": 10.0, "reusita": 100.0, "cnt": 1}, "PSIHOLOGIE": {"medie": 7.416666666666667, "reusita": 100.0, "cnt": 3}, "ECONOMIE": {"medie": 9.55, "reusita": 100.0, "cnt": 1}, "FILOSOFIE": {"medie": 7.7749999999999995, "reusita": 100.0, "cnt": 2}}, "nume": "LICEUL TEORETIC \"BOGDAN VODA\" VISEU DE SUS\tMaramure\u0219"}