{"specializari": {"MATEMATICA-INFORMATICA": 14, "FILOLOGIE": 31, "STIINTE ALE NATURII": 2}, "limba_moderna": {"LIMBA ENGLEZA": 47}, "limba_materna": {"LIMBA MAGHIARA": 44, "LIMBA ROMANA": 3}, "promotie_anterioara": {"NU": 37, "DA": 10}, "materii": {"LIMBA ROMANA": {"medie": 6.550000000000002, "reusita": 95.74468085106383, "cnt": 47}, "BIOLOGIE VEGETALA SI ANIMALA": {"medie": 7.9, "reusita": 50.0, "cnt": 2}, "GENERAL": {"medie": 6.763541666666666, "reusita": 68.08510638297872, "cnt": 47}, "MATEMATICA ST-NAT": {"medie": 5.7, "reusita": 100.0, "cnt": 2}, "ISTORIE": {"medie": 6.211666666666665, "reusita": 90.32258064516128, "cnt": 31}, "MATEMATICA MATE-INFO": {"medie": 8.138461538461538, "reusita": 92.85714285714286, "cnt": 14}, "GEOGRAFIE": {"medie": 6.201724137931035, "reusita": 86.66666666666667, "cnt": 30}, "ANATOMIE SI FIZIOLOGIE UMANA, GENETICA SI ECOLOGIE UMANA": {"medie": 6.992857142857142, "reusita": 100.0, "cnt": 7}, "FIZICA TEO": {"medie": 9.45, "reusita": 100.0, "cnt": 1}, "SOCIOLOGIE": {"medie": 5.1, "reusita": 100.0, "cnt": 1}, "LIMBA MAGHIARA (REAL)": {"medie": 7.878571428571428, "reusita": 100.0, "cnt": 14}, "INFORMATICA MI PASCAL": {"medie": 7.6499999999999995, "reusita": 100.0, "cnt": 6}, "LIMBA MAGHIARA (UMAN)": {"medie": 6.841379310344828, "reusita": 96.66666666666667, "cnt": 30}}, "nume": "LICEUL TEORETIC \"BRASSAI SAMUEL\" CLUJ-NAPOCA\tCluj"}