{"specializari": {"FILOLOGIE": 38, "STIINTE SOCIALE": 41}, "limba_moderna": {"LIMBA ENGLEZA": 77, "LIMBA FRANCEZA": 2}, "limba_materna": {"LIMBA ROMANA": 79}, "promotie_anterioara": {"NU": 69, "DA": 10}, "materii": {"LIMBA ROMANA": {"medie": 7.4424050632911385, "reusita": 96.20253164556962, "cnt": 79}, "GENERAL": {"medie": 7.174261603375527, "reusita": 86.07594936708861, "cnt": 79}, "ISTORIE": {"medie": 6.657594936708863, "reusita": 97.46835443037975, "cnt": 79}, "LOGICA, ARGUMENTARE SI COMUNICARE": {"medie": 9.075, "reusita": 100.0, "cnt": 2}, "GEOGRAFIE": {"medie": 7.624576271186439, "reusita": 100.0, "cnt": 59}, "SOCIOLOGIE": {"medie": 7.026923076923077, "reusita": 100.0, "cnt": 13}, "PSIHOLOGIE": {"medie": 5.409999999999999, "reusita": 80.0, "cnt": 5}}, "nume": "LICEUL TEORETIC \"VLAD TEPES\" TIMISOARA\tTimi\u0219"}