{"specializari": {"ARTE PLASTICE SI DECORATIVE": 222, "ARHITECTURA, ARTE AMBIENTALE SI DESIGN": 1}, "limba_moderna": {"LIMBA ENGLEZA": 218, "LIMBA FRANCEZA": 5}, "limba_materna": {"LIMBA ROMANA": 223}, "promotie_anterioara": {"NU": 209, "DA": 14}, "materii": {"LIMBA ROMANA": {"medie": 7.3690045248868765, "reusita": 95.96412556053812, "cnt": 223}, "GENERAL": {"medie": 7.371666666666662, "reusita": 88.34080717488789, "cnt": 223}, "ISTORIE": {"medie": 7.037045454545455, "reusita": 95.06726457399103, "cnt": 223}, "LOGICA, ARGUMENTARE SI COMUNICARE": {"medie": 7.864772727272728, "reusita": 93.33333333333333, "cnt": 45}, "GEOGRAFIE": {"medie": 7.688662790697674, "reusita": 98.25581395348837, "cnt": 172}, "PSIHOLOGIE": {"medie": 7.0875, "reusita": 100.0, "cnt": 4}, "FILOSOFIE": {"medie": 5.65, "reusita": 100.0, "cnt": 2}}, "nume": "LICEUL DE ARTE PLASTICE \"NICOLAE TONITZA\"\tBucure\u0219ti"}