{"specializari": {"FILOLOGIE": 17, "MATEMATICA-INFORMATICA": 10}, "limba_moderna": {"LIMBA ENGLEZA": 27}, "limba_materna": {"LIMBA SARBA": 27}, "promotie_anterioara": {"NU": 23, "DA": 4}, "materii": {"LIMBA ROMANA": {"medie": 5.296296296296298, "reusita": 66.66666666666666, "cnt": 27}, "GENERAL": {"medie": 6.027777777777779, "reusita": 48.148148148148145, "cnt": 27}, "ISTORIE": {"medie": 5.685294117647058, "reusita": 88.23529411764706, "cnt": 17}, "MATEMATICA MATE-INFO": {"medie": 5.205, "reusita": 60.0, "cnt": 10}, "ANATOMIE SI FIZIOLOGIE UMANA, GENETICA SI ECOLOGIE UMANA": {"medie": 6.890000000000001, "reusita": 100.0, "cnt": 10}, "PSIHOLOGIE": {"medie": 5.685294117647058, "reusita": 76.47058823529412, "cnt": 17}, "LIMBA SARBA": {"medie": 7.175925925925926, "reusita": 96.29629629629629, "cnt": 27}}, "nume": "LICEUL TEORETIC \"DOSITEI OBRADOVICI\" TIMISOARA\tTimi\u0219"}