{"specializari": {"STIINTE SOCIALE": 1, "MATEMATICA-INFORMATICA": 85, "FILOLOGIE": 76, "STIINTE ALE NATURII": 21}, "limba_moderna": {"LIMBA ENGLEZA": 170, "LIMBA FRANCEZA": 13}, "limba_materna": {"LIMBA ROMANA": 183}, "promotie_anterioara": {"DA": 6, "NU": 177}, "materii": {"LIMBA ROMANA": {"medie": 7.640983606557373, "reusita": 98.36065573770492, "cnt": 183}, "BIOLOGIE VEGETALA SI ANIMALA": {"medie": 7.3999999999999995, "reusita": 97.87234042553192, "cnt": 47}, "GENERAL": {"medie": 7.723861566484518, "reusita": 88.52459016393442, "cnt": 183}, "MATEMATICA ST-NAT": {"medie": 6.747619047619047, "reusita": 90.47619047619048, "cnt": 21}, "CHIMIE ORGANICA TEO NIVEL I/II": {"medie": 9.220833333333335, "reusita": 100.0, "cnt": 12}, "ISTORIE": {"medie": 7.301298701298704, "reusita": 100.0, "cnt": 77}, "MATEMATICA MATE-INFO": {"medie": 7.888823529411765, "reusita": 96.47058823529412, "cnt": 85}, "GEOGRAFIE": {"medie": 8.443749999999998, "reusita": 100.0, "cnt": 16}, "ANATOMIE SI FIZIOLOGIE UMANA, GENETICA SI ECOLOGIE UMANA": {"medie": 7.300000000000001, "reusita": 100.0, "cnt": 9}, "FIZICA TEO": {"medie": 8.899999999999999, "reusita": 100.0, "cnt": 6}, "SOCIOLOGIE": {"medie": 7.821698113207546, "reusita": 98.11320754716981, "cnt": 53}, "PSIHOLOGIE": {"medie": 5.95, "reusita": 50.0, "cnt": 2}, "ECONOMIE": {"medie": 7.375, "reusita": 100.0, "cnt": 6}, "INFORMATICA MI PASCAL": {"medie": 8.884375000000002, "reusita": 100.0, "cnt": 32}}, "nume": "LICEUL TEORETIC \"MIHAI EMINESCU\" CALARASI\tC\u0103l\u0103ra\u0219i"}