{"specializari": {"MATEMATICA-INFORMATICA": 13, "STIINTE ALE NATURII": 49, "FILOLOGIE": 50}, "limba_moderna": {"LIMBA ENGLEZA": 76, "LIMBA GERMANA MODERNA": 36}, "limba_materna": {"LIMBA GERMANA": 29, "LIMBA ROMANA": 83}, "promotie_anterioara": {"NU": 96, "DA": 16}, "materii": {"LIMBA ROMANA": {"medie": 6.46192660550459, "reusita": 90.17857142857143, "cnt": 112}, "BIOLOGIE VEGETALA SI ANIMALA": {"medie": 6.912500000000001, "reusita": 83.33333333333334, "cnt": 12}, "GENERAL": {"medie": 6.388325471698112, "reusita": 51.78571428571429, "cnt": 112}, "MATEMATICA ST-NAT": {"medie": 4.506521739130434, "reusita": 48.97959183673469, "cnt": 49}, "ISTORIE": {"medie": 6.394000000000001, "reusita": 98.0, "cnt": 50}, "MATEMATICA MATE-INFO": {"medie": 7.879166666666666, "reusita": 84.61538461538461, "cnt": 13}, "GEOGRAFIE": {"medie": 7.2515625, "reusita": 91.17647058823529, "cnt": 34}, "ANATOMIE SI FIZIOLOGIE UMANA, GENETICA SI ECOLOGIE UMANA": {"medie": 7.122368421052633, "reusita": 82.92682926829268, "cnt": 41}, "FIZICA TEO": {"medie": 6.6, "reusita": 100.0, "cnt": 1}, "SOCIOLOGIE": {"medie": 6.490625, "reusita": 81.25, "cnt": 16}, "CHIMIE ANORGANICA TEO NIVEL I/II": {"medie": 7.242857142857143, "reusita": 75.0, "cnt": 8}, "LIMBA GERMANA": {"medie": 6.723214285714286, "reusita": 75.86206896551724, "cnt": 29}}, "nume": "LICEUL TEORETIC \"ADAM MULLER GUTTENBRUNN\" ARAD\tArad"}