{"specializari": {"LICEU CU PROGRAM SPORTIV": 102}, "limba_moderna": {"LIMBA ENGLEZA": 97, "LIMBA FRANCEZA": 5}, "limba_materna": {"LIMBA ROMANA": 102}, "promotie_anterioara": {"NU": 90, "DA": 12}, "materii": {"LIMBA ROMANA": {"medie": 5.803030303030302, "reusita": 78.43137254901961, "cnt": 102}, "GENERAL": {"medie": 5.884006734006733, "reusita": 43.13725490196079, "cnt": 102}, "ISTORIE": {"medie": 5.406060606060605, "reusita": 72.54901960784314, "cnt": 102}, "GEOGRAFIE": {"medie": 6.442929292929292, "reusita": 84.31372549019608, "cnt": 102}}, "nume": "LICEUL CU PROGRAM SPORTIV, MUNICIPIUL ROMAN\tNeam\u021b"}