{"specializari": {"MATEMATICA-INFORMATICA": 114, "STIINTE ALE NATURII": 39, "FILOLOGIE": 115, "TEHNICIAN DE TELECOMUNICATII": 1}, "limba_moderna": {"LIMBA ENGLEZA": 190, "LIMBA ITALIANA": 62, "LIMBA FRANCEZA": 17}, "limba_materna": {"LIMBA ROMANA": 240, "LIMBA ITALIANA": 29}, "promotie_anterioara": {"NU": 221, "DA": 48}, "materii": {"LIMBA ROMANA": {"medie": 6.848876404494383, "reusita": 97.39776951672863, "cnt": 269}, "MATEMATICA TEHN": {"medie": 8.5, "reusita": 100.0, "cnt": 1}, "BIOLOGIE VEGETALA SI ANIMALA": {"medie": 6.9009615384615355, "reusita": 88.57142857142857, "cnt": 105}, "GENERAL": {"medie": 6.8839129072681695, "reusita": 76.2081784386617, "cnt": 269}, "MATEMATICA ST-NAT": {"medie": 6.37948717948718, "reusita": 87.17948717948718, "cnt": 39}, "CHIMIE ORGANICA TEO NIVEL I/II": {"medie": 6.721428571428572, "reusita": 100.0, "cnt": 14}, "ISTORIE": {"medie": 6.770796460176989, "reusita": 96.52173913043478, "cnt": 115}, "MATEMATICA MATE-INFO": {"medie": 6.85482456140351, "reusita": 95.6140350877193, "cnt": 114}, "INFORMATICA MI C/C++": {"medie": 5.792307692307692, "reusita": 100.0, "cnt": 13}, "GEOGRAFIE": {"medie": 7.699324324324325, "reusita": 94.66666666666667, "cnt": 75}, "ANATOMIE SI FIZIOLOGIE UMANA, GENETICA SI ECOLOGIE UMANA": {"medie": 6.508333333333333, "reusita": 83.33333333333334, "cnt": 6}, "FIZICA TEO": {"medie": 7.336666666666667, "reusita": 93.33333333333333, "cnt": 15}, "FIZICA TEH": {"medie": 5.8, "reusita": 100.0, "cnt": 1}, "SOCIOLOGIE": {"medie": 6.414516129032257, "reusita": 87.5, "cnt": 32}, "PSIHOLOGIE": {"medie": 6.725, "reusita": 75.0, "cnt": 4}, "ECONOMIE": {"medie": 9.2, "reusita": 100.0, "cnt": 1}, "FILOSOFIE": {"medie": 8.366666666666667, "reusita": 100.0, "cnt": 3}, "LIMBA ITALIANA": {"medie": 6.889285714285715, "reusita": 96.55172413793103, "cnt": 29}}, "nume": "LICEUL TEORETIC \"DANTE ALIGHIERI\"\tBucure\u0219ti"}