{"specializari": {"FILOLOGIE": 31, "TEOLOGIE ORTODOXA": 55, "PATRIMONIU CULTURAL": 37}, "limba_moderna": {"LIMBA FRANCEZA": 14, "LIMBA ENGLEZA": 109}, "limba_materna": {"LIMBA ROMANA": 123}, "promotie_anterioara": {"NU": 108, "DA": 15}, "materii": {"LIMBA ROMANA": {"medie": 5.974380165289259, "reusita": 81.30081300813008, "cnt": 123}, "GENERAL": {"medie": 6.109228650137743, "reusita": 54.47154471544715, "cnt": 123}, "ISTORIE": {"medie": 5.84959349593496, "reusita": 87.8048780487805, "cnt": 123}, "GEOGRAFIE": {"medie": 6.445934959349591, "reusita": 84.5528455284553, "cnt": 123}}, "nume": "LICEUL TEOLOGIC TG-JIU\tGorj"}