{"specializari": {"MATEMATICA-INFORMATICA": 41, "STIINTE ALE NATURII": 51}, "limba_moderna": {"LIMBA FRANCEZA": 38, "LIMBA ENGLEZA": 54}, "limba_materna": {"LIMBA ROMANA": 92}, "promotie_anterioara": {"DA": 25, "NU": 67}, "materii": {"LIMBA ROMANA": {"medie": 6.5222826086956545, "reusita": 96.73913043478261, "cnt": 92}, "GENERAL": {"medie": 6.50685185185185, "reusita": 59.78260869565217, "cnt": 92}, "MATEMATICA ST-NAT": {"medie": 6.0029411764705864, "reusita": 80.3921568627451, "cnt": 51}, "MATEMATICA MATE-INFO": {"medie": 4.991025641025639, "reusita": 58.536585365853654, "cnt": 41}, "ANATOMIE SI FIZIOLOGIE UMANA, GENETICA SI ECOLOGIE UMANA": {"medie": 7.345652173913043, "reusita": 97.82608695652173, "cnt": 92}}, "nume": "LICEUL \"CHARLES LAUGIER\" CRAIOVA\tDolj"}