{"specializari": {"FILOLOGIE": 75, "STIINTE SOCIALE": 33, "STIINTE ALE NATURII": 89, "MATEMATICA-INFORMATICA": 24}, "limba_moderna": {"LIMBA ENGLEZA": 180, "LIMBA FRANCEZA": 38, "LIMBA GERMANA MODERNA": 3}, "limba_materna": {"LIMBA ROMANA": 221}, "promotie_anterioara": {"NU": 216, "DA": 5}, "materii": {"LIMBA ROMANA": {"medie": 7.117727272727273, "reusita": 98.19004524886877, "cnt": 221}, "BIOLOGIE VEGETALA SI ANIMALA": {"medie": 7.488461538461537, "reusita": 94.33962264150944, "cnt": 53}, "GENERAL": {"medie": 7.356804281345566, "reusita": 81.44796380090497, "cnt": 221}, "MATEMATICA ST-NAT": {"medie": 6.112643678160918, "reusita": 70.78651685393258, "cnt": 89}, "CHIMIE ORGANICA TEO NIVEL I/II": {"medie": 6.175, "reusita": 100.0, "cnt": 2}, "ISTORIE": {"medie": 7.871296296296297, "reusita": 100.0, "cnt": 108}, "LOGICA, ARGUMENTARE SI COMUNICARE": {"medie": 8.52391304347826, "reusita": 91.30434782608695, "cnt": 23}, "MATEMATICA MATE-INFO": {"medie": 7.122916666666666, "reusita": 95.83333333333334, "cnt": 24}, "INFORMATICA MI C/C++": {"medie": 4.76, "reusita": 40.0, "cnt": 5}, "GEOGRAFIE": {"medie": 8.236, "reusita": 98.0, "cnt": 50}, "ANATOMIE SI FIZIOLOGIE UMANA, GENETICA SI ECOLOGIE UMANA": {"medie": 8.049999999999999, "reusita": 100.0, "cnt": 47}, "FIZICA TEO": {"medie": 6.083333333333333, "reusita": 66.66666666666666, "cnt": 6}, "SOCIOLOGIE": {"medie": 7.801515151515153, "reusita": 96.96969696969697, "cnt": 33}, "PSIHOLOGIE": {"medie": 6.0, "reusita": 100.0, "cnt": 1}, "ECONOMIE": {"medie": 9.65, "reusita": 100.0, "cnt": 1}}, "nume": "LICEUL TEORETIC \"ION CANTACUZINO\"\tArge\u0219"}