{"specializari": {"STIINTE ALE NATURII": 29, "TEHNICIAN MECANIC PENTRU INTRETINERE SI REPARATII": 4}, "limba_moderna": {"LIMBA FRANCEZA": 14, "LIMBA ENGLEZA": 19}, "limba_materna": {"LIMBA ROMANA": 33}, "promotie_anterioara": {"NU": 28, "DA": 5}, "materii": {"LIMBA ROMANA": {"medie": 6.722727272727273, "reusita": 90.9090909090909, "cnt": 33}, "MATEMATICA TEHN": {"medie": 3.8625000000000003, "reusita": 50.0, "cnt": 4}, "BIOLOGIE VEGETALA SI ANIMALA": {"medie": 7.667857142857143, "reusita": 96.55172413793103, "cnt": 29}, "GENERAL": {"medie": 6.220967741935483, "reusita": 39.39393939393939, "cnt": 33}, "MATEMATICA ST-NAT": {"medie": 4.893103448275861, "reusita": 55.172413793103445, "cnt": 29}, "FIZICA TEH": {"medie": 2.6833333333333336, "reusita": 25.0, "cnt": 4}}, "nume": "LICEUL TEHNOLOGIC \"PAUL BUJOR\", ORAS BERESTI\tGala\u021bi"}