{"specializari": {"LICEU CU PROGRAM SPORTIV": 170}, "limba_moderna": {"LIMBA ENGLEZA": 170}, "limba_materna": {"LIMBA ROMANA": 170}, "promotie_anterioara": {"NU": 130, "DA": 40}, "materii": {"LIMBA ROMANA": {"medie": 5.462951807228917, "reusita": 77.64705882352942, "cnt": 170}, "GENERAL": {"medie": 5.877777777777776, "reusita": 42.94117647058823, "cnt": 170}, "ISTORIE": {"medie": 5.515337423312884, "reusita": 76.47058823529412, "cnt": 170}, "LOGICA, ARGUMENTARE SI COMUNICARE": {"medie": 7.483333333333333, "reusita": 100.0, "cnt": 3}, "GEOGRAFIE": {"medie": 6.562195121951218, "reusita": 84.33734939759037, "cnt": 166}, "FILOSOFIE": {"medie": 3.8, "reusita": 0.0, "cnt": 1}}, "nume": "LICEUL CU PROGRAM SPORTIV \"NICOLAE ROTARU\" CONSTANTA\tConstan\u021ba"}