{"specializari": {"TEHNICIAN IN ACTIVITATI DE COMERT": 37, "TEHNICIAN IN ACTIVITATI ECONOMICE": 70, "TEHNICIAN IN TURISM": 35, "TEHNICIAN IN HOTELARIE": 34, "MATEMATICA-INFORMATICA": 31, "TEHNICIAN IN ADMINISTRATIE": 27, "TEHNICIAN IN GASTRONOMIE": 30}, "limba_moderna": {"LIMBA ENGLEZA": 229, "LIMBA FRANCEZA": 35}, "limba_materna": {"LIMBA ROMANA": 264}, "promotie_anterioara": {"NU": 238, "DA": 26}, "materii": {"LIMBA ROMANA": {"medie": 7.274809160305344, "reusita": 97.34848484848484, "cnt": 264}, "MATEMATICA TEHN": {"medie": 7.733039647577088, "reusita": 93.13304721030042, "cnt": 233}, "BIOLOGIE VEGETALA SI ANIMALA": {"medie": 7.372222222222222, "reusita": 100.0, "cnt": 9}, "GENERAL": {"medie": 7.527213541666667, "reusita": 84.84848484848484, "cnt": 264}, "LOGICA, ARGUMENTARE SI COMUNICARE": {"medie": 7.615137614678898, "reusita": 91.8918918918919, "cnt": 111}, "MATEMATICA MATE-INFO": {"medie": 6.824193548387095, "reusita": 96.7741935483871, "cnt": 31}, "GEOGRAFIE": {"medie": 7.904672897196263, "reusita": 96.3302752293578, "cnt": 109}, "FIZICA TEO": {"medie": 6.275, "reusita": 100.0, "cnt": 2}, "CHIMIE ANORGANICA TEO NIVEL I/II": {"medie": 6.530000000000001, "reusita": 95.0, "cnt": 20}, "ECONOMIE": {"medie": 7.196153846153846, "reusita": 92.3076923076923, "cnt": 13}}, "nume": "LICEUL TEHNOLOGIC ADMINISTRATIV SI DE SERVICII \"VICTOR SLAVESCU\", MUNICIPIUL PLOIESTI\tPrahova"}