{"specializari": {"FILOLOGIE": 62, "MATEMATICA-INFORMATICA": 23, "STIINTE ALE NATURII": 20, "TEHNICIAN IN SILVICULTURA SI EXPLOATARI FORESTIERE": 2, "TEHNICIAN VETERINAR": 1}, "limba_moderna": {"LIMBA FRANCEZA": 37, "LIMBA ENGLEZA": 71}, "limba_materna": {"LIMBA ROMANA": 108}, "promotie_anterioara": {"NU": 91, "DA": 17}, "materii": {"LIMBA ROMANA": {"medie": 5.347894736842107, "reusita": 55.55555555555556, "cnt": 108}, "MATEMATICA TEHN": {"medie": 2.4166666666666665, "reusita": 0.0, "cnt": 3}, "BIOLOGIE VEGETALA SI ANIMALA": {"medie": 5.483333333333333, "reusita": 66.66666666666666, "cnt": 3}, "GENERAL": {"medie": 5.3291666666666675, "reusita": 32.407407407407405, "cnt": 108}, "MATEMATICA ST-NAT": {"medie": 2.531578947368421, "reusita": 20.0, "cnt": 20}, "ISTORIE": {"medie": 6.327999999999999, "reusita": 69.35483870967742, "cnt": 62}, "MATEMATICA MATE-INFO": {"medie": 4.256521739130435, "reusita": 47.82608695652174, "cnt": 23}, "GEOGRAFIE": {"medie": 6.005208333333335, "reusita": 51.61290322580645, "cnt": 62}, "ANATOMIE SI FIZIOLOGIE UMANA, GENETICA SI ECOLOGIE UMANA": {"medie": 4.5475, "reusita": 37.2093023255814, "cnt": 43}}, "nume": "LICEUL TEORETIC CUJMIR\tMehedin\u021bi"}