{"specializari": {"TEHNICIAN IN TURISM": 23}, "limba_moderna": {"LIMBA ENGLEZA": 23}, "limba_materna": {"LIMBA ROMANA": 23}, "promotie_anterioara": {"DA": 6, "NU": 17}, "materii": {"LIMBA ROMANA": {"medie": 4.8181818181818175, "reusita": 47.82608695652174, "cnt": 23}, "MATEMATICA TEHN": {"medie": 2.7478260869565214, "reusita": 21.73913043478261, "cnt": 23}, "GENERAL": {"medie": 4.176666666666667, "reusita": 13.043478260869565, "cnt": 23}, "GEOGRAFIE": {"medie": 4.536363636363637, "reusita": 47.82608695652174, "cnt": 23}}, "nume": "LICEUL TEHNOLOGIC \"NICOLAE DUMITRESCU\" CUMPANA\tConstan\u021ba"}