{"specializari": {"FILOLOGIE": 44, "MATEMATICA-INFORMATICA": 43, "STIINTE ALE NATURII": 38}, "limba_moderna": {"LIMBA ENGLEZA": 109, "LIMBA FRANCEZA": 16}, "limba_materna": {"LIMBA ROMANA": 125}, "promotie_anterioara": {"NU": 100, "DA": 25}, "materii": {"LIMBA ROMANA": {"medie": 7.163749999999997, "reusita": 94.39999999999999, "cnt": 125}, "BIOLOGIE VEGETALA SI ANIMALA": {"medie": 3.516666666666667, "reusita": 33.33333333333333, "cnt": 3}, "GENERAL": {"medie": 6.697881355932203, "reusita": 60.8, "cnt": 125}, "MATEMATICA ST-NAT": {"medie": 5.028947368421053, "reusita": 63.1578947368421, "cnt": 38}, "ISTORIE": {"medie": 7.241860465116279, "reusita": 95.45454545454545, "cnt": 44}, "MATEMATICA MATE-INFO": {"medie": 5.07125, "reusita": 53.48837209302325, "cnt": 43}, "GEOGRAFIE": {"medie": 7.7073170731707314, "reusita": 95.23809523809523, "cnt": 42}, "ANATOMIE SI FIZIOLOGIE UMANA, GENETICA SI ECOLOGIE UMANA": {"medie": 6.745833333333334, "reusita": 81.81818181818183, "cnt": 77}, "FIZICA TEO": {"medie": 9.9, "reusita": 100.0, "cnt": 1}, "SOCIOLOGIE": {"medie": 7.1, "reusita": 100.0, "cnt": 1}, "FILOSOFIE": {"medie": 5.6, "reusita": 100.0, "cnt": 1}}, "nume": "LICEUL TEORETIC \"GENERAL DRAGALINA\" ORAVITA\tCara\u0219-Severin"}