{"specializari": {"MATEMATICA-INFORMATICA": 40, "TEHNICIAN IN INSTALATII ELECTRICE": 54, "FILOLOGIE": 33, "TEHNICIAN TRANSPORTURI": 35, "STIINTE ALE NATURII": 32, "TEHNICIAN MECATRONIST": 41}, "limba_moderna": {"LIMBA ENGLEZA": 136, "LIMBA FRANCEZA": 99}, "limba_materna": {"LIMBA ROMANA": 235}, "promotie_anterioara": {"NU": 217, "DA": 18}, "materii": {"LIMBA ROMANA": {"medie": 6.59032258064516, "reusita": 81.27659574468085, "cnt": 235}, "MATEMATICA TEHN": {"medie": 4.053124999999999, "reusita": 35.38461538461539, "cnt": 130}, "BIOLOGIE VEGETALA SI ANIMALA": {"medie": 4.114159292035399, "reusita": 32.30769230769231, "cnt": 130}, "GENERAL": {"medie": 6.143221690590113, "reusita": 47.65957446808511, "cnt": 235}, "MATEMATICA ST-NAT": {"medie": 6.719354838709677, "reusita": 87.5, "cnt": 32}, "ISTORIE": {"medie": 7.259090909090909, "reusita": 100.0, "cnt": 33}, "MATEMATICA MATE-INFO": {"medie": 7.537179487179487, "reusita": 80.0, "cnt": 40}, "GEOGRAFIE": {"medie": 8.353030303030302, "reusita": 100.0, "cnt": 33}, "ANATOMIE SI FIZIOLOGIE UMANA, GENETICA SI ECOLOGIE UMANA": {"medie": 8.030769230769232, "reusita": 90.9090909090909, "cnt": 66}, "FIZICA TEO": {"medie": 8.700000000000001, "reusita": 100.0, "cnt": 5}, "FIZICA TEH": {"medie": 1.4, "reusita": 0.0, "cnt": 1}}, "nume": "LICEUL PREDA BUZESCU, ORAS BERBESTI\tV\u00e2lcea"}