{"specializari": {"FILOLOGIE": 36, "MATEMATICA-INFORMATICA": 54, "TEHNICIAN IN ACTIVITATI ECONOMICE": 29, "TEHNICIAN MECATRONIST": 6, "TEHNICIAN IN INDUSTRIA TEXTILA": 8, "TEHNICIAN IN PRELUCRAREA LEMNULUI": 2}, "limba_moderna": {"LIMBA ENGLEZA": 132, "LIMBA FRANCEZA": 3}, "limba_materna": {"LIMBA ROMANA": 105, "LIMBA MAGHIARA": 30}, "promotie_anterioara": {"NU": 111, "DA": 24}, "materii": {"LIMBA ROMANA": {"medie": 5.695075757575758, "reusita": 72.5925925925926, "cnt": 135}, "MATEMATICA TEHN": {"medie": 4.637209302325581, "reusita": 53.333333333333336, "cnt": 45}, "BIOLOGIE VEGETALA SI ANIMALA": {"medie": 5.634285714285714, "reusita": 62.16216216216216, "cnt": 37}, "GENERAL": {"medie": 5.900915404040404, "reusita": 43.7037037037037, "cnt": 135}, "CHIMIE ORGANICA TEO NIVEL I/II": {"medie": 7.9, "reusita": 100.0, "cnt": 1}, "ISTORIE": {"medie": 5.60138888888889, "reusita": 86.11111111111111, "cnt": 36}, "MATEMATICA MATE-INFO": {"medie": 6.018518518518517, "reusita": 79.62962962962963, "cnt": 54}, "INFORMATICA MI C/C++": {"medie": 9.1, "reusita": 100.0, "cnt": 1}, "GEOGRAFIE": {"medie": 6.461538461538463, "reusita": 87.6923076923077, "cnt": 65}, "ANATOMIE SI FIZIOLOGIE UMANA, GENETICA SI ECOLOGIE UMANA": {"medie": 7.75952380952381, "reusita": 100.0, "cnt": 21}, "FIZICA TEO": {"medie": 7.15, "reusita": 100.0, "cnt": 2}, "FIZICA TEH": {"medie": 5.233333333333333, "reusita": 100.0, "cnt": 3}, "LIMBA MAGHIARA (REAL)": {"medie": 6.159999999999998, "reusita": 93.33333333333333, "cnt": 30}, "INFORMATICA MI PASCAL": {"medie": 6.369999999999999, "reusita": 100.0, "cnt": 5}}, "nume": "LICEUL TEHNOLOGIC TASNAD\tSatu-Mare"}