{"specializari": {"MATEMATICA-INFORMATICA": 51, "STIINTE ALE NATURII": 43, "FILOLOGIE": 97, "STIINTE SOCIALE": 34, "LICEU CU PROGRAM SPORTIV": 22}, "limba_moderna": {"LIMBA ENGLEZA": 174, "LIMBA FRANCEZA": 50, "LIMBA SPANIOLA": 23}, "limba_materna": {"LIMBA ROMANA": 247}, "promotie_anterioara": {"NU": 238, "DA": 9}, "materii": {"LIMBA ROMANA": {"medie": 6.735477178423236, "reusita": 88.25910931174089, "cnt": 247}, "GENERAL": {"medie": 6.529901960784316, "reusita": 66.80161943319838, "cnt": 247}, "MATEMATICA ST-NAT": {"medie": 5.393902439024391, "reusita": 67.44186046511628, "cnt": 43}, "ISTORIE": {"medie": 6.350666666666665, "reusita": 90.84967320261438, "cnt": 153}, "MATEMATICA MATE-INFO": {"medie": 5.046, "reusita": 64.70588235294117, "cnt": 51}, "INFORMATICA MI C/C++": {"medie": 5.1, "reusita": 100.0, "cnt": 1}, "GEOGRAFIE": {"medie": 7.352777777777776, "reusita": 89.1156462585034, "cnt": 147}, "ANATOMIE SI FIZIOLOGIE UMANA, GENETICA SI ECOLOGIE UMANA": {"medie": 6.145454545454546, "reusita": 68.47826086956522, "cnt": 92}, "FIZICA TEO": {"medie": 4.1, "reusita": 0.0, "cnt": 1}, "PSIHOLOGIE": {"medie": 6.199999999999999, "reusita": 100.0, "cnt": 2}, "ECONOMIE": {"medie": 6.516666666666667, "reusita": 100.0, "cnt": 3}, "FILOSOFIE": {"medie": 9.4, "reusita": 100.0, "cnt": 1}}, "nume": "LICEUL TEORETIC \"STEFAN CEL MARE\" MUNICIPIUL RAMNICU SARAT\tBuz\u0103u"}