{"specializari": {"TEHNICIAN IN TURISM": 30, "TEHNICIAN PROIECTANT PRODUSE FINITE DIN LEMN": 12}, "limba_moderna": {"LIMBA ENGLEZA": 42}, "limba_materna": {"LIMBA ROMANA": 42}, "promotie_anterioara": {"NU": 42}, "materii": {"LIMBA ROMANA": {"medie": 6.697560975609757, "reusita": 95.23809523809523, "cnt": 42}, "MATEMATICA TEHN": {"medie": 6.465853658536586, "reusita": 85.71428571428571, "cnt": 42}, "BIOLOGIE VEGETALA SI ANIMALA": {"medie": 4.300000000000001, "reusita": 33.33333333333333, "cnt": 12}, "GENERAL": {"medie": 6.670325203252034, "reusita": 64.28571428571429, "cnt": 42}, "GEOGRAFIE": {"medie": 7.822413793103448, "reusita": 96.55172413793103, "cnt": 29}, "PSIHOLOGIE": {"medie": 6.6, "reusita": 100.0, "cnt": 1}}, "nume": "LICEUL TEHNOLOGIC \"RETEZAT\" URICANI\tHunedoara"}