{"specializari": {"TEHNICIAN MECANIC PENTRU INTRETINERE SI REPARATII": 87, "TEHNICIAN IN AUTOMATIZARI": 43, "TEHNICIAN ELECTROMECANIC": 59, "TEHNICIAN INSTALATOR PENTRU CONSTRUCTII": 20, "TEHNICIAN IN INSTALATII ELECTRICE": 1, "MATEMATICA-INFORMATICA": 29, "TEHNICIAN IN TURISM": 1, "TEHNICIAN DESENATOR PENTRU CONSTRUCTII SI INSTALATII": 1, "TEHNICIAN OPERATORI ROBOTI INDUSTRIALI": 1, "STIINTE ALE NATURII": 23, "FILOLOGIE": 72, "TEHNICIAN PROIECTANT CAD": 2}, "limba_moderna": {"LIMBA ENGLEZA": 216, "LIMBA FRANCEZA": 123}, "limba_materna": {"LIMBA ROMANA": 339}, "promotie_anterioara": {"DA": 70, "NU": 269}, "materii": {"LIMBA ROMANA": {"medie": 6.2677672955974835, "reusita": 75.81120943952803, "cnt": 339}, "MATEMATICA TEHN": {"medie": 3.6902631578947362, "reusita": 37.2093023255814, "cnt": 215}, "BIOLOGIE VEGETALA SI ANIMALA": {"medie": 3.644999999999999, "reusita": 26.751592356687897, "cnt": 157}, "GENERAL": {"medie": 5.666666666666662, "reusita": 37.46312684365782, "cnt": 339}, "MATEMATICA ST-NAT": {"medie": 5.58478260869565, "reusita": 69.56521739130434, "cnt": 23}, "ISTORIE": {"medie": 6.870833333333334, "reusita": 98.61111111111111, "cnt": 72}, "MATEMATICA MATE-INFO": {"medie": 7.8931034482758635, "reusita": 96.55172413793103, "cnt": 29}, "GEOGRAFIE": {"medie": 8.202142857142855, "reusita": 97.14285714285714, "cnt": 70}, "ANATOMIE SI FIZIOLOGIE UMANA, GENETICA SI ECOLOGIE UMANA": {"medie": 8.055769230769231, "reusita": 98.07692307692307, "cnt": 52}, "FIZICA TEH": {"medie": 2.658536585365854, "reusita": 12.5, "cnt": 56}, "SOCIOLOGIE": {"medie": 6.016666666666667, "reusita": 100.0, "cnt": 3}, "CHIMIE ORGANICA TEH NIVEL I/II": {"medie": 5.9, "reusita": 100.0, "cnt": 1}}, "nume": "LICEUL TEHNOLOGIC TURCENI\tGorj"}