{"specializari": {"FILOLOGIE": 66, "STIINTE SOCIALE": 79, "STIINTE ALE NATURII": 31, "MATEMATICA-INFORMATICA": 60}, "limba_moderna": {"LIMBA ENGLEZA": 204, "LIMBA FRANCEZA": 32}, "limba_materna": {"LIMBA ROMANA": 236}, "promotie_anterioara": {"NU": 181, "DA": 55}, "materii": {"LIMBA ROMANA": {"medie": 6.395085470085468, "reusita": 88.98305084745762, "cnt": 236}, "GENERAL": {"medie": 6.1185672514619895, "reusita": 50.0, "cnt": 236}, "MATEMATICA ST-NAT": {"medie": 6.540322580645162, "reusita": 87.09677419354838, "cnt": 31}, "ISTORIE": {"medie": 6.098263888888891, "reusita": 95.86206896551724, "cnt": 145}, "MATEMATICA MATE-INFO": {"medie": 3.537288135593219, "reusita": 31.666666666666664, "cnt": 60}, "INFORMATICA MI C/C++": {"medie": 5.0, "reusita": 50.0, "cnt": 2}, "GEOGRAFIE": {"medie": 6.528928571428574, "reusita": 83.80281690140845, "cnt": 142}, "ANATOMIE SI FIZIOLOGIE UMANA, GENETICA SI ECOLOGIE UMANA": {"medie": 6.250000000000001, "reusita": 81.81818181818183, "cnt": 88}, "FIZICA TEO": {"medie": 2.35, "reusita": 0.0, "cnt": 1}, "PSIHOLOGIE": {"medie": 6.466666666666666, "reusita": 100.0, "cnt": 3}}, "nume": "LICEUL TEORETIC \"ION HELIADE RADULESCU\" TARGOVISTE\tD\u00e2mbovi\u021ba"}