{"specializari": {"MATEMATICA-INFORMATICA": 29, "TEHNICIAN MECANIC PENTRU INTRETINERE SI REPARATII": 33, "TEHNICIAN IN INSTALATII ELECTRICE": 30, "TEHNICIAN IN AUTOMATIZARI": 5, "TEHNICIAN OPERATOR TEHNICA DE CALCUL": 1}, "limba_moderna": {"LIMBA ENGLEZA": 92, "LIMBA FRANCEZA": 6}, "limba_materna": {"LIMBA ROMANA": 98}, "promotie_anterioara": {"NU": 79, "DA": 19}, "materii": {"LIMBA ROMANA": {"medie": 5.322471910112362, "reusita": 59.183673469387756, "cnt": 98}, "MATEMATICA TEHN": {"medie": 3.490677966101696, "reusita": 36.231884057971016, "cnt": 69}, "BIOLOGIE VEGETALA SI ANIMALA": {"medie": 3.4142857142857133, "reusita": 20.967741935483872, "cnt": 62}, "GENERAL": {"medie": 4.5441056910569095, "reusita": 15.306122448979592, "cnt": 98}, "MATEMATICA MATE-INFO": {"medie": 5.257142857142857, "reusita": 68.96551724137932, "cnt": 29}, "ANATOMIE SI FIZIOLOGIE UMANA, GENETICA SI ECOLOGIE UMANA": {"medie": 4.960714285714286, "reusita": 57.14285714285714, "cnt": 14}, "FIZICA TEH": {"medie": 4.425, "reusita": 16.666666666666664, "cnt": 6}, "CHIMIE ANORGANICA TEH NIVEL I/II": {"medie": "-", "reusita": 0.0, "cnt": 1}, "INFORMATICA MI PASCAL": {"medie": 5.696153846153846, "reusita": 66.66666666666666, "cnt": 15}}, "nume": "LICEUL TEHNOLOGIC TICLENI\tGorj"}