{"specializari": {"TEOLOGIE ADVENTISTA": 46}, "limba_moderna": {"LIMBA ENGLEZA": 45, "LIMBA FRANCEZA": 1}, "limba_materna": {"LIMBA ROMANA": 46}, "promotie_anterioara": {"NU": 43, "DA": 3}, "materii": {"LIMBA ROMANA": {"medie": 7.365217391304347, "reusita": 100.0, "cnt": 46}, "GENERAL": {"medie": 7.101851851851851, "reusita": 84.78260869565217, "cnt": 46}, "ISTORIE": {"medie": 6.365217391304348, "reusita": 97.82608695652173, "cnt": 46}, "GEOGRAFIE": {"medie": 7.815789473684208, "reusita": 97.43589743589743, "cnt": 39}, "PSIHOLOGIE": {"medie": 5.683333333333333, "reusita": 83.33333333333334, "cnt": 6}, "FILOSOFIE": {"medie": 7.6, "reusita": 100.0, "cnt": 1}}, "nume": "LICEUL TEOLOGIC ADVENTIST \"MARANATHA\" CLUJ-NAPOCA\tCluj"}