{"specializari": {"ARHITECTURA, ARTE AMBIENTALE SI DESIGN": 35, "ARTE PLASTICE SI DECORATIVE": 33}, "limba_moderna": {"LIMBA ENGLEZA": 64, "LIMBA FRANCEZA": 4}, "limba_materna": {"LIMBA ROMANA": 68}, "promotie_anterioara": {"DA": 3, "NU": 65}, "materii": {"LIMBA ROMANA": {"medie": 7.646323529411766, "reusita": 98.52941176470588, "cnt": 68}, "GENERAL": {"medie": 7.385323383084576, "reusita": 79.41176470588235, "cnt": 68}, "ISTORIE": {"medie": 6.677205882352943, "reusita": 97.05882352941177, "cnt": 68}, "LOGICA, ARGUMENTARE SI COMUNICARE": {"medie": 8.062195121951218, "reusita": 95.1219512195122, "cnt": 41}, "GEOGRAFIE": {"medie": 7.4860000000000015, "reusita": 92.3076923076923, "cnt": 26}, "PSIHOLOGIE": {"medie": 3.55, "reusita": 0.0, "cnt": 1}}, "nume": "LICEUL VOCATIONAL DE ARTE PLASTICE \"HANS MATTIS-TEUTSCH\" BRASOV\tBra\u0219ov"}