{"specializari": {"TEHNICIAN IN ACTIVITATI ECONOMICE": 29, "FILOLOGIE": 33, "STIINTE ALE NATURII": 31, "MATEMATICA-INFORMATICA": 31, "TEHNICIAN IN INDUSTRIA TEXTILA": 3, "TEHNICIAN MECANIC PENTRU INTRETINERE SI REPARATII": 2}, "limba_moderna": {"LIMBA ENGLEZA": 121, "LIMBA FRANCEZA": 8}, "limba_materna": {"LIMBA ROMANA": 129}, "promotie_anterioara": {"NU": 127, "DA": 2}, "materii": {"LIMBA ROMANA": {"medie": 8.250390624999998, "reusita": 99.2248062015504, "cnt": 129}, "MATEMATICA TEHN": {"medie": 6.800000000000001, "reusita": 88.23529411764706, "cnt": 34}, "BIOLOGIE VEGETALA SI ANIMALA": {"medie": 2.8499999999999996, "reusita": 0.0, "cnt": 5}, "GENERAL": {"medie": 7.6852864583333345, "reusita": 87.59689922480621, "cnt": 129}, "MATEMATICA ST-NAT": {"medie": 6.009677419354839, "reusita": 77.41935483870968, "cnt": 31}, "ISTORIE": {"medie": 7.742187500000001, "reusita": 96.96969696969697, "cnt": 33}, "MATEMATICA MATE-INFO": {"medie": 8.64032258064516, "reusita": 100.0, "cnt": 31}, "INFORMATICA MI C/C++": {"medie": 8.178571428571429, "reusita": 100.0, "cnt": 7}, "GEOGRAFIE": {"medie": 7.709821428571429, "reusita": 98.24561403508771, "cnt": 57}, "ANATOMIE SI FIZIOLOGIE UMANA, GENETICA SI ECOLOGIE UMANA": {"medie": 7.648148148148146, "reusita": 98.14814814814815, "cnt": 54}, "FIZICA TEO": {"medie": 8.45, "reusita": 100.0, "cnt": 1}, "PSIHOLOGIE": {"medie": 7.5, "reusita": 100.0, "cnt": 3}, "FILOSOFIE": {"medie": 7.4, "reusita": 100.0, "cnt": 2}}, "nume": "LICEUL TEORETIC \"SOLOMON HALITA\" SINGEORZ-BAI\tBistri\u021ba-N\u0103s\u0103ud"}