{"specializari": {"FILOLOGIE": 93, "MATEMATICA-INFORMATICA": 31, "STIINTE SOCIALE": 30}, "limba_moderna": {"LIMBA ENGLEZA": 147, "LIMBA FRANCEZA": 7}, "limba_materna": {"LIMBA ROMANA": 154}, "promotie_anterioara": {"NU": 142, "DA": 12}, "materii": {"LIMBA ROMANA": {"medie": 6.669155844155844, "reusita": 87.01298701298701, "cnt": 154}, "BIOLOGIE VEGETALA SI ANIMALA": {"medie": 6.656249999999999, "reusita": 88.0, "cnt": 25}, "GENERAL": {"medie": 7.084313725490195, "reusita": 67.53246753246754, "cnt": 154}, "ISTORIE": {"medie": 7.201626016260163, "reusita": 95.1219512195122, "cnt": 123}, "LOGICA, ARGUMENTARE SI COMUNICARE": {"medie": 8.302173913043477, "reusita": 93.47826086956522, "cnt": 46}, "MATEMATICA MATE-INFO": {"medie": 5.304838709677419, "reusita": 64.51612903225806, "cnt": 31}, "GEOGRAFIE": {"medie": 7.864935064935067, "reusita": 96.1038961038961, "cnt": 77}, "ANATOMIE SI FIZIOLOGIE UMANA, GENETICA SI ECOLOGIE UMANA": {"medie": 8.1, "reusita": 100.0, "cnt": 3}, "FIZICA TEO": {"medie": 5.05, "reusita": 33.33333333333333, "cnt": 3}}, "nume": "LICEUL TEORETIC \"MARIN PREDA\" TURNU MAGURELE\tTeleorman"}