{"specializari": {"FILOLOGIE": 60, "MATEMATICA-INFORMATICA": 39}, "limba_moderna": {"LIMBA SPANIOLA": 66, "LIMBA ENGLEZA": 33}, "limba_materna": {"LIMBA ROMANA": 99}, "promotie_anterioara": {"NU": 95, "DA": 4}, "materii": {"LIMBA ROMANA": {"medie": 7.395454545454543, "reusita": 96.96969696969697, "cnt": 99}, "BIOLOGIE VEGETALA SI ANIMALA": {"medie": 7.364285714285714, "reusita": 100.0, "cnt": 7}, "GENERAL": {"medie": 7.620408163265308, "reusita": 88.88888888888889, "cnt": 99}, "CHIMIE ORGANICA TEO NIVEL I/II": {"medie": 6.959999999999999, "reusita": 100.0, "cnt": 5}, "ISTORIE": {"medie": 7.435833333333335, "reusita": 100.0, "cnt": 60}, "LOGICA, ARGUMENTARE SI COMUNICARE": {"medie": 8.484375000000002, "reusita": 93.75, "cnt": 16}, "MATEMATICA MATE-INFO": {"medie": 7.788157894736842, "reusita": 94.87179487179486, "cnt": 39}, "GEOGRAFIE": {"medie": 8.329545454545455, "reusita": 100.0, "cnt": 22}, "ANATOMIE SI FIZIOLOGIE UMANA, GENETICA SI ECOLOGIE UMANA": {"medie": 8.30952380952381, "reusita": 100.0, "cnt": 21}, "FIZICA TEO": {"medie": 8.741666666666665, "reusita": 100.0, "cnt": 6}, "SOCIOLOGIE": {"medie": 6.593749999999999, "reusita": 93.75, "cnt": 16}, "PSIHOLOGIE": {"medie": 6.4625, "reusita": 100.0, "cnt": 4}, "ECONOMIE": {"medie": 7.375, "reusita": 100.0, "cnt": 2}}, "nume": "LICEUL TEORETIC BILINGV \"MIGUEL DE CERVANTES\"\tBucure\u0219ti"}