{"specializari": {"LICEU CU PROGRAM SPORTIV": 123}, "limba_moderna": {"LIMBA ENGLEZA": 119, "LIMBA FRANCEZA": 4}, "limba_materna": {"LIMBA ROMANA": 123}, "promotie_anterioara": {"NU": 95, "DA": 28}, "materii": {"LIMBA ROMANA": {"medie": 6.1298319327731114, "reusita": 86.1788617886179, "cnt": 123}, "GENERAL": {"medie": 6.062356321839079, "reusita": 47.15447154471545, "cnt": 123}, "ISTORIE": {"medie": 5.346218487394958, "reusita": 81.30081300813008, "cnt": 123}, "LOGICA, ARGUMENTARE SI COMUNICARE": {"medie": 6.121428571428572, "reusita": 75.0, "cnt": 8}, "GEOGRAFIE": {"medie": 6.722685185185186, "reusita": 83.33333333333334, "cnt": 114}, "FILOSOFIE": {"medie": 7.3, "reusita": 100.0, "cnt": 1}}, "nume": "LICEUL CU PROGRAM SPORTIV BOTOSANI\tBoto\u0219ani"}