{"specializari": {"MATEMATICA-INFORMATICA": 60, "STIINTE ALE NATURII": 34, "FILOLOGIE": 39, "STIINTE SOCIALE": 40}, "limba_moderna": {"LIMBA ENGLEZA": 129, "LIMBA SPANIOLA": 35, "LIMBA FRANCEZA": 8, "LIMBA RUSA": 1}, "limba_materna": {"LIMBA ROMANA": 173}, "promotie_anterioara": {"NU": 170, "DA": 3}, "materii": {"LIMBA ROMANA": {"medie": 8.078901734104052, "reusita": 98.84393063583815, "cnt": 173}, "BIOLOGIE VEGETALA SI ANIMALA": {"medie": 9.120000000000001, "reusita": 100.0, "cnt": 5}, "GENERAL": {"medie": 8.273506743737954, "reusita": 96.53179190751445, "cnt": 173}, "MATEMATICA ST-NAT": {"medie": 8.202941176470588, "reusita": 97.05882352941177, "cnt": 34}, "CHIMIE ORGANICA TEO NIVEL I/II": {"medie": 9.09, "reusita": 100.0, "cnt": 5}, "INFORMATICA SN C/C++": {"medie": 9.219999999999999, "reusita": 100.0, "cnt": 5}, "ISTORIE": {"medie": 7.866455696202534, "reusita": 100.0, "cnt": 79}, "LOGICA, ARGUMENTARE SI COMUNICARE": {"medie": 7.5666666666666655, "reusita": 66.66666666666666, "cnt": 3}, "MATEMATICA MATE-INFO": {"medie": 8.755833333333333, "reusita": 98.33333333333333, "cnt": 60}, "INFORMATICA MI C/C++": {"medie": 8.964516129032257, "reusita": 100.0, "cnt": 31}, "GEOGRAFIE": {"medie": 8.645945945945945, "reusita": 100.0, "cnt": 74}, "ANATOMIE SI FIZIOLOGIE UMANA, GENETICA SI ECOLOGIE UMANA": {"medie": 8.190909090909091, "reusita": 100.0, "cnt": 33}, "FIZICA TEO": {"medie": 7.0625, "reusita": 100.0, "cnt": 8}, "SOCIOLOGIE": {"medie": 9.45, "reusita": 100.0, "cnt": 2}, "CHIMIE ANORGANICA TEO NIVEL I/II": {"medie": 6.764285714285713, "reusita": 100.0, "cnt": 7}}, "nume": "LICEUL TEORETIC \"DIMITRIE CANTEMIR\", IASI\tIa\u0219i"}