{"specializari": {"FILOLOGIE": 63, "TEHNICIAN IN ACTIVITATI ECONOMICE": 59, "STIINTE ALE NATURII": 57, "MATEMATICA-INFORMATICA": 48, "STIINTE SOCIALE": 35}, "limba_moderna": {"LIMBA ENGLEZA": 240, "LIMBA FRANCEZA": 22}, "limba_materna": {"LIMBA ROMANA": 262}, "promotie_anterioara": {"NU": 237, "DA": 25}, "materii": {"LIMBA ROMANA": {"medie": 6.884722222222219, "reusita": 88.16793893129771, "cnt": 262}, "MATEMATICA TEHN": {"medie": 8.401724137931035, "reusita": 93.22033898305084, "cnt": 59}, "BIOLOGIE VEGETALA SI ANIMALA": {"medie": 5.985714285714286, "reusita": 66.66666666666666, "cnt": 15}, "GENERAL": {"medie": 6.950274348422495, "reusita": 64.12213740458014, "cnt": 262}, "MATEMATICA ST-NAT": {"medie": 4.318627450980392, "reusita": 43.859649122807014, "cnt": 57}, "CHIMIE ORGANICA TEO NIVEL I/II": {"medie": 5.2, "reusita": 100.0, "cnt": 1}, "ISTORIE": {"medie": 6.758333333333332, "reusita": 92.85714285714286, "cnt": 98}, "LOGICA, ARGUMENTARE SI COMUNICARE": {"medie": 8.85, "reusita": 100.0, "cnt": 2}, "MATEMATICA MATE-INFO": {"medie": 6.1677777777777765, "reusita": 70.83333333333334, "cnt": 48}, "GEOGRAFIE": {"medie": 7.716333333333332, "reusita": 93.4640522875817, "cnt": 153}, "ANATOMIE SI FIZIOLOGIE UMANA, GENETICA SI ECOLOGIE UMANA": {"medie": 6.998387096774195, "reusita": 86.36363636363636, "cnt": 66}, "FIZICA TEO": {"medie": 7.95, "reusita": 100.0, "cnt": 2}, "SOCIOLOGIE": {"medie": 9.0, "reusita": 100.0, "cnt": 1}, "CHIMIE ANORGANICA TEO NIVEL I/II": {"medie": 5.869999999999999, "reusita": 71.42857142857143, "cnt": 21}, "PSIHOLOGIE": {"medie": 3.4, "reusita": 0.0, "cnt": 1}}, "nume": "LICEUL TEORETIC \"ION NECULCE\", TARGU FRUMOS\tIa\u0219i"}