{"specializari": {"STIINTE ALE NATURII": 36, "TEHNICIAN INSTALATOR PENTRU CONSTRUCTII": 8, "FILOLOGIE": 34}, "limba_moderna": {"LIMBA ENGLEZA": 71, "LIMBA FRANCEZA": 7}, "limba_materna": {"LIMBA ROMANA": 78}, "promotie_anterioara": {"NU": 73, "DA": 5}, "materii": {"LIMBA ROMANA": {"medie": 6.765277777777776, "reusita": 83.33333333333334, "cnt": 78}, "MATEMATICA TEHN": {"medie": 1.8285714285714285, "reusita": 12.5, "cnt": 8}, "GENERAL": {"medie": 6.11830985915493, "reusita": 44.871794871794876, "cnt": 78}, "MATEMATICA ST-NAT": {"medie": 3.9887096774193536, "reusita": 33.33333333333333, "cnt": 36}, "ISTORIE": {"medie": 6.679411764705883, "reusita": 88.23529411764706, "cnt": 34}, "GEOGRAFIE": {"medie": 7.398387096774193, "reusita": 100.0, "cnt": 31}, "ANATOMIE SI FIZIOLOGIE UMANA, GENETICA SI ECOLOGIE UMANA": {"medie": 6.416666666666666, "reusita": 76.47058823529412, "cnt": 34}, "CHIMIE ANORGANICA TEO NIVEL I/II": {"medie": 4.4, "reusita": 0.0, "cnt": 2}, "PSIHOLOGIE": {"medie": 6.35, "reusita": 66.66666666666666, "cnt": 3}, "CHIMIE ANORGANICA TEH NIVEL I/II": {"medie": 3.2214285714285715, "reusita": 0.0, "cnt": 8}}, "nume": "LICEUL TEORETIC \"LASCAR ROSETTI\", RADUCANENI\tIa\u0219i"}