{"specializari": {"LICEU CU PROGRAM SPORTIV": 148}, "limba_moderna": {"LIMBA ENGLEZA": 144, "LIMBA GERMANA MODERNA": 1, "LIMBA FRANCEZA": 3}, "limba_materna": {"LIMBA ROMANA": 148}, "promotie_anterioara": {"NU": 122, "DA": 26}, "materii": {"LIMBA ROMANA": {"medie": 6.261301369863014, "reusita": 90.54054054054053, "cnt": 148}, "GENERAL": {"medie": 6.1979310344827585, "reusita": 52.02702702702703, "cnt": 148}, "ISTORIE": {"medie": 5.86541095890411, "reusita": 87.83783783783784, "cnt": 148}, "GEOGRAFIE": {"medie": 6.500000000000001, "reusita": 83.44827586206897, "cnt": 145}, "PSIHOLOGIE": {"medie": 4.683333333333334, "reusita": 33.33333333333333, "cnt": 3}}, "nume": "LICEUL CU PROGRAM SPORTIV \"BANATUL\" TIMISOARA\tTimi\u0219"}