{"specializari": {"MATEMATICA-INFORMATICA": 106, "STIINTE SOCIALE": 62, "STIINTE ALE NATURII": 33, "FILOLOGIE": 33}, "limba_moderna": {"LIMBA ENGLEZA": 202, "LIMBA FRANCEZA": 32}, "limba_materna": {"LIMBA ROMANA": 234}, "promotie_anterioara": {"NU": 211, "DA": 23}, "materii": {"LIMBA ROMANA": {"medie": 7.409188034188032, "reusita": 98.29059829059828, "cnt": 234}, "BIOLOGIE VEGETALA SI ANIMALA": {"medie": 7.119907407407408, "reusita": 95.37037037037037, "cnt": 108}, "GENERAL": {"medie": 7.154558404558405, "reusita": 83.33333333333334, "cnt": 234}, "MATEMATICA ST-NAT": {"medie": 5.560606060606058, "reusita": 75.75757575757575, "cnt": 33}, "CHIMIE ORGANICA TEO NIVEL I/II": {"medie": 6.6, "reusita": 100.0, "cnt": 1}, "ISTORIE": {"medie": 6.938947368421053, "reusita": 94.73684210526315, "cnt": 95}, "LOGICA, ARGUMENTARE SI COMUNICARE": {"medie": 8.4, "reusita": 100.0, "cnt": 1}, "MATEMATICA MATE-INFO": {"medie": 6.826415094339623, "reusita": 93.39622641509435, "cnt": 106}, "INFORMATICA MI C/C++": {"medie": 6.846875000000002, "reusita": 87.5, "cnt": 16}, "GEOGRAFIE": {"medie": 7.845679012345679, "reusita": 96.29629629629629, "cnt": 81}, "ANATOMIE SI FIZIOLOGIE UMANA, GENETICA SI ECOLOGIE UMANA": {"medie": 6.7562500000000005, "reusita": 87.5, "cnt": 8}, "FIZICA TEO": {"medie": 7.166666666666667, "reusita": 100.0, "cnt": 6}, "SOCIOLOGIE": {"medie": 7.2555555555555555, "reusita": 100.0, "cnt": 9}, "PSIHOLOGIE": {"medie": 7.8, "reusita": 100.0, "cnt": 3}, "ECONOMIE": {"medie": 7.7, "reusita": 100.0, "cnt": 1}}, "nume": "LICEUL TEORETIC \"TUDOR VLADIMIRESCU\"\tBucure\u0219ti"}