{"specializari": {"STIINTE ALE NATURII": 49}, "limba_moderna": {"LIMBA ENGLEZA": 49}, "limba_materna": {"LIMBA ROMANA": 49}, "promotie_anterioara": {"NU": 42, "DA": 7}, "materii": {"LIMBA ROMANA": {"medie": 5.883333333333332, "reusita": 71.42857142857143, "cnt": 49}, "GENERAL": {"medie": 5.214015151515152, "reusita": 28.57142857142857, "cnt": 49}, "MATEMATICA ST-NAT": {"medie": 4.271590909090908, "reusita": 40.816326530612244, "cnt": 49}, "ANATOMIE SI FIZIOLOGIE UMANA, GENETICA SI ECOLOGIE UMANA": {"medie": 5.527777777777778, "reusita": 61.224489795918366, "cnt": 49}}, "nume": "LICEUL TEORETIC VIRGIL IERUNCA, COM. LADESTI\tV\u00e2lcea"}