{"specializari": {"STIINTE ALE NATURII": 54, "FILOLOGIE": 30, "TEHNICIAN MECANIC PENTRU INTRETINERE SI REPARATII": 15}, "limba_moderna": {"LIMBA ENGLEZA": 70, "LIMBA FRANCEZA": 29}, "limba_materna": {"LIMBA ROMANA": 99}, "promotie_anterioara": {"NU": 88, "DA": 11}, "materii": {"LIMBA ROMANA": {"medie": 6.48563829787234, "reusita": 78.78787878787878, "cnt": 99}, "MATEMATICA TEHN": {"medie": 1.9884615384615383, "reusita": 6.666666666666667, "cnt": 15}, "BIOLOGIE VEGETALA SI ANIMALA": {"medie": 3.6961538461538463, "reusita": 13.333333333333334, "cnt": 15}, "GENERAL": {"medie": 5.971276595744682, "reusita": 45.45454545454545, "cnt": 99}, "MATEMATICA ST-NAT": {"medie": 5.34622641509434, "reusita": 68.51851851851852, "cnt": 54}, "CHIMIE ORGANICA TEO NIVEL I/II": {"medie": 7.65, "reusita": 100.0, "cnt": 1}, "ISTORIE": {"medie": 6.11551724137931, "reusita": 96.66666666666667, "cnt": 30}, "GEOGRAFIE": {"medie": 6.391379310344829, "reusita": 90.0, "cnt": 30}, "ANATOMIE SI FIZIOLOGIE UMANA, GENETICA SI ECOLOGIE UMANA": {"medie": 6.863461538461539, "reusita": 83.01886792452831, "cnt": 53}}, "nume": "LICEUL TEORETIC \"SAMUIL MICU\" SARMASU\tMure\u0219"}