{"specializari": {"STIINTE ALE NATURII": 62, "MATEMATICA-INFORMATICA": 53, "FILOLOGIE": 30, "STIINTE SOCIALE": 31}, "limba_moderna": {"LIMBA ENGLEZA": 149, "LIMBA FRANCEZA": 27}, "limba_materna": {"LIMBA ROMANA": 176}, "promotie_anterioara": {"NU": 171, "DA": 5}, "materii": {"LIMBA ROMANA": {"medie": 7.77670454545455, "reusita": 98.86363636363636, "cnt": 176}, "BIOLOGIE VEGETALA SI ANIMALA": {"medie": 7.575, "reusita": 100.0, "cnt": 2}, "GENERAL": {"medie": 7.8605973025048215, "reusita": 92.61363636363636, "cnt": 176}, "MATEMATICA ST-NAT": {"medie": 7.727868852459015, "reusita": 95.16129032258065, "cnt": 62}, "CHIMIE ORGANICA TEO NIVEL I/II": {"medie": 7.3, "reusita": 100.0, "cnt": 5}, "ISTORIE": {"medie": 7.426229508196722, "reusita": 100.0, "cnt": 61}, "LOGICA, ARGUMENTARE SI COMUNICARE": {"medie": 8.566666666666668, "reusita": 100.0, "cnt": 6}, "MATEMATICA MATE-INFO": {"medie": 7.857547169811321, "reusita": 100.0, "cnt": 53}, "INFORMATICA MI C/C++": {"medie": 7.840000000000001, "reusita": 100.0, "cnt": 10}, "GEOGRAFIE": {"medie": 8.778181818181817, "reusita": 100.0, "cnt": 55}, "ANATOMIE SI FIZIOLOGIE UMANA, GENETICA SI ECOLOGIE UMANA": {"medie": 7.901408450704227, "reusita": 91.78082191780823, "cnt": 73}, "FIZICA TEO": {"medie": 6.542857142857143, "reusita": 78.57142857142857, "cnt": 14}, "CHIMIE ANORGANICA TEO NIVEL I/II": {"medie": 7.654545454545455, "reusita": 100.0, "cnt": 11}}, "nume": "LICEUL TEORETIC \"DECEBAL\" CONSTANTA\tConstan\u021ba"}