{"specializari": {"TEHNICIAN IN ACTIVITATI DE COMERT": 12}, "limba_moderna": {"LIMBA ENGLEZA": 12}, "limba_materna": {"LIMBA ROMANA": 12}, "promotie_anterioara": {"NU": 7, "DA": 5}, "materii": {"LIMBA ROMANA": {"medie": 5.599999999999999, "reusita": 83.33333333333334, "cnt": 12}, "MATEMATICA TEHN": {"medie": 5.954166666666666, "reusita": 91.66666666666666, "cnt": 12}, "GENERAL": {"medie": 6.178787878787879, "reusita": 41.66666666666667, "cnt": 12}, "GEOGRAFIE": {"medie": 6.840909090909091, "reusita": 91.66666666666666, "cnt": 12}}, "nume": "LICEUL TEHNOLOGIC \"ILIE MACELARIU\" MIERCUREA SIBIULUI\tSibiu"}