{"specializari": {"MATEMATICA-INFORMATICA": 16, "FILOLOGIE": 28, "STIINTE ALE NATURII": 3}, "limba_moderna": {"LIMBA ENGLEZA": 47}, "limba_materna": {"LIMBA ROMANA": 47}, "promotie_anterioara": {"NU": 43, "DA": 4}, "materii": {"LIMBA ROMANA": {"medie": 6.951063829787235, "reusita": 85.1063829787234, "cnt": 47}, "GENERAL": {"medie": 6.889716312056738, "reusita": 63.829787234042556, "cnt": 47}, "MATEMATICA ST-NAT": {"medie": 4.116666666666666, "reusita": 33.33333333333333, "cnt": 3}, "ISTORIE": {"medie": 6.846428571428573, "reusita": 96.42857142857143, "cnt": 28}, "MATEMATICA MATE-INFO": {"medie": 6.481250000000001, "reusita": 68.75, "cnt": 16}, "GEOGRAFIE": {"medie": 7.744444444444444, "reusita": 88.88888888888889, "cnt": 18}, "ANATOMIE SI FIZIOLOGIE UMANA, GENETICA SI ECOLOGIE UMANA": {"medie": 7.273333333333334, "reusita": 93.33333333333333, "cnt": 15}, "FIZICA TEO": {"medie": 7.85, "reusita": 100.0, "cnt": 1}, "SOCIOLOGIE": {"medie": 5.3388888888888895, "reusita": 55.55555555555556, "cnt": 9}, "PSIHOLOGIE": {"medie": 8.0, "reusita": 100.0, "cnt": 1}, "INFORMATICA MI PASCAL": {"medie": 8.200000000000001, "reusita": 100.0, "cnt": 3}}, "nume": "LICEUL TEORETIC \"SFANTU NICOLAE\" GHEORGHENI\tHarghita"}