{"specializari": {"INVATATOR - EDUCATOARE": 32, "FILOLOGIE": 68, "MATEMATICA-INFORMATICA": 59, "INSTRUCTOR PENTRU ACTIVITATI EXTRASCOLARE": 4}, "limba_moderna": {"LIMBA ENGLEZA": 113, "LIMBA FRANCEZA": 50}, "limba_materna": {"LIMBA ROMANA": 163}, "promotie_anterioara": {"NU": 142, "DA": 21}, "materii": {"LIMBA ROMANA": {"medie": 7.426851851851848, "reusita": 98.15950920245399, "cnt": 163}, "BIOLOGIE VEGETALA SI ANIMALA": {"medie": 6.650000000000001, "reusita": 80.0, "cnt": 5}, "GENERAL": {"medie": 7.470289855072463, "reusita": 86.50306748466258, "cnt": 163}, "ISTORIE": {"medie": 6.924305555555554, "reusita": 100.0, "cnt": 72}, "LOGICA, ARGUMENTARE SI COMUNICARE": {"medie": 8.1375, "reusita": 100.0, "cnt": 4}, "MATEMATICA MATE-INFO": {"medie": 7.022881355932203, "reusita": 98.30508474576271, "cnt": 59}, "GEOGRAFIE": {"medie": 7.984337349397588, "reusita": 98.80952380952381, "cnt": 84}, "ANATOMIE SI FIZIOLOGIE UMANA, GENETICA SI ECOLOGIE UMANA": {"medie": 7.699999999999999, "reusita": 100.0, "cnt": 37}, "FIZICA TEO": {"medie": 8.312500000000002, "reusita": 100.0, "cnt": 12}, "MATEMATICA PED": {"medie": 7.715624999999999, "reusita": 100.0, "cnt": 32}, "SOCIOLOGIE": {"medie": 6.683333333333334, "reusita": 83.33333333333334, "cnt": 6}, "PSIHOLOGIE": {"medie": 8.155555555555555, "reusita": 100.0, "cnt": 9}, "ECONOMIE": {"medie": 8.9, "reusita": 100.0, "cnt": 1}, "INFORMATICA MI PASCAL": {"medie": 6.000000000000001, "reusita": 60.0, "cnt": 5}}, "nume": "LICEUL PEDAGOGIC \"MATEI BASARAB\" SLOBOZIA\tIalomi\u021ba"}