{"specializari": {"MATEMATICA-INFORMATICA": 28, "STIINTE ALE NATURII": 30, "STIINTE SOCIALE": 34, "FILOLOGIE": 34}, "limba_moderna": {"LIMBA ENGLEZA": 120, "LIMBA FRANCEZA": 6}, "limba_materna": {"LIMBA ROMANA": 126}, "promotie_anterioara": {"NU": 121, "DA": 5}, "materii": {"LIMBA ROMANA": {"medie": 6.7588000000000035, "reusita": 87.3015873015873, "cnt": 126}, "GENERAL": {"medie": 7.015994623655911, "reusita": 69.04761904761905, "cnt": 126}, "MATEMATICA ST-NAT": {"medie": 5.933928571428573, "reusita": 73.33333333333333, "cnt": 30}, "CHIMIE ORGANICA TEO NIVEL I/II": {"medie": 7.95, "reusita": 100.0, "cnt": 1}, "ISTORIE": {"medie": 6.4, "reusita": 91.17647058823529, "cnt": 68}, "MATEMATICA MATE-INFO": {"medie": 8.330357142857144, "reusita": 100.0, "cnt": 28}, "GEOGRAFIE": {"medie": 7.247115384615384, "reusita": 90.38461538461539, "cnt": 52}, "ANATOMIE SI FIZIOLOGIE UMANA, GENETICA SI ECOLOGIE UMANA": {"medie": 8.208333333333336, "reusita": 91.83673469387756, "cnt": 49}, "SOCIOLOGIE": {"medie": 5.739285714285715, "reusita": 64.28571428571429, "cnt": 14}, "CHIMIE ANORGANICA TEO NIVEL I/II": {"medie": 8.8, "reusita": 100.0, "cnt": 1}, "PSIHOLOGIE": {"medie": 7.0, "reusita": 100.0, "cnt": 1}, "INFORMATICA MI PASCAL": {"medie": 9.085714285714285, "reusita": 100.0, "cnt": 7}, "FILOSOFIE": {"medie": 3.95, "reusita": 0.0, "cnt": 1}}, "nume": "LICEUL TEORETIC \"O.C.TASLAUANU\" TOPLITA\tHarghita"}