{"specializari": {"TEOLOGIE PENTICOSTALA": 30, "MATEMATICA-INFORMATICA": 19, "FILOLOGIE": 19}, "limba_moderna": {"LIMBA ENGLEZA": 67, "LIMBA FRANCEZA": 1}, "limba_materna": {"LIMBA ROMANA": 68}, "promotie_anterioara": {"NU": 54, "DA": 14}, "materii": {"LIMBA ROMANA": {"medie": 6.765151515151516, "reusita": 89.70588235294117, "cnt": 68}, "BIOLOGIE VEGETALA SI ANIMALA": {"medie": 7.376470588235293, "reusita": 94.11764705882352, "cnt": 17}, "GENERAL": {"medie": 6.594179894179896, "reusita": 58.82352941176471, "cnt": 68}, "ISTORIE": {"medie": 5.7122222222222225, "reusita": 69.38775510204081, "cnt": 49}, "MATEMATICA MATE-INFO": {"medie": 5.786842105263158, "reusita": 78.94736842105263, "cnt": 19}, "GEOGRAFIE": {"medie": 7.115555555555555, "reusita": 83.6734693877551, "cnt": 49}, "ANATOMIE SI FIZIOLOGIE UMANA, GENETICA SI ECOLOGIE UMANA": {"medie": 7.75, "reusita": 100.0, "cnt": 2}}, "nume": "LICEUL TEOLOGIC PENTICOSTAL LOGOS TIMISOARA\tTimi\u0219"}