{"specializari": {"STIINTE ALE NATURII": 45, "MATEMATICA-INFORMATICA": 168, "FILOLOGIE": 41}, "limba_moderna": {"LIMBA ENGLEZA": 202, "LIMBA FRANCEZA": 52}, "limba_materna": {"LIMBA ROMANA": 254}, "promotie_anterioara": {"NU": 201, "DA": 53}, "materii": {"LIMBA ROMANA": {"medie": 7.1359126984126995, "reusita": 91.33858267716536, "cnt": 254}, "GENERAL": {"medie": 6.949667994687913, "reusita": 61.417322834645674, "cnt": 254}, "MATEMATICA ST-NAT": {"medie": 3.094186046511628, "reusita": 24.444444444444443, "cnt": 45}, "ISTORIE": {"medie": 7.77560975609756, "reusita": 100.0, "cnt": 41}, "MATEMATICA MATE-INFO": {"medie": 6.00357142857143, "reusita": 75.59523809523809, "cnt": 168}, "GEOGRAFIE": {"medie": 8.739024390243904, "reusita": 100.0, "cnt": 41}, "ANATOMIE SI FIZIOLOGIE UMANA, GENETICA SI ECOLOGIE UMANA": {"medie": 7.701522842639595, "reusita": 92.92929292929293, "cnt": 198}, "FIZICA TEO": {"medie": 8.456666666666667, "reusita": 100.0, "cnt": 15}}, "nume": "LICEUL TEORETIC \"IANCU C VISSARION\" TITU\tD\u00e2mbovi\u021ba"}