{"specializari": {"TEOLOGIE ORTODOXA": 33, "FILOLOGIE": 30}, "limba_moderna": {"LIMBA ENGLEZA": 61, "LIMBA FRANCEZA": 2}, "limba_materna": {"LIMBA ROMANA": 63}, "promotie_anterioara": {"NU": 57, "DA": 6}, "materii": {"LIMBA ROMANA": {"medie": 7.337903225806452, "reusita": 98.4126984126984, "cnt": 63}, "GENERAL": {"medie": 7.199999999999998, "reusita": 87.3015873015873, "cnt": 63}, "ISTORIE": {"medie": 6.765873015873017, "reusita": 98.4126984126984, "cnt": 63}, "LOGICA, ARGUMENTARE SI COMUNICARE": {"medie": 8.600000000000001, "reusita": 100.0, "cnt": 6}, "GEOGRAFIE": {"medie": 7.476470588235293, "reusita": 98.0392156862745, "cnt": 51}, "SOCIOLOGIE": {"medie": 4.866666666666666, "reusita": 66.66666666666666, "cnt": 3}, "FILOSOFIE": {"medie": 7.2, "reusita": 100.0, "cnt": 3}}, "nume": "SEMINARUL TEOLOGIC ORTODOX CLUJ-NAPOCA\tCluj"}