{"specializari": {"TEOLOGIE ORTODOXA": 53, "STIINTE ALE NATURII": 58}, "limba_moderna": {"LIMBA FRANCEZA": 47, "LIMBA ENGLEZA": 64}, "limba_materna": {"LIMBA ROMANA": 111}, "promotie_anterioara": {"NU": 96, "DA": 15}, "materii": {"LIMBA ROMANA": {"medie": 6.706756756756759, "reusita": 96.3963963963964, "cnt": 111}, "BIOLOGIE VEGETALA SI ANIMALA": {"medie": 6.776829268292683, "reusita": 85.36585365853658, "cnt": 41}, "GENERAL": {"medie": 6.467727272727272, "reusita": 65.76576576576578, "cnt": 111}, "MATEMATICA ST-NAT": {"medie": 5.658620689655171, "reusita": 74.13793103448276, "cnt": 58}, "CHIMIE ORGANICA TEO NIVEL I/II": {"medie": 4.4399999999999995, "reusita": 40.0, "cnt": 5}, "ISTORIE": {"medie": 6.81153846153846, "reusita": 96.22641509433963, "cnt": 53}, "GEOGRAFIE": {"medie": 6.53030303030303, "reusita": 84.84848484848484, "cnt": 33}, "ANATOMIE SI FIZIOLOGIE UMANA, GENETICA SI ECOLOGIE UMANA": {"medie": 7.961111111111112, "reusita": 100.0, "cnt": 9}, "CHIMIE ANORGANICA TEO NIVEL I/II": {"medie": 7.333333333333333, "reusita": 100.0, "cnt": 3}, "FILOSOFIE": {"medie": 5.500000000000001, "reusita": 75.0, "cnt": 20}}, "nume": "SEMINARUL TEOLOGIC LICEAL \"SF. IOSIF MARTURISITORUL\" BAIA MARE\tMaramure\u0219"}