{"specializari": {"TEOLOGIE ORTODOXA": 27}, "limba_moderna": {"LIMBA ENGLEZA": 27}, "limba_materna": {"LIMBA ROMANA": 27}, "promotie_anterioara": {"NU": 24, "DA": 3}, "materii": {"LIMBA ROMANA": {"medie": 6.9907407407407405, "reusita": 92.5925925925926, "cnt": 27}, "GENERAL": {"medie": 6.7753086419753075, "reusita": 66.66666666666666, "cnt": 27}, "ISTORIE": {"medie": 6.275925925925925, "reusita": 88.88888888888889, "cnt": 27}, "GEOGRAFIE": {"medie": 7.05925925925926, "reusita": 81.48148148148148, "cnt": 27}}, "nume": "SEMINARUL TEOLOGIC ORTODOX \"SF. IOAN CASIAN\" TULCEA\tTulcea"}