{"specializari": {"TEOLOGIE ORTODOXA": 46}, "limba_moderna": {"LIMBA ENGLEZA": 46}, "limba_materna": {"LIMBA ROMANA": 46}, "promotie_anterioara": {"NU": 34, "DA": 12}, "materii": {"LIMBA ROMANA": {"medie": 5.897777777777777, "reusita": 71.73913043478261, "cnt": 46}, "GENERAL": {"medie": 5.831851851851852, "reusita": 45.65217391304348, "cnt": 46}, "ISTORIE": {"medie": 5.281521739130435, "reusita": 73.91304347826086, "cnt": 46}, "GEOGRAFIE": {"medie": 6.371739130434783, "reusita": 80.43478260869566, "cnt": 46}}, "nume": "SEMINARUL TEOLOGIC ORTODOX \"SFANTUL CUVIOS DIONISIE EXIGUUL\" CONSTANTA\tConstan\u021ba"}