{"specializari": {"FILOLOGIE": 27, "TEOLOGIE ORTODOXA": 19}, "limba_moderna": {"LIMBA ENGLEZA": 44, "LIMBA FRANCEZA": 2}, "limba_materna": {"LIMBA ROMANA": 46}, "promotie_anterioara": {"NU": 40, "DA": 6}, "materii": {"LIMBA ROMANA": {"medie": 6.28695652173913, "reusita": 86.95652173913044, "cnt": 46}, "GENERAL": {"medie": 6.756159420289853, "reusita": 71.73913043478261, "cnt": 46}, "ISTORIE": {"medie": 6.48695652173913, "reusita": 95.65217391304348, "cnt": 46}, "GEOGRAFIE": {"medie": 7.4945652173913, "reusita": 93.47826086956522, "cnt": 46}}, "nume": "SEMINARUL TEOLOGIC LICEAL ORTODOX \"SF.IOAN IACOB\" DOROHOI\tBoto\u0219ani"}