{"specializari": {"TEOLOGIE ORTODOXA": 18, "FILOLOGIE": 29}, "limba_moderna": {"LIMBA ENGLEZA": 43, "LIMBA FRANCEZA": 4}, "limba_materna": {"LIMBA ROMANA": 47}, "promotie_anterioara": {"NU": 42, "DA": 5}, "materii": {"LIMBA ROMANA": {"medie": 7.685869565217391, "reusita": 95.74468085106383, "cnt": 47}, "GENERAL": {"medie": 7.5909420289855065, "reusita": 91.48936170212765, "cnt": 47}, "ISTORIE": {"medie": 7.352173913043478, "reusita": 97.87234042553192, "cnt": 47}, "GEOGRAFIE": {"medie": 7.682142857142857, "reusita": 95.34883720930233, "cnt": 43}, "SOCIOLOGIE": {"medie": 8.2875, "reusita": 100.0, "cnt": 4}}, "nume": "SEMINARUL TEOLOGIC ORTODOX \"SFANTUL SIMION STEFAN\" ALBA IULIA\tAlba"}