{"specializari": {"STIINTE SOCIALE": 25, "TEOLOGIE ORTODOXA": 29}, "limba_moderna": {"LIMBA ENGLEZA": 52, "LIMBA FRANCEZA": 2}, "limba_materna": {"LIMBA ROMANA": 54}, "promotie_anterioara": {"NU": 51, "DA": 3}, "materii": {"LIMBA ROMANA": {"medie": 6.969811320754719, "reusita": 94.44444444444444, "cnt": 54}, "GENERAL": {"medie": 7.17672955974843, "reusita": 77.77777777777779, "cnt": 54}, "ISTORIE": {"medie": 6.735185185185186, "reusita": 100.0, "cnt": 54}, "GEOGRAFIE": {"medie": 7.844318181818184, "reusita": 97.72727272727273, "cnt": 44}, "SOCIOLOGIE": {"medie": 7.555555555555555, "reusita": 88.88888888888889, "cnt": 9}, "PSIHOLOGIE": {"medie": 7.8, "reusita": 100.0, "cnt": 1}}, "nume": "SEMINARUL TEOLOGIC ORTODOX SF NICOLAE, MUN. RM. VALCEA\tV\u00e2lcea"}