{"specializari": {"MATEMATICA-INFORMATICA": 51, "FILOLOGIE": 30, "STIINTE SOCIALE": 30}, "limba_moderna": {"LIMBA ENGLEZA": 109, "LIMBA FRANCEZA": 2}, "limba_materna": {"LIMBA ROMANA": 111}, "promotie_anterioara": {"DA": 9, "NU": 102}, "materii": {"LIMBA ROMANA": {"medie": 7.897727272727273, "reusita": 96.3963963963964, "cnt": 111}, "GENERAL": {"medie": 7.483333333333332, "reusita": 79.27927927927928, "cnt": 111}, "MATEMATICA MATE-INFO": {"medie": 6.179591836734693, "reusita": 76.47058823529412, "cnt": 51}, "ANATOMIE SI FIZIOLOGIE UMANA, GENETICA SI ECOLOGIE UMANA": {"medie": 7.232051282051282, "reusita": 82.92682926829268, "cnt": 41}, "FIZICA TEO": {"medie": 5.56, "reusita": 100.0, "cnt": 5}, "GEOGRAFIE": {"medie": 8.313999999999998, "reusita": 98.0392156862745, "cnt": 51}, "INFORMATICA MI C/C++": {"medie": 7.7299999999999995, "reusita": 80.0, "cnt": 5}, "ISTORIE": {"medie": 6.898333333333334, "reusita": 93.33333333333333, "cnt": 60}, "LOGICA, ARGUMENTARE SI COMUNICARE": {"medie": 9.168750000000001, "reusita": 100.0, "cnt": 8}, "SOCIOLOGIE": {"medie": 10.0, "reusita": 100.0, "cnt": 1}}, "nume": "COLEGIUL NATIONAL \"TEODOR NES\" SALONTA\tBihor"}