{"specializari": {"TEHNICIAN ELECTRONIST": 14, "TEHNICIAN DE TELECOMUNICATII": 33, "TEHNICIAN OPERATOR TEHNICA DE CALCUL": 64, "TEHNICIAN IN AUTOMATIZARI": 37}, "limba_moderna": {"LIMBA ENGLEZA": 127, "LIMBA FRANCEZA": 21}, "limba_materna": {"LIMBA ROMANA": 148}, "promotie_anterioara": {"DA": 37, "NU": 111}, "materii": {"LIMBA ROMANA": {"medie": 6.4178082191780845, "reusita": 94.5945945945946, "cnt": 148}, "MATEMATICA TEHN": {"medie": 6.0767605633802795, "reusita": 78.37837837837837, "cnt": 148}, "BIOLOGIE VEGETALA SI ANIMALA": {"medie": 5.216525423728813, "reusita": 57.02479338842975, "cnt": 121}, "GENERAL": {"medie": 5.928657074340529, "reusita": 41.891891891891895, "cnt": 148}, "FIZICA TEH": {"medie": 5.131818181818182, "reusita": 48.148148148148145, "cnt": 27}}, "nume": "COLEGIUL TEHNIC \"GEORGE BARITIU\" BAIA MARE\tMaramure\u0219"}