{"specializari": {"MATEMATICA-INFORMATICA": 105, "STIINTE ALE NATURII": 57, "FILOLOGIE": 62, "STIINTE SOCIALE": 68}, "limba_moderna": {"LIMBA ENGLEZA": 260, "LIMBA GERMANA MODERNA": 6, "LIMBA FRANCEZA": 26}, "limba_materna": {"LIMBA ROMANA": 292}, "promotie_anterioara": {"NU": 291, "DA": 1}, "materii": {"LIMBA ROMANA": {"medie": 8.433333333333332, "reusita": 99.65753424657534, "cnt": 292}, "BIOLOGIE VEGETALA SI ANIMALA": {"medie": 9.08125, "reusita": 100.0, "cnt": 16}, "GENERAL": {"medie": 8.61798396334478, "reusita": 98.63013698630137, "cnt": 292}, "MATEMATICA MATE-INFO": {"medie": 8.381904761904762, "reusita": 100.0, "cnt": 105}, "ANATOMIE SI FIZIOLOGIE UMANA, GENETICA SI ECOLOGIE UMANA": {"medie": 9.54736842105263, "reusita": 100.0, "cnt": 38}, "FIZICA TEO": {"medie": 8.371296296296295, "reusita": 96.29629629629629, "cnt": 54}, "GEOGRAFIE": {"medie": 9.168750000000003, "reusita": 100.0, "cnt": 40}, "INFORMATICA MI C/C++": {"medie": 8.93, "reusita": 100.0, "cnt": 40}, "ISTORIE": {"medie": 8.556201550387595, "reusita": 99.23076923076923, "cnt": 130}, "LOGICA, ARGUMENTARE SI COMUNICARE": {"medie": 9.169166666666666, "reusita": 98.36065573770492, "cnt": 61}, "MATEMATICA ST-NAT": {"medie": 7.93859649122807, "reusita": 98.24561403508771, "cnt": 57}, "PSIHOLOGIE": {"medie": 9.3125, "reusita": 100.0, "cnt": 12}, "CHIMIE ORGANICA TEO NIVEL I/II": {"medie": 9.389285714285714, "reusita": 100.0, "cnt": 14}, "SOCIOLOGIE": {"medie": 9.649999999999999, "reusita": 100.0, "cnt": 11}, "ECONOMIE": {"medie": 8.241666666666667, "reusita": 100.0, "cnt": 6}}, "nume": "COLEGIUL NATIONAL \"ZINCA GOLESCU\" PITESTI\tArge\u0219"}