{"specializari": {"MATEMATICA-INFORMATICA": 61, "STIINTE ALE NATURII": 32, "FILOLOGIE": 66}, "limba_moderna": {"LIMBA ENGLEZA": 157, "LIMBA FRANCEZA": 2}, "limba_materna": {"LIMBA ROMANA": 159}, "promotie_anterioara": {"DA": 10, "NU": 149}, "materii": {"LIMBA ROMANA": {"medie": 8.20696202531646, "reusita": 98.74213836477988, "cnt": 159}, "BIOLOGIE VEGETALA SI ANIMALA": {"medie": 6.050000000000001, "reusita": 100.0, "cnt": 2}, "GENERAL": {"medie": 7.89493670886076, "reusita": 92.45283018867924, "cnt": 159}, "MATEMATICA MATE-INFO": {"medie": 7.048333333333336, "reusita": 95.08196721311475, "cnt": 61}, "ANATOMIE SI FIZIOLOGIE UMANA, GENETICA SI ECOLOGIE UMANA": {"medie": 7.312962962962964, "reusita": 89.28571428571429, "cnt": 28}, "FIZICA TEO": {"medie": 7.808695652173912, "reusita": 100.0, "cnt": 23}, "GEOGRAFIE": {"medie": 8.65, "reusita": 100.0, "cnt": 7}, "INFORMATICA MI C/C++": {"medie": 7.531818181818181, "reusita": 100.0, "cnt": 22}, "ISTORIE": {"medie": 7.850757575757576, "reusita": 98.48484848484848, "cnt": 66}, "LOGICA, ARGUMENTARE SI COMUNICARE": {"medie": 8.81346153846154, "reusita": 100.0, "cnt": 26}, "MATEMATICA ST-NAT": {"medie": 7.210937499999999, "reusita": 87.5, "cnt": 32}, "PSIHOLOGIE": {"medie": 6.983333333333333, "reusita": 100.0, "cnt": 3}, "CHIMIE ORGANICA TEO NIVEL I/II": {"medie": 7.955555555555557, "reusita": 94.44444444444444, "cnt": 18}, "SOCIOLOGIE": {"medie": 8.833333333333336, "reusita": 100.0, "cnt": 30}}, "nume": "COLEGIUL NATIONAL \"VASILE GOLDIS\" ARAD\tArad"}