{"specializari": {"FILOLOGIE": 14, "MATEMATICA-INFORMATICA": 26, "TEHNICIAN IN ACTIVITATI ECONOMICE": 22, "STIINTE ALE NATURII": 28}, "limba_moderna": {"LIMBA ENGLEZA": 74, "LIMBA GERMANA MODERNA": 16}, "limba_materna": {"LIMBA MAGHIARA": 90}, "promotie_anterioara": {"DA": 5, "NU": 85}, "materii": {"LIMBA ROMANA": {"medie": 7.314044943820224, "reusita": 96.66666666666667, "cnt": 90}, "MATEMATICA TEHN": {"medie": 5.7704545454545455, "reusita": 72.72727272727273, "cnt": 22}, "BIOLOGIE VEGETALA SI ANIMALA": {"medie": 9.216666666666667, "reusita": 100.0, "cnt": 3}, "GENERAL": {"medie": 7.425898876404494, "reusita": 77.77777777777779, "cnt": 90}, "MATEMATICA MATE-INFO": {"medie": 7.530769230769232, "reusita": 92.3076923076923, "cnt": 26}, "ANATOMIE SI FIZIOLOGIE UMANA, GENETICA SI ECOLOGIE UMANA": {"medie": 8.472093023255816, "reusita": 100.0, "cnt": 43}, "GEOGRAFIE": {"medie": 6.9944444444444445, "reusita": 89.28571428571429, "cnt": 28}, "INFORMATICA MI C/C++": {"medie": 8.4875, "reusita": 100.0, "cnt": 4}, "ISTORIE": {"medie": 7.5346153846153845, "reusita": 92.85714285714286, "cnt": 14}, "LIMBA MAGHIARA (REAL)": {"medie": 7.886184210526315, "reusita": 100.0, "cnt": 76}, "MATEMATICA ST-NAT": {"medie": 5.978571428571429, "reusita": 78.57142857142857, "cnt": 28}, "LIMBA MAGHIARA (UMAN)": {"medie": 7.088461538461538, "reusita": 92.85714285714286, "cnt": 14}, "PSIHOLOGIE": {"medie": 8.025, "reusita": 100.0, "cnt": 8}, "CHIMIE ANORGANICA TEO NIVEL I/II": {"medie": 8.934999999999999, "reusita": 100.0, "cnt": 2}, "CHIMIE ORGANICA TEO NIVEL I/II": {"medie": 8.125, "reusita": 100.0, "cnt": 2}}, "nume": "COLEGIUL NATIONAL \"APRILY LAJOS\" BRASOV\tBra\u0219ov"}