{"specializari": {"TEHNICIAN AVIATIE": 33, "FILOLOGIE": 31, "MATEMATICA-INFORMATICA": 22, "TEHNICIAN MECATRONIST": 12, "TEHNICIAN INSTALATII DE BORD (AVION)": 17, "TEHNICIAN MECANIC PENTRU INTRETINERE SI REPARATII": 3, "TEHNICIAN PROIECTANT CAD": 8, "TEHNICIAN IN INSTALATII ELECTRICE": 4, "TEHNICIAN IN AUTOMATIZARI": 1}, "limba_moderna": {"LIMBA ENGLEZA": 118, "LIMBA FRANCEZA": 13}, "limba_materna": {"LIMBA ROMANA": 131}, "promotie_anterioara": {"DA": 61, "NU": 70}, "materii": {"LIMBA ROMANA": {"medie": 5.885039370078741, "reusita": 86.25954198473282, "cnt": 131}, "MATEMATICA TEHN": {"medie": 5.117857142857144, "reusita": 64.1025641025641, "cnt": 78}, "BIOLOGIE VEGETALA SI ANIMALA": {"medie": 4.5508474576271185, "reusita": 47.61904761904761, "cnt": 63}, "GENERAL": {"medie": 5.47597222222222, "reusita": 35.87786259541985, "cnt": 131}, "MATEMATICA MATE-INFO": {"medie": 4.259523809523809, "reusita": 40.909090909090914, "cnt": 22}, "ANATOMIE SI FIZIOLOGIE UMANA, GENETICA SI ECOLOGIE UMANA": {"medie": 4.857142857142857, "reusita": 46.666666666666664, "cnt": 15}, "GEOGRAFIE": {"medie": 7.205882352941177, "reusita": 94.11764705882352, "cnt": 17}, "INFORMATICA MI C/C++": {"medie": 5.441666666666667, "reusita": 83.33333333333334, "cnt": 6}, "ISTORIE": {"medie": 5.799999999999998, "reusita": 87.09677419354838, "cnt": 31}, "LOGICA, ARGUMENTARE SI COMUNICARE": {"medie": 7.070833333333333, "reusita": 83.33333333333334, "cnt": 12}, "CHIMIE ANORGANICA TEH NIVEL I/II": {"medie": 2.1500000000000004, "reusita": 0.0, "cnt": 2}, "PSIHOLOGIE": {"medie": 6.875, "reusita": 100.0, "cnt": 2}, "FIZICA TEH": {"medie": 5.1230769230769235, "reusita": 61.53846153846154, "cnt": 13}, "CHIMIE ORGANICA TEH NIVEL I/II": {"medie": 2.9, "reusita": 0.0, "cnt": 1}}, "nume": "COLEGIUL TEHNIC DE AERONAUTICA \"HENRI COANDA\"\tBucure\u0219ti"}