{"specializari": {"MATEMATICA-INFORMATICA": 88, "STIINTE ALE NATURII": 63, "FILOLOGIE": 35}, "limba_moderna": {"LIMBA FRANCEZA": 36, "LIMBA ENGLEZA": 131, "LIMBA RUSA": 5, "LIMBA GERMANA MODERNA": 14}, "limba_materna": {"LIMBA ROMANA": 186}, "promotie_anterioara": {"DA": 9, "NU": 177}, "materii": {"LIMBA ROMANA": {"medie": 8.156451612903226, "reusita": 100.0, "cnt": 186}, "BIOLOGIE VEGETALA SI ANIMALA": {"medie": 7.8571428571428585, "reusita": 100.0, "cnt": 7}, "GENERAL": {"medie": 8.14883512544803, "reusita": 89.24731182795699, "cnt": 186}, "MATEMATICA MATE-INFO": {"medie": 7.9142045454545435, "reusita": 94.31818181818183, "cnt": 88}, "ANATOMIE SI FIZIOLOGIE UMANA, GENETICA SI ECOLOGIE UMANA": {"medie": 7.812244897959181, "reusita": 95.91836734693877, "cnt": 49}, "FIZICA TEO": {"medie": 9.070689655172414, "reusita": 100.0, "cnt": 29}, "INFORMATICA MI C/C++": {"medie": 8.655208333333333, "reusita": 100.0, "cnt": 48}, "ISTORIE": {"medie": 7.834285714285714, "reusita": 100.0, "cnt": 35}, "LOGICA, ARGUMENTARE SI COMUNICARE": {"medie": 9.102941176470587, "reusita": 100.0, "cnt": 34}, "MATEMATICA ST-NAT": {"medie": 7.288095238095236, "reusita": 82.53968253968253, "cnt": 63}, "PSIHOLOGIE": {"medie": 8.2, "reusita": 100.0, "cnt": 1}, "CHIMIE ORGANICA TEO NIVEL I/II": {"medie": 9.7125, "reusita": 100.0, "cnt": 12}, "INFORMATICA SN C/C++": {"medie": 8.266666666666667, "reusita": 100.0, "cnt": 6}}, "nume": "COLEGIUL NATIONAL \"DINICU GOLESCU\" CAMPULUNG\tArge\u0219"}