{"specializari": {"FILOLOGIE": 62, "MATEMATICA-INFORMATICA": 63, "STIINTE ALE NATURII": 66}, "limba_moderna": {"LIMBA FRANCEZA": 21, "LIMBA ENGLEZA": 170}, "limba_materna": {"LIMBA ROMANA": 191}, "promotie_anterioara": {"DA": 9, "NU": 182}, "materii": {"LIMBA ROMANA": {"medie": 7.439528795811518, "reusita": 96.8586387434555, "cnt": 191}, "GENERAL": {"medie": 7.450350877192979, "reusita": 84.81675392670157, "cnt": 191}, "MATEMATICA MATE-INFO": {"medie": 6.231746031746032, "reusita": 88.88888888888889, "cnt": 63}, "ANATOMIE SI FIZIOLOGIE UMANA, GENETICA SI ECOLOGIE UMANA": {"medie": 7.818421052631582, "reusita": 94.78260869565217, "cnt": 115}, "FIZICA TEO": {"medie": 8.075000000000001, "reusita": 100.0, "cnt": 4}, "GEOGRAFIE": {"medie": 8.782142857142857, "reusita": 100.0, "cnt": 56}, "INFORMATICA MI C/C++": {"medie": 7.9799999999999995, "reusita": 100.0, "cnt": 10}, "ISTORIE": {"medie": 7.856451612903228, "reusita": 98.38709677419355, "cnt": 62}, "FILOSOFIE": {"medie": 8.775, "reusita": 100.0, "cnt": 4}, "LOGICA, ARGUMENTARE SI COMUNICARE": {"medie": 5.55, "reusita": 100.0, "cnt": 1}, "MATEMATICA ST-NAT": {"medie": 6.229545454545454, "reusita": 80.3030303030303, "cnt": 66}, "SOCIOLOGIE": {"medie": 9.45, "reusita": 100.0, "cnt": 1}}, "nume": "COLEGIUL NATIONAL \"CALISTRAT HOGAS\", LOCALITATEA TECUCI\tGala\u021bi"}