{"specializari": {"STIINTE ALE NATURII": 100, "MATEMATICA-INFORMATICA": 92, "STIINTE SOCIALE": 31}, "limba_moderna": {"LIMBA ENGLEZA": 175, "LIMBA ITALIANA": 1, "LIMBA FRANCEZA": 16, "LIMBA GERMANA MODERNA": 31}, "limba_materna": {"LIMBA ROMANA": 223}, "promotie_anterioara": {"DA": 1, "NU": 222}, "materii": {"LIMBA ROMANA": {"medie": 9.004035874439465, "reusita": 100.0, "cnt": 223}, "GENERAL": {"medie": 9.061186186186188, "reusita": 98.65470852017937, "cnt": 223}, "MATEMATICA MATE-INFO": {"medie": 9.00978260869565, "reusita": 98.91304347826086, "cnt": 92}, "ANATOMIE SI FIZIOLOGIE UMANA, GENETICA SI ECOLOGIE UMANA": {"medie": 9.10421686746988, "reusita": 98.80952380952381, "cnt": 84}, "FIZICA TEO": {"medie": 9.271929824561402, "reusita": 98.24561403508771, "cnt": 57}, "INFORMATICA MI C/C++": {"medie": 9.02727272727273, "reusita": 100.0, "cnt": 22}, "ISTORIE": {"medie": 9.111290322580645, "reusita": 100.0, "cnt": 31}, "LOGICA, ARGUMENTARE SI COMUNICARE": {"medie": 9.426190476190477, "reusita": 100.0, "cnt": 21}, "MATEMATICA ST-NAT": {"medie": 8.867500000000001, "reusita": 100.0, "cnt": 100}, "PSIHOLOGIE": {"medie": 9.466666666666667, "reusita": 100.0, "cnt": 3}, "CHIMIE ORGANICA TEO NIVEL I/II": {"medie": 9.575000000000003, "reusita": 100.0, "cnt": 28}, "SOCIOLOGIE": {"medie": 8.120000000000001, "reusita": 100.0, "cnt": 5}, "INFORMATICA SN C/C++": {"medie": 10.0, "reusita": 100.0, "cnt": 1}, "ECONOMIE": {"medie": 8.100000000000001, "reusita": 100.0, "cnt": 2}}, "nume": "COLEGIUL NATIONAL \"MIRCEA CEL BATRAN\" CONSTANTA\tConstan\u021ba"}