{"specializari": {"STIINTE ALE NATURII": 28, "TEHNICIAN IN ACTIVITATI DE COMERT": 5, "MATEMATICA-INFORMATICA": 17, "FILOLOGIE": 26, "TEHNICIAN ELECTROMECANIC": 12, "TEHNICIAN IN ACTIVITATI ECONOMICE": 17, "TEHNICIAN MECANIC PENTRU INTRETINERE SI REPARATII": 3}, "limba_moderna": {"LIMBA ENGLEZA": 108}, "limba_materna": {"LIMBA ROMANA": 108}, "promotie_anterioara": {"DA": 24, "NU": 84}, "materii": {"LIMBA ROMANA": {"medie": 6.570283018867925, "reusita": 91.66666666666666, "cnt": 108}, "MATEMATICA TEHN": {"medie": 4.255882352941177, "reusita": 40.54054054054054, "cnt": 37}, "BIOLOGIE VEGETALA SI ANIMALA": {"medie": 3.9909090909090907, "reusita": 30.76923076923077, "cnt": 13}, "GENERAL": {"medie": 6.208999999999999, "reusita": 45.370370370370374, "cnt": 108}, "MATEMATICA MATE-INFO": {"medie": 3.7970588235294116, "reusita": 23.52941176470588, "cnt": 17}, "ANATOMIE SI FIZIOLOGIE UMANA, GENETICA SI ECOLOGIE UMANA": {"medie": 6.561627906976745, "reusita": 75.0, "cnt": 44}, "GEOGRAFIE": {"medie": 7.88913043478261, "reusita": 92.0, "cnt": 25}, "ISTORIE": {"medie": 6.526923076923077, "reusita": 84.61538461538461, "cnt": 26}, "LOGICA, ARGUMENTARE SI COMUNICARE": {"medie": 7.952173913043477, "reusita": 95.65217391304348, "cnt": 23}, "MATEMATICA ST-NAT": {"medie": 5.12962962962963, "reusita": 57.14285714285714, "cnt": 28}, "FIZICA TEH": {"medie": 6.0, "reusita": 50.0, "cnt": 2}, "CHIMIE ANORGANICA TEO NIVEL I/II": {"medie": 5.0, "reusita": 100.0, "cnt": 1}}, "nume": "COLEGIUL TEHNIC \"CONSTANTIN BRANCUSI\" PETRILA\tHunedoara"}