{"specializari": {"MATEMATICA-INFORMATICA": 63, "STIINTE ALE NATURII": 45, "INVATATOR - EDUCATOARE": 57, "STIINTE SOCIALE": 38, "FILOLOGIE": 36}, "limba_moderna": {"LIMBA ENGLEZA": 235, "LIMBA FRANCEZA": 4}, "limba_materna": {"LIMBA ROMANA": 239}, "promotie_anterioara": {"DA": 9, "NU": 230}, "materii": {"LIMBA ROMANA": {"medie": 7.9358649789029485, "reusita": 99.16317991631799, "cnt": 239}, "BIOLOGIE VEGETALA SI ANIMALA": {"medie": 7.300000000000001, "reusita": 100.0, "cnt": 2}, "GENERAL": {"medie": 7.876129943502831, "reusita": 88.70292887029288, "cnt": 239}, "MATEMATICA MATE-INFO": {"medie": 6.8786885245901646, "reusita": 88.88888888888889, "cnt": 63}, "ANATOMIE SI FIZIOLOGIE UMANA, GENETICA SI ECOLOGIE UMANA": {"medie": 7.641964285714286, "reusita": 98.21428571428571, "cnt": 56}, "FIZICA TEO": {"medie": 7.808333333333334, "reusita": 88.88888888888889, "cnt": 18}, "GEOGRAFIE": {"medie": 8.823214285714284, "reusita": 100.0, "cnt": 28}, "INFORMATICA MI C/C++": {"medie": 6.846153846153848, "reusita": 78.57142857142857, "cnt": 28}, "ISTORIE": {"medie": 7.065753424657534, "reusita": 93.24324324324324, "cnt": 74}, "LOGICA, ARGUMENTARE SI COMUNICARE": {"medie": 9.171, "reusita": 99.00990099009901, "cnt": 101}, "MATEMATICA ST-NAT": {"medie": 7.004444444444445, "reusita": 91.11111111111111, "cnt": 45}, "MATEMATICA PED": {"medie": 8.46140350877193, "reusita": 100.0, "cnt": 57}, "CHIMIE ANORGANICA TEO NIVEL I/II": {"medie": 8.5, "reusita": 100.0, "cnt": 1}, "SOCIOLOGIE": {"medie": 9.1, "reusita": 100.0, "cnt": 1}, "INFORMATICA SN C/C++": {"medie": 5.466666666666666, "reusita": 66.66666666666666, "cnt": 3}, "ECONOMIE": {"medie": 8.5, "reusita": 100.0, "cnt": 1}}, "nume": "COLEGIUL NATIONAL PEDAGOGIC \"STEFAN CEL MARE\" BACAU\tBac\u0103u"}