{"specializari": {"FILOLOGIE": 74, "MATEMATICA-INFORMATICA": 106, "STIINTE ALE NATURII": 59}, "limba_moderna": {"LIMBA FRANCEZA": 11, "LIMBA ENGLEZA": 200, "LIMBA GERMANA MODERNA": 28}, "limba_materna": {"LIMBA ROMANA": 239}, "promotie_anterioara": {"DA": 4, "NU": 235}, "materii": {"LIMBA ROMANA": {"medie": 8.649163179916316, "reusita": 100.0, "cnt": 239}, "BIOLOGIE VEGETALA SI ANIMALA": {"medie": 7.175000000000001, "reusita": 87.5, "cnt": 8}, "GENERAL": {"medie": 8.49755927475593, "reusita": 92.46861924686193, "cnt": 239}, "MATEMATICA MATE-INFO": {"medie": 8.666037735849057, "reusita": 97.16981132075472, "cnt": 106}, "ANATOMIE SI FIZIOLOGIE UMANA, GENETICA SI ECOLOGIE UMANA": {"medie": 8.222535211267605, "reusita": 97.1830985915493, "cnt": 71}, "FIZICA TEO": {"medie": 8.691666666666661, "reusita": 95.45454545454545, "cnt": 66}, "GEOGRAFIE": {"medie": 9.044642857142858, "reusita": 100.0, "cnt": 28}, "INFORMATICA MI C/C++": {"medie": 9.120588235294118, "reusita": 100.0, "cnt": 17}, "ISTORIE": {"medie": 8.445270270270273, "reusita": 97.2972972972973, "cnt": 74}, "LOGICA, ARGUMENTARE SI COMUNICARE": {"medie": 9.22840909090909, "reusita": 100.0, "cnt": 44}, "MATEMATICA ST-NAT": {"medie": 6.900847457627116, "reusita": 84.7457627118644, "cnt": 59}, "PSIHOLOGIE": {"medie": 9.0, "reusita": 100.0, "cnt": 1}, "CHIMIE ORGANICA TEO NIVEL I/II": {"medie": 9.75, "reusita": 100.0, "cnt": 3}, "ECONOMIE": {"medie": 7.45, "reusita": 100.0, "cnt": 1}}, "nume": "COLEGIUL NATIONAL \"ION MINULESCU\" SLATINA\tOlt"}