{"specializari": {"TEHNICIAN IN ACTIVITATI ECONOMICE": 188, "TEHNICIAN IN ADMINISTRATIE": 27, "TEHNICIAN IN ACHIZITII SI CONTRACTARI": 29}, "limba_moderna": {"LIMBA ENGLEZA": 228, "LIMBA FRANCEZA": 10, "LIMBA RUSA": 6}, "limba_materna": {"LIMBA ROMANA": 244}, "promotie_anterioara": {"NU": 239, "DA": 5}, "materii": {"LIMBA ROMANA": {"medie": 7.822406639004152, "reusita": 98.77049180327869, "cnt": 244}, "MATEMATICA TEHN": {"medie": 7.957883817427389, "reusita": 97.95081967213115, "cnt": 244}, "GENERAL": {"medie": 8.079114799446751, "reusita": 96.31147540983606, "cnt": 244}, "GEOGRAFIE": {"medie": 8.503374233128827, "reusita": 98.19277108433735, "cnt": 166}, "LOGICA, ARGUMENTARE SI COMUNICARE": {"medie": 8.363513513513515, "reusita": 94.5945945945946, "cnt": 74}, "PSIHOLOGIE": {"medie": 8.3, "reusita": 100.0, "cnt": 4}}, "nume": "COLEGIUL ECONOMIC ADMINISTRATIV, IASI\tIa\u0219i"}