{"specializari": {"MATEMATICA-INFORMATICA": 97, "STIINTE ALE NATURII": 35, "FILOLOGIE": 129}, "limba_moderna": {"LIMBA ENGLEZA": 234, "LIMBA FRANCEZA": 1, "LIMBA SPANIOLA": 26}, "limba_materna": {"LIMBA ROMANA": 261}, "promotie_anterioara": {"NU": 260, "DA": 1}, "materii": {"LIMBA ROMANA": {"medie": 8.643604651162788, "reusita": 98.85057471264368, "cnt": 261}, "BIOLOGIE VEGETALA SI ANIMALA": {"medie": 9.25, "reusita": 100.0, "cnt": 5}, "GENERAL": {"medie": 8.659819121447027, "reusita": 98.46743295019157, "cnt": 261}, "MATEMATICA MATE-INFO": {"medie": 8.326041666666669, "reusita": 98.96907216494846, "cnt": 97}, "ANATOMIE SI FIZIOLOGIE UMANA, GENETICA SI ECOLOGIE UMANA": {"medie": 8.967241379310344, "reusita": 96.66666666666667, "cnt": 30}, "FIZICA TEO": {"medie": 8.570731707317073, "reusita": 100.0, "cnt": 41}, "GEOGRAFIE": {"medie": 9.14, "reusita": 100.0, "cnt": 35}, "INFORMATICA MI C/C++": {"medie": 8.995714285714286, "reusita": 100.0, "cnt": 35}, "ISTORIE": {"medie": 8.387795275590546, "reusita": 98.44961240310077, "cnt": 129}, "LOGICA, ARGUMENTARE SI COMUNICARE": {"medie": 9.297222222222224, "reusita": 97.2972972972973, "cnt": 37}, "MATEMATICA ST-NAT": {"medie": 8.315714285714288, "reusita": 100.0, "cnt": 35}, "PSIHOLOGIE": {"medie": 8.850000000000001, "reusita": 100.0, "cnt": 9}, "CHIMIE ORGANICA TEO NIVEL I/II": {"medie": 9.318421052631578, "reusita": 100.0, "cnt": 19}, "SOCIOLOGIE": {"medie": 8.805714285714288, "reusita": 97.22222222222221, "cnt": 36}, "INFORMATICA SN C/C++": {"medie": 9.875, "reusita": 100.0, "cnt": 2}, "ECONOMIE": {"medie": 8.770833333333332, "reusita": 100.0, "cnt": 12}}, "nume": "COLEGIUL NATIONAL \"IULIA HASDEU\"\tBucure\u0219ti"}