{"specializari": {"MATEMATICA-INFORMATICA": 106, "STIINTE ALE NATURII": 31, "FILOLOGIE": 29, "STIINTE SOCIALE": 29}, "limba_moderna": {"LIMBA ENGLEZA": 181, "LIMBA FRANCEZA": 14}, "limba_materna": {"LIMBA ROMANA": 195}, "promotie_anterioara": {"NU": 194, "DA": 1}, "materii": {"LIMBA ROMANA": {"medie": 8.364432989690721, "reusita": 98.97435897435898, "cnt": 195}, "BIOLOGIE VEGETALA SI ANIMALA": {"medie": 5.7, "reusita": 100.0, "cnt": 1}, "GENERAL": {"medie": 8.55068728522337, "reusita": 94.87179487179486, "cnt": 195}, "MATEMATICA MATE-INFO": {"medie": 8.433490566037737, "reusita": 97.16981132075472, "cnt": 106}, "ANATOMIE SI FIZIOLOGIE UMANA, GENETICA SI ECOLOGIE UMANA": {"medie": 8.065573770491802, "reusita": 100.0, "cnt": 61}, "FIZICA TEO": {"medie": 8.856666666666666, "reusita": 100.0, "cnt": 45}, "GEOGRAFIE": {"medie": 9.45, "reusita": 100.0, "cnt": 4}, "INFORMATICA MI C/C++": {"medie": 9.332352941176469, "reusita": 100.0, "cnt": 17}, "ISTORIE": {"medie": 8.912280701754385, "reusita": 98.27586206896551, "cnt": 58}, "LOGICA, ARGUMENTARE SI COMUNICARE": {"medie": 9.23529411764706, "reusita": 100.0, "cnt": 51}, "MATEMATICA ST-NAT": {"medie": 8.05483870967742, "reusita": 96.7741935483871, "cnt": 31}, "PSIHOLOGIE": {"medie": 8.55, "reusita": 100.0, "cnt": 1}, "CHIMIE ANORGANICA TEO NIVEL I/II": {"medie": 8.266666666666667, "reusita": 100.0, "cnt": 3}, "CHIMIE ORGANICA TEO NIVEL I/II": {"medie": 9.614999999999998, "reusita": 100.0, "cnt": 10}, "SOCIOLOGIE": {"medie": 9.475000000000001, "reusita": 100.0, "cnt": 2}}, "nume": "COLEGIUL NATIONAL \"MIHAI VITEAZUL\" SLOBOZIA\tIalomi\u021ba"}