{"specializari": {"INVATATOR - EDUCATOARE": 27, "FILOLOGIE": 36, "MATEMATICA-INFORMATICA": 32, "STIINTE ALE NATURII": 24}, "limba_moderna": {"LIMBA ENGLEZA": 99, "LIMBA FRANCEZA": 7, "LIMBA GERMANA MODERNA": 13}, "limba_materna": {"LIMBA ROMANA": 118, "LIMBA GERMANA": 1}, "promotie_anterioara": {"NU": 105, "DA": 14}, "materii": {"LIMBA ROMANA": {"medie": 7.383613445378152, "reusita": 99.15966386554622, "cnt": 119}, "BIOLOGIE VEGETALA SI ANIMALA": {"medie": 7.099999999999999, "reusita": 66.66666666666666, "cnt": 3}, "GENERAL": {"medie": 7.331896551724139, "reusita": 74.78991596638656, "cnt": 119}, "MATEMATICA MATE-INFO": {"medie": 6.924193548387097, "reusita": 84.375, "cnt": 32}, "ANATOMIE SI FIZIOLOGIE UMANA, GENETICA SI ECOLOGIE UMANA": {"medie": 6.6000000000000005, "reusita": 87.8048780487805, "cnt": 41}, "FIZICA TEO": {"medie": 8.575, "reusita": 100.0, "cnt": 2}, "INFORMATICA MI C/C++": {"medie": 7.172222222222222, "reusita": 100.0, "cnt": 9}, "ISTORIE": {"medie": 7.692857142857145, "reusita": 97.22222222222221, "cnt": 36}, "LOGICA, ARGUMENTARE SI COMUNICARE": {"medie": 8.79758064516129, "reusita": 98.4126984126984, "cnt": 63}, "MATEMATICA ST-NAT": {"medie": 4.218750000000001, "reusita": 41.66666666666667, "cnt": 24}, "MATEMATICA PED": {"medie": 7.427777777777777, "reusita": 85.18518518518519, "cnt": 27}, "INFORMATICA SN C/C++": {"medie": 5.05, "reusita": 100.0, "cnt": 1}, "LIMBA GERMANA": {"medie": "-", "reusita": 0.0, "cnt": 1}}, "nume": "COLEGIUL NATIONAL \"C.D. LOGA\" CARANSEBES\tCara\u0219-Severin"}