{"specializari": {"FILOLOGIE": 63, "STIINTE SOCIALE": 32, "STIINTE ALE NATURII": 63, "MATEMATICA-INFORMATICA": 34}, "limba_moderna": {"LIMBA ENGLEZA": 186, "LIMBA GERMANA MODERNA": 6}, "limba_materna": {"LIMBA ROMANA": 192}, "promotie_anterioara": {"NU": 192}, "materii": {"LIMBA ROMANA": {"medie": 8.739322916666666, "reusita": 100.0, "cnt": 192}, "BIOLOGIE VEGETALA SI ANIMALA": {"medie": 9.393333333333333, "reusita": 100.0, "cnt": 15}, "GENERAL": {"medie": 8.811605584642233, "reusita": 97.39583333333334, "cnt": 192}, "MATEMATICA MATE-INFO": {"medie": 8.58787878787879, "reusita": 97.05882352941177, "cnt": 34}, "ANATOMIE SI FIZIOLOGIE UMANA, GENETICA SI ECOLOGIE UMANA": {"medie": 8.837500000000002, "reusita": 97.72727272727273, "cnt": 44}, "FIZICA TEO": {"medie": 9.335714285714287, "reusita": 100.0, "cnt": 7}, "GEOGRAFIE": {"medie": 9.431818181818182, "reusita": 100.0, "cnt": 11}, "INFORMATICA MI C/C++": {"medie": 9.292105263157897, "reusita": 95.0, "cnt": 20}, "ISTORIE": {"medie": 8.281578947368423, "reusita": 98.94736842105263, "cnt": 95}, "LOGICA, ARGUMENTARE SI COMUNICARE": {"medie": 9.38170731707317, "reusita": 100.0, "cnt": 82}, "MATEMATICA ST-NAT": {"medie": 8.735714285714286, "reusita": 98.4126984126984, "cnt": 63}, "PSIHOLOGIE": {"medie": 5.0, "reusita": 100.0, "cnt": 1}, "CHIMIE ANORGANICA TEO NIVEL I/II": {"medie": 9.0, "reusita": 100.0, "cnt": 3}, "CHIMIE ORGANICA TEO NIVEL I/II": {"medie": 9.419999999999998, "reusita": 100.0, "cnt": 5}, "SOCIOLOGIE": {"medie": 10.0, "reusita": 100.0, "cnt": 1}, "INFORMATICA SN C/C++": {"medie": 7.966666666666666, "reusita": 66.66666666666666, "cnt": 3}}, "nume": "COLEGIUL NATIONAL \"OCTAVIAN GOGA\" SIBIU\tSibiu"}