{"specializari": {"STIINTE ALE NATURII": 28, "FILOLOGIE": 34, "STIINTE SOCIALE": 37, "INVATATOR - EDUCATOARE": 54, "EDUCATOR-PUERICULTOR": 28, "MATEMATICA-INFORMATICA": 31}, "limba_moderna": {"LIMBA FRANCEZA": 22, "LIMBA ENGLEZA": 190}, "limba_materna": {"LIMBA ROMANA": 212}, "promotie_anterioara": {"NU": 197, "DA": 15}, "materii": {"LIMBA ROMANA": {"medie": 7.5632701421800945, "reusita": 98.11320754716981, "cnt": 212}, "GENERAL": {"medie": 7.56150793650794, "reusita": 80.66037735849056, "cnt": 212}, "MATEMATICA MATE-INFO": {"medie": 7.3370967741935464, "reusita": 90.32258064516128, "cnt": 31}, "ANATOMIE SI FIZIOLOGIE UMANA, GENETICA SI ECOLOGIE UMANA": {"medie": 7.094186046511628, "reusita": 88.37209302325581, "cnt": 43}, "FIZICA TEO": {"medie": 6.171428571428572, "reusita": 85.71428571428571, "cnt": 7}, "GEOGRAFIE": {"medie": 8.326470588235294, "reusita": 100.0, "cnt": 17}, "INFORMATICA MI C/C++": {"medie": 7.741666666666667, "reusita": 100.0, "cnt": 6}, "ISTORIE": {"medie": 6.956060606060607, "reusita": 93.93939393939394, "cnt": 99}, "FILOSOFIE": {"medie": 6.0, "reusita": 100.0, "cnt": 1}, "LOGICA, ARGUMENTARE SI COMUNICARE": {"medie": 8.401937984496124, "reusita": 93.7984496124031, "cnt": 129}, "MATEMATICA ST-NAT": {"medie": 4.835185185185185, "reusita": 60.71428571428571, "cnt": 28}, "MATEMATICA PED": {"medie": 8.348148148148148, "reusita": 96.29629629629629, "cnt": 54}, "PSIHOLOGIE": {"medie": 6.916666666666668, "reusita": 100.0, "cnt": 6}, "CHIMIE ORGANICA TEO NIVEL I/II": {"medie": 9.033333333333333, "reusita": 100.0, "cnt": 3}}, "nume": "COLEGIUL NATIONAL PEDAGOGIC \"STEFAN ODOBLEJA\"\tMehedin\u021bi"}