{"specializari": {"INVATATOR - EDUCATOARE": 52, "STIINTE SOCIALE": 28, "FILOLOGIE": 123}, "limba_moderna": {"LIMBA FRANCEZA": 23, "LIMBA ENGLEZA": 163, "LIMBA SPANIOLA": 17}, "limba_materna": {"LIMBA ROMANA": 203}, "promotie_anterioara": {"NU": 203}, "materii": {"LIMBA ROMANA": {"medie": 8.103980099502495, "reusita": 98.0295566502463, "cnt": 203}, "GENERAL": {"medie": 8.118083333333328, "reusita": 95.56650246305419, "cnt": 203}, "GEOGRAFIE": {"medie": 9.078636363636363, "reusita": 99.09909909909909, "cnt": 111}, "ISTORIE": {"medie": 7.448999999999998, "reusita": 98.01324503311258, "cnt": 151}, "FILOSOFIE": {"medie": 7.4, "reusita": 100.0, "cnt": 1}, "LOGICA, ARGUMENTARE SI COMUNICARE": {"medie": 8.440425531914892, "reusita": 95.83333333333334, "cnt": 48}, "MATEMATICA PED": {"medie": 7.764705882352941, "reusita": 96.15384615384616, "cnt": 52}, "PSIHOLOGIE": {"medie": 7.675, "reusita": 100.0, "cnt": 8}, "SOCIOLOGIE": {"medie": 8.128333333333336, "reusita": 93.54838709677419, "cnt": 31}, "ECONOMIE": {"medie": 8.625, "reusita": 100.0, "cnt": 4}}, "nume": "COLEGIUL NATIONAL PEDAGOGIC \"SPIRU HARET\" FOCSANI\tVrancea"}