{"specializari": {"STIINTE ALE NATURII": 104, "FILOLOGIE": 36, "STIINTE SOCIALE": 36, "MATEMATICA-INFORMATICA": 31}, "limba_moderna": {"LIMBA ENGLEZA": 171, "LIMBA FRANCEZA": 31, "LIMBA GERMANA MODERNA": 5}, "limba_materna": {"LIMBA ROMANA": 207}, "promotie_anterioara": {"NU": 203, "DA": 4}, "materii": {"LIMBA ROMANA": {"medie": 8.369902912621363, "reusita": 99.03381642512076, "cnt": 207}, "GENERAL": {"medie": 8.255040650406503, "reusita": 93.71980676328504, "cnt": 207}, "MATEMATICA MATE-INFO": {"medie": 8.088333333333333, "reusita": 93.54838709677419, "cnt": 31}, "ANATOMIE SI FIZIOLOGIE UMANA, GENETICA SI ECOLOGIE UMANA": {"medie": 8.479012345679013, "reusita": 100.0, "cnt": 81}, "FIZICA TEO": {"medie": 7.810294117647059, "reusita": 91.42857142857143, "cnt": 35}, "GEOGRAFIE": {"medie": 8.333333333333336, "reusita": 90.0, "cnt": 10}, "INFORMATICA MI C/C++": {"medie": 7.356250000000001, "reusita": 100.0, "cnt": 8}, "ISTORIE": {"medie": 8.432638888888889, "reusita": 98.61111111111111, "cnt": 72}, "LOGICA, ARGUMENTARE SI COMUNICARE": {"medie": 8.822881355932205, "reusita": 100.0, "cnt": 59}, "MATEMATICA ST-NAT": {"medie": 7.584615384615384, "reusita": 96.15384615384616, "cnt": 104}, "PSIHOLOGIE": {"medie": 6.4, "reusita": 100.0, "cnt": 1}, "CHIMIE ANORGANICA TEO NIVEL I/II": {"medie": 7.333333333333333, "reusita": 100.0, "cnt": 3}, "CHIMIE ORGANICA TEO NIVEL I/II": {"medie": 9.049999999999999, "reusita": 100.0, "cnt": 6}, "INFORMATICA SN C/C++": {"medie": 8.175, "reusita": 100.0, "cnt": 2}, "ECONOMIE": {"medie": 8.375, "reusita": 100.0, "cnt": 2}}, "nume": "COLEGIUL NATIONAL \"MIHAI EMINESCU\" CONSTANTA\tConstan\u021ba"}