{"specializari": {"STIINTE ALE NATURII": 24, "FILOLOGIE": 64, "MATEMATICA-INFORMATICA": 26}, "limba_moderna": {"LIMBA ENGLEZA": 111, "LIMBA FRANCEZA": 3}, "limba_materna": {"LIMBA ROMANA": 114}, "promotie_anterioara": {"DA": 6, "NU": 108}, "materii": {"LIMBA ROMANA": {"medie": 7.790707964601769, "reusita": 96.49122807017544, "cnt": 114}, "BIOLOGIE VEGETALA SI ANIMALA": {"medie": 7.55, "reusita": 100.0, "cnt": 2}, "GENERAL": {"medie": 7.584660766961651, "reusita": 80.7017543859649, "cnt": 114}, "MATEMATICA MATE-INFO": {"medie": 7.926923076923078, "reusita": 96.15384615384616, "cnt": 26}, "ANATOMIE SI FIZIOLOGIE UMANA, GENETICA SI ECOLOGIE UMANA": {"medie": 8.072857142857144, "reusita": 94.28571428571428, "cnt": 35}, "GEOGRAFIE": {"medie": 8.17, "reusita": 91.66666666666666, "cnt": 36}, "INFORMATICA MI C/C++": {"medie": 9.383333333333335, "reusita": 100.0, "cnt": 12}, "ISTORIE": {"medie": 7.0769841269841285, "reusita": 89.0625, "cnt": 64}, "MATEMATICA ST-NAT": {"medie": 5.314583333333333, "reusita": 58.333333333333336, "cnt": 24}, "PSIHOLOGIE": {"medie": 7.410714285714285, "reusita": 92.85714285714286, "cnt": 28}, "INFORMATICA SN C/C++": {"medie": 7.65, "reusita": 100.0, "cnt": 1}}, "nume": "COLEGIUL NATIONAL \"AVRAM IANCU\" STEI\tBihor"}