{"specializari": {"FILOLOGIE": 61, "MATEMATICA-INFORMATICA": 53, "INVATATOR - EDUCATOARE": 29, "STIINTE ALE NATURII": 26}, "limba_moderna": {"LIMBA ENGLEZA": 112, "LIMBA FRANCEZA": 53, "LIMBA GERMANA MODERNA": 4}, "limba_materna": {"LIMBA ROMANA": 169}, "promotie_anterioara": {"NU": 167, "DA": 2}, "materii": {"LIMBA ROMANA": {"medie": 8.185798816568044, "reusita": 98.22485207100591, "cnt": 169}, "GENERAL": {"medie": 8.12662721893491, "reusita": 94.0828402366864, "cnt": 169}, "MATEMATICA MATE-INFO": {"medie": 7.566981132075474, "reusita": 92.45283018867924, "cnt": 53}, "ANATOMIE SI FIZIOLOGIE UMANA, GENETICA SI ECOLOGIE UMANA": {"medie": 8.388235294117647, "reusita": 95.58823529411765, "cnt": 68}, "FIZICA TEO": {"medie": 7.862500000000001, "reusita": 75.0, "cnt": 4}, "GEOGRAFIE": {"medie": 8.722641509433961, "reusita": 98.11320754716981, "cnt": 53}, "INFORMATICA MI C/C++": {"medie": 7.85, "reusita": 100.0, "cnt": 5}, "ISTORIE": {"medie": 7.61311475409836, "reusita": 96.72131147540983, "cnt": 61}, "LOGICA, ARGUMENTARE SI COMUNICARE": {"medie": 9.258333333333335, "reusita": 100.0, "cnt": 6}, "MATEMATICA ST-NAT": {"medie": 7.748076923076924, "reusita": 100.0, "cnt": 26}, "MATEMATICA PED": {"medie": 8.193103448275862, "reusita": 100.0, "cnt": 29}, "PSIHOLOGIE": {"medie": 7.891666666666667, "reusita": 100.0, "cnt": 6}, "CHIMIE ANORGANICA TEO NIVEL I/II": {"medie": 7.7, "reusita": 100.0, "cnt": 1}, "SOCIOLOGIE": {"medie": 8.371739130434781, "reusita": 100.0, "cnt": 23}, "INFORMATICA SN C/C++": {"medie": 9.7, "reusita": 100.0, "cnt": 1}, "ECONOMIE": {"medie": 8.024999999999999, "reusita": 100.0, "cnt": 2}}, "nume": "COLEGIUL NATIONAL \"GEORGE COSBUC\" NASAUD\tBistri\u021ba-N\u0103s\u0103ud"}