{"specializari": {"FILOLOGIE": 57, "MATEMATICA-INFORMATICA": 18, "TEHNICIAN IN HOTELARIE": 18, "TEHNICIAN MECANIC PENTRU INTRETINERE SI REPARATII": 3, "TEHNICIAN ELECTRONIST": 6, "TEHNICIAN IN INSTALATII ELECTRICE": 11, "TEHNICIAN ELECTROMECANIC": 5, "TEHNICIAN MECATRONIST": 2, "TEHNICIAN ELECTROTEHNIST": 2}, "limba_moderna": {"LIMBA ENGLEZA": 119, "LIMBA FRANCEZA": 3}, "limba_materna": {"LIMBA ROMANA": 122}, "promotie_anterioara": {"DA": 43, "NU": 79}, "materii": {"LIMBA ROMANA": {"medie": 5.686016949152544, "reusita": 75.40983606557377, "cnt": 122}, "MATEMATICA TEHN": {"medie": 4.852380952380951, "reusita": 55.319148936170215, "cnt": 47}, "BIOLOGIE VEGETALA SI ANIMALA": {"medie": 4.253571428571429, "reusita": 43.333333333333336, "cnt": 30}, "GENERAL": {"medie": 5.534234234234236, "reusita": 33.60655737704918, "cnt": 122}, "MATEMATICA MATE-INFO": {"medie": 3.226470588235294, "reusita": 22.22222222222222, "cnt": 18}, "ANATOMIE SI FIZIOLOGIE UMANA, GENETICA SI ECOLOGIE UMANA": {"medie": 6.276923076923078, "reusita": 84.61538461538461, "cnt": 13}, "GEOGRAFIE": {"medie": 6.695121951219511, "reusita": 73.91304347826086, "cnt": 46}, "ISTORIE": {"medie": 5.035454545454544, "reusita": 57.89473684210527, "cnt": 57}, "CHIMIE ANORGANICA TEH NIVEL I/II": {"medie": 3.5, "reusita": 0.0, "cnt": 1}, "FIZICA TEH": {"medie": 6.316666666666666, "reusita": 100.0, "cnt": 3}, "SOCIOLOGIE": {"medie": 7.249999999999999, "reusita": 93.10344827586206, "cnt": 29}}, "nume": "COLEGIUL TEHNIC ENERGETIC\tBucure\u0219ti"}