{"specializari": {"FILOLOGIE": 29, "STIINTE SOCIALE": 57, "STIINTE ALE NATURII": 56, "MATEMATICA-INFORMATICA": 116}, "limba_moderna": {"LIMBA ENGLEZA": 205, "LIMBA FRANCEZA": 31, "LIMBA GERMANA MODERNA": 19, "LIMBA SPANIOLA": 3}, "limba_materna": {"LIMBA ROMANA": 258}, "promotie_anterioara": {"NU": 256, "DA": 2}, "materii": {"LIMBA ROMANA": {"medie": 8.726744186046515, "reusita": 99.6124031007752, "cnt": 258}, "BIOLOGIE VEGETALA SI ANIMALA": {"medie": 9.275, "reusita": 100.0, "cnt": 4}, "GENERAL": {"medie": 8.731322957198447, "reusita": 98.83720930232558, "cnt": 258}, "MATEMATICA MATE-INFO": {"medie": 8.50905172413793, "reusita": 100.0, "cnt": 116}, "ANATOMIE SI FIZIOLOGIE UMANA, GENETICA SI ECOLOGIE UMANA": {"medie": 8.942045454545454, "reusita": 100.0, "cnt": 88}, "FIZICA TEO": {"medie": 8.695714285714285, "reusita": 100.0, "cnt": 35}, "GEOGRAFIE": {"medie": 9.0275, "reusita": 95.0, "cnt": 20}, "INFORMATICA MI C/C++": {"medie": 9.198717948717949, "reusita": 100.0, "cnt": 39}, "ISTORIE": {"medie": 8.647647058823528, "reusita": 97.67441860465115, "cnt": 86}, "LOGICA, ARGUMENTARE SI COMUNICARE": {"medie": 9.064000000000002, "reusita": 100.0, "cnt": 50}, "MATEMATICA ST-NAT": {"medie": 7.966964285714288, "reusita": 98.21428571428571, "cnt": 56}, "PSIHOLOGIE": {"medie": 9.416666666666668, "reusita": 100.0, "cnt": 6}, "CHIMIE ORGANICA TEO NIVEL I/II": {"medie": 9.4, "reusita": 100.0, "cnt": 4}, "SOCIOLOGIE": {"medie": 9.308333333333334, "reusita": 85.71428571428571, "cnt": 7}, "INFORMATICA SN C/C++": {"medie": 8.825, "reusita": 100.0, "cnt": 2}, "ECONOMIE": {"medie": 8.899999999999999, "reusita": 100.0, "cnt": 3}}, "nume": "COLEGIUL NATIONAL \"PETRU RARES\" SUCEAVA\tSuceava"}