{"specializari": {"TEHNICIAN IN ACTIVITATI ECONOMICE": 124, "TEHNICIAN IN TURISM": 57, "TEHNICIAN ELECTROTEHNIST": 1}, "limba_moderna": {"LIMBA ENGLEZA": 167, "LIMBA FRANCEZA": 14, "LIMBA GERMANA MODERNA": 1}, "limba_materna": {"LIMBA ROMANA": 182}, "promotie_anterioara": {"NU": 179, "DA": 3}, "materii": {"LIMBA ROMANA": {"medie": 7.322802197802193, "reusita": 98.9010989010989, "cnt": 182}, "MATEMATICA TEHN": {"medie": 7.688674033149168, "reusita": 95.6043956043956, "cnt": 182}, "BIOLOGIE VEGETALA SI ANIMALA": {"medie": 6.0, "reusita": 100.0, "cnt": 1}, "GENERAL": {"medie": 7.717495395948432, "reusita": 90.65934065934066, "cnt": 182}, "GEOGRAFIE": {"medie": 8.367938931297706, "reusita": 99.23664122137404, "cnt": 131}, "LOGICA, ARGUMENTARE SI COMUNICARE": {"medie": 7.8608108108108095, "reusita": 89.1891891891892, "cnt": 37}, "PSIHOLOGIE": {"medie": 8.1875, "reusita": 100.0, "cnt": 4}, "ECONOMIE": {"medie": 5.816666666666666, "reusita": 55.55555555555556, "cnt": 9}}, "nume": "COLEGIUL ECONOMIC \"COSTIN C. KIRITESCU\"\tBucure\u0219ti"}