{"specializari": {"TEHNICIAN MECANIC PENTRU INTRETINERE SI REPARATII": 33, "FILOLOGIE": 35, "MATEMATICA-INFORMATICA": 73, "STIINTE ALE NATURII": 31, "TEHNICIAN PROIECTANT CAD": 31, "TEHNICIAN MECATRONIST": 31, "TEHNICIAN IN AUTOMATIZARI": 80, "TEHNICIAN DE TELECOMUNICATII": 22}, "limba_moderna": {"LIMBA ENGLEZA": 302, "LIMBA FRANCEZA": 34}, "limba_materna": {"LIMBA ROMANA": 336}, "promotie_anterioara": {"DA": 39, "NU": 297}, "materii": {"LIMBA ROMANA": {"medie": 7.011246200607905, "reusita": 94.64285714285714, "cnt": 336}, "MATEMATICA TEHN": {"medie": 6.579629629629627, "reusita": 87.30964467005076, "cnt": 197}, "BIOLOGIE VEGETALA SI ANIMALA": {"medie": 6.390163934426229, "reusita": 77.60416666666666, "cnt": 192}, "GENERAL": {"medie": 6.982153846153846, "reusita": 71.13095238095238, "cnt": 336}, "MATEMATICA MATE-INFO": {"medie": 7.05, "reusita": 93.15068493150685, "cnt": 73}, "ANATOMIE SI FIZIOLOGIE UMANA, GENETICA SI ECOLOGIE UMANA": {"medie": 6.823076923076924, "reusita": 84.61538461538461, "cnt": 13}, "FIZICA TEO": {"medie": 8.6015625, "reusita": 100.0, "cnt": 32}, "GEOGRAFIE": {"medie": 8.475000000000001, "reusita": 100.0, "cnt": 2}, "INFORMATICA MI C/C++": {"medie": 7.8843749999999995, "reusita": 93.75, "cnt": 16}, "ISTORIE": {"medie": 8.427142857142854, "reusita": 100.0, "cnt": 35}, "LOGICA, ARGUMENTARE SI COMUNICARE": {"medie": 8.81818181818182, "reusita": 100.0, "cnt": 22}, "MATEMATICA ST-NAT": {"medie": 7.008064516129033, "reusita": 93.54838709677419, "cnt": 31}, "PSIHOLOGIE": {"medie": 8.114285714285714, "reusita": 100.0, "cnt": 7}, "FIZICA TEH": {"medie": 6.174137931034483, "reusita": 72.41379310344827, "cnt": 29}, "CHIMIE ANORGANICA TEO NIVEL I/II": {"medie": 6.975, "reusita": 100.0, "cnt": 2}, "CHIMIE ORGANICA TEO NIVEL I/II": {"medie": 7.746153846153846, "reusita": 92.3076923076923, "cnt": 13}, "SOCIOLOGIE": {"medie": 6.95, "reusita": 50.0, "cnt": 2}, "INFORMATICA SN C/C++": {"medie": 6.5, "reusita": 100.0, "cnt": 1}, "ECONOMIE": {"medie": 7.35, "reusita": 100.0, "cnt": 2}, "CHIMIE ORGANICA TEH NIVEL I/II": {"medie": 4.716666666666667, "reusita": 33.33333333333333, "cnt": 3}}, "nume": "COLEGIUL \"SPIRU HARET\", MUNICIPIUL PLOIESTI\tPrahova"}