{"specializari": {"MATEMATICA-INFORMATICA": 151, "FILOLOGIE": 106, "STIINTE SOCIALE": 29}, "limba_moderna": {"LIMBA ENGLEZA": 249, "LIMBA FRANCEZA": 4, "LIMBA GERMANA MODERNA": 33}, "limba_materna": {"LIMBA ROMANA": 286}, "promotie_anterioara": {"NU": 284, "DA": 2}, "materii": {"LIMBA ROMANA": {"medie": 8.757867132867124, "reusita": 100.0, "cnt": 286}, "BIOLOGIE VEGETALA SI ANIMALA": {"medie": 7.953571428571428, "reusita": 93.33333333333333, "cnt": 15}, "GENERAL": {"medie": 8.741754385964914, "reusita": 98.95104895104895, "cnt": 286}, "MATEMATICA MATE-INFO": {"medie": 8.351986754966887, "reusita": 100.0, "cnt": 151}, "ANATOMIE SI FIZIOLOGIE UMANA, GENETICA SI ECOLOGIE UMANA": {"medie": 8.646875000000001, "reusita": 100.0, "cnt": 32}, "FIZICA TEO": {"medie": 8.728571428571431, "reusita": 100.0, "cnt": 42}, "GEOGRAFIE": {"medie": 9.305555555555554, "reusita": 100.0, "cnt": 27}, "INFORMATICA MI C/C++": {"medie": 8.62, "reusita": 100.0, "cnt": 50}, "ISTORIE": {"medie": 8.81777777777778, "reusita": 100.0, "cnt": 135}, "FILOSOFIE": {"medie": 9.2, "reusita": 100.0, "cnt": 1}, "LOGICA, ARGUMENTARE SI COMUNICARE": {"medie": 9.378571428571428, "reusita": 98.4126984126984, "cnt": 63}, "PSIHOLOGIE": {"medie": 9.1625, "reusita": 100.0, "cnt": 8}, "CHIMIE ORGANICA TEO NIVEL I/II": {"medie": 9.112499999999999, "reusita": 100.0, "cnt": 12}, "SOCIOLOGIE": {"medie": 8.799999999999999, "reusita": 100.0, "cnt": 21}, "ECONOMIE": {"medie": 8.366666666666667, "reusita": 100.0, "cnt": 15}}, "nume": "COLEGIUL NATIONAL \"I.L.CARAGIALE\"\tBucure\u0219ti"}