{"specializari": {"INVATATOR - EDUCATOARE": 54, "EDUCATOR-PUERICULTOR": 29, "INSTRUCTOR PENTRU ACTIVITATI EXTRASCOLARE": 26, "STIINTE SOCIALE": 5}, "limba_moderna": {"LIMBA ENGLEZA": 89, "LIMBA GERMANA MODERNA": 25}, "limba_materna": {"LIMBA ROMANA": 59, "LIMBA MAGHIARA": 55}, "promotie_anterioara": {"NU": 105, "DA": 9}, "materii": {"LIMBA ROMANA": {"medie": 6.614159292035397, "reusita": 85.08771929824562, "cnt": 114}, "GENERAL": {"medie": 7.259226190476191, "reusita": 71.05263157894737, "cnt": 114}, "GEOGRAFIE": {"medie": 8.109340659340658, "reusita": 97.84946236559139, "cnt": 93}, "ISTORIE": {"medie": 5.641525423728816, "reusita": 83.33333333333334, "cnt": 60}, "LOGICA, ARGUMENTARE SI COMUNICARE": {"medie": 7.8100000000000005, "reusita": 95.0, "cnt": 20}, "MATEMATICA PED": {"medie": 8.095370370370372, "reusita": 94.44444444444444, "cnt": 54}, "LIMBA MAGHIARA (UMAN)": {"medie": 7.5398148148148145, "reusita": 98.18181818181819, "cnt": 55}, "PSIHOLOGIE": {"medie": 8.65, "reusita": 100.0, "cnt": 1}}, "nume": "COLEGIUL NATIONAL PEDAGOGIC \"MIHAI EMINESCU\" TIRGU MURES\tMure\u0219"}