{"specializari": {"TEHNICIAN IN ACTIVITATI ECONOMICE": 184, "TEHNICIAN IN ACTIVITATI DE COMERT": 55, "TEHNICIAN IN ADMINISTRATIE": 1}, "limba_moderna": {"LIMBA ENGLEZA": 189, "LIMBA FRANCEZA": 51}, "limba_materna": {"LIMBA ROMANA": 240}, "promotie_anterioara": {"NU": 231, "DA": 9}, "materii": {"LIMBA ROMANA": {"medie": 7.474058577405863, "reusita": 99.16666666666667, "cnt": 240}, "MATEMATICA TEHN": {"medie": 7.15083682008368, "reusita": 92.08333333333333, "cnt": 240}, "GENERAL": {"medie": 7.604253835425387, "reusita": 88.33333333333333, "cnt": 240}, "GEOGRAFIE": {"medie": 8.565677966101694, "reusita": 98.31932773109243, "cnt": 119}, "LOGICA, ARGUMENTARE SI COMUNICARE": {"medie": 7.8094827586206925, "reusita": 92.24137931034483, "cnt": 116}, "PSIHOLOGIE": {"medie": 8.05, "reusita": 100.0, "cnt": 5}}, "nume": "COLEGIUL ECONOMIC MUNICIPIUL BUZAU\tBuz\u0103u"}