{"specializari": {"STIINTE ALE NATURII": 59, "MATEMATICA-INFORMATICA": 55, "STIINTE SOCIALE": 35, "FILOLOGIE": 64}, "limba_moderna": {"LIMBA ENGLEZA": 178, "LIMBA FRANCEZA": 35}, "limba_materna": {"LIMBA ROMANA": 213}, "promotie_anterioara": {"DA": 6, "NU": 207}, "materii": {"LIMBA ROMANA": {"medie": 8.220422535211265, "reusita": 99.53051643192488, "cnt": 213}, "BIOLOGIE VEGETALA SI ANIMALA": {"medie": 9.6, "reusita": 100.0, "cnt": 1}, "GENERAL": {"medie": 8.273977987421384, "reusita": 96.71361502347418, "cnt": 213}, "MATEMATICA MATE-INFO": {"medie": 8.299999999999999, "reusita": 98.18181818181819, "cnt": 55}, "ANATOMIE SI FIZIOLOGIE UMANA, GENETICA SI ECOLOGIE UMANA": {"medie": 8.894827586206896, "reusita": 100.0, "cnt": 58}, "FIZICA TEO": {"medie": 9.185526315789474, "reusita": 100.0, "cnt": 38}, "GEOGRAFIE": {"medie": 9.128260869565215, "reusita": 100.0, "cnt": 23}, "INFORMATICA MI C/C++": {"medie": 7.8374999999999995, "reusita": 100.0, "cnt": 12}, "ISTORIE": {"medie": 7.832323232323232, "reusita": 100.0, "cnt": 99}, "LOGICA, ARGUMENTARE SI COMUNICARE": {"medie": 9.674999999999999, "reusita": 100.0, "cnt": 6}, "MATEMATICA ST-NAT": {"medie": 8.003389830508477, "reusita": 98.30508474576271, "cnt": 59}, "PSIHOLOGIE": {"medie": 9.7, "reusita": 100.0, "cnt": 2}, "CHIMIE ORGANICA TEO NIVEL I/II": {"medie": 9.86, "reusita": 100.0, "cnt": 5}, "SOCIOLOGIE": {"medie": 7.646212121212122, "reusita": 98.50746268656717, "cnt": 67}, "ECONOMIE": {"medie": 9.5, "reusita": 100.0, "cnt": 1}}, "nume": "COLEGIUL NATIONAL \"GIB MIHAESCU\" DRAGASANI\tV\u00e2lcea"}