{"specializari": {"MATEMATICA-INFORMATICA": 29, "FILOLOGIE": 61, "STIINTE SOCIALE": 30, "STIINTE ALE NATURII": 83}, "limba_moderna": {"LIMBA ENGLEZA": 134, "LIMBA FRANCEZA": 64, "LIMBA RUSA": 5}, "limba_materna": {"LIMBA ROMANA": 203}, "promotie_anterioara": {"NU": 200, "DA": 3}, "materii": {"LIMBA ROMANA": {"medie": 7.999261083743842, "reusita": 100.0, "cnt": 203}, "GENERAL": {"medie": 7.847126436781609, "reusita": 91.62561576354679, "cnt": 203}, "MATEMATICA MATE-INFO": {"medie": 8.351724137931035, "reusita": 96.55172413793103, "cnt": 29}, "ANATOMIE SI FIZIOLOGIE UMANA, GENETICA SI ECOLOGIE UMANA": {"medie": 8.236250000000002, "reusita": 98.75, "cnt": 80}, "FIZICA TEO": {"medie": 8.22, "reusita": 100.0, "cnt": 5}, "GEOGRAFIE": {"medie": 8.790697674418606, "reusita": 100.0, "cnt": 43}, "INFORMATICA MI C/C++": {"medie": 9.258333333333333, "reusita": 100.0, "cnt": 18}, "ISTORIE": {"medie": 6.554395604395602, "reusita": 97.8021978021978, "cnt": 91}, "LOGICA, ARGUMENTARE SI COMUNICARE": {"medie": 8.07375, "reusita": 95.0, "cnt": 40}, "MATEMATICA ST-NAT": {"medie": 7.318674698795182, "reusita": 93.97590361445783, "cnt": 83}, "PSIHOLOGIE": {"medie": 8.125, "reusita": 100.0, "cnt": 2}, "CHIMIE ANORGANICA TEO NIVEL I/II": {"medie": 8.283333333333333, "reusita": 100.0, "cnt": 3}, "CHIMIE ORGANICA TEO NIVEL I/II": {"medie": 8.483333333333333, "reusita": 100.0, "cnt": 3}, "SOCIOLOGIE": {"medie": 8.791666666666666, "reusita": 100.0, "cnt": 6}, "INFORMATICA SN C/C++": {"medie": 7.349999999999999, "reusita": 100.0, "cnt": 3}}, "nume": "COLEGIUL NATIONAL \"MIHAIL SADOVEANU\", PASCANI\tIa\u0219i"}