{"specializari": {"ARHITECTURA, ARTE AMBIENTALE SI DESIGN": 30, "CONSERVARE - RESTAURARE": 27, "MUZICA": 28, "ARTE PLASTICE SI DECORATIVE": 25, "FILOLOGIE": 29}, "limba_moderna": {"LIMBA ENGLEZA": 139}, "limba_materna": {"LIMBA ROMANA": 139}, "promotie_anterioara": {"DA": 4, "NU": 135}, "materii": {"LIMBA ROMANA": {"medie": 7.642910447761191, "reusita": 94.24460431654677, "cnt": 139}, "GENERAL": {"medie": 7.527819548872178, "reusita": 81.29496402877699, "cnt": 139}, "GEOGRAFIE": {"medie": 8.04920634920635, "reusita": 93.93939393939394, "cnt": 66}, "ISTORIE": {"medie": 6.771428571428568, "reusita": 86.33093525179856, "cnt": 139}, "LOGICA, ARGUMENTARE SI COMUNICARE": {"medie": 8.211290322580645, "reusita": 90.76923076923077, "cnt": 65}, "PSIHOLOGIE": {"medie": 8.5875, "reusita": 100.0, "cnt": 8}}, "nume": "COLEGIUL DE ARTA \"CIPRIAN PORUMBESCU\" SUCEAVA\tSuceava"}