{"specializari": {"MATEMATICA-INFORMATICA": 53, "FILOLOGIE": 35, "STIINTE SOCIALE": 34, "STIINTE ALE NATURII": 33}, "limba_moderna": {"LIMBA ENGLEZA": 155}, "limba_materna": {"LIMBA ROMANA": 155}, "promotie_anterioara": {"DA": 4, "NU": 151}, "materii": {"LIMBA ROMANA": {"medie": 7.859354838709677, "reusita": 98.06451612903226, "cnt": 155}, "GENERAL": {"medie": 7.826021505376351, "reusita": 89.03225806451613, "cnt": 155}, "MATEMATICA MATE-INFO": {"medie": 7.6528301886792445, "reusita": 90.56603773584906, "cnt": 53}, "ANATOMIE SI FIZIOLOGIE UMANA, GENETICA SI ECOLOGIE UMANA": {"medie": 8.204687500000002, "reusita": 96.875, "cnt": 32}, "GEOGRAFIE": {"medie": 8.0525, "reusita": 95.0, "cnt": 20}, "INFORMATICA MI C/C++": {"medie": 6.991666666666667, "reusita": 91.66666666666666, "cnt": 24}, "ISTORIE": {"medie": 7.441304347826089, "reusita": 95.65217391304348, "cnt": 69}, "LOGICA, ARGUMENTARE SI COMUNICARE": {"medie": 9.026666666666666, "reusita": 100.0, "cnt": 15}, "MATEMATICA ST-NAT": {"medie": 7.41818181818182, "reusita": 93.93939393939394, "cnt": 33}, "PSIHOLOGIE": {"medie": 9.083333333333334, "reusita": 100.0, "cnt": 3}, "CHIMIE ANORGANICA TEO NIVEL I/II": {"medie": 8.45, "reusita": 100.0, "cnt": 2}, "CHIMIE ORGANICA TEO NIVEL I/II": {"medie": 7.7481481481481485, "reusita": 92.5925925925926, "cnt": 27}, "SOCIOLOGIE": {"medie": 8.654838709677422, "reusita": 96.7741935483871, "cnt": 31}, "INFORMATICA SN C/C++": {"medie": 8.6, "reusita": 100.0, "cnt": 1}}, "nume": "COLEGIUL NATIONAL \"IANCU DE HUNEDOARA\" HUNEDOARA\tHunedoara"}