{"specializari": {"MATEMATICA-INFORMATICA": 29, "STIINTE ALE NATURII": 28, "FILOLOGIE": 82}, "limba_moderna": {"LIMBA ENGLEZA": 111, "LIMBA GERMANA MODERNA": 8, "LIMBA FRANCEZA": 20}, "limba_materna": {"LIMBA ROMANA": 139}, "promotie_anterioara": {"NU": 138, "DA": 1}, "materii": {"LIMBA ROMANA": {"medie": 8.38623188405797, "reusita": 98.56115107913669, "cnt": 139}, "GENERAL": {"medie": 8.46884057971015, "reusita": 97.12230215827337, "cnt": 139}, "MATEMATICA MATE-INFO": {"medie": 7.815517241379312, "reusita": 100.0, "cnt": 29}, "ANATOMIE SI FIZIOLOGIE UMANA, GENETICA SI ECOLOGIE UMANA": {"medie": 9.049999999999999, "reusita": 100.0, "cnt": 17}, "FIZICA TEO": {"medie": 8.32857142857143, "reusita": 100.0, "cnt": 14}, "GEOGRAFIE": {"medie": 8.727272727272728, "reusita": 91.66666666666666, "cnt": 12}, "INFORMATICA MI C/C++": {"medie": 8.784782608695652, "reusita": 100.0, "cnt": 23}, "ISTORIE": {"medie": 8.177160493827163, "reusita": 96.34146341463415, "cnt": 82}, "LOGICA, ARGUMENTARE SI COMUNICARE": {"medie": 9.022388059701495, "reusita": 100.0, "cnt": 67}, "MATEMATICA ST-NAT": {"medie": 8.389285714285714, "reusita": 100.0, "cnt": 28}, "PSIHOLOGIE": {"medie": 9.8, "reusita": 100.0, "cnt": 1}, "CHIMIE ORGANICA TEO NIVEL I/II": {"medie": 8.866666666666667, "reusita": 100.0, "cnt": 3}, "ECONOMIE": {"medie": 7.75, "reusita": 100.0, "cnt": 2}}, "nume": "COLEGIUL NATIONAL \"ALEXANDRU IOAN CUZA\", LOCALITATEA GALATI\tGala\u021bi"}