{"specializari": {"TEHNICIAN IN AUTOMATIZARI": 39, "TEHNICIAN IN INSTALATII ELECTRICE": 17, "TEHNICIAN ELECTROTEHNIST": 2, "TEHNICIAN MECATRONIST": 3}, "limba_moderna": {"LIMBA ENGLEZA": 50, "LIMBA FRANCEZA": 11}, "limba_materna": {"LIMBA ROMANA": 34, "LIMBA GERMANA": 13, "LIMBA MAGHIARA": 14}, "promotie_anterioara": {"DA": 25, "NU": 36}, "materii": {"LIMBA ROMANA": {"medie": 5.811475409836064, "reusita": 85.24590163934425, "cnt": 61}, "MATEMATICA TEHN": {"medie": 5.025000000000002, "reusita": 62.295081967213115, "cnt": 61}, "BIOLOGIE VEGETALA SI ANIMALA": {"medie": 4.742682926829268, "reusita": 48.888888888888886, "cnt": 45}, "GENERAL": {"medie": 5.2175595238095225, "reusita": 26.229508196721312, "cnt": 61}, "LIMBA MAGHIARA (REAL)": {"medie": 6.139285714285714, "reusita": 78.57142857142857, "cnt": 14}, "CHIMIE ANORGANICA TEH NIVEL I/II": {"medie": 3.4, "reusita": 50.0, "cnt": 2}, "FIZICA TEH": {"medie": 4.139285714285714, "reusita": 35.714285714285715, "cnt": 14}, "LIMBA GERMANA": {"medie": 5.75, "reusita": 84.61538461538461, "cnt": 13}}, "nume": "COLEGIUL TEHNIC ENERGETIC \"REMUS RADULET\" BRASOV\tBra\u0219ov"}