{"specializari": {"TEHNICIAN IN ACTIVITATI ECONOMICE": 82, "TEHNICIAN IN TURISM": 50, "TEHNICIAN IN ACHIZITII SI CONTRACTARI": 27, "ORGANIZATOR BANQUETING": 72, "TEHNICIAN IN GASTRONOMIE": 70, "TEHNICIAN IN ACTIVITATI DE COMERT": 54}, "limba_moderna": {"LIMBA ENGLEZA": 329, "LIMBA FRANCEZA": 26}, "limba_materna": {"LIMBA ROMANA": 355}, "promotie_anterioara": {"DA": 81, "NU": 274}, "materii": {"LIMBA ROMANA": {"medie": 5.606916426512966, "reusita": 79.71830985915493, "cnt": 355}, "MATEMATICA TEHN": {"medie": 5.039497041420115, "reusita": 62.25352112676056, "cnt": 355}, "GENERAL": {"medie": 5.77348484848485, "reusita": 43.66197183098591, "cnt": 355}, "GEOGRAFIE": {"medie": 6.498076923076925, "reusita": 79.49640287769785, "cnt": 278}, "LOGICA, ARGUMENTARE SI COMUNICARE": {"medie": 7.001587301587302, "reusita": 80.95238095238095, "cnt": 63}, "PSIHOLOGIE": {"medie": 6.380769230769231, "reusita": 92.3076923076923, "cnt": 13}, "ECONOMIE": {"medie": 5.6, "reusita": 100.0, "cnt": 1}}, "nume": "COLEGIUL ECONOMIC \"VIILOR\"\tBucure\u0219ti"}