{"specializari": {"MATEMATICA-INFORMATICA": 60, "STIINTE ALE NATURII": 22, "FILOLOGIE": 35, "STIINTE SOCIALE": 32}, "limba_moderna": {"LIMBA ENGLEZA": 139, "LIMBA FRANCEZA": 10}, "limba_materna": {"LIMBA ROMANA": 149}, "promotie_anterioara": {"DA": 10, "NU": 139}, "materii": {"LIMBA ROMANA": {"medie": 7.682094594594598, "reusita": 97.31543624161074, "cnt": 149}, "GENERAL": {"medie": 7.489342403628116, "reusita": 81.87919463087249, "cnt": 149}, "MATEMATICA MATE-INFO": {"medie": 7.416666666666666, "reusita": 95.0, "cnt": 60}, "ANATOMIE SI FIZIOLOGIE UMANA, GENETICA SI ECOLOGIE UMANA": {"medie": 7.5200000000000005, "reusita": 90.1639344262295, "cnt": 61}, "FIZICA TEO": {"medie": 6.709999999999999, "reusita": 80.0, "cnt": 5}, "GEOGRAFIE": {"medie": 8.683333333333334, "reusita": 100.0, "cnt": 15}, "INFORMATICA MI C/C++": {"medie": 8.860714285714286, "reusita": 100.0, "cnt": 14}, "ISTORIE": {"medie": 6.824999999999999, "reusita": 95.52238805970148, "cnt": 67}, "LOGICA, ARGUMENTARE SI COMUNICARE": {"medie": 8.22142857142857, "reusita": 92.85714285714286, "cnt": 14}, "MATEMATICA ST-NAT": {"medie": 5.288636363636363, "reusita": 59.09090909090909, "cnt": 22}, "PSIHOLOGIE": {"medie": 8.05, "reusita": 100.0, "cnt": 2}, "CHIMIE ORGANICA TEO NIVEL I/II": {"medie": 9.7, "reusita": 100.0, "cnt": 2}, "SOCIOLOGIE": {"medie": 7.956060606060604, "reusita": 97.05882352941177, "cnt": 34}, "ECONOMIE": {"medie": 6.4, "reusita": 100.0, "cnt": 2}}, "nume": "COLEGIUL NATIONAL \"DRAGOS VODA\" CAMPULUNG MOLDOVENESC\tSuceava"}