{"specializari": {"STIINTE ALE NATURII": 23, "FILOLOGIE": 27, "MATEMATICA-INFORMATICA": 27}, "limba_moderna": {"LIMBA ENGLEZA": 77}, "limba_materna": {"LIMBA ROMANA": 77}, "promotie_anterioara": {"DA": 15, "NU": 62}, "materii": {"LIMBA ROMANA": {"medie": 7.059740259740262, "reusita": 98.7012987012987, "cnt": 77}, "BIOLOGIE VEGETALA SI ANIMALA": {"medie": 5.8, "reusita": 100.0, "cnt": 4}, "GENERAL": {"medie": 6.451777777777778, "reusita": 62.33766233766234, "cnt": 77}, "MATEMATICA MATE-INFO": {"medie": 5.2629629629629635, "reusita": 70.37037037037037, "cnt": 27}, "ANATOMIE SI FIZIOLOGIE UMANA, GENETICA SI ECOLOGIE UMANA": {"medie": 6.870312500000001, "reusita": 96.875, "cnt": 32}, "GEOGRAFIE": {"medie": 8.040000000000001, "reusita": 90.9090909090909, "cnt": 11}, "INFORMATICA MI C/C++": {"medie": 6.1230769230769235, "reusita": 85.71428571428571, "cnt": 14}, "ISTORIE": {"medie": 6.277777777777777, "reusita": 96.29629629629629, "cnt": 27}, "LOGICA, ARGUMENTARE SI COMUNICARE": {"medie": 7.935714285714286, "reusita": 92.85714285714286, "cnt": 14}, "MATEMATICA ST-NAT": {"medie": 4.006521739130434, "reusita": 39.130434782608695, "cnt": 23}, "SOCIOLOGIE": {"medie": 6.225, "reusita": 100.0, "cnt": 2}}, "nume": "COLEGIUL NATIONAL \"MIRCEA ELIADE\" RESITA\tCara\u0219-Severin"}