{"specializari": {"MATEMATICA-INFORMATICA": 51, "STIINTE ALE NATURII": 1, "STIINTE SOCIALE": 61, "FILOLOGIE": 30, "TEOLOGIE ORTODOXA": 14}, "limba_moderna": {"LIMBA FRANCEZA": 18, "LIMBA ENGLEZA": 139}, "limba_materna": {"LIMBA ROMANA": 157}, "promotie_anterioara": {"DA": 9, "NU": 148}, "materii": {"LIMBA ROMANA": {"medie": 7.432692307692312, "reusita": 94.90445859872611, "cnt": 157}, "BIOLOGIE VEGETALA SI ANIMALA": {"medie": 6.442857142857143, "reusita": 85.71428571428571, "cnt": 7}, "GENERAL": {"medie": 7.428709677419357, "reusita": 80.89171974522293, "cnt": 157}, "MATEMATICA MATE-INFO": {"medie": 7.12549019607843, "reusita": 90.19607843137256, "cnt": 51}, "ANATOMIE SI FIZIOLOGIE UMANA, GENETICA SI ECOLOGIE UMANA": {"medie": 7.675, "reusita": 100.0, "cnt": 2}, "FIZICA TEO": {"medie": 8.36176470588235, "reusita": 94.11764705882352, "cnt": 17}, "GEOGRAFIE": {"medie": 7.287931034482758, "reusita": 90.0, "cnt": 30}, "INFORMATICA MI C/C++": {"medie": 7.8375, "reusita": 100.0, "cnt": 4}, "ISTORIE": {"medie": 6.675714285714287, "reusita": 90.47619047619048, "cnt": 105}, "LOGICA, ARGUMENTARE SI COMUNICARE": {"medie": 8.331756756756755, "reusita": 94.5945945945946, "cnt": 74}, "MATEMATICA ST-NAT": {"medie": 5.75, "reusita": 100.0, "cnt": 1}, "PSIHOLOGIE": {"medie": 8.45, "reusita": 100.0, "cnt": 1}, "CHIMIE ORGANICA TEO NIVEL I/II": {"medie": 8.034090909090908, "reusita": 100.0, "cnt": 22}}, "nume": "COLEGIUL NATIONAL \"UNIREA\" TURNU MAGURELE\tTeleorman"}