{"specializari": {"MUZICA": 61}, "limba_moderna": {"LIMBA ENGLEZA": 56, "LIMBA FRANCEZA": 5}, "limba_materna": {"LIMBA MAGHIARA": 20, "LIMBA ROMANA": 41}, "promotie_anterioara": {"NU": 60, "DA": 1}, "materii": {"LIMBA ROMANA": {"medie": 7.538524590163938, "reusita": 100.0, "cnt": 61}, "GENERAL": {"medie": 7.804234972677596, "reusita": 95.08196721311475, "cnt": 61}, "GEOGRAFIE": {"medie": 7.927659574468082, "reusita": 97.87234042553192, "cnt": 47}, "ISTORIE": {"medie": 7.672131147540983, "reusita": 96.72131147540983, "cnt": 61}, "FILOSOFIE": {"medie": 9.233333333333334, "reusita": 100.0, "cnt": 6}, "LIMBA MAGHIARA (REAL)": {"medie": 8.5, "reusita": 100.0, "cnt": 20}, "LOGICA, ARGUMENTARE SI COMUNICARE": {"medie": 6.8999999999999995, "reusita": 83.33333333333334, "cnt": 6}, "PSIHOLOGIE": {"medie": 7.525, "reusita": 100.0, "cnt": 2}}, "nume": "COLEGIUL DE MUZICA \"SIGISMUND TODUTA\" CLUJ-NAPOCA\tCluj"}