{"specializari": {"FILOLOGIE": 104, "INVATATOR - EDUCATOARE": 29, "STIINTE ALE NATURII": 33, "MATEMATICA-INFORMATICA": 50, "STIINTE SOCIALE": 31}, "limba_moderna": {"LIMBA ENGLEZA": 227, "LIMBA FRANCEZA": 20}, "limba_materna": {"LIMBA ROMANA": 247}, "promotie_anterioara": {"NU": 241, "DA": 6}, "materii": {"LIMBA ROMANA": {"medie": 8.526219512195127, "reusita": 98.78542510121457, "cnt": 247}, "BIOLOGIE VEGETALA SI ANIMALA": {"medie": 8.725, "reusita": 100.0, "cnt": 2}, "GENERAL": {"medie": 8.272493224932248, "reusita": 91.90283400809717, "cnt": 247}, "MATEMATICA MATE-INFO": {"medie": 7.421, "reusita": 94.0, "cnt": 50}, "ANATOMIE SI FIZIOLOGIE UMANA, GENETICA SI ECOLOGIE UMANA": {"medie": 8.070212765957447, "reusita": 97.87234042553192, "cnt": 47}, "FIZICA TEO": {"medie": 8.933333333333332, "reusita": 100.0, "cnt": 6}, "GEOGRAFIE": {"medie": 8.635119047619046, "reusita": 100.0, "cnt": 84}, "INFORMATICA MI C/C++": {"medie": 8.394444444444444, "reusita": 100.0, "cnt": 27}, "ISTORIE": {"medie": 7.846296296296295, "reusita": 97.03703703703704, "cnt": 135}, "LOGICA, ARGUMENTARE SI COMUNICARE": {"medie": 9.535714285714286, "reusita": 100.0, "cnt": 7}, "MATEMATICA ST-NAT": {"medie": 7.143939393939394, "reusita": 93.93939393939394, "cnt": 33}, "MATEMATICA PED": {"medie": 8.73793103448276, "reusita": 96.55172413793103, "cnt": 29}, "PSIHOLOGIE": {"medie": 9.3325, "reusita": 100.0, "cnt": 20}, "CHIMIE ORGANICA TEO NIVEL I/II": {"medie": 8.1, "reusita": 100.0, "cnt": 1}, "SOCIOLOGIE": {"medie": 8.284693877551021, "reusita": 97.95918367346938, "cnt": 49}, "ECONOMIE": {"medie": 7.550000000000001, "reusita": 100.0, "cnt": 4}}, "nume": "COLEGIUL NATIONAL \"SPIRU HARET\" TG-JIU\tGorj"}