{"specializari": {"MATEMATICA-INFORMATICA": 29, "FILOLOGIE": 37, "STIINTE ALE NATURII": 37, "STIINTE SOCIALE": 27, "TEHNICIAN IN ACTIVITATI ECONOMICE": 23}, "limba_moderna": {"LIMBA ENGLEZA": 135, "LIMBA FRANCEZA": 18}, "limba_materna": {"LIMBA ROMANA": 153}, "promotie_anterioara": {"NU": 141, "DA": 12}, "materii": {"LIMBA ROMANA": {"medie": 7.554605263157894, "reusita": 98.0392156862745, "cnt": 153}, "MATEMATICA TEHN": {"medie": 7.5, "reusita": 100.0, "cnt": 23}, "GENERAL": {"medie": 7.35, "reusita": 75.16339869281046, "cnt": 153}, "MATEMATICA MATE-INFO": {"medie": 8.727586206896552, "reusita": 100.0, "cnt": 29}, "ANATOMIE SI FIZIOLOGIE UMANA, GENETICA SI ECOLOGIE UMANA": {"medie": 6.96222222222222, "reusita": 82.22222222222221, "cnt": 45}, "FIZICA TEO": {"medie": 8.7, "reusita": 100.0, "cnt": 2}, "GEOGRAFIE": {"medie": 8.24245283018868, "reusita": 98.11320754716981, "cnt": 53}, "INFORMATICA MI C/C++": {"medie": 9.440625, "reusita": 100.0, "cnt": 16}, "ISTORIE": {"medie": 6.3579365079365076, "reusita": 92.1875, "cnt": 64}, "MATEMATICA ST-NAT": {"medie": 4.456944444444445, "reusita": 43.24324324324324, "cnt": 37}, "CHIMIE ORGANICA TEO NIVEL I/II": {"medie": 9.366666666666667, "reusita": 100.0, "cnt": 3}, "SOCIOLOGIE": {"medie": 7.771212121212122, "reusita": 97.05882352941177, "cnt": 34}}, "nume": "COLEGIUL NATIONAL \"PETRU RARES\" BECLEAN\tBistri\u021ba-N\u0103s\u0103ud"}