{"specializari": {"STIINTE ALE NATURII": 40, "FILOLOGIE": 34, "MATEMATICA-INFORMATICA": 31, "LICEU CU PROGRAM SPORTIV": 1, "TEHNICIAN IN ACHIZITII SI CONTRACTARI": 1}, "limba_moderna": {"LIMBA ENGLEZA": 105, "LIMBA FRANCEZA": 2}, "limba_materna": {"LIMBA ROMANA": 107}, "promotie_anterioara": {"DA": 31, "NU": 76}, "materii": {"LIMBA ROMANA": {"medie": 5.788317757009346, "reusita": 83.17757009345794, "cnt": 107}, "MATEMATICA TEHN": {"medie": 1.0, "reusita": 0.0, "cnt": 1}, "BIOLOGIE VEGETALA SI ANIMALA": {"medie": 5.491666666666665, "reusita": 63.1578947368421, "cnt": 19}, "GENERAL": {"medie": 5.871134020618556, "reusita": 44.85981308411215, "cnt": 107}, "MATEMATICA MATE-INFO": {"medie": 4.925, "reusita": 64.51612903225806, "cnt": 31}, "ANATOMIE SI FIZIOLOGIE UMANA, GENETICA SI ECOLOGIE UMANA": {"medie": 5.68421052631579, "reusita": 71.05263157894737, "cnt": 38}, "FIZICA TEO": {"medie": 4.383333333333333, "reusita": 33.33333333333333, "cnt": 3}, "GEOGRAFIE": {"medie": 8.035483870967742, "reusita": 96.7741935483871, "cnt": 31}, "INFORMATICA MI C/C++": {"medie": 7.4, "reusita": 100.0, "cnt": 1}, "ISTORIE": {"medie": 6.354285714285713, "reusita": 80.0, "cnt": 35}, "MATEMATICA ST-NAT": {"medie": 3.3890624999999996, "reusita": 30.0, "cnt": 40}, "CHIMIE ANORGANICA TEO NIVEL I/II": {"medie": 5.262499999999999, "reusita": 75.0, "cnt": 4}, "CHIMIE ORGANICA TEO NIVEL I/II": {"medie": 7.541666666666665, "reusita": 83.33333333333334, "cnt": 6}, "SOCIOLOGIE": {"medie": 6.720000000000001, "reusita": 80.0, "cnt": 5}}, "nume": "LICEUL TEORETIC \"HORIA HULUBEI\" MAGURELE\tIlfov"}