{"specializari": {"MATEMATICA-INFORMATICA": 31, "STIINTE ALE NATURII": 18}, "limba_moderna": {"LIMBA ENGLEZA": 48, "LIMBA FRANCEZA": 1}, "limba_materna": {"LIMBA ROMANA": 49}, "promotie_anterioara": {"NU": 25, "DA": 24}, "materii": {"LIMBA ROMANA": {"medie": 5.959183673469388, "reusita": 85.71428571428571, "cnt": 49}, "GENERAL": {"medie": 5.406097560975611, "reusita": 20.408163265306122, "cnt": 49}, "MATEMATICA MATE-INFO": {"medie": 3.8611111111111103, "reusita": 32.25806451612903, "cnt": 31}, "ANATOMIE SI FIZIOLOGIE UMANA, GENETICA SI ECOLOGIE UMANA": {"medie": 6.6300000000000034, "reusita": 79.59183673469387, "cnt": 49}, "MATEMATICA ST-NAT": {"medie": 2.9852941176470593, "reusita": 22.22222222222222, "cnt": 18}}, "nume": "LICEUL TEORETIC NR.1 BRATCA\tBihor"}