{"specializari": {"TEHNICIAN MECATRONIST": 12, "TEHNICIAN TRANSPORTURI": 11, "TEHNICIAN IN ACTIVITATI DE COMERT": 11}, "limba_moderna": {"LIMBA ENGLEZA": 34}, "limba_materna": {"LIMBA ROMANA": 34}, "promotie_anterioara": {"DA": 5, "NU": 29}, "materii": {"LIMBA ROMANA": {"medie": 6.0140625000000005, "reusita": 76.47058823529412, "cnt": 34}, "MATEMATICA TEHN": {"medie": 4.743333333333335, "reusita": 50.0, "cnt": 34}, "BIOLOGIE VEGETALA SI ANIMALA": {"medie": 4.863333333333332, "reusita": 52.94117647058824, "cnt": 17}, "GENERAL": {"medie": 5.3738095238095225, "reusita": 20.588235294117645, "cnt": 34}, "GEOGRAFIE": {"medie": 6.822727272727272, "reusita": 100.0, "cnt": 11}, "FIZICA TEH": {"medie": 4.08, "reusita": 16.666666666666664, "cnt": 6}}, "nume": "LICEUL TEHNOLOGIC ONESTI\tBac\u0103u"}