{"specializari": {"MATEMATICA-INFORMATICA": 21, "STIINTE ALE NATURII": 26, "FILOLOGIE": 63, "EDUCATOR-PUERICULTOR": 23, "INVATATOR - EDUCATOARE": 30}, "limba_moderna": {"LIMBA ENGLEZA": 103, "LIMBA FRANCEZA": 60}, "limba_materna": {"LIMBA ROMANA": 163}, "promotie_anterioara": {"NU": 160, "DA": 3}, "materii": {"LIMBA ROMANA": {"medie": 7.040740740740746, "reusita": 96.93251533742331, "cnt": 163}, "BIOLOGIE VEGETALA SI ANIMALA": {"medie": 1.6, "reusita": 0.0, "cnt": 1}, "GENERAL": {"medie": 7.075925925925922, "reusita": 79.75460122699386, "cnt": 163}, "MATEMATICA MATE-INFO": {"medie": 6.0547619047619055, "reusita": 80.95238095238095, "cnt": 21}, "ANATOMIE SI FIZIOLOGIE UMANA, GENETICA SI ECOLOGIE UMANA": {"medie": 6.755128205128206, "reusita": 80.0, "cnt": 40}, "FIZICA TEO": {"medie": 5.891666666666666, "reusita": 66.66666666666666, "cnt": 6}, "GEOGRAFIE": {"medie": 8.140909090909089, "reusita": 100.0, "cnt": 22}, "ISTORIE": {"medie": 6.773837209302323, "reusita": 93.02325581395348, "cnt": 86}, "LOGICA, ARGUMENTARE SI COMUNICARE": {"medie": 7.453125000000002, "reusita": 92.1875, "cnt": 64}, "MATEMATICA ST-NAT": {"medie": 6.072, "reusita": 73.07692307692307, "cnt": 26}, "MATEMATICA PED": {"medie": 8.254999999999999, "reusita": 100.0, "cnt": 30}, "PSIHOLOGIE": {"medie": 8.337499999999999, "reusita": 100.0, "cnt": 24}, "SOCIOLOGIE": {"medie": 5.425, "reusita": 66.66666666666666, "cnt": 6}}, "nume": "LICEUL PEDAGOGIC \"MATEI BASARAB\" SLOBOZIA\tIalomi\u021ba"}