{"specializari": {"MATEMATICA-INFORMATICA": 63, "FILOLOGIE": 35, "STIINTE ALE NATURII": 60}, "limba_moderna": {"LIMBA ENGLEZA": 139, "LIMBA GERMANA MODERNA": 19}, "limba_materna": {"LIMBA MAGHIARA": 67, "LIMBA ROMANA": 91}, "promotie_anterioara": {"DA": 3, "NU": 155}, "materii": {"LIMBA ROMANA": {"medie": 7.071202531645568, "reusita": 96.83544303797468, "cnt": 158}, "GENERAL": {"medie": 7.949182489451476, "reusita": 94.30379746835443, "cnt": 158}, "MATEMATICA MATE-INFO": {"medie": 8.264285714285712, "reusita": 98.4126984126984, "cnt": 63}, "ANATOMIE SI FIZIOLOGIE UMANA, GENETICA SI ECOLOGIE UMANA": {"medie": 8.245070422535214, "reusita": 97.1830985915493, "cnt": 71}, "FIZICA TEO": {"medie": 8.959999999999999, "reusita": 100.0, "cnt": 5}, "GEOGRAFIE": {"medie": 8.189473684210528, "reusita": 100.0, "cnt": 19}, "INFORMATICA MI C/C++": {"medie": 8.972916666666666, "reusita": 100.0, "cnt": 24}, "ISTORIE": {"medie": 7.834285714285713, "reusita": 100.0, "cnt": 35}, "FILOSOFIE": {"medie": 8.7, "reusita": 100.0, "cnt": 1}, "LIMBA MAGHIARA (REAL)": {"medie": 9.296969696969695, "reusita": 100.0, "cnt": 66}, "MATEMATICA ST-NAT": {"medie": 7.145833333333333, "reusita": 96.66666666666667, "cnt": 60}, "LIMBA MAGHIARA (UMAN)": {"medie": 8.3, "reusita": 100.0, "cnt": 1}, "PSIHOLOGIE": {"medie": 8.356666666666666, "reusita": 100.0, "cnt": 15}, "CHIMIE ORGANICA TEO NIVEL I/II": {"medie": 8.879545454545454, "reusita": 100.0, "cnt": 22}, "INFORMATICA MI PASCAL": {"medie": 8.1, "reusita": 100.0, "cnt": 1}}, "nume": "LICEUL TEORETIC CAREI\tSatu-Mare"}