{"specializari": {"STIINTE ALE NATURII": 20, "STIINTE SOCIALE": 30, "MATEMATICA-INFORMATICA": 28}, "limba_moderna": {"LIMBA ENGLEZA": 43, "LIMBA FRANCEZA": 35}, "limba_materna": {"LIMBA ROMANA": 78}, "promotie_anterioara": {"DA": 4, "NU": 74}, "materii": {"LIMBA ROMANA": {"medie": 6.416025641025639, "reusita": 88.46153846153845, "cnt": 78}, "GENERAL": {"medie": 6.525757575757576, "reusita": 56.41025641025641, "cnt": 78}, "MATEMATICA MATE-INFO": {"medie": 6.446296296296295, "reusita": 75.0, "cnt": 28}, "ANATOMIE SI FIZIOLOGIE UMANA, GENETICA SI ECOLOGIE UMANA": {"medie": 7.026829268292683, "reusita": 85.36585365853658, "cnt": 41}, "GEOGRAFIE": {"medie": 8.526315789473685, "reusita": 100.0, "cnt": 19}, "INFORMATICA MI C/C++": {"medie": 8.807142857142855, "reusita": 100.0, "cnt": 7}, "ISTORIE": {"medie": 6.208333333333333, "reusita": 76.66666666666667, "cnt": 30}, "LOGICA, ARGUMENTARE SI COMUNICARE": {"medie": 3.8333333333333335, "reusita": 33.33333333333333, "cnt": 3}, "MATEMATICA ST-NAT": {"medie": 4.4350000000000005, "reusita": 40.0, "cnt": 20}, "PSIHOLOGIE": {"medie": 6.5, "reusita": 100.0, "cnt": 2}, "SOCIOLOGIE": {"medie": 5.308333333333334, "reusita": 83.33333333333334, "cnt": 6}}, "nume": "LICEUL TEORETIC \"VASILE ALECSANDRI\", COMUNA SABAOANI\tNeam\u021b"}