{"specializari": {"TEHNICIAN IN TURISM": 22}, "limba_moderna": {"LIMBA ENGLEZA": 22}, "limba_materna": {"LIMBA ROMANA": 22}, "promotie_anterioara": {"NU": 21, "DA": 1}, "materii": {"LIMBA ROMANA": {"medie": 6.645454545454545, "reusita": 90.9090909090909, "cnt": 22}, "MATEMATICA TEHN": {"medie": 5.354545454545455, "reusita": 68.18181818181817, "cnt": 22}, "GENERAL": {"medie": 6.559848484848485, "reusita": 63.63636363636363, "cnt": 22}, "GEOGRAFIE": {"medie": 7.777499999999999, "reusita": 95.0, "cnt": 20}, "ECONOMIE": {"medie": 6.699999999999999, "reusita": 100.0, "cnt": 2}}, "nume": "LICEUL TEHNOLOGIC \"NICANOR MOROSAN\" PARTESTII DE JOS\tSuceava"}