{"specializari": {"TEHNICIAN IN ADMINISTRATIE": 33}, "limba_moderna": {"LIMBA ENGLEZA": 32, "LIMBA FRANCEZA": 1}, "limba_materna": {"LIMBA ROMANA": 33}, "promotie_anterioara": {"NU": 22, "DA": 11}, "materii": {"LIMBA ROMANA": {"medie": 5.209375, "reusita": 66.66666666666666, "cnt": 33}, "MATEMATICA TEHN": {"medie": 3.22258064516129, "reusita": 24.242424242424242, "cnt": 33}, "GENERAL": {"medie": 5.155555555555555, "reusita": 18.181818181818183, "cnt": 33}, "GEOGRAFIE": {"medie": 6.975806451612902, "reusita": 87.87878787878788, "cnt": 33}}, "nume": "LICEUL TEHNOLOGIC BELIU\tArad"}