{"specializari": {"FILOLOGIE": 89}, "limba_moderna": {"LIMBA ENGLEZA": 88, "LIMBA FRANCEZA": 1}, "limba_materna": {"LIMBA ROMANA": 89}, "promotie_anterioara": {"DA": 24, "NU": 65}, "materii": {"LIMBA ROMANA": {"medie": 4.989375, "reusita": 52.80898876404494, "cnt": 89}, "GENERAL": {"medie": 5.187142857142859, "reusita": 16.853932584269664, "cnt": 89}, "GEOGRAFIE": {"medie": 5.903846153846154, "reusita": 50.0, "cnt": 16}, "ISTORIE": {"medie": 4.695333333333335, "reusita": 40.44943820224719, "cnt": 89}, "LOGICA, ARGUMENTARE SI COMUNICARE": {"medie": 7.116666666666667, "reusita": 75.0, "cnt": 4}, "PSIHOLOGIE": {"medie": 7.575, "reusita": 100.0, "cnt": 2}, "SOCIOLOGIE": {"medie": 5.625, "reusita": 65.67164179104478, "cnt": 67}}, "nume": "LICEUL TEORETIC \"VICTORIA\"\tBucure\u0219ti"}