{"specializari": {"TEHNICIAN IN ACTIVITATI ECONOMICE": 15, "TEHNICIAN IN AGRICULTURA": 36}, "limba_moderna": {"LIMBA ENGLEZA": 51}, "limba_materna": {"LIMBA ROMANA": 51}, "promotie_anterioara": {"NU": 48, "DA": 3}, "materii": {"LIMBA ROMANA": {"medie": 5.081818181818182, "reusita": 15.686274509803921, "cnt": 51}, "MATEMATICA TEHN": {"medie": 2.895, "reusita": 3.9215686274509802, "cnt": 51}, "BIOLOGIE VEGETALA SI ANIMALA": {"medie": 3.1399999999999997, "reusita": 2.7777777777777777, "cnt": 36}, "GENERAL": {"medie": 4.442592592592593, "reusita": 1.9607843137254901, "cnt": 51}, "GEOGRAFIE": {"medie": 5.257142857142858, "reusita": 33.33333333333333, "cnt": 15}}, "nume": "LICEUL TEHNOLOGIC \"VASILE JUNCU\" MINIS\tArad"}