{"specializari": {"MATEMATICA-INFORMATICA": 31, "STIINTE ALE NATURII": 35, "FILOLOGIE": 68}, "limba_moderna": {"LIMBA ENGLEZA": 133, "LIMBA FRANCEZA": 1}, "limba_materna": {"LIMBA ROMANA": 134}, "promotie_anterioara": {"DA": 16, "NU": 118}, "materii": {"LIMBA ROMANA": {"medie": 7.42105263157895, "reusita": 96.26865671641791, "cnt": 134}, "GENERAL": {"medie": 7.230916030534348, "reusita": 79.1044776119403, "cnt": 134}, "MATEMATICA MATE-INFO": {"medie": 7.633870967741935, "reusita": 96.7741935483871, "cnt": 31}, "ANATOMIE SI FIZIOLOGIE UMANA, GENETICA SI ECOLOGIE UMANA": {"medie": 7.325490196078433, "reusita": 94.11764705882352, "cnt": 51}, "FIZICA TEO": {"medie": 9.25, "reusita": 100.0, "cnt": 1}, "GEOGRAFIE": {"medie": 7.733636363636365, "reusita": 92.98245614035088, "cnt": 57}, "INFORMATICA MI C/C++": {"medie": 8.758333333333335, "reusita": 100.0, "cnt": 12}, "ISTORIE": {"medie": 6.1742647058823525, "reusita": 88.23529411764706, "cnt": 68}, "LOGICA, ARGUMENTARE SI COMUNICARE": {"medie": 5.1, "reusita": 100.0, "cnt": 1}, "MATEMATICA ST-NAT": {"medie": 6.454285714285714, "reusita": 85.71428571428571, "cnt": 35}, "PSIHOLOGIE": {"medie": 7.466666666666666, "reusita": 100.0, "cnt": 3}, "CHIMIE ORGANICA TEO NIVEL I/II": {"medie": 6.7, "reusita": 100.0, "cnt": 2}, "SOCIOLOGIE": {"medie": 7.742857142857143, "reusita": 100.0, "cnt": 7}}, "nume": "LICEUL TEORETIC \"AVRAM IANCU\" BRAD\tHunedoara"}