{"specializari": {"TEHNICIAN IN TURISM": 19}, "limba_moderna": {"LIMBA ENGLEZA": 19}, "limba_materna": {"LIMBA MAGHIARA": 19}, "promotie_anterioara": {"NU": 13, "DA": 6}, "materii": {"LIMBA ROMANA": {"medie": 2.936111111111111, "reusita": 15.789473684210526, "cnt": 19}, "MATEMATICA TEHN": {"medie": 4.300000000000001, "reusita": 42.10526315789473, "cnt": 19}, "GENERAL": {"medie": 5.247794117647059, "reusita": 10.526315789473683, "cnt": 19}, "GEOGRAFIE": {"medie": 7.042105263157896, "reusita": 89.47368421052632, "cnt": 19}, "LIMBA MAGHIARA (REAL)": {"medie": 6.665789473684211, "reusita": 94.73684210526315, "cnt": 19}}, "nume": "LICEUL TEHNOLOGIC CORUND\tHarghita"}