{"specializari": {"MATEMATICA-INFORMATICA": 40, "FILOLOGIE": 131}, "limba_moderna": {"LIMBA ENGLEZA": 144, "LIMBA FRANCEZA": 27}, "limba_materna": {"LIMBA ROMANA": 171}, "promotie_anterioara": {"DA": 42, "NU": 129}, "materii": {"LIMBA ROMANA": {"medie": 5.352173913043474, "reusita": 71.34502923976608, "cnt": 171}, "BIOLOGIE VEGETALA SI ANIMALA": {"medie": 6.566666666666666, "reusita": 100.0, "cnt": 3}, "GENERAL": {"medie": 5.563481953290872, "reusita": 38.59649122807017, "cnt": 171}, "MATEMATICA MATE-INFO": {"medie": 3.1388888888888893, "reusita": 30.0, "cnt": 40}, "ANATOMIE SI FIZIOLOGIE UMANA, GENETICA SI ECOLOGIE UMANA": {"medie": 4.637500000000001, "reusita": 37.83783783783784, "cnt": 37}, "GEOGRAFIE": {"medie": 6.513432835820893, "reusita": 80.0, "cnt": 70}, "ISTORIE": {"medie": 5.696370967741939, "reusita": 77.86259541984732, "cnt": 131}, "FILOSOFIE": {"medie": 7.3, "reusita": 100.0, "cnt": 1}, "PSIHOLOGIE": {"medie": 7.571428571428571, "reusita": 87.5, "cnt": 8}, "SOCIOLOGIE": {"medie": 6.43265306122449, "reusita": 67.3076923076923, "cnt": 52}}, "nume": "LICEUL TEORETIC \"CONSTANTIN NOICA\" ALEXANDRIA\tTeleorman"}