{"specializari": {"MATEMATICA-INFORMATICA": 79, "FILOLOGIE": 33, "STIINTE ALE NATURII": 64, "STIINTE SOCIALE": 28}, "limba_moderna": {"LIMBA FRANCEZA": 2, "LIMBA ENGLEZA": 202}, "limba_materna": {"LIMBA ROMANA": 204}, "promotie_anterioara": {"DA": 13, "NU": 191}, "materii": {"LIMBA ROMANA": {"medie": 7.31995073891625, "reusita": 95.58823529411765, "cnt": 204}, "BIOLOGIE VEGETALA SI ANIMALA": {"medie": 6.5, "reusita": 100.0, "cnt": 1}, "GENERAL": {"medie": 7.429638752052544, "reusita": 81.86274509803921, "cnt": 204}, "MATEMATICA MATE-INFO": {"medie": 7.993670886075947, "reusita": 98.73417721518987, "cnt": 79}, "ANATOMIE SI FIZIOLOGIE UMANA, GENETICA SI ECOLOGIE UMANA": {"medie": 7.419587628865978, "reusita": 93.81443298969072, "cnt": 97}, "FIZICA TEO": {"medie": 7.453846153846155, "reusita": 97.43589743589743, "cnt": 39}, "GEOGRAFIE": {"medie": 8.39893617021277, "reusita": 97.87234042553192, "cnt": 47}, "INFORMATICA MI C/C++": {"medie": 8.283333333333333, "reusita": 100.0, "cnt": 3}, "ISTORIE": {"medie": 7.945081967213115, "reusita": 98.36065573770492, "cnt": 61}, "LOGICA, ARGUMENTARE SI COMUNICARE": {"medie": 8.344444444444443, "reusita": 88.88888888888889, "cnt": 9}, "MATEMATICA ST-NAT": {"medie": 5.6609375, "reusita": 70.3125, "cnt": 64}, "PSIHOLOGIE": {"medie": 8.333333333333334, "reusita": 100.0, "cnt": 3}, "CHIMIE ORGANICA TEO NIVEL I/II": {"medie": 8.283333333333333, "reusita": 100.0, "cnt": 3}, "ECONOMIE": {"medie": 5.85, "reusita": 100.0, "cnt": 2}}, "nume": "LICEUL TEORETIC \"CAROL I\" FETESTI\tIalomi\u021ba"}