{"specializari": {"TEHNICIAN MECATRONIST": 47, "MATEMATICA-INFORMATICA": 29, "FILOLOGIE": 30, "TEHNICIAN TRANSPORTURI": 16, "TEHNICIAN IN INSTALATII ELECTRICE": 13, "STIINTE ALE NATURII": 2}, "limba_moderna": {"LIMBA ENGLEZA": 61, "LIMBA FRANCEZA": 76}, "limba_materna": {"LIMBA ROMANA": 137}, "promotie_anterioara": {"DA": 23, "NU": 114}, "materii": {"LIMBA ROMANA": {"medie": 6.232330827067669, "reusita": 78.83211678832117, "cnt": 137}, "MATEMATICA TEHN": {"medie": 4.36969696969697, "reusita": 46.05263157894737, "cnt": 76}, "BIOLOGIE VEGETALA SI ANIMALA": {"medie": 5.00846153846154, "reusita": 52.0, "cnt": 75}, "GENERAL": {"medie": 6.232936507936512, "reusita": 54.01459854014598, "cnt": 137}, "MATEMATICA MATE-INFO": {"medie": 7.313793103448275, "reusita": 96.55172413793103, "cnt": 29}, "ANATOMIE SI FIZIOLOGIE UMANA, GENETICA SI ECOLOGIE UMANA": {"medie": 8.822222222222221, "reusita": 96.29629629629629, "cnt": 27}, "FIZICA TEO": {"medie": 8.475000000000001, "reusita": 100.0, "cnt": 4}, "GEOGRAFIE": {"medie": 8.376666666666669, "reusita": 100.0, "cnt": 30}, "ISTORIE": {"medie": 6.551666666666667, "reusita": 90.0, "cnt": 30}, "MATEMATICA ST-NAT": {"medie": 5.1000000000000005, "reusita": 50.0, "cnt": 2}, "FIZICA TEH": {"medie": 1.45, "reusita": 0.0, "cnt": 1}}, "nume": "LICEUL PREDA BUZESCU, ORAS BERBESTI\tV\u00e2lcea"}