{"specializari": {"STIINTE ALE NATURII": 37}, "limba_moderna": {"LIMBA ENGLEZA": 37}, "limba_materna": {"LIMBA ROMANA": 37}, "promotie_anterioara": {"DA": 11, "NU": 26}, "materii": {"LIMBA ROMANA": {"medie": 5.420833333333332, "reusita": 62.16216216216216, "cnt": 37}, "GENERAL": {"medie": 4.944285714285716, "reusita": 24.324324324324326, "cnt": 37}, "ANATOMIE SI FIZIOLOGIE UMANA, GENETICA SI ECOLOGIE UMANA": {"medie": 5.977142857142859, "reusita": 62.16216216216216, "cnt": 37}, "MATEMATICA ST-NAT": {"medie": 3.337142857142857, "reusita": 35.13513513513514, "cnt": 37}}, "nume": "LICEUL TEORETIC \"ADRIAN PAUNESCU\" BARCA\tDolj"}