{"specializari": {"FILOLOGIE": 76}, "limba_moderna": {"LIMBA ENGLEZA": 52, "LIMBA FRANCEZA": 24}, "limba_materna": {"LIMBA ROMANA": 76}, "promotie_anterioara": {"DA": 19, "NU": 57}, "materii": {"LIMBA ROMANA": {"medie": 5.257575757575759, "reusita": 65.78947368421053, "cnt": 76}, "GENERAL": {"medie": 5.65820512820513, "reusita": 32.89473684210527, "cnt": 76}, "GEOGRAFIE": {"medie": 6.792857142857141, "reusita": 76.71232876712328, "cnt": 73}, "ISTORIE": {"medie": 4.97910447761194, "reusita": 60.526315789473685, "cnt": 76}, "LOGICA, ARGUMENTARE SI COMUNICARE": {"medie": 6.066666666666666, "reusita": 100.0, "cnt": 3}}, "nume": "LICEUL TEORETIC \"GEORGE POP DE BASESTI\" SIGHETU MARMATIEI\tMaramure\u0219"}