{"specializari": {"FILOLOGIE": 27, "STIINTE SOCIALE": 27, "STIINTE ALE NATURII": 18, "TEHNICIAN ZOOTEHNIST": 12, "TEHNICIAN MECANIC PENTRU INTRETINERE SI REPARATII": 1}, "limba_moderna": {"LIMBA ENGLEZA": 81, "LIMBA FRANCEZA": 4}, "limba_materna": {"LIMBA ROMANA": 85}, "promotie_anterioara": {"NU": 78, "DA": 7}, "materii": {"LIMBA ROMANA": {"medie": 7.239610389610393, "reusita": 83.52941176470588, "cnt": 85}, "MATEMATICA TEHN": {"medie": 2.1416666666666666, "reusita": 0.0, "cnt": 13}, "GENERAL": {"medie": 7.0442222222222215, "reusita": 67.05882352941175, "cnt": 85}, "ANATOMIE SI FIZIOLOGIE UMANA, GENETICA SI ECOLOGIE UMANA": {"medie": 5.290476190476191, "reusita": 31.03448275862069, "cnt": 29}, "GEOGRAFIE": {"medie": 8.921052631578949, "reusita": 100.0, "cnt": 19}, "ISTORIE": {"medie": 7.0874999999999995, "reusita": 92.5925925925926, "cnt": 54}, "LOGICA, ARGUMENTARE SI COMUNICARE": {"medie": 8.903846153846153, "reusita": 92.85714285714286, "cnt": 28}, "MATEMATICA ST-NAT": {"medie": 4.208823529411765, "reusita": 44.44444444444444, "cnt": 18}, "PSIHOLOGIE": {"medie": 7.621428571428572, "reusita": 100.0, "cnt": 7}, "CHIMIE ANORGANICA TEO NIVEL I/II": {"medie": 8.35, "reusita": 100.0, "cnt": 1}, "INFORMATICA SN C/C++": {"medie": 8.0, "reusita": 100.0, "cnt": 1}}, "nume": "LICEUL TEORETIC \"LASCAR ROSETTI\", RADUCANENI\tIa\u0219i"}