{"specializari": {"ARTE PLASTICE SI DECORATIVE": 32, "MUZICA": 23, "ARHITECTURA, ARTE AMBIENTALE SI DESIGN": 27, "ARTA ACTORULUI": 21}, "limba_moderna": {"LIMBA ENGLEZA": 100, "LIMBA FRANCEZA": 3}, "limba_materna": {"LIMBA ROMANA": 103}, "promotie_anterioara": {"DA": 4, "NU": 99}, "materii": {"LIMBA ROMANA": {"medie": 7.063592233009709, "reusita": 96.11650485436894, "cnt": 103}, "GENERAL": {"medie": 6.94126213592233, "reusita": 77.66990291262135, "cnt": 103}, "GEOGRAFIE": {"medie": 7.487234042553189, "reusita": 97.87234042553192, "cnt": 47}, "ISTORIE": {"medie": 6.300970873786405, "reusita": 90.29126213592234, "cnt": 103}, "FILOSOFIE": {"medie": 6.033333333333334, "reusita": 83.33333333333334, "cnt": 6}, "LOGICA, ARGUMENTARE SI COMUNICARE": {"medie": 7.772368421052629, "reusita": 89.47368421052632, "cnt": 38}, "PSIHOLOGIE": {"medie": 7.277777777777778, "reusita": 100.0, "cnt": 9}, "ECONOMIE": {"medie": 6.45, "reusita": 66.66666666666666, "cnt": 3}}, "nume": "LICEUL DE ARTE \"HARICLEA DARCLEE\"\tBr\u0103ila"}