{"specializari": {"STIINTE ALE NATURII": 82, "MATEMATICA-INFORMATICA": 30, "FILOLOGIE": 37, "STIINTE SOCIALE": 32}, "limba_moderna": {"LIMBA ENGLEZA": 168, "LIMBA FRANCEZA": 12, "LIMBA GERMANA MODERNA": 1}, "limba_materna": {"LIMBA ROMANA": 181}, "promotie_anterioara": {"DA": 15, "NU": 166}, "materii": {"LIMBA ROMANA": {"medie": 6.951657458563536, "reusita": 96.68508287292818, "cnt": 181}, "BIOLOGIE VEGETALA SI ANIMALA": {"medie": 7.14736842105263, "reusita": 94.73684210526315, "cnt": 19}, "GENERAL": {"medie": 6.991481481481479, "reusita": 73.48066298342542, "cnt": 181}, "MATEMATICA MATE-INFO": {"medie": 6.185, "reusita": 93.33333333333333, "cnt": 30}, "ANATOMIE SI FIZIOLOGIE UMANA, GENETICA SI ECOLOGIE UMANA": {"medie": 7.082876712328768, "reusita": 87.83783783783784, "cnt": 74}, "FIZICA TEO": {"medie": 6.672222222222222, "reusita": 88.88888888888889, "cnt": 9}, "GEOGRAFIE": {"medie": 8.524999999999999, "reusita": 100.0, "cnt": 2}, "INFORMATICA MI C/C++": {"medie": 6.25, "reusita": 66.66666666666666, "cnt": 6}, "ISTORIE": {"medie": 7.952173913043479, "reusita": 100.0, "cnt": 69}, "LOGICA, ARGUMENTARE SI COMUNICARE": {"medie": 8.607575757575761, "reusita": 96.96969696969697, "cnt": 66}, "MATEMATICA ST-NAT": {"medie": 5.119753086419753, "reusita": 63.41463414634146, "cnt": 82}, "PSIHOLOGIE": {"medie": 7.9, "reusita": 100.0, "cnt": 1}, "CHIMIE ANORGANICA TEO NIVEL I/II": {"medie": 7.35, "reusita": 100.0, "cnt": 1}, "CHIMIE ORGANICA TEO NIVEL I/II": {"medie": 8.375, "reusita": 100.0, "cnt": 2}, "INFORMATICA SN C/C++": {"medie": 7.65, "reusita": 100.0, "cnt": 1}}, "nume": "LICEUL TEORETIC \"ION CANTACUZINO\" PITESTI\tArge\u0219"}