{"specializari": {"LICEU CU PROGRAM SPORTIV": 38, "ARTE PLASTICE SI DECORATIVE": 30, "INVATATOR - EDUCATOARE": 50, "FILOLOGIE": 19, "MUZICA": 22}, "limba_moderna": {"LIMBA ENGLEZA": 120, "LIMBA FRANCEZA": 35, "LIMBA SPANIOLA": 4}, "limba_materna": {"LIMBA ROMANA": 159}, "promotie_anterioara": {"DA": 15, "NU": 144}, "materii": {"LIMBA ROMANA": {"medie": 6.9229032258064525, "reusita": 93.71069182389937, "cnt": 159}, "GENERAL": {"medie": 6.772580645161288, "reusita": 62.893081761006286, "cnt": 159}, "GEOGRAFIE": {"medie": 6.973770491803277, "reusita": 85.48387096774194, "cnt": 62}, "ISTORIE": {"medie": 5.62714285714286, "reusita": 77.98165137614679, "cnt": 109}, "LOGICA, ARGUMENTARE SI COMUNICARE": {"medie": 6.938596491228068, "reusita": 77.19298245614034, "cnt": 57}, "MATEMATICA PED": {"medie": 7.055999999999999, "reusita": 84.0, "cnt": 50}, "PSIHOLOGIE": {"medie": 8.267105263157896, "reusita": 95.0, "cnt": 40}}, "nume": "LICEUL PEDAGOGIC \"IOAN POPESCU\", MUN. BARLAD\tVaslui"}