{"specializari": {"MATEMATICA-INFORMATICA": 75, "STIINTE ALE NATURII": 29, "STIINTE SOCIALE": 30}, "limba_moderna": {"LIMBA ENGLEZA": 122, "LIMBA FRANCEZA": 10, "LIMBA GERMANA MODERNA": 2}, "limba_materna": {"LIMBA ROMANA": 134}, "promotie_anterioara": {"DA": 5, "NU": 129}, "materii": {"LIMBA ROMANA": {"medie": 7.945488721804511, "reusita": 98.50746268656717, "cnt": 134}, "GENERAL": {"medie": 7.933082706766922, "reusita": 94.02985074626866, "cnt": 134}, "MATEMATICA MATE-INFO": {"medie": 7.9054054054054035, "reusita": 98.66666666666667, "cnt": 75}, "ANATOMIE SI FIZIOLOGIE UMANA, GENETICA SI ECOLOGIE UMANA": {"medie": 7.746825396825398, "reusita": 98.4126984126984, "cnt": 63}, "FIZICA TEO": {"medie": 8.4875, "reusita": 100.0, "cnt": 8}, "GEOGRAFIE": {"medie": 8.875, "reusita": 100.0, "cnt": 2}, "INFORMATICA MI C/C++": {"medie": 7.6096774193548375, "reusita": 96.875, "cnt": 32}, "ISTORIE": {"medie": 8.081666666666667, "reusita": 96.66666666666667, "cnt": 30}, "LOGICA, ARGUMENTARE SI COMUNICARE": {"medie": 9.080357142857142, "reusita": 96.42857142857143, "cnt": 28}, "MATEMATICA ST-NAT": {"medie": 7.184482758620688, "reusita": 96.55172413793103, "cnt": 29}, "CHIMIE ORGANICA TEO NIVEL I/II": {"medie": 8.9, "reusita": 100.0, "cnt": 1}}, "nume": "LICEUL TEORETIC \"DUNAREA\", LOCALITATEA GALATI\tGala\u021bi"}