{"specializari": {"STIINTE SOCIALE": 34, "TEOLOGIE REFORMATA": 32}, "limba_moderna": {"LIMBA ENGLEZA": 46, "LIMBA GERMANA MODERNA": 20}, "limba_materna": {"LIMBA MAGHIARA": 66}, "promotie_anterioara": {"DA": 3, "NU": 63}, "materii": {"LIMBA ROMANA": {"medie": 6.671212121212122, "reusita": 98.48484848484848, "cnt": 66}, "GENERAL": {"medie": 7.656818181818181, "reusita": 96.96969696969697, "cnt": 66}, "GEOGRAFIE": {"medie": 8.504545454545458, "reusita": 100.0, "cnt": 66}, "ISTORIE": {"medie": 7.178787878787881, "reusita": 98.48484848484848, "cnt": 66}, "LIMBA MAGHIARA (REAL)": {"medie": 8.396875, "reusita": 100.0, "cnt": 32}, "LIMBA MAGHIARA (UMAN)": {"medie": 8.155882352941175, "reusita": 97.05882352941177, "cnt": 34}}, "nume": "LICEUL VOCATIONAL REFORMAT TIRGU MURES\tMure\u0219"}