{"specializari": {"MATEMATICA-INFORMATICA": 33, "TEHNICIAN IN TURISM": 32, "FILOLOGIE": 35}, "limba_moderna": {"LIMBA ENGLEZA": 100}, "limba_materna": {"LIMBA ROMANA": 100}, "promotie_anterioara": {"DA": 17, "NU": 83}, "materii": {"LIMBA ROMANA": {"medie": 6.584848484848486, "reusita": 87.0, "cnt": 100}, "MATEMATICA TEHN": {"medie": 3.582258064516129, "reusita": 37.5, "cnt": 32}, "BIOLOGIE VEGETALA SI ANIMALA": {"medie": 6.610000000000001, "reusita": 80.0, "cnt": 5}, "GENERAL": {"medie": 6.181144781144781, "reusita": 56.99999999999999, "cnt": 100}, "MATEMATICA MATE-INFO": {"medie": 5.628787878787879, "reusita": 69.6969696969697, "cnt": 33}, "ANATOMIE SI FIZIOLOGIE UMANA, GENETICA SI ECOLOGIE UMANA": {"medie": 6.439583333333334, "reusita": 79.16666666666666, "cnt": 24}, "FIZICA TEO": {"medie": 2.35, "reusita": 0.0, "cnt": 1}, "GEOGRAFIE": {"medie": 6.741228070175438, "reusita": 81.03448275862068, "cnt": 58}, "INFORMATICA MI C/C++": {"medie": 7.783333333333332, "reusita": 100.0, "cnt": 3}, "ISTORIE": {"medie": 6.362857142857142, "reusita": 91.42857142857143, "cnt": 35}, "LOGICA, ARGUMENTARE SI COMUNICARE": {"medie": 7.427777777777779, "reusita": 100.0, "cnt": 9}}, "nume": "LICEUL TEORETIC \"CARMEN SYLVA\" EFORIE\tConstan\u021ba"}