{"specializari": {"MATEMATICA-INFORMATICA": 55, "FILOLOGIE": 35, "STIINTE ALE NATURII": 33, "STIINTE SOCIALE": 34}, "limba_moderna": {"LIMBA ENGLEZA": 144, "LIMBA FRANCEZA": 13}, "limba_materna": {"LIMBA ROMANA": 157}, "promotie_anterioara": {"NU": 142, "DA": 15}, "materii": {"LIMBA ROMANA": {"medie": 7.054487179487181, "reusita": 96.17834394904459, "cnt": 157}, "BIOLOGIE VEGETALA SI ANIMALA": {"medie": 7.147916666666668, "reusita": 89.79591836734694, "cnt": 49}, "GENERAL": {"medie": 7.283118279569892, "reusita": 81.52866242038218, "cnt": 157}, "MATEMATICA MATE-INFO": {"medie": 6.29, "reusita": 87.27272727272727, "cnt": 55}, "ANATOMIE SI FIZIOLOGIE UMANA, GENETICA SI ECOLOGIE UMANA": {"medie": 7.442857142857143, "reusita": 95.23809523809523, "cnt": 21}, "FIZICA TEO": {"medie": 7.261538461538461, "reusita": 84.61538461538461, "cnt": 13}, "GEOGRAFIE": {"medie": 8.380555555555556, "reusita": 100.0, "cnt": 18}, "INFORMATICA MI C/C++": {"medie": 6.319999999999999, "reusita": 100.0, "cnt": 5}, "ISTORIE": {"medie": 7.8536231884057965, "reusita": 98.55072463768117, "cnt": 69}, "LOGICA, ARGUMENTARE SI COMUNICARE": {"medie": 8.508510638297873, "reusita": 100.0, "cnt": 47}, "MATEMATICA ST-NAT": {"medie": 6.386363636363637, "reusita": 78.78787878787878, "cnt": 33}, "PSIHOLOGIE": {"medie": 8.8, "reusita": 100.0, "cnt": 3}, "SOCIOLOGIE": {"medie": 8.3, "reusita": 100.0, "cnt": 1}}, "nume": "LICEUL TEORETIC \"IULIA ZAMFIRESCU\" MIOVENI\tArge\u0219"}