{"specializari": {"TEHNICIAN MECANIC PENTRU INTRETINERE SI REPARATII": 28, "MATEMATICA-INFORMATICA": 30, "STIINTE ALE NATURII": 32, "FILOLOGIE": 33, "TEHNICIAN VETERINAR": 16, "TEHNICIAN IN ACTIVITATI ECONOMICE": 41}, "limba_moderna": {"LIMBA ENGLEZA": 108, "LIMBA FRANCEZA": 72}, "limba_materna": {"LIMBA ROMANA": 180}, "promotie_anterioara": {"DA": 41, "NU": 139}, "materii": {"LIMBA ROMANA": {"medie": 6.446264367816089, "reusita": 84.44444444444444, "cnt": 180}, "MATEMATICA TEHN": {"medie": 3.7518749999999996, "reusita": 40.0, "cnt": 85}, "BIOLOGIE VEGETALA SI ANIMALA": {"medie": 4.295238095238095, "reusita": 35.714285714285715, "cnt": 28}, "GENERAL": {"medie": 6.131827309236948, "reusita": 46.111111111111114, "cnt": 180}, "MATEMATICA MATE-INFO": {"medie": 4.293333333333333, "reusita": 53.333333333333336, "cnt": 30}, "ANATOMIE SI FIZIOLOGIE UMANA, GENETICA SI ECOLOGIE UMANA": {"medie": 6.680714285714285, "reusita": 79.72972972972973, "cnt": 74}, "GEOGRAFIE": {"medie": 7.710958904109589, "reusita": 94.5945945945946, "cnt": 74}, "INFORMATICA MI C/C++": {"medie": 8.733333333333333, "reusita": 100.0, "cnt": 3}, "ISTORIE": {"medie": 7.5121212121212135, "reusita": 100.0, "cnt": 33}, "MATEMATICA ST-NAT": {"medie": 5.691666666666668, "reusita": 59.375, "cnt": 32}, "CHIMIE ANORGANICA TEO NIVEL I/II": {"medie": 7.6, "reusita": 100.0, "cnt": 1}}, "nume": "LICEUL TEHNOLOGIC PETRACHE POENARU, ORAS BALCESTI\tV\u00e2lcea"}