{"specializari": {"MATEMATICA-INFORMATICA": 30, "TEOLOGIE BAPTISTA": 31}, "limba_moderna": {"LIMBA ENGLEZA": 61}, "limba_materna": {"LIMBA ROMANA": 61}, "promotie_anterioara": {"NU": 56, "DA": 5}, "materii": {"LIMBA ROMANA": {"medie": 7.398360655737709, "reusita": 98.36065573770492, "cnt": 61}, "GENERAL": {"medie": 7.485833333333334, "reusita": 86.88524590163934, "cnt": 61}, "MATEMATICA MATE-INFO": {"medie": 7.518333333333333, "reusita": 93.33333333333333, "cnt": 30}, "ANATOMIE SI FIZIOLOGIE UMANA, GENETICA SI ECOLOGIE UMANA": {"medie": 8.252500000000001, "reusita": 95.0, "cnt": 20}, "GEOGRAFIE": {"medie": 7.978571428571426, "reusita": 95.23809523809523, "cnt": 21}, "INFORMATICA MI C/C++": {"medie": 8.127777777777778, "reusita": 90.0, "cnt": 10}, "ISTORIE": {"medie": 6.688709677419355, "reusita": 96.7741935483871, "cnt": 31}, "PSIHOLOGIE": {"medie": 6.7, "reusita": 80.0, "cnt": 10}}, "nume": "LICEUL TEOLOGIC BAPTIST TIMISOARA\tTimi\u0219"}