{"specializari": {"STIINTE ALE NATURII": 97, "MATEMATICA-INFORMATICA": 82, "FILOLOGIE": 35}, "limba_moderna": {"LIMBA ENGLEZA": 206, "LIMBA FRANCEZA": 8}, "limba_materna": {"LIMBA ROMANA": 214}, "promotie_anterioara": {"DA": 8, "NU": 206}, "materii": {"LIMBA ROMANA": {"medie": 7.925700934579443, "reusita": 99.53271028037383, "cnt": 214}, "BIOLOGIE VEGETALA SI ANIMALA": {"medie": 7.3, "reusita": 100.0, "cnt": 4}, "GENERAL": {"medie": 7.956103286384983, "reusita": 93.92523364485982, "cnt": 214}, "MATEMATICA MATE-INFO": {"medie": 7.53719512195122, "reusita": 97.5609756097561, "cnt": 82}, "ANATOMIE SI FIZIOLOGIE UMANA, GENETICA SI ECOLOGIE UMANA": {"medie": 8.211386138613864, "reusita": 98.01980198019803, "cnt": 101}, "FIZICA TEO": {"medie": 8.2296875, "reusita": 96.875, "cnt": 32}, "GEOGRAFIE": {"medie": 9.181249999999999, "reusita": 100.0, "cnt": 8}, "INFORMATICA MI C/C++": {"medie": 7.723999999999998, "reusita": 92.0, "cnt": 25}, "ISTORIE": {"medie": 7.899999999999999, "reusita": 97.14285714285714, "cnt": 35}, "LOGICA, ARGUMENTARE SI COMUNICARE": {"medie": 8.423333333333334, "reusita": 93.33333333333333, "cnt": 15}, "MATEMATICA ST-NAT": {"medie": 7.596907216494845, "reusita": 98.96907216494846, "cnt": 97}, "PSIHOLOGIE": {"medie": 8.4, "reusita": 100.0, "cnt": 2}, "CHIMIE ANORGANICA TEO NIVEL I/II": {"medie": 8.4, "reusita": 100.0, "cnt": 2}, "CHIMIE ORGANICA TEO NIVEL I/II": {"medie": 9.190000000000001, "reusita": 100.0, "cnt": 10}, "SOCIOLOGIE": {"medie": 8.7125, "reusita": 88.88888888888889, "cnt": 9}, "INFORMATICA SN C/C++": {"medie": 9.58, "reusita": 100.0, "cnt": 5}, "ECONOMIE": {"medie": 8.7, "reusita": 100.0, "cnt": 1}}, "nume": "LICEUL TEORETIC \"C.A. ROSETTI\"\tBucure\u0219ti"}