{"specializari": {"TEHNICIAN OPERATOR TEHNICA DE CALCUL": 57, "TEHNICIAN PRELUCRARI MECANICE": 22, "TEHNICIAN IN INSTALATII ELECTRICE": 61, "MATEMATICA-INFORMATICA": 28, "TEHNICIAN ELECTROTEHNIST": 1}, "limba_moderna": {"LIMBA ENGLEZA": 161, "LIMBA FRANCEZA": 8}, "limba_materna": {"LIMBA ROMANA": 169}, "promotie_anterioara": {"DA": 17, "NU": 152}, "materii": {"LIMBA ROMANA": {"medie": 6.533939393939396, "reusita": 89.94082840236686, "cnt": 169}, "MATEMATICA TEHN": {"medie": 7.134074074074073, "reusita": 85.1063829787234, "cnt": 141}, "BIOLOGIE VEGETALA SI ANIMALA": {"medie": 6.129207920792079, "reusita": 70.47619047619048, "cnt": 105}, "GENERAL": {"medie": 6.7962167689161515, "reusita": 71.00591715976331, "cnt": 169}, "MATEMATICA MATE-INFO": {"medie": 7.5, "reusita": 100.0, "cnt": 28}, "ANATOMIE SI FIZIOLOGIE UMANA, GENETICA SI ECOLOGIE UMANA": {"medie": 7.621428571428572, "reusita": 85.71428571428571, "cnt": 7}, "FIZICA TEO": {"medie": 6.614285714285714, "reusita": 85.71428571428571, "cnt": 7}, "INFORMATICA MI C/C++": {"medie": 9.342857142857143, "reusita": 100.0, "cnt": 14}, "CHIMIE ANORGANICA TEH NIVEL I/II": {"medie": 8.583333333333334, "reusita": 75.0, "cnt": 4}, "FIZICA TEH": {"medie": 6.583870967741936, "reusita": 80.64516129032258, "cnt": 31}, "CHIMIE ORGANICA TEH NIVEL I/II": {"medie": 5.3, "reusita": 100.0, "cnt": 1}}, "nume": "LICEUL TEHNOLOGIC \"VASILE SAV\", MUNICIPIUL ROMAN\tNeam\u021b"}