{"specializari": {"MATEMATICA-INFORMATICA": 60, "FILOLOGIE": 31, "STIINTE ALE NATURII": 28, "STIINTE SOCIALE": 64}, "limba_moderna": {"LIMBA ENGLEZA": 164, "LIMBA FRANCEZA": 19}, "limba_materna": {"LIMBA ROMANA": 183}, "promotie_anterioara": {"DA": 17, "NU": 166}, "materii": {"LIMBA ROMANA": {"medie": 6.775966850828727, "reusita": 88.52459016393442, "cnt": 183}, "GENERAL": {"medie": 6.795251396648045, "reusita": 64.48087431693989, "cnt": 183}, "MATEMATICA MATE-INFO": {"medie": 6.983898305084745, "reusita": 85.0, "cnt": 60}, "ANATOMIE SI FIZIOLOGIE UMANA, GENETICA SI ECOLOGIE UMANA": {"medie": 6.236507936507937, "reusita": 67.6923076923077, "cnt": 65}, "FIZICA TEO": {"medie": 8.34, "reusita": 100.0, "cnt": 10}, "GEOGRAFIE": {"medie": 7.542105263157896, "reusita": 85.0, "cnt": 20}, "INFORMATICA MI C/C++": {"medie": 8.188461538461539, "reusita": 100.0, "cnt": 13}, "ISTORIE": {"medie": 6.532978723404258, "reusita": 85.26315789473684, "cnt": 95}, "LOGICA, ARGUMENTARE SI COMUNICARE": {"medie": 8.017910447761192, "reusita": 92.53731343283582, "cnt": 67}, "MATEMATICA ST-NAT": {"medie": 3.2442307692307684, "reusita": 25.0, "cnt": 28}, "SOCIOLOGIE": {"medie": 7.140000000000001, "reusita": 100.0, "cnt": 5}, "ECONOMIE": {"medie": 8.833333333333334, "reusita": 100.0, "cnt": 3}}, "nume": "LICEUL TEORETIC \"ION MIHALACHE\" TOPOLOVENI\tArge\u0219"}