{"specializari": {"FILOLOGIE": 40, "MATEMATICA-INFORMATICA": 26}, "limba_moderna": {"LIMBA FRANCEZA": 27, "LIMBA ENGLEZA": 39}, "limba_materna": {"LIMBA ROMANA": 66}, "promotie_anterioara": {"DA": 7, "NU": 59}, "materii": {"LIMBA ROMANA": {"medie": 7.026984126984127, "reusita": 84.84848484848484, "cnt": 66}, "GENERAL": {"medie": 6.828042328042328, "reusita": 68.18181818181817, "cnt": 66}, "MATEMATICA MATE-INFO": {"medie": 6.648076923076923, "reusita": 84.61538461538461, "cnt": 26}, "ANATOMIE SI FIZIOLOGIE UMANA, GENETICA SI ECOLOGIE UMANA": {"medie": 7.1833333333333345, "reusita": 91.66666666666666, "cnt": 24}, "GEOGRAFIE": {"medie": 6.931666666666666, "reusita": 78.125, "cnt": 32}, "INFORMATICA MI C/C++": {"medie": 9.25, "reusita": 100.0, "cnt": 2}, "ISTORIE": {"medie": 6.055405405405404, "reusita": 80.0, "cnt": 40}, "LOGICA, ARGUMENTARE SI COMUNICARE": {"medie": 7.435714285714285, "reusita": 75.0, "cnt": 8}}, "nume": "LICEUL TEORETIC \"IOAN BUTEANU\" SOMCUTA MARE\tMaramure\u0219"}