{"specializari": {"TEHNICIAN IN ACTIVITATI ECONOMICE": 5, "TEHNICIAN IN GASTRONOMIE": 24, "INVATATOR - EDUCATOARE": 17, "TEHNICIAN IN ACTIVITATI DE COMERT": 5}, "limba_moderna": {"LIMBA ENGLEZA": 51}, "limba_materna": {"LIMBA ROMANA": 51}, "promotie_anterioara": {"DA": 13, "NU": 38}, "materii": {"LIMBA ROMANA": {"medie": 5.180208333333333, "reusita": 62.745098039215684, "cnt": 51}, "MATEMATICA TEHN": {"medie": 4.658620689655172, "reusita": 44.11764705882353, "cnt": 34}, "GENERAL": {"medie": 5.684782608695652, "reusita": 33.33333333333333, "cnt": 51}, "GEOGRAFIE": {"medie": 6.693421052631579, "reusita": 78.04878048780488, "cnt": 41}, "MATEMATICA PED": {"medie": 6.229411764705882, "reusita": 82.35294117647058, "cnt": 17}, "PSIHOLOGIE": {"medie": 6.333333333333333, "reusita": 88.88888888888889, "cnt": 9}, "ECONOMIE": {"medie": 4.35, "reusita": 0.0, "cnt": 1}}, "nume": "LICEUL TEHNOLOGIC \"BARBU A. STIRBEY\" BUFTEA\tIlfov"}