{"specializari": {"LICEU CU PROGRAM SPORTIV": 75}, "limba_moderna": {"LIMBA ENGLEZA": 74, "LIMBA FRANCEZA": 1}, "limba_materna": {"LIMBA ROMANA": 75}, "promotie_anterioara": {"DA": 8, "NU": 67}, "materii": {"LIMBA ROMANA": {"medie": 5.619594594594594, "reusita": 70.66666666666667, "cnt": 75}, "GENERAL": {"medie": 5.868981481481479, "reusita": 44.0, "cnt": 75}, "GEOGRAFIE": {"medie": 7.81842105263158, "reusita": 94.73684210526315, "cnt": 19}, "ISTORIE": {"medie": 5.330555555555556, "reusita": 62.66666666666667, "cnt": 75}, "LOGICA, ARGUMENTARE SI COMUNICARE": {"medie": 6.20925925925926, "reusita": 66.07142857142857, "cnt": 56}}, "nume": "LICEUL CU PROGRAM SPORTIV \"PETRACHE TRISCU\" CRAIOVA\tDolj"}