{"specializari": {"TEHNICIAN IN TURISM": 2, "TEHNICIAN AGROMONTAN": 9, "TEHNICIAN IN GASTRONOMIE": 16}, "limba_moderna": {"LIMBA ENGLEZA": 21, "LIMBA GERMANA MODERNA": 6}, "limba_materna": {"LIMBA MAGHIARA": 27}, "promotie_anterioara": {"DA": 3, "NU": 24}, "materii": {"LIMBA ROMANA": {"medie": 3.5472222222222225, "reusita": 22.22222222222222, "cnt": 27}, "MATEMATICA TEHN": {"medie": 3.1500000000000004, "reusita": 11.11111111111111, "cnt": 27}, "BIOLOGIE VEGETALA SI ANIMALA": {"medie": 5.220000000000001, "reusita": 22.22222222222222, "cnt": 9}, "GENERAL": {"medie": 4.578676470588236, "reusita": 7.4074074074074066, "cnt": 27}, "GEOGRAFIE": {"medie": 5.8307692307692305, "reusita": 61.111111111111114, "cnt": 18}, "LIMBA MAGHIARA (REAL)": {"medie": 5.836111111111111, "reusita": 55.55555555555556, "cnt": 27}}, "nume": "LICEUL TEHNOLOGIC \"TIVAI NAGY IMRE\" SANMARTIN\tHarghita"}