{"specializari": {"TEHNICIAN IN ACTIVITATI DE COMERT": 17, "MATEMATICA-INFORMATICA": 22}, "limba_moderna": {"LIMBA ENGLEZA": 39}, "limba_materna": {"LIMBA ROMANA": 39}, "promotie_anterioara": {"DA": 8, "NU": 31}, "materii": {"LIMBA ROMANA": {"medie": 6.773076923076924, "reusita": 92.3076923076923, "cnt": 39}, "MATEMATICA TEHN": {"medie": 4.073529411764706, "reusita": 58.82352941176471, "cnt": 17}, "GENERAL": {"medie": 5.864473684210527, "reusita": 38.46153846153847, "cnt": 39}, "MATEMATICA MATE-INFO": {"medie": 3.9357142857142855, "reusita": 40.909090909090914, "cnt": 22}, "ANATOMIE SI FIZIOLOGIE UMANA, GENETICA SI ECOLOGIE UMANA": {"medie": 7.7363636363636346, "reusita": 95.45454545454545, "cnt": 22}, "GEOGRAFIE": {"medie": 5.78529411764706, "reusita": 70.58823529411765, "cnt": 17}}, "nume": "LICEUL\"STEFAN D. LUCHIAN\" STEFANESTI\tBoto\u0219ani"}