{"specializari": {"MATEMATICA-INFORMATICA": 79, "FILOLOGIE": 77, "STIINTE ALE NATURII": 103}, "limba_moderna": {"LIMBA ENGLEZA": 206, "LIMBA ITALIANA": 42, "LIMBA FRANCEZA": 11}, "limba_materna": {"LIMBA ROMANA": 227, "LIMBA ITALIANA": 32}, "promotie_anterioara": {"DA": 20, "NU": 239}, "materii": {"LIMBA ROMANA": {"medie": 7.447470817120628, "reusita": 97.2972972972973, "cnt": 259}, "BIOLOGIE VEGETALA SI ANIMALA": {"medie": 5.734999999999999, "reusita": 63.63636363636363, "cnt": 11}, "GENERAL": {"medie": 7.318461791831351, "reusita": 79.92277992277992, "cnt": 259}, "MATEMATICA MATE-INFO": {"medie": 6.416666666666666, "reusita": 87.34177215189874, "cnt": 79}, "ANATOMIE SI FIZIOLOGIE UMANA, GENETICA SI ECOLOGIE UMANA": {"medie": 7.523148148148148, "reusita": 93.57798165137615, "cnt": 109}, "FIZICA TEO": {"medie": 7.095000000000001, "reusita": 90.2439024390244, "cnt": 41}, "GEOGRAFIE": {"medie": 8.685185185185187, "reusita": 100.0, "cnt": 27}, "INFORMATICA MI C/C++": {"medie": 7.073076923076924, "reusita": 100.0, "cnt": 13}, "ISTORIE": {"medie": 7.509868421052632, "reusita": 94.8051948051948, "cnt": 77}, "LOGICA, ARGUMENTARE SI COMUNICARE": {"medie": 8.186842105263159, "reusita": 94.73684210526315, "cnt": 19}, "MATEMATICA ST-NAT": {"medie": 6.132673267326733, "reusita": 78.64077669902912, "cnt": 103}, "PSIHOLOGIE": {"medie": 9.245454545454546, "reusita": 100.0, "cnt": 11}, "CHIMIE ORGANICA TEO NIVEL I/II": {"medie": 6.7857142857142865, "reusita": 100.0, "cnt": 7}, "SOCIOLOGIE": {"medie": 8.502777777777778, "reusita": 89.47368421052632, "cnt": 19}, "INFORMATICA SN C/C++": {"medie": 7.2, "reusita": 100.0, "cnt": 1}, "ECONOMIE": {"medie": 9.5, "reusita": 100.0, "cnt": 1}, "LIMBA ITALIANA": {"medie": 7.801562499999998, "reusita": 90.625, "cnt": 32}}, "nume": "LICEUL TEORETIC \"DANTE ALIGHIERI\"\tBucure\u0219ti"}