{"specializari": {"STIINTE ALE NATURII": 14, "FILOLOGIE": 24, "MATEMATICA-INFORMATICA": 6}, "limba_moderna": {"LIMBA ENGLEZA": 44}, "limba_materna": {"LIMBA ROMANA": 44}, "promotie_anterioara": {"NU": 32, "DA": 12}, "materii": {"LIMBA ROMANA": {"medie": 4.844871794871795, "reusita": 54.54545454545454, "cnt": 44}, "BIOLOGIE VEGETALA SI ANIMALA": {"medie": 5.516666666666666, "reusita": 71.42857142857143, "cnt": 7}, "GENERAL": {"medie": 4.807017543859649, "reusita": 22.727272727272727, "cnt": 44}, "MATEMATICA MATE-INFO": {"medie": 4.7700000000000005, "reusita": 66.66666666666666, "cnt": 6}, "ANATOMIE SI FIZIOLOGIE UMANA, GENETICA SI ECOLOGIE UMANA": {"medie": 3.9111111111111114, "reusita": 15.384615384615385, "cnt": 13}, "GEOGRAFIE": {"medie": 5.852173913043477, "reusita": 58.333333333333336, "cnt": 24}, "ISTORIE": {"medie": 5.249999999999999, "reusita": 62.5, "cnt": 24}, "MATEMATICA ST-NAT": {"medie": 1.655, "reusita": 7.142857142857142, "cnt": 14}}, "nume": "LICEUL TEORETIC OLTENI\tTeleorman"}