{"specializari": {"TEHNICIAN MECATRONIST": 26}, "limba_moderna": {"LIMBA ENGLEZA": 26}, "limba_materna": {"LIMBA ROMANA": 26}, "promotie_anterioara": {"DA": 11, "NU": 15}, "materii": {"LIMBA ROMANA": {"medie": 4.557499999999999, "reusita": 34.61538461538461, "cnt": 26}, "MATEMATICA TEHN": {"medie": 4.132499999999999, "reusita": 34.61538461538461, "cnt": 26}, "BIOLOGIE VEGETALA SI ANIMALA": {"medie": 4.883333333333333, "reusita": 57.14285714285714, "cnt": 14}, "GENERAL": {"medie": 4.373684210526315, "reusita": 7.6923076923076925, "cnt": 26}, "FIZICA TEH": {"medie": 3.677777777777777, "reusita": 16.666666666666664, "cnt": 12}}, "nume": "LICEUL TEHNOLOGIC NR.1 SUPLACU DE BARCAU\tBihor"}