{"specializari": {"LICEU CU PROGRAM SPORTIV": 59}, "limba_moderna": {"LIMBA ENGLEZA": 59}, "limba_materna": {"LIMBA ROMANA": 59}, "promotie_anterioara": {"NU": 55, "DA": 4}, "materii": {"LIMBA ROMANA": {"medie": 6.858474576271187, "reusita": 94.91525423728814, "cnt": 59}, "GENERAL": {"medie": 7.06497175141243, "reusita": 77.96610169491525, "cnt": 59}, "GEOGRAFIE": {"medie": 7.751428571428572, "reusita": 94.28571428571428, "cnt": 35}, "ISTORIE": {"medie": 6.554237288135594, "reusita": 86.4406779661017, "cnt": 59}, "LOGICA, ARGUMENTARE SI COMUNICARE": {"medie": 7.8694444444444445, "reusita": 83.33333333333334, "cnt": 18}, "PSIHOLOGIE": {"medie": 7.7, "reusita": 100.0, "cnt": 6}}, "nume": "LICEUL CU PROGRAM SPORTIV BRASOV\tBra\u0219ov"}