{"specializari": {"MUZICA": 20, "ARTE PLASTICE SI DECORATIVE": 25, "ARTA ACTORULUI": 7}, "limba_moderna": {"LIMBA ENGLEZA": 52}, "limba_materna": {"LIMBA MAGHIARA": 37, "LIMBA ROMANA": 15}, "promotie_anterioara": {"DA": 8, "NU": 44}, "materii": {"LIMBA ROMANA": {"medie": 4.83627450980392, "reusita": 48.07692307692308, "cnt": 52}, "GENERAL": {"medie": 6.351216666666667, "reusita": 42.30769230769231, "cnt": 52}, "GEOGRAFIE": {"medie": 7.402291666666666, "reusita": 95.91836734693877, "cnt": 49}, "ISTORIE": {"medie": 6.366666666666665, "reusita": 96.15384615384616, "cnt": 52}, "LIMBA MAGHIARA (REAL)": {"medie": 6.443055555555555, "reusita": 91.8918918918919, "cnt": 37}, "LOGICA, ARGUMENTARE SI COMUNICARE": {"medie": 8.450000000000001, "reusita": 100.0, "cnt": 3}}, "nume": "LICEUL DE ARTE \"PLUGOR SANDOR\" SFANTU GHEORGHE\tCovasna"}