{"specializari": {"MUZICA": 33, "ARTE PLASTICE SI DECORATIVE": 46, "ARTA ACTORULUI": 23, "ARHITECTURA, ARTE AMBIENTALE SI DESIGN": 18}, "limba_moderna": {"LIMBA ENGLEZA": 120}, "limba_materna": {"LIMBA MAGHIARA": 60, "LIMBA ROMANA": 60}, "promotie_anterioara": {"DA": 10, "NU": 110}, "materii": {"LIMBA ROMANA": {"medie": 6.12625, "reusita": 86.66666666666667, "cnt": 120}, "GENERAL": {"medie": 7.041141456582629, "reusita": 73.33333333333333, "cnt": 120}, "GEOGRAFIE": {"medie": 7.973936170212768, "reusita": 97.87234042553192, "cnt": 94}, "ISTORIE": {"medie": 6.594166666666666, "reusita": 91.66666666666666, "cnt": 120}, "FILOSOFIE": {"medie": 7.233333333333333, "reusita": 100.0, "cnt": 3}, "LIMBA MAGHIARA (REAL)": {"medie": 8.307500000000001, "reusita": 98.33333333333333, "cnt": 60}, "LOGICA, ARGUMENTARE SI COMUNICARE": {"medie": 6.93076923076923, "reusita": 71.42857142857143, "cnt": 14}, "PSIHOLOGIE": {"medie": 8.683333333333335, "reusita": 100.0, "cnt": 9}}, "nume": "LICEUL VOCATIONAL DE ARTA TIRGU MURES\tMure\u0219"}