{"specializari": {"LICEU CU PROGRAM SPORTIV": 30, "MATEMATICA-INFORMATICA": 30, "STIINTE ALE NATURII": 30, "FILOLOGIE": 34}, "limba_moderna": {"LIMBA ENGLEZA": 124}, "limba_materna": {"LIMBA ROMANA": 124}, "promotie_anterioara": {"DA": 12, "NU": 112}, "materii": {"LIMBA ROMANA": {"medie": 7.678629032258064, "reusita": 97.58064516129032, "cnt": 124}, "BIOLOGIE VEGETALA SI ANIMALA": {"medie": 8.069230769230767, "reusita": 100.0, "cnt": 13}, "GENERAL": {"medie": 7.540514905149052, "reusita": 87.09677419354838, "cnt": 124}, "MATEMATICA MATE-INFO": {"medie": 7.655172413793104, "reusita": 96.66666666666667, "cnt": 30}, "ANATOMIE SI FIZIOLOGIE UMANA, GENETICA SI ECOLOGIE UMANA": {"medie": 7.842857142857142, "reusita": 93.10344827586206, "cnt": 29}, "FIZICA TEO": {"medie": 8.692857142857141, "reusita": 100.0, "cnt": 7}, "GEOGRAFIE": {"medie": 8.065999999999999, "reusita": 100.0, "cnt": 50}, "INFORMATICA MI C/C++": {"medie": 6.818181818181818, "reusita": 100.0, "cnt": 11}, "ISTORIE": {"medie": 6.667968749999999, "reusita": 90.625, "cnt": 64}, "LOGICA, ARGUMENTARE SI COMUNICARE": {"medie": 7.340000000000001, "reusita": 100.0, "cnt": 5}, "MATEMATICA ST-NAT": {"medie": 7.328333333333333, "reusita": 96.66666666666667, "cnt": 30}, "PSIHOLOGIE": {"medie": 7.766666666666666, "reusita": 100.0, "cnt": 9}}, "nume": "LICEUL TEORETIC \"TRAIAN VUIA\" RESITA\tCara\u0219-Severin"}