{"specializari": {"MATEMATICA-INFORMATICA": 36, "STIINTE ALE NATURII": 35, "FILOLOGIE": 63}, "limba_moderna": {"LIMBA ENGLEZA": 108, "LIMBA FRANCEZA": 26}, "limba_materna": {"LIMBA ROMANA": 134}, "promotie_anterioara": {"NU": 116, "DA": 18}, "materii": {"LIMBA ROMANA": {"medie": 7.355639097744361, "reusita": 97.01492537313433, "cnt": 134}, "BIOLOGIE VEGETALA SI ANIMALA": {"medie": 6.605263157894737, "reusita": 84.21052631578947, "cnt": 19}, "GENERAL": {"medie": 7.163131313131313, "reusita": 72.38805970149254, "cnt": 134}, "MATEMATICA MATE-INFO": {"medie": 5.036764705882353, "reusita": 63.888888888888886, "cnt": 36}, "ANATOMIE SI FIZIOLOGIE UMANA, GENETICA SI ECOLOGIE UMANA": {"medie": 7.300000000000001, "reusita": 90.625, "cnt": 32}, "FIZICA TEO": {"medie": 7.333333333333333, "reusita": 71.42857142857143, "cnt": 7}, "GEOGRAFIE": {"medie": 8.31904761904762, "reusita": 95.23809523809523, "cnt": 21}, "INFORMATICA MI C/C++": {"medie": 6.550000000000001, "reusita": 87.5, "cnt": 8}, "ISTORIE": {"medie": 6.7809523809523835, "reusita": 92.06349206349206, "cnt": 63}, "LOGICA, ARGUMENTARE SI COMUNICARE": {"medie": 8.63918918918919, "reusita": 94.5945945945946, "cnt": 37}, "MATEMATICA ST-NAT": {"medie": 6.9142857142857155, "reusita": 88.57142857142857, "cnt": 35}, "PSIHOLOGIE": {"medie": 8.1, "reusita": 100.0, "cnt": 3}, "CHIMIE ANORGANICA TEO NIVEL I/II": {"medie": 8.120000000000001, "reusita": 80.0, "cnt": 5}, "SOCIOLOGIE": {"medie": 7.4, "reusita": 100.0, "cnt": 2}}, "nume": "LICEUL TEORETIC \"BRANCOVEANU VODA\", ORASUL URLATI\tPrahova"}