{"specializari": {"LICEU CU PROGRAM SPORTIV": 153, "STIINTE ALE NATURII": 19, "STIINTE SOCIALE": 36}, "limba_moderna": {"LIMBA ENGLEZA": 197, "LIMBA FRANCEZA": 10, "LIMBA SPANIOLA": 1}, "limba_materna": {"LIMBA ROMANA": 208}, "promotie_anterioara": {"DA": 39, "NU": 169}, "materii": {"LIMBA ROMANA": {"medie": 6.295431472081217, "reusita": 84.61538461538461, "cnt": 208}, "BIOLOGIE VEGETALA SI ANIMALA": {"medie": 6.366666666666667, "reusita": 100.0, "cnt": 3}, "GENERAL": {"medie": 6.447368421052629, "reusita": 53.36538461538461, "cnt": 208}, "ANATOMIE SI FIZIOLOGIE UMANA, GENETICA SI ECOLOGIE UMANA": {"medie": 5.4833333333333325, "reusita": 66.66666666666666, "cnt": 15}, "GEOGRAFIE": {"medie": 7.4047619047619095, "reusita": 86.875, "cnt": 160}, "ISTORIE": {"medie": 5.768079096045199, "reusita": 75.13227513227513, "cnt": 189}, "LOGICA, ARGUMENTARE SI COMUNICARE": {"medie": 7.463636363636363, "reusita": 73.91304347826086, "cnt": 23}, "MATEMATICA ST-NAT": {"medie": 4.934210526315789, "reusita": 57.89473684210527, "cnt": 19}, "CHIMIE ORGANICA TEO NIVEL I/II": {"medie": 9.15, "reusita": 100.0, "cnt": 1}, "SOCIOLOGIE": {"medie": 7.24, "reusita": 100.0, "cnt": 5}, "ECONOMIE": {"medie": 9.4, "reusita": 100.0, "cnt": 1}}, "nume": "LICEUL CU PROGRAM SPORTIV \"MIRCEA ELIADE\"\tBucure\u0219ti"}