{"specializari": {"MATEMATICA-INFORMATICA": 101, "STIINTE ALE NATURII": 54, "FILOLOGIE": 74}, "limba_moderna": {"LIMBA ENGLEZA": 171, "LIMBA FRANCEZA": 58}, "limba_materna": {"LIMBA ROMANA": 229}, "promotie_anterioara": {"NU": 210, "DA": 19}, "materii": {"LIMBA ROMANA": {"medie": 7.514410480349347, "reusita": 100.0, "cnt": 229}, "BIOLOGIE VEGETALA SI ANIMALA": {"medie": 6.421666666666667, "reusita": 93.54838709677419, "cnt": 31}, "GENERAL": {"medie": 7.529239766081874, "reusita": 83.4061135371179, "cnt": 229}, "MATEMATICA MATE-INFO": {"medie": 7.0559405940594075, "reusita": 91.0891089108911, "cnt": 101}, "ANATOMIE SI FIZIOLOGIE UMANA, GENETICA SI ECOLOGIE UMANA": {"medie": 7.134883720930234, "reusita": 95.34883720930233, "cnt": 43}, "FIZICA TEO": {"medie": 7.5513157894736835, "reusita": 89.47368421052632, "cnt": 38}, "GEOGRAFIE": {"medie": 8.142857142857142, "reusita": 100.0, "cnt": 7}, "INFORMATICA MI C/C++": {"medie": 8.052941176470586, "reusita": 97.05882352941177, "cnt": 34}, "ISTORIE": {"medie": 7.712837837837838, "reusita": 100.0, "cnt": 74}, "FILOSOFIE": {"medie": 8.925, "reusita": 100.0, "cnt": 2}, "LOGICA, ARGUMENTARE SI COMUNICARE": {"medie": 9.322881355932205, "reusita": 100.0, "cnt": 59}, "MATEMATICA ST-NAT": {"medie": 6.454629629629628, "reusita": 88.88888888888889, "cnt": 54}, "PSIHOLOGIE": {"medie": 9.4375, "reusita": 100.0, "cnt": 4}, "CHIMIE ANORGANICA TEO NIVEL I/II": {"medie": 6.550000000000001, "reusita": 50.0, "cnt": 2}, "CHIMIE ORGANICA TEO NIVEL I/II": {"medie": 8.221428571428573, "reusita": 100.0, "cnt": 7}, "SOCIOLOGIE": {"medie": 6.45, "reusita": 100.0, "cnt": 2}}, "nume": "LICEUL TEORETIC \"ALEXANDRU MARGHILOMAN\" MUNICIPIUL BUZAU\tBuz\u0103u"}