{"specializari": {"STIINTE ALE NATURII": 61, "MATEMATICA-INFORMATICA": 41, "FILOLOGIE": 73}, "limba_moderna": {"LIMBA ENGLEZA": 137, "LIMBA FRANCEZA": 35, "LIMBA GERMANA MODERNA": 3}, "limba_materna": {"LIMBA UCRAINEANA": 19, "LIMBA ROMANA": 156}, "promotie_anterioara": {"DA": 26, "NU": 149}, "materii": {"LIMBA ROMANA": {"medie": 7.166176470588234, "reusita": 92.0, "cnt": 175}, "BIOLOGIE VEGETALA SI ANIMALA": {"medie": 6.178846153846153, "reusita": 69.0909090909091, "cnt": 55}, "GENERAL": {"medie": 6.767664670658684, "reusita": 60.57142857142858, "cnt": 175}, "MATEMATICA MATE-INFO": {"medie": 6.984615384615386, "reusita": 85.36585365853658, "cnt": 41}, "ANATOMIE SI FIZIOLOGIE UMANA, GENETICA SI ECOLOGIE UMANA": {"medie": 7.45, "reusita": 90.0, "cnt": 30}, "FIZICA TEO": {"medie": 6.4, "reusita": 100.0, "cnt": 2}, "GEOGRAFIE": {"medie": 7.705223880597017, "reusita": 95.65217391304348, "cnt": 69}, "INFORMATICA MI C/C++": {"medie": 8.910714285714286, "reusita": 100.0, "cnt": 14}, "ISTORIE": {"medie": 5.950704225352114, "reusita": 75.34246575342466, "cnt": 73}, "LOGICA, ARGUMENTARE SI COMUNICARE": {"medie": 8.8, "reusita": 100.0, "cnt": 1}, "MATEMATICA ST-NAT": {"medie": 4.517241379310346, "reusita": 47.540983606557376, "cnt": 61}, "PSIHOLOGIE": {"medie": 5.733333333333333, "reusita": 66.66666666666666, "cnt": 3}, "CHIMIE ORGANICA TEO NIVEL I/II": {"medie": 7.45, "reusita": 100.0, "cnt": 1}, "LIMBA UCRAINEANA": {"medie": 7.336842105263158, "reusita": 100.0, "cnt": 19}}, "nume": "LICEUL TEORETIC \"IULIA HASDEU\" LUGOJ\tTimi\u0219"}