{"specializari": {"TEHNICIAN IN ACTIVITATI ECONOMICE": 113}, "limba_moderna": {"LIMBA ENGLEZA": 111, "LIMBA FRANCEZA": 2}, "limba_materna": {"LIMBA ROMANA": 113}, "promotie_anterioara": {"DA": 40, "NU": 73}, "materii": {"LIMBA ROMANA": {"medie": 5.55454545454546, "reusita": 78.76106194690266, "cnt": 113}, "MATEMATICA TEHN": {"medie": 3.938834951456311, "reusita": 39.823008849557525, "cnt": 113}, "GENERAL": {"medie": 5.306372549019608, "reusita": 30.973451327433626, "cnt": 113}, "GEOGRAFIE": {"medie": 6.275700934579439, "reusita": 75.22123893805309, "cnt": 113}}, "nume": "LICEUL TEHNOLOGIC \"TIU DUMITRESCU\" MIHAILESTI\tGiurgiu"}