{"specializari": {"LICEU CU PROGRAM SPORTIV": 131}, "limba_moderna": {"LIMBA ENGLEZA": 129, "LIMBA GERMANA MODERNA": 1, "LIMBA FRANCEZA": 1}, "limba_materna": {"LIMBA ROMANA": 131}, "promotie_anterioara": {"DA": 28, "NU": 103}, "materii": {"LIMBA ROMANA": {"medie": 5.901209677419355, "reusita": 80.91603053435115, "cnt": 131}, "GENERAL": {"medie": 6.244444444444443, "reusita": 52.67175572519084, "cnt": 131}, "GEOGRAFIE": {"medie": 7.2186440677966095, "reusita": 84.92063492063492, "cnt": 126}, "ISTORIE": {"medie": 5.555737704918031, "reusita": 69.46564885496184, "cnt": 131}, "LOGICA, ARGUMENTARE SI COMUNICARE": {"medie": 7.866666666666667, "reusita": 100.0, "cnt": 3}, "PSIHOLOGIE": {"medie": 7.699999999999999, "reusita": 100.0, "cnt": 2}}, "nume": "LICEUL CU PROGRAM SPORTIV \"BANATUL\" TIMISOARA\tTimi\u0219"}