{"specializari": {"TEHNICIAN IN ACTIVITATI DE COMERT": 11}, "limba_moderna": {"LIMBA ENGLEZA": 11}, "limba_materna": {"LIMBA ROMANA": 11}, "promotie_anterioara": {"NU": 11}, "materii": {"LIMBA ROMANA": {"medie": 5.268181818181819, "reusita": 54.54545454545454, "cnt": 11}, "MATEMATICA TEHN": {"medie": 4.559090909090909, "reusita": 45.45454545454545, "cnt": 11}, "GENERAL": {"medie": 5.736363636363636, "reusita": 27.27272727272727, "cnt": 11}, "GEOGRAFIE": {"medie": 7.381818181818182, "reusita": 90.9090909090909, "cnt": 11}}, "nume": "LICEUL TEHNOLOGIC \"ILIE MACELARIU\" MIERCUREA SIBIULUI\tSibiu"}