{"specializari": {"TEHNICIAN IN TURISM": 58, "TEHNICIAN IN ACTIVITATI ECONOMICE": 131}, "limba_moderna": {"LIMBA ENGLEZA": 150, "LIMBA FRANCEZA": 39}, "limba_materna": {"LIMBA ROMANA": 189}, "promotie_anterioara": {"DA": 24, "NU": 165}, "materii": {"LIMBA ROMANA": {"medie": 5.715322580645164, "reusita": 80.42328042328042, "cnt": 189}, "MATEMATICA TEHN": {"medie": 5.319565217391309, "reusita": 64.55026455026454, "cnt": 189}, "GENERAL": {"medie": 5.952367941712207, "reusita": 51.32275132275132, "cnt": 189}, "GEOGRAFIE": {"medie": 6.911068702290076, "reusita": 85.82089552238806, "cnt": 134}, "LOGICA, ARGUMENTARE SI COMUNICARE": {"medie": 6.814893617021277, "reusita": 68.75, "cnt": 48}, "PSIHOLOGIE": {"medie": 5.683333333333333, "reusita": 100.0, "cnt": 3}, "ECONOMIE": {"medie": 5.7625, "reusita": 100.0, "cnt": 4}}, "nume": "LICEUL TEHNOLOGIC \"MIRCEA VULCANESCU\"\tBucure\u0219ti"}