{"specializari": {"FILOLOGIE": 22, "LICEU CU PROGRAM SPORTIV": 36, "STIINTE SOCIALE": 41, "INVATATOR - EDUCATOARE": 24, "STIINTE ALE NATURII": 30}, "limba_moderna": {"LIMBA ENGLEZA": 145, "LIMBA RUSA": 4, "LIMBA FRANCEZA": 4}, "limba_materna": {"LIMBA ROMANA": 153}, "promotie_anterioara": {"NU": 126, "DA": 27}, "materii": {"LIMBA ROMANA": {"medie": 6.675827814569538, "reusita": 90.84967320261438, "cnt": 153}, "GENERAL": {"medie": 6.83903803131991, "reusita": 73.20261437908496, "cnt": 153}, "ANATOMIE SI FIZIOLOGIE UMANA, GENETICA SI ECOLOGIE UMANA": {"medie": 6.825, "reusita": 83.33333333333334, "cnt": 24}, "FIZICA TEO": {"medie": "-", "reusita": 0.0, "cnt": 1}, "GEOGRAFIE": {"medie": 7.314285714285714, "reusita": 92.85714285714286, "cnt": 70}, "ISTORIE": {"medie": 6.299484536082471, "reusita": 88.88888888888889, "cnt": 99}, "LOGICA, ARGUMENTARE SI COMUNICARE": {"medie": 7.6380434782608715, "reusita": 83.6734693877551, "cnt": 49}, "MATEMATICA ST-NAT": {"medie": 6.413793103448275, "reusita": 86.66666666666667, "cnt": 30}, "MATEMATICA PED": {"medie": 6.945833333333333, "reusita": 83.33333333333334, "cnt": 24}, "CHIMIE ORGANICA TEO NIVEL I/II": {"medie": 7.890000000000001, "reusita": 100.0, "cnt": 5}, "SOCIOLOGIE": {"medie": 8.85, "reusita": 100.0, "cnt": 3}, "ECONOMIE": {"medie": 9.7, "reusita": 100.0, "cnt": 1}}, "nume": "LICEUL TEORETIC \"ION CREANGA\" TULCEA\tTulcea"}