{"specializari": {"TEHNICIAN IN ACTIVITATI ECONOMICE": 27, "FILOLOGIE": 33, "MATEMATICA-INFORMATICA": 19, "STIINTE ALE NATURII": 25, "STIINTE SOCIALE": 29}, "limba_moderna": {"LIMBA ENGLEZA": 122, "LIMBA FRANCEZA": 11}, "limba_materna": {"LIMBA ROMANA": 133}, "promotie_anterioara": {"DA": 6, "NU": 127}, "materii": {"LIMBA ROMANA": {"medie": 6.96203007518797, "reusita": 91.72932330827066, "cnt": 133}, "MATEMATICA TEHN": {"medie": 5.790740740740741, "reusita": 74.07407407407408, "cnt": 27}, "BIOLOGIE VEGETALA SI ANIMALA": {"medie": 5.383333333333333, "reusita": 100.0, "cnt": 3}, "GENERAL": {"medie": 7.227568922305764, "reusita": 73.68421052631578, "cnt": 133}, "MATEMATICA MATE-INFO": {"medie": 7.6000000000000005, "reusita": 94.73684210526315, "cnt": 19}, "ANATOMIE SI FIZIOLOGIE UMANA, GENETICA SI ECOLOGIE UMANA": {"medie": 7.236363636363637, "reusita": 77.27272727272727, "cnt": 22}, "FIZICA TEO": {"medie": 8.735714285714284, "reusita": 100.0, "cnt": 7}, "GEOGRAFIE": {"medie": 7.8378378378378395, "reusita": 89.1891891891892, "cnt": 37}, "ISTORIE": {"medie": 7.169354838709678, "reusita": 93.54838709677419, "cnt": 62}, "LOGICA, ARGUMENTARE SI COMUNICARE": {"medie": 8.288235294117648, "reusita": 92.15686274509804, "cnt": 51}, "MATEMATICA ST-NAT": {"medie": 5.84, "reusita": 64.0, "cnt": 25}, "PSIHOLOGIE": {"medie": 7.9, "reusita": 100.0, "cnt": 1}, "CHIMIE ORGANICA TEO NIVEL I/II": {"medie": 9.766666666666666, "reusita": 100.0, "cnt": 3}, "INFORMATICA MI PASCAL": {"medie": 8.911111111111111, "reusita": 100.0, "cnt": 9}}, "nume": "LICEUL TEORETIC \"IOAN SLAVICI\" PANCIU\tVrancea"}