{"specializari": {"STIINTE ALE NATURII": 60, "MATEMATICA-INFORMATICA": 59, "LICEU CU PROGRAM SPORTIV": 29, "FILOLOGIE": 68}, "limba_moderna": {"LIMBA FRANCEZA": 9, "LIMBA ENGLEZA": 191, "LIMBA SPANIOLA": 16}, "limba_materna": {"LIMBA ROMANA": 216}, "promotie_anterioara": {"DA": 22, "NU": 194}, "materii": {"LIMBA ROMANA": {"medie": 7.090697674418601, "reusita": 99.07407407407408, "cnt": 216}, "BIOLOGIE VEGETALA SI ANIMALA": {"medie": 6.6, "reusita": 100.0, "cnt": 2}, "GENERAL": {"medie": 6.972118380062304, "reusita": 73.61111111111111, "cnt": 216}, "MATEMATICA MATE-INFO": {"medie": 5.924999999999999, "reusita": 86.4406779661017, "cnt": 59}, "ANATOMIE SI FIZIOLOGIE UMANA, GENETICA SI ECOLOGIE UMANA": {"medie": 7.51990740740741, "reusita": 94.4954128440367, "cnt": 109}, "FIZICA TEO": {"medie": 7.625, "reusita": 100.0, "cnt": 4}, "GEOGRAFIE": {"medie": 8.185897435897434, "reusita": 100.0, "cnt": 39}, "INFORMATICA MI C/C++": {"medie": 6.9125, "reusita": 100.0, "cnt": 4}, "ISTORIE": {"medie": 6.77835051546392, "reusita": 92.78350515463917, "cnt": 97}, "LOGICA, ARGUMENTARE SI COMUNICARE": {"medie": 8.4625, "reusita": 87.5, "cnt": 8}, "MATEMATICA ST-NAT": {"medie": 4.940833333333333, "reusita": 61.66666666666667, "cnt": 60}, "PSIHOLOGIE": {"medie": 8.019230769230768, "reusita": 92.3076923076923, "cnt": 13}, "SOCIOLOGIE": {"medie": 8.025675675675673, "reusita": 97.2972972972973, "cnt": 37}}, "nume": "LICEUL TEORETIC \"BENJAMIN FRANKLIN\"\tBucure\u0219ti"}