{"specializari": {"MATEMATICA-INFORMATICA": 16, "FILOLOGIE": 30}, "limba_moderna": {"LIMBA ENGLEZA": 45, "LIMBA FRANCEZA": 1}, "limba_materna": {"LIMBA ROMANA": 46}, "promotie_anterioara": {"DA": 6, "NU": 40}, "materii": {"LIMBA ROMANA": {"medie": 7.369767441860463, "reusita": 93.47826086956522, "cnt": 46}, "BIOLOGIE VEGETALA SI ANIMALA": {"medie": 6.6375, "reusita": 81.25, "cnt": 16}, "GENERAL": {"medie": 7.266666666666669, "reusita": 80.43478260869566, "cnt": 46}, "MATEMATICA MATE-INFO": {"medie": 4.93125, "reusita": 75.0, "cnt": 16}, "GEOGRAFIE": {"medie": 8.6375, "reusita": 88.88888888888889, "cnt": 18}, "ISTORIE": {"medie": 6.951851851851852, "reusita": 86.66666666666667, "cnt": 30}, "LOGICA, ARGUMENTARE SI COMUNICARE": {"medie": 9.372727272727273, "reusita": 91.66666666666666, "cnt": 12}}, "nume": "LICEUL TEORETIC ORAS POGOANELE\tBuz\u0103u"}