{"specializari": {"STIINTE SOCIALE": 66, "MATEMATICA-INFORMATICA": 84, "STIINTE ALE NATURII": 35, "FILOLOGIE": 65}, "limba_moderna": {"LIMBA ENGLEZA": 245, "LIMBA FRANCEZA": 5}, "limba_materna": {"LIMBA ROMANA": 250}, "promotie_anterioara": {"DA": 6, "NU": 244}, "materii": {"LIMBA ROMANA": {"medie": 8.183132530120483, "reusita": 98.0, "cnt": 250}, "GENERAL": {"medie": 7.9728246318607745, "reusita": 91.60000000000001, "cnt": 250}, "MATEMATICA MATE-INFO": {"medie": 8.337500000000002, "reusita": 97.61904761904762, "cnt": 84}, "ANATOMIE SI FIZIOLOGIE UMANA, GENETICA SI ECOLOGIE UMANA": {"medie": 7.718867924528302, "reusita": 100.0, "cnt": 53}, "FIZICA TEO": {"medie": 8.34489795918367, "reusita": 97.95918367346938, "cnt": 49}, "GEOGRAFIE": {"medie": 8.248404255319146, "reusita": 96.80851063829788, "cnt": 94}, "INFORMATICA MI C/C++": {"medie": 8.367857142857142, "reusita": 100.0, "cnt": 14}, "ISTORIE": {"medie": 7.312692307692306, "reusita": 96.18320610687023, "cnt": 131}, "LOGICA, ARGUMENTARE SI COMUNICARE": {"medie": 8.305172413793104, "reusita": 93.10344827586206, "cnt": 29}, "MATEMATICA ST-NAT": {"medie": 6.522857142857143, "reusita": 85.71428571428571, "cnt": 35}, "PSIHOLOGIE": {"medie": 8.691666666666665, "reusita": 100.0, "cnt": 6}, "CHIMIE ORGANICA TEO NIVEL I/II": {"medie": 9.966666666666667, "reusita": 100.0, "cnt": 3}, "ECONOMIE": {"medie": 5.7, "reusita": 100.0, "cnt": 2}}, "nume": "LICEUL TEORETIC \"MIHAI VITEAZUL\" CARACAL\tOlt"}