{"specializari": {"STIINTE SOCIALE": 40, "TEHNICIAN IN TURISM": 38, "TEHNICIAN MECATRONIST": 27, "TEHNICIAN IN ACTIVITATI DE COMERT": 10, "MATEMATICA-INFORMATICA": 20, "STIINTE ALE NATURII": 25, "FILOLOGIE": 34, "TEHNICIAN IN ACTIVITATI ECONOMICE": 30, "TEHNICIAN TRANSPORTURI": 4, "TEHNICIAN IN GASTRONOMIE": 1}, "limba_moderna": {"LIMBA ENGLEZA": 229}, "limba_materna": {"LIMBA ROMANA": 229}, "promotie_anterioara": {"DA": 41, "NU": 188}, "materii": {"LIMBA ROMANA": {"medie": 5.899047619047617, "reusita": 71.17903930131004, "cnt": 229}, "MATEMATICA TEHN": {"medie": 4.54836956521739, "reusita": 44.54545454545455, "cnt": 110}, "BIOLOGIE VEGETALA SI ANIMALA": {"medie": 4.584821428571429, "reusita": 40.98360655737705, "cnt": 61}, "GENERAL": {"medie": 5.85739837398374, "reusita": 46.288209606986904, "cnt": 229}, "MATEMATICA MATE-INFO": {"medie": 6.325, "reusita": 85.0, "cnt": 20}, "ANATOMIE SI FIZIOLOGIE UMANA, GENETICA SI ECOLOGIE UMANA": {"medie": 8.378571428571428, "reusita": 100.0, "cnt": 7}, "GEOGRAFIE": {"medie": 7.192622950819675, "reusita": 84.21052631578947, "cnt": 133}, "INFORMATICA MI C/C++": {"medie": 7.683333333333333, "reusita": 100.0, "cnt": 3}, "ISTORIE": {"medie": 5.849324324324325, "reusita": 86.48648648648648, "cnt": 74}, "FILOSOFIE": {"medie": 5.525, "reusita": 100.0, "cnt": 2}, "MATEMATICA ST-NAT": {"medie": 2.847916666666667, "reusita": 20.0, "cnt": 25}, "PSIHOLOGIE": {"medie": 8.288461538461537, "reusita": 92.3076923076923, "cnt": 13}, "FIZICA TEH": {"medie": 2.5, "reusita": 0.0, "cnt": 5}, "ECONOMIE": {"medie": 8.02, "reusita": 100.0, "cnt": 5}}, "nume": "LICEUL BORSA\tMaramure\u0219"}