{"specializari": {"LICEU CU PROGRAM SPORTIV": 84}, "limba_moderna": {"LIMBA ENGLEZA": 84}, "limba_materna": {"LIMBA ROMANA": 84}, "promotie_anterioara": {"DA": 17, "NU": 67}, "materii": {"LIMBA ROMANA": {"medie": 5.431410256410254, "reusita": 72.61904761904762, "cnt": 84}, "GENERAL": {"medie": 5.609868421052632, "reusita": 38.095238095238095, "cnt": 84}, "GEOGRAFIE": {"medie": 6.363793103448275, "reusita": 85.71428571428571, "cnt": 63}, "ISTORIE": {"medie": 5.008860759493672, "reusita": 63.095238095238095, "cnt": 84}, "LOGICA, ARGUMENTARE SI COMUNICARE": {"medie": 6.1775, "reusita": 57.14285714285714, "cnt": 21}}, "nume": "LICEUL CU PROGRAM SPORTIV, MUNICIPIUL PIATRA-NEAMT\tNeam\u021b"}