{"specializari": {"MATEMATICA-INFORMATICA": 26, "STIINTE ALE NATURII": 14, "FILOLOGIE": 28, "STIINTE SOCIALE": 1}, "limba_moderna": {"LIMBA FRANCEZA": 14, "LIMBA ENGLEZA": 55}, "limba_materna": {"LIMBA ROMANA": 69}, "promotie_anterioara": {"NU": 60, "DA": 9}, "materii": {"LIMBA ROMANA": {"medie": 6.524242424242424, "reusita": 85.5072463768116, "cnt": 69}, "BIOLOGIE VEGETALA SI ANIMALA": {"medie": 6.366666666666667, "reusita": 66.66666666666666, "cnt": 3}, "GENERAL": {"medie": 6.420769230769233, "reusita": 52.17391304347826, "cnt": 69}, "MATEMATICA MATE-INFO": {"medie": 6.4, "reusita": 80.76923076923077, "cnt": 26}, "ANATOMIE SI FIZIOLOGIE UMANA, GENETICA SI ECOLOGIE UMANA": {"medie": 8.033823529411764, "reusita": 81.08108108108108, "cnt": 37}, "GEOGRAFIE": {"medie": 6.414285714285714, "reusita": 82.75862068965517, "cnt": 29}, "ISTORIE": {"medie": 5.014285714285715, "reusita": 58.620689655172406, "cnt": 29}, "MATEMATICA ST-NAT": {"medie": 3.995833333333333, "reusita": 35.714285714285715, "cnt": 14}}, "nume": "LICEUL TEORETIC GATAIA\tTimi\u0219"}