{"specializari": {"MATEMATICA-INFORMATICA": 54, "STIINTE ALE NATURII": 57, "FILOLOGIE": 29, "STIINTE SOCIALE": 2}, "limba_moderna": {"LIMBA FRANCEZA": 18, "LIMBA GERMANA MODERNA": 32, "LIMBA ENGLEZA": 68, "LIMBA ITALIANA": 24}, "limba_materna": {"LIMBA MAGHIARA": 142}, "promotie_anterioara": {"DA": 14, "NU": 128}, "materii": {"LIMBA ROMANA": {"medie": 6.42375886524823, "reusita": 87.32394366197182, "cnt": 142}, "BIOLOGIE VEGETALA SI ANIMALA": {"medie": 9.6, "reusita": 100.0, "cnt": 1}, "GENERAL": {"medie": 7.559712230215822, "reusita": 80.98591549295774, "cnt": 142}, "MATEMATICA MATE-INFO": {"medie": 7.342592592592594, "reusita": 92.5925925925926, "cnt": 54}, "ANATOMIE SI FIZIOLOGIE UMANA, GENETICA SI ECOLOGIE UMANA": {"medie": 8.928873239436621, "reusita": 98.61111111111111, "cnt": 72}, "FIZICA TEO": {"medie": 8.5, "reusita": 100.0, "cnt": 10}, "GEOGRAFIE": {"medie": 8.061538461538463, "reusita": 100.0, "cnt": 26}, "INFORMATICA MI C/C++": {"medie": 7.6148148148148165, "reusita": 100.0, "cnt": 27}, "ISTORIE": {"medie": 7.398333333333331, "reusita": 96.7741935483871, "cnt": 31}, "LIMBA MAGHIARA (REAL)": {"medie": 8.253153153153155, "reusita": 100.0, "cnt": 111}, "MATEMATICA ST-NAT": {"medie": 6.853508771929822, "reusita": 96.49122807017544, "cnt": 57}, "LIMBA MAGHIARA (UMAN)": {"medie": 7.225806451612904, "reusita": 96.7741935483871, "cnt": 31}, "PSIHOLOGIE": {"medie": 9.24, "reusita": 100.0, "cnt": 5}, "CHIMIE ANORGANICA TEO NIVEL I/II": {"medie": 9.8, "reusita": 100.0, "cnt": 1}}, "nume": "LICEUL TEORETIC \"ADY ENDRE\" ORADEA\tBihor"}