{"specializari": {"TEOLOGIE ROMANO-CATOLICA": 21}, "limba_moderna": {"LIMBA ENGLEZA": 21}, "limba_materna": {"LIMBA MAGHIARA": 21}, "promotie_anterioara": {"DA": 1, "NU": 20}, "materii": {"LIMBA ROMANA": {"medie": 3.8974999999999995, "reusita": 38.095238095238095, "cnt": 21}, "GENERAL": {"medie": 5.913750000000001, "reusita": 38.095238095238095, "cnt": 21}, "GEOGRAFIE": {"medie": 7.131578947368421, "reusita": 95.0, "cnt": 20}, "ISTORIE": {"medie": 6.3050000000000015, "reusita": 80.95238095238095, "cnt": 21}, "FILOSOFIE": {"medie": 7.3, "reusita": 100.0, "cnt": 1}, "LIMBA MAGHIARA (REAL)": {"medie": 6.312500000000001, "reusita": 90.47619047619048, "cnt": 21}}, "nume": "LICEUL TEOLOGIC ROMANO-CATOLIC \"GROF MAJLATH GUSZTAV KAROLY\" ALBA IULIA\tAlba"}