{"specializari": {"MATEMATICA-INFORMATICA": 26, "FILOLOGIE": 35, "STIINTE SOCIALE": 56, "STIINTE ALE NATURII": 46}, "limba_moderna": {"LIMBA ENGLEZA": 161, "LIMBA FRANCEZA": 2}, "limba_materna": {"LIMBA ROMANA": 163}, "promotie_anterioara": {"DA": 24, "NU": 139}, "materii": {"LIMBA ROMANA": {"medie": 6.980674846625764, "reusita": 97.54601226993866, "cnt": 163}, "BIOLOGIE VEGETALA SI ANIMALA": {"medie": 5.85, "reusita": 50.0, "cnt": 2}, "GENERAL": {"medie": 6.672494887525566, "reusita": 65.6441717791411, "cnt": 163}, "MATEMATICA MATE-INFO": {"medie": 5.338461538461538, "reusita": 69.23076923076923, "cnt": 26}, "ANATOMIE SI FIZIOLOGIE UMANA, GENETICA SI ECOLOGIE UMANA": {"medie": 6.819047619047618, "reusita": 92.06349206349206, "cnt": 63}, "FIZICA TEO": {"medie": 6.1, "reusita": 100.0, "cnt": 2}, "GEOGRAFIE": {"medie": 8.25625, "reusita": 100.0, "cnt": 24}, "INFORMATICA MI C/C++": {"medie": 8.7125, "reusita": 100.0, "cnt": 4}, "ISTORIE": {"medie": 6.329670329670332, "reusita": 87.91208791208791, "cnt": 91}, "FILOSOFIE": {"medie": 9.35, "reusita": 100.0, "cnt": 1}, "LOGICA, ARGUMENTARE SI COMUNICARE": {"medie": 7.627272727272728, "reusita": 100.0, "cnt": 11}, "MATEMATICA ST-NAT": {"medie": 4.690217391304349, "reusita": 56.52173913043478, "cnt": 46}, "PSIHOLOGIE": {"medie": 8.15, "reusita": 100.0, "cnt": 1}, "CHIMIE ORGANICA TEO NIVEL I/II": {"medie": 2.9, "reusita": 0.0, "cnt": 1}, "SOCIOLOGIE": {"medie": 7.5048076923076925, "reusita": 92.3076923076923, "cnt": 52}, "ECONOMIE": {"medie": 6.699999999999999, "reusita": 100.0, "cnt": 2}}, "nume": "LICEUL TEORETIC \"LUCIAN BLAGA\"\tBucure\u0219ti"}