{"specializari": {"FILOLOGIE": 23, "TEHNICIAN DESIGNER MOBILA SI AMENAJARI INTERIOARE": 4, "MATEMATICA-INFORMATICA": 14}, "limba_moderna": {"LIMBA ENGLEZA": 41}, "limba_materna": {"LIMBA ROMANA": 41}, "promotie_anterioara": {"DA": 13, "NU": 28}, "materii": {"LIMBA ROMANA": {"medie": 5.386842105263159, "reusita": 68.29268292682927, "cnt": 41}, "MATEMATICA TEHN": {"medie": 3.3125, "reusita": 25.0, "cnt": 4}, "BIOLOGIE VEGETALA SI ANIMALA": {"medie": 3.75, "reusita": 33.33333333333333, "cnt": 3}, "GENERAL": {"medie": 5.545045045045045, "reusita": 31.70731707317073, "cnt": 41}, "MATEMATICA MATE-INFO": {"medie": 4.639285714285713, "reusita": 50.0, "cnt": 14}, "ANATOMIE SI FIZIOLOGIE UMANA, GENETICA SI ECOLOGIE UMANA": {"medie": 6.829999999999999, "reusita": 86.66666666666667, "cnt": 15}, "GEOGRAFIE": {"medie": 7.2625, "reusita": 77.77777777777779, "cnt": 9}, "ISTORIE": {"medie": 5.054545454545454, "reusita": 65.21739130434783, "cnt": 23}, "SOCIOLOGIE": {"medie": 6.0928571428571425, "reusita": 71.42857142857143, "cnt": 14}}, "nume": "LICEUL TEORETIC \"GHEORGHE LAZAR\" PECICA\tArad"}