{"specializari": {"MATEMATICA-INFORMATICA": 87, "STIINTE ALE NATURII": 28, "STIINTE SOCIALE": 29, "FILOLOGIE": 27}, "limba_moderna": {"LIMBA ENGLEZA": 161, "LIMBA FRANCEZA": 10}, "limba_materna": {"LIMBA ROMANA": 171}, "promotie_anterioara": {"DA": 8, "NU": 163}, "materii": {"LIMBA ROMANA": {"medie": 7.51176470588235, "reusita": 97.6608187134503, "cnt": 171}, "BIOLOGIE VEGETALA SI ANIMALA": {"medie": 7.7, "reusita": 66.66666666666666, "cnt": 3}, "GENERAL": {"medie": 7.594246031746035, "reusita": 85.96491228070175, "cnt": 171}, "MATEMATICA MATE-INFO": {"medie": 6.981034482758621, "reusita": 94.25287356321839, "cnt": 87}, "ANATOMIE SI FIZIOLOGIE UMANA, GENETICA SI ECOLOGIE UMANA": {"medie": 8.152830188679244, "reusita": 96.29629629629629, "cnt": 54}, "FIZICA TEO": {"medie": 7.4925, "reusita": 80.0, "cnt": 20}, "GEOGRAFIE": {"medie": 7.43, "reusita": 90.0, "cnt": 10}, "INFORMATICA MI C/C++": {"medie": 7.092424242424243, "reusita": 96.96969696969697, "cnt": 33}, "ISTORIE": {"medie": 7.920535714285717, "reusita": 98.21428571428571, "cnt": 56}, "FILOSOFIE": {"medie": 9.55, "reusita": 100.0, "cnt": 1}, "LOGICA, ARGUMENTARE SI COMUNICARE": {"medie": 8.973333333333333, "reusita": 100.0, "cnt": 15}, "MATEMATICA ST-NAT": {"medie": 7.018518518518518, "reusita": 92.85714285714286, "cnt": 28}, "PSIHOLOGIE": {"medie": 8.0, "reusita": 100.0, "cnt": 4}, "CHIMIE ORGANICA TEO NIVEL I/II": {"medie": 6.016666666666666, "reusita": 66.66666666666666, "cnt": 3}, "SOCIOLOGIE": {"medie": 8.897826086956522, "reusita": 100.0, "cnt": 23}, "INFORMATICA SN C/C++": {"medie": 6.699999999999999, "reusita": 100.0, "cnt": 2}, "ECONOMIE": {"medie": 6.783333333333334, "reusita": 100.0, "cnt": 3}}, "nume": "LICEUL TEORETIC \"STEFAN ODOBLEJA\"\tBucure\u0219ti"}