{"specializari": {"INVATATOR - EDUCATOARE": 58, "MATEMATICA-INFORMATICA": 34, "STIINTE ALE NATURII": 65, "FILOLOGIE": 35, "STIINTE SOCIALE": 66}, "limba_moderna": {"LIMBA FRANCEZA": 110, "LIMBA ENGLEZA": 148}, "limba_materna": {"LIMBA ROMANA": 258}, "promotie_anterioara": {"NU": 249, "DA": 9}, "materii": {"LIMBA ROMANA": {"medie": 7.948093385214003, "reusita": 98.83720930232558, "cnt": 258}, "GENERAL": {"medie": 7.717591145833339, "reusita": 81.0077519379845, "cnt": 258}, "MATEMATICA MATE-INFO": {"medie": 6.545588235294118, "reusita": 91.17647058823529, "cnt": 34}, "ANATOMIE SI FIZIOLOGIE UMANA, GENETICA SI ECOLOGIE UMANA": {"medie": 7.204666666666667, "reusita": 86.66666666666667, "cnt": 75}, "FIZICA TEO": {"medie": 6.83, "reusita": 100.0, "cnt": 5}, "GEOGRAFIE": {"medie": 8.80625, "reusita": 97.91666666666666, "cnt": 48}, "INFORMATICA MI C/C++": {"medie": 7.888235294117647, "reusita": 100.0, "cnt": 17}, "ISTORIE": {"medie": 7.363999999999999, "reusita": 96.03960396039604, "cnt": 101}, "LOGICA, ARGUMENTARE SI COMUNICARE": {"medie": 8.846153846153847, "reusita": 95.23809523809523, "cnt": 105}, "MATEMATICA ST-NAT": {"medie": 4.837500000000001, "reusita": 52.307692307692314, "cnt": 65}, "MATEMATICA PED": {"medie": 8.80948275862069, "reusita": 98.27586206896551, "cnt": 58}, "PSIHOLOGIE": {"medie": 8.95, "reusita": 100.0, "cnt": 2}, "SOCIOLOGIE": {"medie": 8.2375, "reusita": 100.0, "cnt": 4}, "INFORMATICA SN C/C++": {"medie": 7.125, "reusita": 100.0, "cnt": 2}}, "nume": "LICEUL PEDAGOGIC \"NICOLAE IORGA\" BOTOSANI\tBoto\u0219ani"}