{"specializari": {"MATEMATICA-INFORMATICA": 3, "FILOLOGIE": 125, "STIINTE SOCIALE": 26, "STIINTE ALE NATURII": 30}, "limba_moderna": {"LIMBA ENGLEZA": 133, "LIMBA GERMANA MODERNA": 3, "LIMBA FRANCEZA": 25, "LIMBA ITALIANA": 6, "LIMBA SPANIOLA": 17}, "limba_materna": {"LIMBA ROMANA": 184}, "promotie_anterioara": {"DA": 5, "NU": 179}, "materii": {"LIMBA ROMANA": {"medie": 7.860164835164839, "reusita": 97.82608695652173, "cnt": 184}, "GENERAL": {"medie": 7.92661141804788, "reusita": 90.76086956521739, "cnt": 184}, "MATEMATICA MATE-INFO": {"medie": 7.2, "reusita": 100.0, "cnt": 3}, "ANATOMIE SI FIZIOLOGIE UMANA, GENETICA SI ECOLOGIE UMANA": {"medie": 7.845652173913045, "reusita": 95.65217391304348, "cnt": 23}, "FIZICA TEO": {"medie": 6.433333333333334, "reusita": 66.66666666666666, "cnt": 6}, "GEOGRAFIE": {"medie": 8.846666666666668, "reusita": 93.33333333333333, "cnt": 15}, "INFORMATICA MI C/C++": {"medie": 5.0, "reusita": 100.0, "cnt": 1}, "ISTORIE": {"medie": 7.511073825503355, "reusita": 96.68874172185431, "cnt": 151}, "FILOSOFIE": {"medie": 10.0, "reusita": 100.0, "cnt": 1}, "LOGICA, ARGUMENTARE SI COMUNICARE": {"medie": 8.640434782608695, "reusita": 95.72649572649573, "cnt": 117}, "MATEMATICA ST-NAT": {"medie": 7.264999999999998, "reusita": 100.0, "cnt": 30}, "PSIHOLOGIE": {"medie": 7.519999999999999, "reusita": 100.0, "cnt": 10}, "CHIMIE ORGANICA TEO NIVEL I/II": {"medie": 7.35, "reusita": 100.0, "cnt": 2}, "SOCIOLOGIE": {"medie": 9.508333333333333, "reusita": 100.0, "cnt": 6}, "INFORMATICA SN C/C++": {"medie": 9.2, "reusita": 100.0, "cnt": 1}, "ECONOMIE": {"medie": 7.199999999999999, "reusita": 100.0, "cnt": 2}}, "nume": "LICEUL TEORETIC \"GEORGE CALINESCU\" CONSTANTA\tConstan\u021ba"}