{"specializari": {"LICEU CU PROGRAM SPORTIV": 79}, "limba_moderna": {"LIMBA ENGLEZA": 78, "LIMBA FRANCEZA": 1}, "limba_materna": {"LIMBA ROMANA": 79}, "promotie_anterioara": {"DA": 12, "NU": 67}, "materii": {"LIMBA ROMANA": {"medie": 5.3901315789473685, "reusita": 68.35443037974683, "cnt": 79}, "GENERAL": {"medie": 5.769144144144145, "reusita": 46.835443037974684, "cnt": 79}, "GEOGRAFIE": {"medie": 7.0223404255319135, "reusita": 78.43137254901961, "cnt": 51}, "ISTORIE": {"medie": 5.292763157894738, "reusita": 69.62025316455697, "cnt": 79}, "LOGICA, ARGUMENTARE SI COMUNICARE": {"medie": 5.694000000000001, "reusita": 61.53846153846154, "cnt": 26}, "PSIHOLOGIE": {"medie": 6.65, "reusita": 50.0, "cnt": 2}}, "nume": "LICEUL CU PROGRAM SPORTIV SLATINA\tOlt"}