{"specializari": {"MATEMATICA-INFORMATICA": 30, "FILOLOGIE": 33, "STIINTE SOCIALE": 30, "STIINTE ALE NATURII": 3, "TEHNICIAN IN ACTIVITATI ECONOMICE": 1}, "limba_moderna": {"LIMBA ENGLEZA": 79, "LIMBA FRANCEZA": 18}, "limba_materna": {"LIMBA ROMANA": 97}, "promotie_anterioara": {"NU": 87, "DA": 10}, "materii": {"LIMBA ROMANA": {"medie": 7.083505154639178, "reusita": 92.78350515463917, "cnt": 97}, "MATEMATICA TEHN": {"medie": 3.0, "reusita": 0.0, "cnt": 1}, "GENERAL": {"medie": 6.943127147766323, "reusita": 72.16494845360825, "cnt": 97}, "MATEMATICA MATE-INFO": {"medie": 6.928333333333331, "reusita": 86.66666666666667, "cnt": 30}, "ANATOMIE SI FIZIOLOGIE UMANA, GENETICA SI ECOLOGIE UMANA": {"medie": 7.506666666666667, "reusita": 90.0, "cnt": 30}, "FIZICA TEO": {"medie": 3.4, "reusita": 0.0, "cnt": 1}, "GEOGRAFIE": {"medie": 7.78235294117647, "reusita": 94.11764705882352, "cnt": 34}, "INFORMATICA MI C/C++": {"medie": 8.85, "reusita": 100.0, "cnt": 2}, "ISTORIE": {"medie": 6.424603174603175, "reusita": 84.12698412698413, "cnt": 63}, "MATEMATICA ST-NAT": {"medie": 4.216666666666667, "reusita": 66.66666666666666, "cnt": 3}, "PSIHOLOGIE": {"medie": 6.6, "reusita": 100.0, "cnt": 1}, "SOCIOLOGIE": {"medie": 6.468965517241379, "reusita": 86.20689655172413, "cnt": 29}}, "nume": "LICEUL TEORETIC \"IOAN COTOVU\" HARSOVA\tConstan\u021ba"}