{"specializari": {"FILOLOGIE": 13, "STIINTE ALE NATURII": 11, "MATEMATICA-INFORMATICA": 23}, "limba_moderna": {"LIMBA ENGLEZA": 47}, "limba_materna": {"LIMBA ROMANA": 47}, "promotie_anterioara": {"NU": 43, "DA": 4}, "materii": {"LIMBA ROMANA": {"medie": 7.619148936170211, "reusita": 97.87234042553192, "cnt": 47}, "BIOLOGIE VEGETALA SI ANIMALA": {"medie": 9.2, "reusita": 100.0, "cnt": 1}, "GENERAL": {"medie": 7.391843971631206, "reusita": 87.2340425531915, "cnt": 47}, "MATEMATICA MATE-INFO": {"medie": 7.721739130434782, "reusita": 95.65217391304348, "cnt": 23}, "ANATOMIE SI FIZIOLOGIE UMANA, GENETICA SI ECOLOGIE UMANA": {"medie": 6.989473684210527, "reusita": 94.73684210526315, "cnt": 19}, "FIZICA TEO": {"medie": 8.47, "reusita": 100.0, "cnt": 5}, "GEOGRAFIE": {"medie": 9.066666666666666, "reusita": 100.0, "cnt": 3}, "INFORMATICA MI C/C++": {"medie": 7.793749999999999, "reusita": 100.0, "cnt": 8}, "ISTORIE": {"medie": 6.765384615384614, "reusita": 92.3076923076923, "cnt": 13}, "LOGICA, ARGUMENTARE SI COMUNICARE": {"medie": 7.3950000000000005, "reusita": 80.0, "cnt": 10}, "MATEMATICA ST-NAT": {"medie": 5.595454545454546, "reusita": 81.81818181818183, "cnt": 11}, "INFORMATICA SN C/C++": {"medie": 9.2, "reusita": 100.0, "cnt": 1}}, "nume": "LICEUL TEORETIC INTERNATIONAL DE INFORMATICA CONSTANTA\tConstan\u021ba"}