{"specializari": {"LICEU CU PROGRAM SPORTIV": 69}, "limba_moderna": {"LIMBA ENGLEZA": 68, "LIMBA FRANCEZA": 1}, "limba_materna": {"LIMBA ROMANA": 69}, "promotie_anterioara": {"NU": 54, "DA": 15}, "materii": {"LIMBA ROMANA": {"medie": 6.259420289855073, "reusita": 95.65217391304348, "cnt": 69}, "GENERAL": {"medie": 6.349747474747475, "reusita": 52.17391304347826, "cnt": 69}, "GEOGRAFIE": {"medie": 7.770175438596491, "reusita": 94.91525423728814, "cnt": 59}, "ISTORIE": {"medie": 5.34485294117647, "reusita": 78.26086956521739, "cnt": 69}, "LOGICA, ARGUMENTARE SI COMUNICARE": {"medie": 5.539999999999999, "reusita": 70.0, "cnt": 10}}, "nume": "LICEUL CU PROGRAM SPORTIV BACAU\tBac\u0103u"}