{"specializari": {"LICEU CU PROGRAM SPORTIV": 62}, "limba_moderna": {"LIMBA ENGLEZA": 56, "LIMBA FRANCEZA": 6}, "limba_materna": {"LIMBA ROMANA": 62}, "promotie_anterioara": {"NU": 53, "DA": 9}, "materii": {"LIMBA ROMANA": {"medie": 5.727049180327867, "reusita": 74.19354838709677, "cnt": 62}, "GENERAL": {"medie": 5.794827586206899, "reusita": 46.774193548387096, "cnt": 62}, "GEOGRAFIE": {"medie": 7.572222222222223, "reusita": 100.0, "cnt": 9}, "ISTORIE": {"medie": 5.313559322033898, "reusita": 59.67741935483871, "cnt": 62}, "LOGICA, ARGUMENTARE SI COMUNICARE": {"medie": 6.031999999999999, "reusita": 60.37735849056604, "cnt": 53}}, "nume": "LICEUL CU PROGRAM SPORTIV CAMPULUNG\tArge\u0219"}