{"specializari": {"FILOLOGIE": 14}, "limba_moderna": {"LIMBA ENGLEZA": 14}, "limba_materna": {"LIMBA ROMANA": 14}, "promotie_anterioara": {"DA": 2, "NU": 12}, "materii": {"LIMBA ROMANA": {"medie": 5.264285714285713, "reusita": 71.42857142857143, "cnt": 14}, "GENERAL": {"medie": 5.944047619047619, "reusita": 28.57142857142857, "cnt": 14}, "GEOGRAFIE": {"medie": 7.1000000000000005, "reusita": 92.3076923076923, "cnt": 13}, "ISTORIE": {"medie": 5.4607142857142845, "reusita": 64.28571428571429, "cnt": 14}, "LOGICA, ARGUMENTARE SI COMUNICARE": {"medie": 7.2, "reusita": 100.0, "cnt": 1}}, "nume": "LICEUL TEORETIC \"NEW GENERATION SCHOOL\"\tBucure\u0219ti"}