{"specializari": {"TEHNICIAN IN INDUSTRIA TEXTILA": 16, "STIINTE ALE NATURII": 29, "FILOLOGIE": 36, "MATEMATICA-INFORMATICA": 18, "STIINTE SOCIALE": 36, "TEHNICIAN IN ACTIVITATI ECONOMICE": 46, "TEHNICIAN IN AUTOMATIZARI": 19, "TEHNICIAN MECANIC PENTRU INTRETINERE SI REPARATII": 23, "TEHNICIAN DESENATOR PENTRU CONSTRUCTII SI INSTALATII": 4, "TEHNICIAN IN INSTALATII ELECTRICE": 1, "TEHNICIAN PRELUCRARI LA CALD": 1}, "limba_moderna": {"LIMBA ENGLEZA": 215, "LIMBA FRANCEZA": 14}, "limba_materna": {"LIMBA ROMANA": 229}, "promotie_anterioara": {"DA": 67, "NU": 162}, "materii": {"LIMBA ROMANA": {"medie": 5.769090909090911, "reusita": 72.0524017467249, "cnt": 229}, "MATEMATICA TEHN": {"medie": 3.7793478260869575, "reusita": 34.54545454545455, "cnt": 110}, "BIOLOGIE VEGETALA SI ANIMALA": {"medie": 3.523636363636364, "reusita": 23.076923076923077, "cnt": 65}, "GENERAL": {"medie": 5.372583333333333, "reusita": 32.314410480349345, "cnt": 229}, "MATEMATICA MATE-INFO": {"medie": 2.496666666666667, "reusita": 16.666666666666664, "cnt": 18}, "ANATOMIE SI FIZIOLOGIE UMANA, GENETICA SI ECOLOGIE UMANA": {"medie": 4.727499999999999, "reusita": 46.51162790697674, "cnt": 43}, "FIZICA TEO": {"medie": "-", "reusita": 0.0, "cnt": 1}, "GEOGRAFIE": {"medie": 7.397826086956522, "reusita": 93.81443298969072, "cnt": 97}, "ISTORIE": {"medie": 5.758333333333334, "reusita": 83.33333333333334, "cnt": 72}, "LOGICA, ARGUMENTARE SI COMUNICARE": {"medie": 7.735714285714285, "reusita": 85.71428571428571, "cnt": 7}, "MATEMATICA ST-NAT": {"medie": 2.951851851851852, "reusita": 24.137931034482758, "cnt": 29}, "CHIMIE ANORGANICA TEH NIVEL I/II": {"medie": 5.2, "reusita": 100.0, "cnt": 1}, "PSIHOLOGIE": {"medie": 6.290000000000001, "reusita": 80.0, "cnt": 5}, "FIZICA TEH": {"medie": 4.6, "reusita": 0.0, "cnt": 1}, "SOCIOLOGIE": {"medie": 8.622222222222224, "reusita": 100.0, "cnt": 9}}, "nume": "LICEUL TEHNOLOGIC \"NICOLAE BALCESCU\" OLTENITA\tC\u0103l\u0103ra\u0219i"}