{"specializari": {"TEHNICIAN IN GASTRONOMIE": 20, "TEHNICIAN IN TURISM": 7, "ORGANIZATOR BANQUETING": 2}, "limba_moderna": {"LIMBA FRANCEZA": 5, "LIMBA ENGLEZA": 24}, "limba_materna": {"LIMBA ROMANA": 29}, "promotie_anterioara": {"DA": 5, "NU": 24}, "materii": {"LIMBA ROMANA": {"medie": 4.908928571428571, "reusita": 58.620689655172406, "cnt": 29}, "MATEMATICA TEHN": {"medie": 3.3499999999999996, "reusita": 24.137931034482758, "cnt": 29}, "GENERAL": {"medie": 4.648076923076923, "reusita": 24.137931034482758, "cnt": 29}, "GEOGRAFIE": {"medie": 5.868, "reusita": 73.07692307692307, "cnt": 26}, "ECONOMIE": {"medie": 5.1499999999999995, "reusita": 66.66666666666666, "cnt": 3}}, "nume": "LICEUL TEHNOLOGIC \"ALEXANDRU IOAN CUZA\" PANCIU\tVrancea"}