{"specializari": {"MATEMATICA-INFORMATICA": 22, "STIINTE ALE NATURII": 19, "FILOLOGIE": 57, "STIINTE SOCIALE": 31, "LICEU CU PROGRAM SPORTIV": 37}, "limba_moderna": {"LIMBA ENGLEZA": 119, "LIMBA FRANCEZA": 45, "LIMBA SPANIOLA": 2}, "limba_materna": {"LIMBA ROMANA": 166}, "promotie_anterioara": {"NU": 154, "DA": 12}, "materii": {"LIMBA ROMANA": {"medie": 6.481024096385545, "reusita": 85.54216867469879, "cnt": 166}, "BIOLOGIE VEGETALA SI ANIMALA": {"medie": 6.05, "reusita": 100.0, "cnt": 1}, "GENERAL": {"medie": 6.360060975609753, "reusita": 56.62650602409639, "cnt": 166}, "MATEMATICA MATE-INFO": {"medie": 5.581818181818182, "reusita": 72.72727272727273, "cnt": 22}, "ANATOMIE SI FIZIOLOGIE UMANA, GENETICA SI ECOLOGIE UMANA": {"medie": 5.691891891891894, "reusita": 62.16216216216216, "cnt": 37}, "FIZICA TEO": {"medie": 8.0, "reusita": 100.0, "cnt": 3}, "GEOGRAFIE": {"medie": 7.744318181818181, "reusita": 93.33333333333333, "cnt": 45}, "ISTORIE": {"medie": 5.667599999999998, "reusita": 79.2, "cnt": 125}, "LOGICA, ARGUMENTARE SI COMUNICARE": {"medie": 7.222857142857143, "reusita": 76.05633802816901, "cnt": 71}, "MATEMATICA ST-NAT": {"medie": 4.368421052631579, "reusita": 47.368421052631575, "cnt": 19}, "PSIHOLOGIE": {"medie": 8.225000000000001, "reusita": 100.0, "cnt": 2}, "SOCIOLOGIE": {"medie": 7.933333333333334, "reusita": 100.0, "cnt": 6}, "ECONOMIE": {"medie": 9.2, "reusita": 100.0, "cnt": 1}}, "nume": "LICEUL TEORETIC \"STEFAN CEL MARE\" MUNICIPIUL RAMNICU SARAT\tBuz\u0103u"}