{"specializari": {"TEHNICIAN IN ACTIVITATI ECONOMICE": 44}, "limba_moderna": {"LIMBA ENGLEZA": 44}, "limba_materna": {"LIMBA ROMANA": 44}, "promotie_anterioara": {"DA": 24, "NU": 20}, "materii": {"LIMBA ROMANA": {"medie": 5.597499999999999, "reusita": 72.72727272727273, "cnt": 44}, "MATEMATICA TEHN": {"medie": 3.8625000000000007, "reusita": 29.545454545454547, "cnt": 44}, "GENERAL": {"medie": 5.48076923076923, "reusita": 22.727272727272727, "cnt": 44}, "GEOGRAFIE": {"medie": 6.8875, "reusita": 90.69767441860465, "cnt": 43}, "PSIHOLOGIE": {"medie": 6.1, "reusita": 100.0, "cnt": 1}}, "nume": "LICEUL \"PROFESIA\"\tBucure\u0219ti"}