{"specializari": {"INVATATOR - EDUCATOARE": 51, "STIINTE SOCIALE": 35, "FILOLOGIE": 131, "INSTRUCTOR PENTRU ACTIVITATI EXTRASCOLARE": 1}, "limba_moderna": {"LIMBA ENGLEZA": 208, "LIMBA GERMANA MODERNA": 9, "LIMBA FRANCEZA": 1}, "limba_materna": {"LIMBA ROMANA": 171, "LIMBA MAGHIARA": 47}, "promotie_anterioara": {"NU": 214, "DA": 4}, "materii": {"LIMBA ROMANA": {"medie": 7.278009259259255, "reusita": 94.03669724770643, "cnt": 218}, "GENERAL": {"medie": 7.909143518518512, "reusita": 90.82568807339449, "cnt": 218}, "GEOGRAFIE": {"medie": 8.721929824561405, "reusita": 99.1304347826087, "cnt": 115}, "ISTORIE": {"medie": 7.4509090909090885, "reusita": 97.60479041916167, "cnt": 167}, "FILOSOFIE": {"medie": 9.85, "reusita": 100.0, "cnt": 2}, "LOGICA, ARGUMENTARE SI COMUNICARE": {"medie": 9.45, "reusita": 100.0, "cnt": 4}, "MATEMATICA PED": {"medie": 7.890196078431375, "reusita": 100.0, "cnt": 51}, "LIMBA MAGHIARA (UMAN)": {"medie": 7.907446808510639, "reusita": 100.0, "cnt": 47}, "PSIHOLOGIE": {"medie": 9.179545454545455, "reusita": 100.0, "cnt": 22}, "SOCIOLOGIE": {"medie": 8.551333333333334, "reusita": 100.0, "cnt": 75}}, "nume": "LICEUL PEDAGOGIC \"GHEORGHE SINCAI\" ZALAU\tS\u0103laj"}