{"specializari": {"FILOLOGIE": 19}, "limba_moderna": {"LIMBA ENGLEZA": 19}, "limba_materna": {"LIMBA ROMANA": 19}, "promotie_anterioara": {"NU": 17, "DA": 2}, "materii": {"LIMBA ROMANA": {"medie": 6.738888888888888, "reusita": 78.94736842105263, "cnt": 19}, "GENERAL": {"medie": 6.98425925925926, "reusita": 73.68421052631578, "cnt": 19}, "GEOGRAFIE": {"medie": 7.733333333333331, "reusita": 84.21052631578947, "cnt": 19}, "ISTORIE": {"medie": 6.480555555555555, "reusita": 84.21052631578947, "cnt": 19}}, "nume": "LICEUL TEORETIC \"GEORGE POP DE BASESTI\" ULMENI\tMaramure\u0219"}