{"specializari": {"MATEMATICA-INFORMATICA": 26, "FILOLOGIE": 69, "STIINTE ALE NATURII": 44}, "limba_moderna": {"LIMBA ENGLEZA": 138, "LIMBA FRANCEZA": 1}, "limba_materna": {"LIMBA ROMANA": 139}, "promotie_anterioara": {"NU": 136, "DA": 3}, "materii": {"LIMBA ROMANA": {"medie": 7.013405797101451, "reusita": 97.12230215827337, "cnt": 139}, "GENERAL": {"medie": 7.319951338199513, "reusita": 85.61151079136691, "cnt": 139}, "MATEMATICA MATE-INFO": {"medie": 6.926923076923079, "reusita": 88.46153846153845, "cnt": 26}, "ANATOMIE SI FIZIOLOGIE UMANA, GENETICA SI ECOLOGIE UMANA": {"medie": 7.708474576271188, "reusita": 93.33333333333333, "cnt": 60}, "FIZICA TEO": {"medie": 6.466666666666666, "reusita": 100.0, "cnt": 3}, "GEOGRAFIE": {"medie": 8.705882352941176, "reusita": 100.0, "cnt": 17}, "INFORMATICA MI C/C++": {"medie": 8.733333333333334, "reusita": 100.0, "cnt": 6}, "ISTORIE": {"medie": 6.989855072463769, "reusita": 92.7536231884058, "cnt": 69}, "LOGICA, ARGUMENTARE SI COMUNICARE": {"medie": 8.369000000000002, "reusita": 94.0, "cnt": 50}, "MATEMATICA ST-NAT": {"medie": 6.189772727272726, "reusita": 90.9090909090909, "cnt": 44}, "PSIHOLOGIE": {"medie": 9.425, "reusita": 100.0, "cnt": 2}, "INFORMATICA SN C/C++": {"medie": 9.7, "reusita": 100.0, "cnt": 1}}, "nume": "LICEUL TEORETIC \"HENRI COANDA\" CRAIOVA\tDolj"}