{"specializari": {"FILOLOGIE": 15}, "limba_moderna": {"LIMBA ENGLEZA": 15}, "limba_materna": {"LIMBA ROMANA": 15}, "promotie_anterioara": {"DA": 6, "NU": 9}, "materii": {"LIMBA ROMANA": {"medie": 5.793333333333333, "reusita": 86.66666666666667, "cnt": 15}, "GENERAL": {"medie": 6.276190476190476, "reusita": 46.666666666666664, "cnt": 15}, "GEOGRAFIE": {"medie": 7.345454545454545, "reusita": 91.66666666666666, "cnt": 12}, "ISTORIE": {"medie": 5.910714285714285, "reusita": 73.33333333333333, "cnt": 15}, "PSIHOLOGIE": {"medie": 6.4, "reusita": 100.0, "cnt": 1}, "SOCIOLOGIE": {"medie": 6.025, "reusita": 100.0, "cnt": 2}}, "nume": "LICEUL TEORETIC MILLENIUM TIMISOARA\tTimi\u0219"}