{"specializari": {"MATEMATICA-INFORMATICA": 30, "STIINTE ALE NATURII": 32, "STIINTE SOCIALE": 37, "FILOLOGIE": 30, "TEHNICIAN IN TURISM": 71}, "limba_moderna": {"LIMBA ENGLEZA": 146, "LIMBA FRANCEZA": 54}, "limba_materna": {"LIMBA ROMANA": 200}, "promotie_anterioara": {"NU": 174, "DA": 26}, "materii": {"LIMBA ROMANA": {"medie": 7.250757575757575, "reusita": 90.0, "cnt": 200}, "MATEMATICA TEHN": {"medie": 4.464179104477611, "reusita": 46.478873239436616, "cnt": 71}, "BIOLOGIE VEGETALA SI ANIMALA": {"medie": 7.594000000000001, "reusita": 100.0, "cnt": 25}, "GENERAL": {"medie": 7.08702749140893, "reusita": 67.0, "cnt": 200}, "MATEMATICA MATE-INFO": {"medie": 7.684999999999999, "reusita": 90.0, "cnt": 30}, "ANATOMIE SI FIZIOLOGIE UMANA, GENETICA SI ECOLOGIE UMANA": {"medie": 8.527777777777779, "reusita": 100.0, "cnt": 18}, "FIZICA TEO": {"medie": 7.833333333333333, "reusita": 83.33333333333334, "cnt": 6}, "GEOGRAFIE": {"medie": 7.277927927927926, "reusita": 87.82608695652175, "cnt": 115}, "INFORMATICA MI C/C++": {"medie": 8.9, "reusita": 100.0, "cnt": 6}, "ISTORIE": {"medie": 7.052985074626866, "reusita": 95.52238805970148, "cnt": 67}, "LOGICA, ARGUMENTARE SI COMUNICARE": {"medie": 9.8, "reusita": 100.0, "cnt": 1}, "MATEMATICA ST-NAT": {"medie": 7.082812500000001, "reusita": 90.625, "cnt": 32}, "PSIHOLOGIE": {"medie": 8.452380952380953, "reusita": 100.0, "cnt": 21}, "CHIMIE ORGANICA TEO NIVEL I/II": {"medie": 7.192857142857143, "reusita": 85.71428571428571, "cnt": 7}, "SOCIOLOGIE": {"medie": 9.7, "reusita": 100.0, "cnt": 1}}, "nume": "LICEUL TEORETIC \"I. C. BRATIANU\" HATEG\tHunedoara"}