{"specializari": {"STIINTE SOCIALE": 23}, "limba_moderna": {"LIMBA ENGLEZA": 23}, "limba_materna": {"LIMBA ROMANA": 23}, "promotie_anterioara": {"NU": 20, "DA": 3}, "materii": {"LIMBA ROMANA": {"medie": 5.119565217391304, "reusita": 73.91304347826086, "cnt": 23}, "GENERAL": {"medie": 5.261904761904762, "reusita": 34.78260869565217, "cnt": 23}, "GEOGRAFIE": {"medie": 6.228571428571428, "reusita": 71.42857142857143, "cnt": 7}, "ISTORIE": {"medie": 4.661904761904762, "reusita": 39.130434782608695, "cnt": 23}, "LOGICA, ARGUMENTARE SI COMUNICARE": {"medie": 5.721428571428571, "reusita": 60.0, "cnt": 15}, "PSIHOLOGIE": {"medie": "-", "reusita": 0.0, "cnt": 1}}, "nume": "LICEUL FEG\tBucure\u0219ti"}