{"specializari": {"MATEMATICA-INFORMATICA": 59, "STIINTE ALE NATURII": 33, "FILOLOGIE": 33}, "limba_moderna": {"LIMBA ENGLEZA": 124, "LIMBA FRANCEZA": 1}, "limba_materna": {"LIMBA ROMANA": 125}, "promotie_anterioara": {"NU": 116, "DA": 9}, "materii": {"LIMBA ROMANA": {"medie": 7.324596774193547, "reusita": 96.8, "cnt": 125}, "BIOLOGIE VEGETALA SI ANIMALA": {"medie": 6.137755102040816, "reusita": 76.0, "cnt": 50}, "GENERAL": {"medie": 7.1590785907859065, "reusita": 74.4, "cnt": 125}, "MATEMATICA MATE-INFO": {"medie": 7.299152542372882, "reusita": 91.52542372881356, "cnt": 59}, "ANATOMIE SI FIZIOLOGIE UMANA, GENETICA SI ECOLOGIE UMANA": {"medie": 7.883333333333333, "reusita": 100.0, "cnt": 3}, "FIZICA TEO": {"medie": 8.054166666666665, "reusita": 94.44444444444444, "cnt": 36}, "GEOGRAFIE": {"medie": 8.429032258064517, "reusita": 96.7741935483871, "cnt": 31}, "INFORMATICA MI C/C++": {"medie": 9.549999999999999, "reusita": 100.0, "cnt": 3}, "ISTORIE": {"medie": 7.319696969696971, "reusita": 96.96969696969697, "cnt": 33}, "MATEMATICA ST-NAT": {"medie": 4.843548387096774, "reusita": 51.515151515151516, "cnt": 33}, "PSIHOLOGIE": {"medie": 6.4, "reusita": 100.0, "cnt": 1}, "SOCIOLOGIE": {"medie": 10.0, "reusita": 100.0, "cnt": 1}}, "nume": "LICEUL TEORETIC \"RADU VLADESCU\" ORAS PATARLAGELE\tBuz\u0103u"}