{"specializari": {"STIINTE ALE NATURII": 41}, "limba_moderna": {"LIMBA ENGLEZA": 41}, "limba_materna": {"LIMBA ROMANA": 41}, "promotie_anterioara": {"NU": 26, "DA": 15}, "materii": {"LIMBA ROMANA": {"medie": 6.016216216216215, "reusita": 70.73170731707317, "cnt": 41}, "GENERAL": {"medie": 6.103703703703703, "reusita": 31.70731707317073, "cnt": 41}, "ANATOMIE SI FIZIOLOGIE UMANA, GENETICA SI ECOLOGIE UMANA": {"medie": 6.028205128205128, "reusita": 75.60975609756098, "cnt": 41}, "MATEMATICA ST-NAT": {"medie": 4.658928571428571, "reusita": 36.58536585365854, "cnt": 41}}, "nume": "LICEUL TEORETIC, COM. GRADISTEA\tV\u00e2lcea"}