{"specializari": {"STIINTE SOCIALE": 29, "FILOLOGIE": 60, "STIINTE ALE NATURII": 34}, "limba_moderna": {"LIMBA ENGLEZA": 109, "LIMBA GERMANA MODERNA": 8, "LIMBA FRANCEZA": 6}, "limba_materna": {"LIMBA ROMANA": 89, "LIMBA MAGHIARA": 34}, "promotie_anterioara": {"NU": 115, "DA": 8}, "materii": {"LIMBA ROMANA": {"medie": 7.234426229508196, "reusita": 91.05691056910568, "cnt": 123}, "BIOLOGIE VEGETALA SI ANIMALA": {"medie": 7.7, "reusita": 100.0, "cnt": 1}, "GENERAL": {"medie": 7.3206625683060125, "reusita": 79.67479674796748, "cnt": 123}, "ANATOMIE SI FIZIOLOGIE UMANA, GENETICA SI ECOLOGIE UMANA": {"medie": 8.158333333333333, "reusita": 100.0, "cnt": 24}, "FIZICA TEO": {"medie": 6.7, "reusita": 100.0, "cnt": 1}, "GEOGRAFIE": {"medie": 7.4734042553191475, "reusita": 91.66666666666666, "cnt": 48}, "ISTORIE": {"medie": 6.618181818181818, "reusita": 89.8876404494382, "cnt": 89}, "LIMBA MAGHIARA (REAL)": {"medie": 6.7299999999999995, "reusita": 100.0, "cnt": 5}, "LOGICA, ARGUMENTARE SI COMUNICARE": {"medie": 8.595454545454546, "reusita": 100.0, "cnt": 11}, "MATEMATICA ST-NAT": {"medie": 7.491176470588235, "reusita": 85.29411764705883, "cnt": 34}, "LIMBA MAGHIARA (UMAN)": {"medie": 7.1517241379310335, "reusita": 96.55172413793103, "cnt": 29}, "CHIMIE ORGANICA TEO NIVEL I/II": {"medie": 10.0, "reusita": 100.0, "cnt": 1}, "SOCIOLOGIE": {"medie": 6.8633333333333315, "reusita": 96.66666666666667, "cnt": 30}, "INFORMATICA SN C/C++": {"medie": 9.471428571428573, "reusita": 100.0, "cnt": 7}}, "nume": "LICEUL TEORETIC \"ANDREI BARSEANU\" TARNAVENI\tMure\u0219"}