{"specializari": {"MATEMATICA-INFORMATICA": 20, "STIINTE ALE NATURII": 38, "FILOLOGIE": 44}, "limba_moderna": {"LIMBA ENGLEZA": 81, "LIMBA FRANCEZA": 21}, "limba_materna": {"LIMBA ROMANA": 102}, "promotie_anterioara": {"DA": 44, "NU": 58}, "materii": {"LIMBA ROMANA": {"medie": 5.552040816326531, "reusita": 73.52941176470588, "cnt": 102}, "GENERAL": {"medie": 5.662544802867384, "reusita": 39.21568627450981, "cnt": 102}, "MATEMATICA MATE-INFO": {"medie": 4.457894736842105, "reusita": 65.0, "cnt": 20}, "ANATOMIE SI FIZIOLOGIE UMANA, GENETICA SI ECOLOGIE UMANA": {"medie": 5.221153846153848, "reusita": 58.620689655172406, "cnt": 58}, "GEOGRAFIE": {"medie": 7.4135135135135135, "reusita": 84.61538461538461, "cnt": 39}, "ISTORIE": {"medie": 5.779761904761904, "reusita": 70.45454545454545, "cnt": 44}, "MATEMATICA ST-NAT": {"medie": 4.569736842105263, "reusita": 57.89473684210527, "cnt": 38}, "SOCIOLOGIE": {"medie": 8.219999999999999, "reusita": 100.0, "cnt": 5}}, "nume": "LICEUL TEORETIC CUJMIR\tMehedin\u021bi"}