{"specializari": {"MUZICA": 23, "ARTE PLASTICE SI DECORATIVE": 20, "ARHITECTURA, ARTE AMBIENTALE SI DESIGN": 10}, "limba_moderna": {"LIMBA ENGLEZA": 52, "LIMBA GERMANA MODERNA": 1}, "limba_materna": {"LIMBA MAGHIARA": 53}, "promotie_anterioara": {"NU": 46, "DA": 7}, "materii": {"LIMBA ROMANA": {"medie": 4.004716981132074, "reusita": 43.39622641509434, "cnt": 53}, "GENERAL": {"medie": 6.320754716981134, "reusita": 37.735849056603776, "cnt": 53}, "GEOGRAFIE": {"medie": 7.877083333333332, "reusita": 93.75, "cnt": 48}, "ISTORIE": {"medie": 5.675471698113209, "reusita": 73.58490566037736, "cnt": 53}, "FILOSOFIE": {"medie": 7.619999999999999, "reusita": 100.0, "cnt": 5}, "LIMBA MAGHIARA (REAL)": {"medie": 7.750000000000001, "reusita": 96.22641509433963, "cnt": 53}}, "nume": "LICEUL DE ARTE \"DR.PALLO IMRE\" ODORHEIU SECUIESC\tHarghita"}