{"specializari": {"STIINTE ALE NATURII": 23, "FILOLOGIE": 23}, "limba_moderna": {"LIMBA ENGLEZA": 46}, "limba_materna": {"LIMBA MAGHIARA": 46}, "promotie_anterioara": {"NU": 45, "DA": 1}, "materii": {"LIMBA ROMANA": {"medie": 6.232954545454544, "reusita": 76.08695652173914, "cnt": 46}, "BIOLOGIE VEGETALA SI ANIMALA": {"medie": 8.308333333333334, "reusita": 100.0, "cnt": 6}, "GENERAL": {"medie": 7.386079545454546, "reusita": 67.3913043478261, "cnt": 46}, "ANATOMIE SI FIZIOLOGIE UMANA, GENETICA SI ECOLOGIE UMANA": {"medie": 8.707142857142857, "reusita": 100.0, "cnt": 7}, "FIZICA TEO": {"medie": 8.600000000000001, "reusita": 100.0, "cnt": 10}, "GEOGRAFIE": {"medie": 7.4766666666666675, "reusita": 88.23529411764706, "cnt": 17}, "ISTORIE": {"medie": 6.947619047619048, "reusita": 86.95652173913044, "cnt": 23}, "LIMBA MAGHIARA (REAL)": {"medie": 8.097826086956522, "reusita": 100.0, "cnt": 23}, "LOGICA, ARGUMENTARE SI COMUNICARE": {"medie": 8.816666666666668, "reusita": 100.0, "cnt": 6}, "MATEMATICA ST-NAT": {"medie": 8.450000000000001, "reusita": 100.0, "cnt": 23}, "LIMBA MAGHIARA (UMAN)": {"medie": 6.540476190476189, "reusita": 82.6086956521739, "cnt": 23}}, "nume": "LICEUL TEORETIC \"KEMENY ZSIGMOND\" GHERLA\tCluj"}