{"specializari": {"LICEU CU PROGRAM SPORTIV": 92}, "limba_moderna": {"LIMBA ENGLEZA": 92}, "limba_materna": {"LIMBA ROMANA": 92}, "promotie_anterioara": {"NU": 80, "DA": 12}, "materii": {"LIMBA ROMANA": {"medie": 6.3005555555555555, "reusita": 86.95652173913044, "cnt": 92}, "GENERAL": {"medie": 6.516479400749065, "reusita": 59.78260869565217, "cnt": 92}, "GEOGRAFIE": {"medie": 7.449999999999999, "reusita": 89.6103896103896, "cnt": 77}, "ISTORIE": {"medie": 5.675842696629214, "reusita": 72.82608695652173, "cnt": 92}, "LOGICA, ARGUMENTARE SI COMUNICARE": {"medie": 7.791666666666667, "reusita": 100.0, "cnt": 12}, "PSIHOLOGIE": {"medie": 9.45, "reusita": 100.0, "cnt": 1}, "ECONOMIE": {"medie": 8.55, "reusita": 100.0, "cnt": 2}}, "nume": "LICEUL CU PROGRAM SPORTIV\tBr\u0103ila"}