{"specializari": {"MATEMATICA-INFORMATICA": 11, "STIINTE SOCIALE": 31, "STIINTE ALE NATURII": 31, "FILOLOGIE": 34}, "limba_moderna": {"LIMBA FRANCEZA": 10, "LIMBA ENGLEZA": 97}, "limba_materna": {"LIMBA ROMANA": 107}, "promotie_anterioara": {"NU": 83, "DA": 24}, "materii": {"LIMBA ROMANA": {"medie": 5.977884615384614, "reusita": 85.98130841121495, "cnt": 107}, "GENERAL": {"medie": 6.501960784313725, "reusita": 54.20560747663551, "cnt": 107}, "MATEMATICA MATE-INFO": {"medie": 4.33, "reusita": 45.45454545454545, "cnt": 11}, "ANATOMIE SI FIZIOLOGIE UMANA, GENETICA SI ECOLOGIE UMANA": {"medie": 6.86875, "reusita": 80.48780487804879, "cnt": 41}, "GEOGRAFIE": {"medie": 8.844444444444445, "reusita": 100.0, "cnt": 9}, "ISTORIE": {"medie": 6.692063492063491, "reusita": 81.53846153846153, "cnt": 65}, "LOGICA, ARGUMENTARE SI COMUNICARE": {"medie": 8.372115384615384, "reusita": 92.5925925925926, "cnt": 54}, "MATEMATICA ST-NAT": {"medie": 3.8999999999999995, "reusita": 41.935483870967744, "cnt": 31}, "PSIHOLOGIE": {"medie": 8.475, "reusita": 100.0, "cnt": 2}, "CHIMIE ORGANICA TEO NIVEL I/II": {"medie": 9.5, "reusita": 100.0, "cnt": 1}}, "nume": "LICEUL TEORETIC \"MIHAI VITEAZUL\" BAILESTI\tDolj"}