{"specializari": {"MUZICA": 20, "ARTE PLASTICE SI DECORATIVE": 29, "ARHITECTURA, ARTE AMBIENTALE SI DESIGN": 24}, "limba_moderna": {"LIMBA ENGLEZA": 49, "LIMBA ITALIANA": 24}, "limba_materna": {"LIMBA ROMANA": 73}, "promotie_anterioara": {"NU": 70, "DA": 3}, "materii": {"LIMBA ROMANA": {"medie": 7.30763888888889, "reusita": 97.26027397260275, "cnt": 73}, "GENERAL": {"medie": 7.682407407407409, "reusita": 86.3013698630137, "cnt": 73}, "GEOGRAFIE": {"medie": 8.36875, "reusita": 100.0, "cnt": 16}, "ISTORIE": {"medie": 7.178472222222221, "reusita": 93.15068493150685, "cnt": 73}, "LOGICA, ARGUMENTARE SI COMUNICARE": {"medie": 8.609803921568629, "reusita": 96.15384615384616, "cnt": 52}, "PSIHOLOGIE": {"medie": 8.680000000000001, "reusita": 100.0, "cnt": 5}}, "nume": "LICEUL DE ARTE \"DINU LIPATTI\" PITESTI\tArge\u0219"}