{"specializari": {"FILOLOGIE": 119, "MATEMATICA-INFORMATICA": 42, "ARTE PLASTICE SI DECORATIVE": 24, "INVATATOR - EDUCATOARE": 54}, "limba_moderna": {"LIMBA ENGLEZA": 218, "LIMBA FRANCEZA": 21}, "limba_materna": {"LIMBA ROMANA": 239}, "promotie_anterioara": {"NU": 218, "DA": 21}, "materii": {"LIMBA ROMANA": {"medie": 7.4970464135021055, "reusita": 96.65271966527197, "cnt": 239}, "BIOLOGIE VEGETALA SI ANIMALA": {"medie": 7.35, "reusita": 100.0, "cnt": 2}, "GENERAL": {"medie": 7.380698005698004, "reusita": 80.75313807531381, "cnt": 239}, "MATEMATICA MATE-INFO": {"medie": 6.025641025641026, "reusita": 71.42857142857143, "cnt": 42}, "ANATOMIE SI FIZIOLOGIE UMANA, GENETICA SI ECOLOGIE UMANA": {"medie": 6.682142857142858, "reusita": 80.0, "cnt": 15}, "FIZICA TEO": {"medie": 7.411111111111111, "reusita": 88.88888888888889, "cnt": 18}, "GEOGRAFIE": {"medie": 8.323636363636364, "reusita": 97.2972972972973, "cnt": 111}, "INFORMATICA MI C/C++": {"medie": 6.441666666666666, "reusita": 100.0, "cnt": 6}, "ISTORIE": {"medie": 6.355944055944056, "reusita": 87.41258741258741, "cnt": 143}, "FILOSOFIE": {"medie": 8.4, "reusita": 100.0, "cnt": 4}, "LOGICA, ARGUMENTARE SI COMUNICARE": {"medie": 8.034782608695652, "reusita": 91.48936170212765, "cnt": 47}, "MATEMATICA PED": {"medie": 7.414423076923077, "reusita": 85.18518518518519, "cnt": 54}, "PSIHOLOGIE": {"medie": 9.05909090909091, "reusita": 100.0, "cnt": 11}, "CHIMIE ORGANICA TEO NIVEL I/II": {"medie": 9.5, "reusita": 100.0, "cnt": 1}, "SOCIOLOGIE": {"medie": 8.354347826086956, "reusita": 100.0, "cnt": 23}, "ECONOMIE": {"medie": 6.2, "reusita": 100.0, "cnt": 1}}, "nume": "LICEUL TEORETIC \"NICOLAE TITULESCU\" SLATINA\tOlt"}