{"specializari": {"FILOLOGIE": 22, "STIINTE ALE NATURII": 21}, "limba_moderna": {"LIMBA ENGLEZA": 43}, "limba_materna": {"LIMBA ROMANA": 43}, "promotie_anterioara": {"NU": 41, "DA": 2}, "materii": {"LIMBA ROMANA": {"medie": 7.588372093023256, "reusita": 100.0, "cnt": 43}, "GENERAL": {"medie": 7.696031746031745, "reusita": 81.3953488372093, "cnt": 43}, "ANATOMIE SI FIZIOLOGIE UMANA, GENETICA SI ECOLOGIE UMANA": {"medie": 9.571428571428571, "reusita": 100.0, "cnt": 21}, "GEOGRAFIE": {"medie": 7.885294117647059, "reusita": 94.44444444444444, "cnt": 18}, "ISTORIE": {"medie": 6.6022727272727275, "reusita": 95.45454545454545, "cnt": 22}, "LOGICA, ARGUMENTARE SI COMUNICARE": {"medie": 10.0, "reusita": 100.0, "cnt": 1}, "MATEMATICA ST-NAT": {"medie": 6.685714285714286, "reusita": 85.71428571428571, "cnt": 21}, "PSIHOLOGIE": {"medie": 8.216666666666667, "reusita": 100.0, "cnt": 3}}, "nume": "LICEUL TEORETIC \"CONSTANTIN SERBAN\" ALESD\tBihor"}