{"specializari": {"STIINTE ALE NATURII": 62, "STIINTE SOCIALE": 32}, "limba_moderna": {"LIMBA ENGLEZA": 80, "LIMBA FRANCEZA": 14}, "limba_materna": {"LIMBA ROMANA": 94}, "promotie_anterioara": {"NU": 93, "DA": 1}, "materii": {"LIMBA ROMANA": {"medie": 8.205913978494623, "reusita": 98.93617021276596, "cnt": 94}, "BIOLOGIE VEGETALA SI ANIMALA": {"medie": 7.362500000000001, "reusita": 80.0, "cnt": 5}, "GENERAL": {"medie": 7.831899641577059, "reusita": 92.5531914893617, "cnt": 94}, "ANATOMIE SI FIZIOLOGIE UMANA, GENETICA SI ECOLOGIE UMANA": {"medie": 7.807446808510638, "reusita": 95.74468085106383, "cnt": 47}, "FIZICA TEO": {"medie": 7.583333333333333, "reusita": 100.0, "cnt": 3}, "GEOGRAFIE": {"medie": 8.114583333333334, "reusita": 95.83333333333334, "cnt": 24}, "ISTORIE": {"medie": 7.259374999999999, "reusita": 96.875, "cnt": 32}, "LOGICA, ARGUMENTARE SI COMUNICARE": {"medie": 7.987499999999999, "reusita": 100.0, "cnt": 8}, "MATEMATICA ST-NAT": {"medie": 7.395081967213116, "reusita": 96.7741935483871, "cnt": 62}, "CHIMIE ORGANICA TEO NIVEL I/II": {"medie": 9.233333333333334, "reusita": 100.0, "cnt": 3}, "INFORMATICA SN C/C++": {"medie": 8.2625, "reusita": 100.0, "cnt": 4}}, "nume": "LICEUL TEORETIC \"GHEORGHE MARINESCU\" TIRGU MURES\tMure\u0219"}