{"specializari": {"STIINTE ALE NATURII": 73, "MATEMATICA-INFORMATICA": 46, "STIINTE SOCIALE": 68, "FILOLOGIE": 36}, "limba_moderna": {"LIMBA ENGLEZA": 222, "LIMBA FRANCEZA": 1}, "limba_materna": {"LIMBA ROMANA": 223}, "promotie_anterioara": {"DA": 33, "NU": 190}, "materii": {"LIMBA ROMANA": {"medie": 7.365681818181818, "reusita": 92.37668161434978, "cnt": 223}, "GENERAL": {"medie": 6.961448598130837, "reusita": 62.33183856502242, "cnt": 223}, "MATEMATICA MATE-INFO": {"medie": 7.4728260869565215, "reusita": 93.47826086956522, "cnt": 46}, "ANATOMIE SI FIZIOLOGIE UMANA, GENETICA SI ECOLOGIE UMANA": {"medie": 6.857216494845361, "reusita": 82.82828282828282, "cnt": 99}, "FIZICA TEO": {"medie": 9.525, "reusita": 100.0, "cnt": 12}, "GEOGRAFIE": {"medie": 7.993181818181818, "reusita": 100.0, "cnt": 22}, "INFORMATICA MI C/C++": {"medie": 7.357142857142857, "reusita": 100.0, "cnt": 7}, "ISTORIE": {"medie": 6.232673267326732, "reusita": 81.73076923076923, "cnt": 104}, "LOGICA, ARGUMENTARE SI COMUNICARE": {"medie": 8.12207792207792, "reusita": 86.41975308641975, "cnt": 81}, "MATEMATICA ST-NAT": {"medie": 4.184057971014492, "reusita": 42.465753424657535, "cnt": 73}, "CHIMIE ORGANICA TEO NIVEL I/II": {"medie": 9.8, "reusita": 100.0, "cnt": 1}, "SOCIOLOGIE": {"medie": 6.1, "reusita": 100.0, "cnt": 1}}, "nume": "LICEUL TEORETIC \"ALEXANDRU IOAN CUZA\" CORABIA\tOlt"}