{"specializari": {"TEHNICIAN IN ACTIVITATI ECONOMICE": 35}, "limba_moderna": {"LIMBA ENGLEZA": 35}, "limba_materna": {"LIMBA ROMANA": 35}, "promotie_anterioara": {"NU": 23, "DA": 12}, "materii": {"LIMBA ROMANA": {"medie": 5.696428571428572, "reusita": 65.71428571428571, "cnt": 35}, "MATEMATICA TEHN": {"medie": 5.575, "reusita": 45.714285714285715, "cnt": 35}, "GENERAL": {"medie": 6.202777777777778, "reusita": 31.428571428571427, "cnt": 35}, "GEOGRAFIE": {"medie": 6.879310344827586, "reusita": 71.42857142857143, "cnt": 35}}, "nume": "LICEUL TEHNOLOGIC \"IOAN SLAVICI\" TIMISOARA\tTimi\u0219"}