{"specializari": {"MATEMATICA-INFORMATICA": 21, "STIINTE ALE NATURII": 73, "FILOLOGIE": 31, "TEHNICIAN IN INSTALATII ELECTRICE": 31, "TEHNICIAN IN INDUSTRIA TEXTILA": 2, "TEHNICIAN MECATRONIST": 25, "TEHNICIAN MECANIC PENTRU INTRETINERE SI REPARATII": 3}, "limba_moderna": {"LIMBA ENGLEZA": 155, "LIMBA FRANCEZA": 31}, "limba_materna": {"LIMBA ROMANA": 172, "LIMBA MAGHIARA": 14}, "promotie_anterioara": {"NU": 161, "DA": 25}, "materii": {"LIMBA ROMANA": {"medie": 7.173480662983424, "reusita": 92.47311827956989, "cnt": 186}, "MATEMATICA TEHN": {"medie": 3.6215686274509795, "reusita": 34.42622950819672, "cnt": 61}, "BIOLOGIE VEGETALA SI ANIMALA": {"medie": 4.028888888888889, "reusita": 36.53846153846153, "cnt": 52}, "GENERAL": {"medie": 6.537447318007662, "reusita": 55.91397849462365, "cnt": 186}, "MATEMATICA MATE-INFO": {"medie": 7.254761904761906, "reusita": 80.95238095238095, "cnt": 21}, "ANATOMIE SI FIZIOLOGIE UMANA, GENETICA SI ECOLOGIE UMANA": {"medie": 7.077118644067798, "reusita": 84.7457627118644, "cnt": 59}, "FIZICA TEO": {"medie": 7.244444444444444, "reusita": 100.0, "cnt": 9}, "GEOGRAFIE": {"medie": 6.43, "reusita": 100.0, "cnt": 5}, "INFORMATICA MI C/C++": {"medie": 8.208333333333334, "reusita": 100.0, "cnt": 12}, "ISTORIE": {"medie": 6.350000000000001, "reusita": 90.32258064516128, "cnt": 31}, "LIMBA MAGHIARA (REAL)": {"medie": 6.778571428571429, "reusita": 78.57142857142857, "cnt": 14}, "LOGICA, ARGUMENTARE SI COMUNICARE": {"medie": 8.59047619047619, "reusita": 90.47619047619048, "cnt": 21}, "MATEMATICA ST-NAT": {"medie": 6.402916666666667, "reusita": 78.08219178082192, "cnt": 73}, "PSIHOLOGIE": {"medie": 7.459999999999999, "reusita": 100.0, "cnt": 5}, "FIZICA TEH": {"medie": 5.10625, "reusita": 62.5, "cnt": 8}, "CHIMIE ORGANICA TEO NIVEL I/II": {"medie": 8.253846153846155, "reusita": 100.0, "cnt": 13}, "INFORMATICA SN C/C++": {"medie": 9.25, "reusita": 100.0, "cnt": 1}, "CHIMIE ORGANICA TEH NIVEL I/II": {"medie": 5.55, "reusita": 100.0, "cnt": 1}}, "nume": "LICEUL TEHNOLOGIC NR.1 LUDUS\tMure\u0219"}