{"specializari": {"ARTA ACTORULUI": 12, "MUZICA": 54, "COREGRAFIE": 7}, "limba_moderna": {"LIMBA ENGLEZA": 72, "LIMBA FRANCEZA": 1}, "limba_materna": {"LIMBA ROMANA": 73}, "promotie_anterioara": {"DA": 2, "NU": 71}, "materii": {"LIMBA ROMANA": {"medie": 7.413888888888888, "reusita": 98.63013698630137, "cnt": 73}, "GENERAL": {"medie": 7.546527777777779, "reusita": 83.56164383561644, "cnt": 73}, "GEOGRAFIE": {"medie": 8.146774193548387, "reusita": 93.65079365079364, "cnt": 63}, "ISTORIE": {"medie": 7.024305555555555, "reusita": 89.04109589041096, "cnt": 73}, "LOGICA, ARGUMENTARE SI COMUNICARE": {"medie": 8.562500000000002, "reusita": 100.0, "cnt": 8}, "PSIHOLOGIE": {"medie": 8.45, "reusita": 100.0, "cnt": 2}}, "nume": "LICEUL DE ARTA \"ION VIDU\" TIMISOARA\tTimi\u0219"}