{"specializari": {"STIINTE ALE NATURII": 60, "MATEMATICA-INFORMATICA": 49, "STIINTE SOCIALE": 29, "LICEU CU PROGRAM SPORTIV": 32, "FILOLOGIE": 41, "TEHNICIAN MECANIC PENTRU INTRETINERE SI REPARATII": 1, "TEHNICIAN ELECTROTEHNIST": 1, "TEHNICIAN TRANSPORTURI": 4}, "limba_moderna": {"LIMBA ENGLEZA": 210, "LIMBA FRANCEZA": 7}, "limba_materna": {"LIMBA ROMANA": 217}, "promotie_anterioara": {"DA": 64, "NU": 153}, "materii": {"LIMBA ROMANA": {"medie": 6.37032710280374, "reusita": 89.86175115207374, "cnt": 217}, "MATEMATICA TEHN": {"medie": 4.1499999999999995, "reusita": 50.0, "cnt": 6}, "BIOLOGIE VEGETALA SI ANIMALA": {"medie": 5.144444444444444, "reusita": 55.55555555555556, "cnt": 9}, "GENERAL": {"medie": 6.13875404530744, "reusita": 47.926267281105986, "cnt": 217}, "MATEMATICA MATE-INFO": {"medie": 5.207142857142856, "reusita": 73.46938775510205, "cnt": 49}, "ANATOMIE SI FIZIOLOGIE UMANA, GENETICA SI ECOLOGIE UMANA": {"medie": 6.003614457831323, "reusita": 80.45977011494253, "cnt": 87}, "FIZICA TEO": {"medie": 5.7, "reusita": 50.0, "cnt": 2}, "GEOGRAFIE": {"medie": 7.613076923076923, "reusita": 90.9090909090909, "cnt": 66}, "INFORMATICA MI C/C++": {"medie": 6.171428571428572, "reusita": 100.0, "cnt": 7}, "ISTORIE": {"medie": 6.093564356435641, "reusita": 80.3921568627451, "cnt": 102}, "LOGICA, ARGUMENTARE SI COMUNICARE": {"medie": 7.096428571428572, "reusita": 85.71428571428571, "cnt": 14}, "MATEMATICA ST-NAT": {"medie": 3.9727272727272736, "reusita": 41.66666666666667, "cnt": 60}, "FIZICA TEH": {"medie": 2.25, "reusita": 0.0, "cnt": 3}, "CHIMIE ANORGANICA TEO NIVEL I/II": {"medie": 7.030000000000001, "reusita": 100.0, "cnt": 5}, "CHIMIE ORGANICA TEO NIVEL I/II": {"medie": 6.5, "reusita": 100.0, "cnt": 2}, "SOCIOLOGIE": {"medie": 7.4523809523809526, "reusita": 95.23809523809523, "cnt": 21}, "ECONOMIE": {"medie": 5.0, "reusita": 100.0, "cnt": 1}}, "nume": "LICEUL TEORETIC \"TRAIAN\"\tBucure\u0219ti"}