{"specializari": {"TEOLOGIE ROMANO-CATOLICA": 29, "FILOLOGIE": 25, "STIINTE ALE NATURII": 27, "MATEMATICA-INFORMATICA": 28}, "limba_moderna": {"LIMBA ENGLEZA": 48, "LIMBA GERMANA MODERNA": 61}, "limba_materna": {"LIMBA MAGHIARA": 109}, "promotie_anterioara": {"DA": 10, "NU": 99}, "materii": {"LIMBA ROMANA": {"medie": 5.843119266055047, "reusita": 80.73394495412845, "cnt": 109}, "GENERAL": {"medie": 7.258600917431193, "reusita": 72.47706422018348, "cnt": 109}, "MATEMATICA MATE-INFO": {"medie": 6.021428571428572, "reusita": 75.0, "cnt": 28}, "ANATOMIE SI FIZIOLOGIE UMANA, GENETICA SI ECOLOGIE UMANA": {"medie": 8.267948717948716, "reusita": 100.0, "cnt": 39}, "FIZICA TEO": {"medie": 6.659999999999999, "reusita": 100.0, "cnt": 5}, "GEOGRAFIE": {"medie": 7.469318181818181, "reusita": 95.45454545454545, "cnt": 44}, "INFORMATICA MI C/C++": {"medie": 8.191666666666666, "reusita": 100.0, "cnt": 6}, "ISTORIE": {"medie": 7.009259259259262, "reusita": 96.29629629629629, "cnt": 54}, "FILOSOFIE": {"medie": 7.727777777777778, "reusita": 100.0, "cnt": 9}, "LIMBA MAGHIARA (REAL)": {"medie": 8.267261904761904, "reusita": 98.80952380952381, "cnt": 84}, "MATEMATICA ST-NAT": {"medie": 7.79814814814815, "reusita": 88.88888888888889, "cnt": 27}, "LIMBA MAGHIARA (UMAN)": {"medie": 8.777999999999999, "reusita": 100.0, "cnt": 25}, "PSIHOLOGIE": {"medie": 8.05, "reusita": 100.0, "cnt": 1}, "CHIMIE ANORGANICA TEO NIVEL I/II": {"medie": 8.075, "reusita": 100.0, "cnt": 2}, "CHIMIE ORGANICA TEO NIVEL I/II": {"medie": 9.666666666666666, "reusita": 100.0, "cnt": 3}}, "nume": "LICEUL TEORETIC \"NAGY MALZES\" TARGU SECUIESC\tCovasna"}