{"specializari": {"FILOLOGIE": 33, "STIINTE ALE NATURII": 23, "TEHNICIAN IN INDUSTRIA ALIMENTARA": 9}, "limba_moderna": {"LIMBA FRANCEZA": 4, "LIMBA ENGLEZA": 61}, "limba_materna": {"LIMBA ROMANA": 65}, "promotie_anterioara": {"NU": 53, "DA": 12}, "materii": {"LIMBA ROMANA": {"medie": 6.278906250000001, "reusita": 81.53846153846153, "cnt": 65}, "MATEMATICA TEHN": {"medie": 2.7875, "reusita": 11.11111111111111, "cnt": 9}, "GENERAL": {"medie": 6.0018817204301085, "reusita": 49.23076923076923, "cnt": 65}, "ANATOMIE SI FIZIOLOGIE UMANA, GENETICA SI ECOLOGIE UMANA": {"medie": 5.246428571428571, "reusita": 58.620689655172406, "cnt": 29}, "FIZICA TEO": {"medie": 7.225, "reusita": 100.0, "cnt": 2}, "GEOGRAFIE": {"medie": 7.428260869565217, "reusita": 100.0, "cnt": 23}, "ISTORIE": {"medie": 5.704545454545455, "reusita": 81.81818181818183, "cnt": 33}, "LOGICA, ARGUMENTARE SI COMUNICARE": {"medie": 8.209999999999999, "reusita": 90.0, "cnt": 10}, "MATEMATICA ST-NAT": {"medie": 4.799999999999999, "reusita": 56.52173913043478, "cnt": 23}, "CHIMIE ORGANICA TEO NIVEL I/II": {"medie": 9.9, "reusita": 100.0, "cnt": 1}}, "nume": "LICEUL \"STEFAN DIACONESCU\" POTCOAVA\tOlt"}