{"specializari": {"STIINTE ALE NATURII": 11, "FILOLOGIE": 26, "MATEMATICA-INFORMATICA": 29}, "limba_moderna": {"LIMBA ENGLEZA": 66}, "limba_materna": {"LIMBA ROMANA": 31, "LIMBA GERMANA": 35}, "promotie_anterioara": {"DA": 11, "NU": 55}, "materii": {"LIMBA ROMANA": {"medie": 7.128461538461539, "reusita": 96.96969696969697, "cnt": 66}, "BIOLOGIE VEGETALA SI ANIMALA": {"medie": 4.75, "reusita": 33.33333333333333, "cnt": 3}, "GENERAL": {"medie": 7.038558201058202, "reusita": 66.66666666666666, "cnt": 66}, "MATEMATICA MATE-INFO": {"medie": 7.764814814814814, "reusita": 89.65517241379311, "cnt": 29}, "ANATOMIE SI FIZIOLOGIE UMANA, GENETICA SI ECOLOGIE UMANA": {"medie": 7.764285714285714, "reusita": 100.0, "cnt": 14}, "FIZICA TEO": {"medie": 9.366666666666665, "reusita": 100.0, "cnt": 6}, "GEOGRAFIE": {"medie": 7.205, "reusita": 90.47619047619048, "cnt": 21}, "INFORMATICA MI C/C++": {"medie": 8.233333333333333, "reusita": 100.0, "cnt": 12}, "ISTORIE": {"medie": 5.941999999999999, "reusita": 80.76923076923077, "cnt": 26}, "LOGICA, ARGUMENTARE SI COMUNICARE": {"medie": 5.2, "reusita": 100.0, "cnt": 1}, "MATEMATICA ST-NAT": {"medie": 4.259090909090909, "reusita": 36.36363636363637, "cnt": 11}, "PSIHOLOGIE": {"medie": 6.975, "reusita": 100.0, "cnt": 2}, "CHIMIE ANORGANICA TEO NIVEL I/II": {"medie": 6.6125, "reusita": 100.0, "cnt": 4}, "SOCIOLOGIE": {"medie": 9.149999999999999, "reusita": 100.0, "cnt": 2}, "INFORMATICA SN C/C++": {"medie": 7.4, "reusita": 100.0, "cnt": 1}, "LIMBA GERMANA": {"medie": 7.675714285714287, "reusita": 97.14285714285714, "cnt": 35}}, "nume": "LICEUL TEORETIC \"STEPHAN LUDWIG ROTH\" MEDIAS\tSibiu"}