{"specializari": {"LICEU CU PROGRAM SPORTIV": 73}, "limba_moderna": {"LIMBA ENGLEZA": 73}, "limba_materna": {"LIMBA ROMANA": 73}, "promotie_anterioara": {"DA": 15, "NU": 58}, "materii": {"LIMBA ROMANA": {"medie": 5.770149253731345, "reusita": 82.1917808219178, "cnt": 73}, "GENERAL": {"medie": 6.04228855721393, "reusita": 49.31506849315068, "cnt": 73}, "GEOGRAFIE": {"medie": 6.734782608695651, "reusita": 95.65217391304348, "cnt": 23}, "ISTORIE": {"medie": 5.647794117647059, "reusita": 86.3013698630137, "cnt": 73}, "LOGICA, ARGUMENTARE SI COMUNICARE": {"medie": 6.668478260869566, "reusita": 62.0, "cnt": 50}}, "nume": "LICEUL CU PROGRAM SPORTIV, MUN. VASLUI\tVaslui"}