{"specializari": {"LICEU CU PROGRAM SPORTIV": 101}, "limba_moderna": {"LIMBA ENGLEZA": 62, "LIMBA FRANCEZA": 39}, "limba_materna": {"LIMBA ROMANA": 101}, "promotie_anterioara": {"DA": 13, "NU": 88}, "materii": {"LIMBA ROMANA": {"medie": 6.335353535353538, "reusita": 85.14851485148515, "cnt": 101}, "GENERAL": {"medie": 6.428619528619531, "reusita": 56.43564356435643, "cnt": 101}, "GEOGRAFIE": {"medie": 7.298333333333334, "reusita": 91.30434782608695, "cnt": 92}, "ISTORIE": {"medie": 5.545959595959595, "reusita": 74.25742574257426, "cnt": 101}, "LOGICA, ARGUMENTARE SI COMUNICARE": {"medie": 8.887500000000001, "reusita": 100.0, "cnt": 8}, "PSIHOLOGIE": {"medie": 5.1, "reusita": 100.0, "cnt": 1}}, "nume": "LICEUL CU PROGRAM SPORTIV, IASI\tIa\u0219i"}