{"specializari": {"STIINTE ALE NATURII": 31, "STIINTE SOCIALE": 29}, "limba_moderna": {"LIMBA ENGLEZA": 60}, "limba_materna": {"LIMBA GERMANA": 60}, "promotie_anterioara": {"NU": 60}, "materii": {"LIMBA ROMANA": {"medie": 8.67457627118644, "reusita": 98.33333333333333, "cnt": 60}, "BIOLOGIE VEGETALA SI ANIMALA": {"medie": 9.183333333333334, "reusita": 100.0, "cnt": 6}, "GENERAL": {"medie": 8.459110169491527, "reusita": 96.66666666666667, "cnt": 60}, "ANATOMIE SI FIZIOLOGIE UMANA, GENETICA SI ECOLOGIE UMANA": {"medie": 9.364705882352942, "reusita": 100.0, "cnt": 17}, "FIZICA TEO": {"medie": 9.737499999999999, "reusita": 100.0, "cnt": 4}, "GEOGRAFIE": {"medie": 9.000000000000002, "reusita": 100.0, "cnt": 11}, "ISTORIE": {"medie": 7.526785714285713, "reusita": 96.55172413793103, "cnt": 29}, "LOGICA, ARGUMENTARE SI COMUNICARE": {"medie": 9.8, "reusita": 100.0, "cnt": 2}, "MATEMATICA ST-NAT": {"medie": 8.154838709677419, "reusita": 96.7741935483871, "cnt": 31}, "SOCIOLOGIE": {"medie": 8.590625, "reusita": 100.0, "cnt": 16}, "INFORMATICA SN C/C++": {"medie": 8.587499999999999, "reusita": 100.0, "cnt": 4}, "LIMBA GERMANA": {"medie": 8.259999999999998, "reusita": 100.0, "cnt": 60}}, "nume": "LICEUL TEORETIC \"NIKOLAUS LENAU\" TIMISOARA\tTimi\u0219"}