{"specializari": {"FILOLOGIE": 28, "TEHNICIAN IN ACTIVITATI ECONOMICE": 3}, "limba_moderna": {"LIMBA ENGLEZA": 31}, "limba_materna": {"LIMBA ROMANA": 31}, "promotie_anterioara": {"DA": 10, "NU": 21}, "materii": {"LIMBA ROMANA": {"medie": 4.825000000000001, "reusita": 41.935483870967744, "cnt": 31}, "MATEMATICA TEHN": {"medie": 4.916666666666667, "reusita": 66.66666666666666, "cnt": 3}, "GENERAL": {"medie": 5.028431372549021, "reusita": 12.903225806451612, "cnt": 31}, "GEOGRAFIE": {"medie": 5.802941176470587, "reusita": 44.827586206896555, "cnt": 29}, "ISTORIE": {"medie": 4.471052631578948, "reusita": 32.142857142857146, "cnt": 28}, "LOGICA, ARGUMENTARE SI COMUNICARE": {"medie": 5.8, "reusita": 100.0, "cnt": 1}, "SOCIOLOGIE": {"medie": 5.65, "reusita": 100.0, "cnt": 1}}, "nume": "LICEUL TEORETIC \"HENRI COANDA\" TIMISOARA\tTimi\u0219"}