{"specializari": {"MATEMATICA-INFORMATICA": 29, "STIINTE ALE NATURII": 38, "FILOLOGIE": 72, "STIINTE SOCIALE": 64, "TEHNICIAN PRELUCRARI MECANICE": 1}, "limba_moderna": {"LIMBA ENGLEZA": 199, "LIMBA FRANCEZA": 5}, "limba_materna": {"LIMBA ROMANA": 204}, "promotie_anterioara": {"DA": 26, "NU": 178}, "materii": {"LIMBA ROMANA": {"medie": 6.8806930693069255, "reusita": 98.52941176470588, "cnt": 204}, "MATEMATICA TEHN": {"medie": 5.5, "reusita": 100.0, "cnt": 1}, "BIOLOGIE VEGETALA SI ANIMALA": {"medie": 6.916666666666667, "reusita": 100.0, "cnt": 3}, "GENERAL": {"medie": 6.9018333333333315, "reusita": 70.09803921568627, "cnt": 204}, "MATEMATICA MATE-INFO": {"medie": 6.027586206896552, "reusita": 82.75862068965517, "cnt": 29}, "ANATOMIE SI FIZIOLOGIE UMANA, GENETICA SI ECOLOGIE UMANA": {"medie": 5.690697674418605, "reusita": 71.11111111111111, "cnt": 45}, "FIZICA TEO": {"medie": 6.5125, "reusita": 75.0, "cnt": 4}, "GEOGRAFIE": {"medie": 7.883333333333334, "reusita": 94.73684210526315, "cnt": 19}, "INFORMATICA MI C/C++": {"medie": 6.510714285714286, "reusita": 85.71428571428571, "cnt": 14}, "ISTORIE": {"medie": 6.952985074626868, "reusita": 95.58823529411765, "cnt": 136}, "LOGICA, ARGUMENTARE SI COMUNICARE": {"medie": 8.653947368421052, "reusita": 97.36842105263158, "cnt": 38}, "MATEMATICA ST-NAT": {"medie": 4.30921052631579, "reusita": 50.0, "cnt": 38}, "PSIHOLOGIE": {"medie": 8.0, "reusita": 100.0, "cnt": 8}, "CHIMIE ORGANICA TEO NIVEL I/II": {"medie": 5.75, "reusita": 100.0, "cnt": 2}, "SOCIOLOGIE": {"medie": 8.218840579710143, "reusita": 97.14285714285714, "cnt": 70}, "ECONOMIE": {"medie": 3.5, "reusita": 0.0, "cnt": 1}}, "nume": "LICEUL TEORETIC \"C-TIN BRANCOVEANU\"\tBucure\u0219ti"}