{"specializari": {"FILOLOGIE": 60, "MATEMATICA-INFORMATICA": 27, "STIINTE ALE NATURII": 20}, "limba_moderna": {"LIMBA ENGLEZA": 105, "LIMBA GERMANA MODERNA": 2}, "limba_materna": {"LIMBA ROMANA": 57, "LIMBA GERMANA": 50}, "promotie_anterioara": {"DA": 9, "NU": 98}, "materii": {"LIMBA ROMANA": {"medie": 6.652358490566041, "reusita": 85.98130841121495, "cnt": 107}, "BIOLOGIE VEGETALA SI ANIMALA": {"medie": 4.832608695652173, "reusita": 60.86956521739131, "cnt": 23}, "GENERAL": {"medie": 6.279520440251573, "reusita": 59.813084112149525, "cnt": 107}, "MATEMATICA MATE-INFO": {"medie": 7.098148148148147, "reusita": 100.0, "cnt": 27}, "ANATOMIE SI FIZIOLOGIE UMANA, GENETICA SI ECOLOGIE UMANA": {"medie": 6.881818181818182, "reusita": 100.0, "cnt": 11}, "GEOGRAFIE": {"medie": 6.706756756756758, "reusita": 89.47368421052632, "cnt": 38}, "INFORMATICA MI C/C++": {"medie": 6.075, "reusita": 100.0, "cnt": 2}, "ISTORIE": {"medie": 5.800833333333334, "reusita": 78.33333333333333, "cnt": 60}, "LOGICA, ARGUMENTARE SI COMUNICARE": {"medie": 8.65, "reusita": 100.0, "cnt": 6}, "MATEMATICA ST-NAT": {"medie": 3.2700000000000005, "reusita": 30.0, "cnt": 20}, "PSIHOLOGIE": {"medie": 7.9300000000000015, "reusita": 100.0, "cnt": 5}, "CHIMIE ORGANICA TEO NIVEL I/II": {"medie": 9.675, "reusita": 100.0, "cnt": 2}, "SOCIOLOGIE": {"medie": 6.127272727272726, "reusita": 90.9090909090909, "cnt": 11}, "INFORMATICA MI PASCAL": {"medie": 8.449999999999998, "reusita": 100.0, "cnt": 9}, "LIMBA GERMANA": {"medie": 7.115000000000001, "reusita": 94.0, "cnt": 50}}, "nume": "LICEUL TEORETIC \"JOSEPH HALTRICH\" SIGHISOARA\tMure\u0219"}