{"specializari": {"GHID TURISM RELIGIOS": 15, "MATEMATICA-INFORMATICA": 16}, "limba_moderna": {"LIMBA ENGLEZA": 31}, "limba_materna": {"LIMBA ROMANA": 31}, "promotie_anterioara": {"DA": 5, "NU": 26}, "materii": {"LIMBA ROMANA": {"medie": 6.770967741935485, "reusita": 96.7741935483871, "cnt": 31}, "GENERAL": {"medie": 6.966129032258064, "reusita": 87.09677419354838, "cnt": 31}, "MATEMATICA MATE-INFO": {"medie": 6.734374999999999, "reusita": 100.0, "cnt": 16}, "FIZICA TEO": {"medie": 7.475, "reusita": 100.0, "cnt": 2}, "GEOGRAFIE": {"medie": 8.023333333333333, "reusita": 100.0, "cnt": 15}, "INFORMATICA MI C/C++": {"medie": 6.539285714285714, "reusita": 100.0, "cnt": 14}, "ISTORIE": {"medie": 6.890000000000001, "reusita": 93.33333333333333, "cnt": 15}}, "nume": "LICEUL GRECO-CATOLIC \"TIMOTEI CIPARIU\"\tBucure\u0219ti"}