{"specializari": {"MATEMATICA-INFORMATICA": 32, "STIINTE ALE NATURII": 95, "FILOLOGIE": 60, "TEHNICIAN IN ACTIVITATI ECONOMICE": 27, "STIINTE SOCIALE": 59, "TEHNICIAN IN TURISM": 18}, "limba_moderna": {"LIMBA ENGLEZA": 228, "LIMBA FRANCEZA": 63}, "limba_materna": {"LIMBA ROMANA": 291}, "promotie_anterioara": {"DA": 27, "NU": 264}, "materii": {"LIMBA ROMANA": {"medie": 7.030449826989622, "reusita": 96.56357388316151, "cnt": 291}, "MATEMATICA TEHN": {"medie": 6.702222222222222, "reusita": 84.44444444444444, "cnt": 45}, "BIOLOGIE VEGETALA SI ANIMALA": {"medie": 6.6, "reusita": 100.0, "cnt": 1}, "GENERAL": {"medie": 6.955692488262915, "reusita": 69.41580756013745, "cnt": 291}, "MATEMATICA MATE-INFO": {"medie": 5.7328125000000005, "reusita": 71.875, "cnt": 32}, "ANATOMIE SI FIZIOLOGIE UMANA, GENETICA SI ECOLOGIE UMANA": {"medie": 6.156914893617019, "reusita": 69.0721649484536, "cnt": 97}, "FIZICA TEO": {"medie": 7.168749999999999, "reusita": 100.0, "cnt": 8}, "GEOGRAFIE": {"medie": 8.008928571428571, "reusita": 98.21428571428571, "cnt": 56}, "INFORMATICA MI C/C++": {"medie": 7.478947368421053, "reusita": 89.47368421052632, "cnt": 19}, "ISTORIE": {"medie": 7.131932773109245, "reusita": 96.63865546218487, "cnt": 119}, "LOGICA, ARGUMENTARE SI COMUNICARE": {"medie": 8.534803921568628, "reusita": 95.14563106796116, "cnt": 103}, "MATEMATICA ST-NAT": {"medie": 5.165384615384617, "reusita": 58.94736842105262, "cnt": 95}, "PSIHOLOGIE": {"medie": 8.583333333333334, "reusita": 100.0, "cnt": 3}, "CHIMIE ORGANICA TEO NIVEL I/II": {"medie": 5.3, "reusita": 100.0, "cnt": 1}, "SOCIOLOGIE": {"medie": 7.949999999999999, "reusita": 100.0, "cnt": 2}, "INFORMATICA SN C/C++": {"medie": 3.35, "reusita": 0.0, "cnt": 1}}, "nume": "LICEUL TEORETIC \"MIHAI EMINESCU\", MUN. BARLAD\tVaslui"}