{"specializari": {"STIINTE ALE NATURII": 24, "INVATATOR - EDUCATOARE": 27, "STIINTE SOCIALE": 53, "FILOLOGIE": 33, "MATEMATICA-INFORMATICA": 2}, "limba_moderna": {"LIMBA ENGLEZA": 114, "LIMBA FRANCEZA": 25}, "limba_materna": {"LIMBA ROMANA": 139}, "promotie_anterioara": {"DA": 39, "NU": 100}, "materii": {"LIMBA ROMANA": {"medie": 5.921481481481484, "reusita": 84.17266187050359, "cnt": 139}, "BIOLOGIE VEGETALA SI ANIMALA": {"medie": 2.9125, "reusita": 25.0, "cnt": 4}, "GENERAL": {"medie": 5.734871794871797, "reusita": 38.1294964028777, "cnt": 139}, "MATEMATICA MATE-INFO": {"medie": 3.4, "reusita": 50.0, "cnt": 2}, "ANATOMIE SI FIZIOLOGIE UMANA, GENETICA SI ECOLOGIE UMANA": {"medie": 4.523684210526315, "reusita": 45.45454545454545, "cnt": 22}, "GEOGRAFIE": {"medie": 6.412745098039212, "reusita": 83.01886792452831, "cnt": 53}, "ISTORIE": {"medie": 4.94397590361446, "reusita": 59.30232558139535, "cnt": 86}, "LOGICA, ARGUMENTARE SI COMUNICARE": {"medie": 7.8187500000000005, "reusita": 93.75, "cnt": 16}, "MATEMATICA ST-NAT": {"medie": 2.9380952380952383, "reusita": 25.0, "cnt": 24}, "MATEMATICA PED": {"medie": 5.946296296296298, "reusita": 81.48148148148148, "cnt": 27}, "PSIHOLOGIE": {"medie": 8.240625000000001, "reusita": 100.0, "cnt": 16}, "SOCIOLOGIE": {"medie": 6.398148148148148, "reusita": 82.14285714285714, "cnt": 28}}, "nume": "LICEUL TEORETIC \"NICOLAE CARTOJAN\" GIURGIU\tGiurgiu"}