{"specializari": {"FILOLOGIE": 44, "STIINTE ALE NATURII": 4}, "limba_moderna": {"LIMBA ENGLEZA": 48}, "limba_materna": {"LIMBA ROMANA": 48}, "promotie_anterioara": {"DA": 9, "NU": 39}, "materii": {"LIMBA ROMANA": {"medie": 6.761111111111111, "reusita": 83.33333333333334, "cnt": 48}, "BIOLOGIE VEGETALA SI ANIMALA": {"medie": 4.883333333333333, "reusita": 50.0, "cnt": 4}, "GENERAL": {"medie": 6.148518518518519, "reusita": 45.83333333333333, "cnt": 48}, "GEOGRAFIE": {"medie": 7.3159090909090905, "reusita": 95.45454545454545, "cnt": 22}, "ISTORIE": {"medie": 5.079545454545454, "reusita": 61.36363636363637, "cnt": 44}, "FILOSOFIE": {"medie": 6.92, "reusita": 80.0, "cnt": 5}, "LOGICA, ARGUMENTARE SI COMUNICARE": {"medie": 5.044444444444445, "reusita": 33.33333333333333, "cnt": 9}, "MATEMATICA ST-NAT": {"medie": 3.5333333333333337, "reusita": 25.0, "cnt": 4}, "SOCIOLOGIE": {"medie": 6.925000000000001, "reusita": 87.5, "cnt": 8}}, "nume": "LICEUL TEORETIC \"GHEORGHE LAZAR\" AVRIG\tSibiu"}