{"specializari": {"MATEMATICA-INFORMATICA": 51, "STIINTE ALE NATURII": 24, "FILOLOGIE": 59, "STIINTE SOCIALE": 38}, "limba_moderna": {"LIMBA ENGLEZA": 171, "LIMBA FRANCEZA": 1}, "limba_materna": {"LIMBA ROMANA": 172}, "promotie_anterioara": {"DA": 26, "NU": 146}, "materii": {"LIMBA ROMANA": {"medie": 6.82093023255814, "reusita": 94.18604651162791, "cnt": 172}, "GENERAL": {"medie": 6.588152610441762, "reusita": 60.46511627906976, "cnt": 172}, "MATEMATICA MATE-INFO": {"medie": 5.085416666666668, "reusita": 54.90196078431373, "cnt": 51}, "ANATOMIE SI FIZIOLOGIE UMANA, GENETICA SI ECOLOGIE UMANA": {"medie": 6.74920634920635, "reusita": 85.9375, "cnt": 64}, "FIZICA TEO": {"medie": 7.449999999999999, "reusita": 100.0, "cnt": 2}, "GEOGRAFIE": {"medie": 7.658152173913042, "reusita": 93.54838709677419, "cnt": 93}, "INFORMATICA MI C/C++": {"medie": 6.814285714285715, "reusita": 100.0, "cnt": 7}, "ISTORIE": {"medie": 6.338659793814434, "reusita": 91.75257731958763, "cnt": 97}, "LOGICA, ARGUMENTARE SI COMUNICARE": {"medie": 7.966666666666668, "reusita": 66.66666666666666, "cnt": 3}, "MATEMATICA ST-NAT": {"medie": 3.4739130434782597, "reusita": 25.0, "cnt": 24}, "PSIHOLOGIE": {"medie": "-", "reusita": 0.0, "cnt": 1}, "CHIMIE ANORGANICA TEO NIVEL I/II": {"medie": 6.9, "reusita": 100.0, "cnt": 1}, "CHIMIE ORGANICA TEO NIVEL I/II": {"medie": 9.9, "reusita": 100.0, "cnt": 1}}, "nume": "LICEUL TEORETIC \"IONITA ASAN\" CARACAL\tOlt"}