{"specializari": {"STIINTE ALE NATURII": 22, "STIINTE SOCIALE": 28, "TEHNICIAN IN AGRICULTURA": 15, "TEHNICIAN IN INSTALATII ELECTRICE": 5}, "limba_moderna": {"LIMBA ENGLEZA": 46, "LIMBA FRANCEZA": 24}, "limba_materna": {"LIMBA ROMANA": 70}, "promotie_anterioara": {"DA": 28, "NU": 42}, "materii": {"LIMBA ROMANA": {"medie": 5.216153846153846, "reusita": 68.57142857142857, "cnt": 70}, "MATEMATICA TEHN": {"medie": 2.211111111111111, "reusita": 10.0, "cnt": 20}, "BIOLOGIE VEGETALA SI ANIMALA": {"medie": 3.75, "reusita": 28.57142857142857, "cnt": 7}, "GENERAL": {"medie": 4.986111111111112, "reusita": 32.857142857142854, "cnt": 70}, "ANATOMIE SI FIZIOLOGIE UMANA, GENETICA SI ECOLOGIE UMANA": {"medie": 4.750000000000001, "reusita": 51.42857142857142, "cnt": 35}, "GEOGRAFIE": {"medie": 6.997727272727272, "reusita": 79.16666666666666, "cnt": 24}, "ISTORIE": {"medie": 5.915384615384616, "reusita": 78.57142857142857, "cnt": 28}, "LOGICA, ARGUMENTARE SI COMUNICARE": {"medie": 7.95, "reusita": 100.0, "cnt": 3}, "MATEMATICA ST-NAT": {"medie": 3.4850000000000003, "reusita": 45.45454545454545, "cnt": 22}, "PSIHOLOGIE": {"medie": 6.6, "reusita": 100.0, "cnt": 1}}, "nume": "LICEUL TEORETIC BANEASA\tConstan\u021ba"}