{"specializari": {"TEOLOGIE ORTODOXA": 24}, "limba_moderna": {"LIMBA ENGLEZA": 24}, "limba_materna": {"LIMBA ROMANA": 24}, "promotie_anterioara": {"NU": 24}, "materii": {"LIMBA ROMANA": {"medie": 8.087499999999999, "reusita": 100.0, "cnt": 24}, "GENERAL": {"medie": 8.012500000000001, "reusita": 91.66666666666666, "cnt": 24}, "GEOGRAFIE": {"medie": 9.165000000000001, "reusita": 100.0, "cnt": 10}, "ISTORIE": {"medie": 7.358333333333333, "reusita": 95.83333333333334, "cnt": 24}, "LOGICA, ARGUMENTARE SI COMUNICARE": {"medie": 8.182142857142857, "reusita": 92.85714285714286, "cnt": 14}}, "nume": "SEMINARUL TEOLOGIC ORTODOX \"CHESARIE EPISCOPUL\" MUNICIPIUL BUZAU\tBuz\u0103u"}