{"specializari": {"TEOLOGIE ORTODOXA": 29}, "limba_moderna": {"LIMBA ENGLEZA": 29}, "limba_materna": {"LIMBA ROMANA": 29}, "promotie_anterioara": {"NU": 19, "DA": 10}, "materii": {"LIMBA ROMANA": {"medie": 5.38148148148148, "reusita": 72.41379310344827, "cnt": 29}, "GENERAL": {"medie": 5.6845679012345665, "reusita": 31.03448275862069, "cnt": 29}, "GEOGRAFIE": {"medie": 6.438461538461538, "reusita": 85.18518518518519, "cnt": 27}, "ISTORIE": {"medie": 5.078571428571429, "reusita": 51.724137931034484, "cnt": 29}, "LOGICA, ARGUMENTARE SI COMUNICARE": {"medie": 7.05, "reusita": 100.0, "cnt": 2}}, "nume": "SEMINARUL TEOLOGIC ORTODOX \"SF. IOAN CASIAN\" TULCEA\tTulcea"}