{"specializari": {"STIINTE ALE NATURII": 35, "MATEMATICA-INFORMATICA": 88, "FILOLOGIE": 71}, "limba_moderna": {"LIMBA ENGLEZA": 175, "LIMBA FRANCEZA": 19}, "limba_materna": {"LIMBA ROMANA": 194}, "promotie_anterioara": {"NU": 174, "DA": 20}, "materii": {"LIMBA ROMANA": {"medie": 7.013730569948187, "reusita": 94.84536082474226, "cnt": 194}, "ISTORIE": {"medie": 8.159154929577467, "reusita": 100.0, "cnt": 71}, "GEOGRAFIE": {"medie": 8.847000000000003, "reusita": 100.0, "cnt": 50}, "GENERAL": {"medie": 7.302356020942412, "reusita": 74.22680412371135, "cnt": 194}, "MATEMATICA ST-NAT": {"medie": 3.64375, "reusita": 34.285714285714285, "cnt": 35}, "ANATOMIE SI FIZIOLOGIE UMANA, GENETICA SI ECOLOGIE UMANA": {"medie": 7.088953488372094, "reusita": 81.60919540229885, "cnt": 87}, "MATEMATICA MATE-INFO": {"medie": 7.3125, "reusita": 89.77272727272727, "cnt": 88}, "FIZICA TEO": {"medie": 8.726315789473684, "reusita": 100.0, "cnt": 19}, "CHIMIE ORGANICA TEO NIVEL I/II": {"medie": 9.4125, "reusita": 100.0, "cnt": 4}, "SOCIOLOGIE": {"medie": 7.633333333333334, "reusita": 88.88888888888889, "cnt": 9}, "PSIHOLOGIE": {"medie": 8.131250000000001, "reusita": 87.5, "cnt": 8}, "INFORMATICA MI C/C++": {"medie": 6.755555555555556, "reusita": 88.88888888888889, "cnt": 9}, "ECONOMIE": {"medie": 7.633333333333333, "reusita": 66.66666666666666, "cnt": 3}, "CHIMIE ANORGANICA TEO NIVEL I/II": {"medie": 9.766666666666667, "reusita": 100.0, "cnt": 3}, "FILOSOFIE": {"medie": 8.2, "reusita": 100.0, "cnt": 1}, "INFORMATICA MI PASCAL": {"medie": 5.9, "reusita": 100.0, "cnt": 1}}, "nume": "COLEGIUL NATIONAL \"ANASTASESCU\" ROSIORI DE VEDE\tTeleorman"}