{"specializari": {"MATEMATICA-INFORMATICA": 56, "STIINTE ALE NATURII": 68, "STIINTE SOCIALE": 62, "FILOLOGIE": 33}, "limba_moderna": {"LIMBA ENGLEZA": 216, "LIMBA FRANCEZA": 3}, "limba_materna": {"LIMBA ROMANA": 219}, "promotie_anterioara": {"NU": 214, "DA": 5}, "materii": {"LIMBA ROMANA": {"medie": 7.746330275229353, "reusita": 99.08675799086758, "cnt": 219}, "ISTORIE": {"medie": 7.582105263157894, "reusita": 100.0, "cnt": 95}, "GEOGRAFIE": {"medie": 8.547058823529412, "reusita": 100.0, "cnt": 34}, "GENERAL": {"medie": 8.01889400921659, "reusita": 93.15068493150685, "cnt": 219}, "MATEMATICA ST-NAT": {"medie": 7.999264705882354, "reusita": 97.05882352941177, "cnt": 68}, "ANATOMIE SI FIZIOLOGIE UMANA, GENETICA SI ECOLOGIE UMANA": {"medie": 8.56666666666667, "reusita": 97.67441860465115, "cnt": 86}, "MATEMATICA MATE-INFO": {"medie": 7.763636363636364, "reusita": 91.07142857142857, "cnt": 56}, "FIZICA TEO": {"medie": 7.863157894736841, "reusita": 100.0, "cnt": 19}, "CHIMIE ORGANICA TEO NIVEL I/II": {"medie": 8.0, "reusita": 100.0, "cnt": 2}, "SOCIOLOGIE": {"medie": 7.45, "reusita": 100.0, "cnt": 1}, "LOGICA, ARGUMENTARE SI COMUNICARE": {"medie": 8.770338983050848, "reusita": 98.30508474576271, "cnt": 59}, "INFORMATICA MI C/C++": {"medie": 8.91, "reusita": 100.0, "cnt": 5}, "ECONOMIE": {"medie": 4.6, "reusita": 0.0, "cnt": 1}, "CHIMIE ANORGANICA TEO NIVEL I/II": {"medie": 8.529166666666667, "reusita": 100.0, "cnt": 12}}, "nume": "COLEGIUL NATIONAL \"MIHAI EMINESCU\" CONSTANTA\tConstan\u021ba"}