{"specializari": {"MATEMATICA-INFORMATICA": 102, "FILOLOGIE": 69, "STIINTE ALE NATURII": 34}, "limba_moderna": {"LIMBA FRANCEZA": 62, "LIMBA ENGLEZA": 132, "LIMBA GERMANA MODERNA": 1, "LIMBA RUSA": 10}, "limba_materna": {"LIMBA ROMANA": 205}, "promotie_anterioara": {"NU": 200, "DA": 5}, "materii": {"LIMBA ROMANA": {"medie": 7.8131707317073165, "reusita": 99.02439024390245, "cnt": 205}, "ISTORIE": {"medie": 7.870289855072461, "reusita": 100.0, "cnt": 69}, "GEOGRAFIE": {"medie": 8.924999999999999, "reusita": 100.0, "cnt": 12}, "GENERAL": {"medie": 8.075245098039217, "reusita": 91.21951219512195, "cnt": 205}, "MATEMATICA ST-NAT": {"medie": 8.076470588235296, "reusita": 100.0, "cnt": 34}, "ANATOMIE SI FIZIOLOGIE UMANA, GENETICA SI ECOLOGIE UMANA": {"medie": 8.686363636363636, "reusita": 100.0, "cnt": 22}, "MATEMATICA MATE-INFO": {"medie": 7.38910891089109, "reusita": 88.23529411764706, "cnt": 102}, "BIOLOGIE VEGETALA SI ANIMALA": {"medie": 7.538888888888888, "reusita": 100.0, "cnt": 9}, "FIZICA TEO": {"medie": 7.9029411764705895, "reusita": 94.11764705882352, "cnt": 17}, "CHIMIE ORGANICA TEO NIVEL I/II": {"medie": 9.341666666666667, "reusita": 100.0, "cnt": 24}, "LOGICA, ARGUMENTARE SI COMUNICARE": {"medie": 9.650925925925923, "reusita": 100.0, "cnt": 54}, "INFORMATICA MI C/C++": {"medie": 8.023809523809524, "reusita": 100.0, "cnt": 63}, "ECONOMIE": {"medie": 9.799999999999999, "reusita": 100.0, "cnt": 3}, "CHIMIE ANORGANICA TEO NIVEL I/II": {"medie": 6.75, "reusita": 100.0, "cnt": 1}}, "nume": "COLEGIUL NATIONAL \"DINICU GOLESCU\" CAMPULUNG\tArge\u0219"}