{"specializari": {"MATEMATICA-INFORMATICA": 83, "STIINTE SOCIALE": 39, "FILOLOGIE": 36, "STIINTE ALE NATURII": 35}, "limba_moderna": {"LIMBA ENGLEZA": 181, "LIMBA FRANCEZA": 12}, "limba_materna": {"LIMBA ROMANA": 193}, "promotie_anterioara": {"NU": 189, "DA": 4}, "materii": {"LIMBA ROMANA": {"medie": 8.226701570680634, "reusita": 98.44559585492227, "cnt": 193}, "ISTORIE": {"medie": 7.442000000000001, "reusita": 100.0, "cnt": 75}, "GEOGRAFIE": {"medie": 9.133333333333333, "reusita": 100.0, "cnt": 63}, "GENERAL": {"medie": 8.24371727748691, "reusita": 94.30051813471503, "cnt": 193}, "MATEMATICA ST-NAT": {"medie": 8.28857142857143, "reusita": 97.14285714285714, "cnt": 35}, "ANATOMIE SI FIZIOLOGIE UMANA, GENETICA SI ECOLOGIE UMANA": {"medie": 8.6625, "reusita": 100.0, "cnt": 4}, "MATEMATICA MATE-INFO": {"medie": 8.082098765432098, "reusita": 93.97590361445783, "cnt": 83}, "BIOLOGIE VEGETALA SI ANIMALA": {"medie": 7.943333333333333, "reusita": 95.16129032258065, "cnt": 62}, "FIZICA TEO": {"medie": 8.930357142857142, "reusita": 100.0, "cnt": 28}, "CHIMIE ORGANICA TEO NIVEL I/II": {"medie": 8.860869565217392, "reusita": 95.65217391304348, "cnt": 23}, "LOGICA, ARGUMENTARE SI COMUNICARE": {"medie": 8.155555555555555, "reusita": 100.0, "cnt": 9}, "INFORMATICA MI C/C++": {"medie": 7.85, "reusita": 100.0, "cnt": 1}, "ECONOMIE": {"medie": 9.4, "reusita": 100.0, "cnt": 1}, "FILOSOFIE": {"medie": 9.149999999999999, "reusita": 100.0, "cnt": 2}}, "nume": "COLEGIUL NATIONAL \"GEORGE COSBUC\" MOTRU\tGorj"}