{"specializari": {"TEHNICIAN TRANSPORTURI": 44, "TEHNICIAN MECATRONIST": 1, "TEHNICIAN ELECTRICIAN/ELECTRONIST AUTO": 25}, "limba_moderna": {"LIMBA ENGLEZA": 68, "LIMBA FRANCEZA": 2}, "limba_materna": {"LIMBA ROMANA": 70}, "promotie_anterioara": {"DA": 32, "NU": 38}, "materii": {"LIMBA ROMANA": {"medie": 5.4582089552238795, "reusita": 82.85714285714286, "cnt": 70}, "GENERAL": {"medie": 5.631746031746031, "reusita": 38.57142857142858, "cnt": 70}, "BIOLOGIE VEGETALA SI ANIMALA": {"medie": 4.137096774193548, "reusita": 42.42424242424242, "cnt": 33}, "MATEMATICA TEHN": {"medie": 5.871739130434783, "reusita": 78.57142857142857, "cnt": 70}, "CHIMIE ANORGANICA TEH NIVEL I/II": {"medie": 6.129166666666667, "reusita": 80.0, "cnt": 25}, "FIZICA TEH": {"medie": 7.516666666666668, "reusita": 91.66666666666666, "cnt": 12}}, "nume": "COLEGIUL TEHNIC AUTO \"TRAIAN VUIA\" FOCSANI\tVrancea"}