{"specializari": {"MATEMATICA-INFORMATICA": 44, "STIINTE SOCIALE": 86, "FILOLOGIE": 21, "INVATATOR - EDUCATOARE": 29}, "limba_moderna": {"LIMBA ENGLEZA": 168, "LIMBA FRANCEZA": 12}, "limba_materna": {"LIMBA ROMANA": 180}, "promotie_anterioara": {"NU": 179, "DA": 1}, "materii": {"LIMBA ROMANA": {"medie": 8.05361111111111, "reusita": 99.44444444444444, "cnt": 180}, "ISTORIE": {"medie": 7.745327102803735, "reusita": 100.0, "cnt": 107}, "GEOGRAFIE": {"medie": 9.054347826086957, "reusita": 100.0, "cnt": 23}, "GENERAL": {"medie": 8.292777777777774, "reusita": 97.22222222222221, "cnt": 180}, "ANATOMIE SI FIZIOLOGIE UMANA, GENETICA SI ECOLOGIE UMANA": {"medie": 8.831249999999999, "reusita": 100.0, "cnt": 16}, "MATEMATICA MATE-INFO": {"medie": 8.084090909090909, "reusita": 97.72727272727273, "cnt": 44}, "FIZICA TEO": {"medie": 7.8375, "reusita": 100.0, "cnt": 8}, "CHIMIE ORGANICA TEO NIVEL I/II": {"medie": 9.2, "reusita": 100.0, "cnt": 1}, "SOCIOLOGIE": {"medie": 8.833333333333334, "reusita": 100.0, "cnt": 3}, "PSIHOLOGIE": {"medie": 9.1, "reusita": 100.0, "cnt": 1}, "LOGICA, ARGUMENTARE SI COMUNICARE": {"medie": 9.16887755102041, "reusita": 98.9795918367347, "cnt": 98}, "INFORMATICA MI C/C++": {"medie": 8.428947368421051, "reusita": 100.0, "cnt": 19}, "ECONOMIE": {"medie": 8.442857142857141, "reusita": 100.0, "cnt": 7}, "MATEMATICA PED": {"medie": 8.049999999999999, "reusita": 96.55172413793103, "cnt": 29}, "FILOSOFIE": {"medie": 8.925, "reusita": 100.0, "cnt": 4}}, "nume": "COLEGIUL NATIONAL \"MIHAI EMINESCU\" SUCEAVA\tSuceava"}