{"specializari": {"TEHNICIAN IN ACTIVITATI ECONOMICE": 31, "TEHNICIAN IN SILVICULTURA SI EXPLOATARI FORESTIERE": 122, "TEHNICIAN ECOLOG SI PROTECTIA CALITATII MEDIULUI": 21, "FILOLOGIE": 11, "TEHNICIAN IN TURISM": 18, "TEHNICIAN IN ADMINISTRATIE": 2, "LICEU CU PROGRAM SPORTIV": 1}, "limba_moderna": {"LIMBA ENGLEZA": 187, "LIMBA FRANCEZA": 19}, "limba_materna": {"LIMBA ROMANA": 206}, "promotie_anterioara": {"NU": 160, "DA": 46}, "materii": {"LIMBA ROMANA": {"medie": 6.428749999999999, "reusita": 84.9514563106796, "cnt": 206}, "ISTORIE": {"medie": 5.445454545454545, "reusita": 91.66666666666666, "cnt": 12}, "GEOGRAFIE": {"medie": 7.937288135593222, "reusita": 98.33333333333333, "cnt": 60}, "GENERAL": {"medie": 6.8121993127147755, "reusita": 67.96116504854369, "cnt": 206}, "ANATOMIE SI FIZIOLOGIE UMANA, GENETICA SI ECOLOGIE UMANA": {"medie": 7.263559322033898, "reusita": 92.85714285714286, "cnt": 126}, "BIOLOGIE VEGETALA SI ANIMALA": {"medie": 5.246428571428572, "reusita": 71.42857142857143, "cnt": 14}, "MATEMATICA TEHN": {"medie": 6.661842105263162, "reusita": 89.17525773195877, "cnt": 194}, "PSIHOLOGIE": {"medie": 6.866666666666667, "reusita": 100.0, "cnt": 3}, "CHIMIE ANORGANICA TEH NIVEL I/II": {"medie": 7.416666666666667, "reusita": 100.0, "cnt": 3}}, "nume": "COLEGIUL SILVIC \"BUCOVINA\" CAMPULUNG MOLDOVENESC\tSuceava"}