{"specializari": {"MATEMATICA-INFORMATICA": 124, "FILOLOGIE": 27}, "limba_moderna": {"LIMBA ENGLEZA": 110, "LIMBA FRANCEZA": 41}, "limba_materna": {"LIMBA ROMANA": 151}, "promotie_anterioara": {"NU": 149, "DA": 2}, "materii": {"LIMBA ROMANA": {"medie": 7.864666666666666, "reusita": 99.33774834437085, "cnt": 151}, "ISTORIE": {"medie": 8.774074074074074, "reusita": 100.0, "cnt": 27}, "GEOGRAFIE": {"medie": 8.813636363636364, "reusita": 100.0, "cnt": 11}, "GENERAL": {"medie": 8.276111111111108, "reusita": 96.02649006622516, "cnt": 151}, "ANATOMIE SI FIZIOLOGIE UMANA, GENETICA SI ECOLOGIE UMANA": {"medie": 8.638000000000002, "reusita": 98.66666666666667, "cnt": 75}, "MATEMATICA MATE-INFO": {"medie": 8.324390243902439, "reusita": 97.58064516129032, "cnt": 124}, "BIOLOGIE VEGETALA SI ANIMALA": {"medie": 8.28125, "reusita": 100.0, "cnt": 8}, "FIZICA TEO": {"medie": 7.569444444444445, "reusita": 89.47368421052632, "cnt": 19}, "CHIMIE ORGANICA TEO NIVEL I/II": {"medie": 9.9, "reusita": 100.0, "cnt": 2}, "SOCIOLOGIE": {"medie": 8.5625, "reusita": 100.0, "cnt": 12}, "PSIHOLOGIE": {"medie": 8.149999999999999, "reusita": 100.0, "cnt": 2}, "INFORMATICA MI C/C++": {"medie": 8.924999999999997, "reusita": 100.0, "cnt": 20}, "ECONOMIE": {"medie": 9.55, "reusita": 100.0, "cnt": 2}}, "nume": "COLEGIUL NATIONAL \"MIHAI EMINESCU\"\tBucure\u0219ti"}