{"specializari": {"MATEMATICA-INFORMATICA": 122, "STIINTE SOCIALE": 68, "STIINTE ALE NATURII": 61, "FILOLOGIE": 67}, "limba_moderna": {"LIMBA ENGLEZA": 277, "LIMBA FRANCEZA": 41}, "limba_materna": {"LIMBA ROMANA": 318}, "promotie_anterioara": {"NU": 317, "DA": 1}, "materii": {"LIMBA ROMANA": {"medie": 8.208832807570984, "reusita": 99.68553459119497, "cnt": 318}, "ISTORIE": {"medie": 8.22962962962963, "reusita": 99.25925925925925, "cnt": 135}, "GEOGRAFIE": {"medie": 9.575999999999999, "reusita": 100.0, "cnt": 25}, "GENERAL": {"medie": 8.624525316455701, "reusita": 97.79874213836479, "cnt": 318}, "MATEMATICA ST-NAT": {"medie": 9.201639344262292, "reusita": 100.0, "cnt": 61}, "ANATOMIE SI FIZIOLOGIE UMANA, GENETICA SI ECOLOGIE UMANA": {"medie": 9.784375000000002, "reusita": 96.96969696969697, "cnt": 33}, "MATEMATICA MATE-INFO": {"medie": 8.962809917355369, "reusita": 98.36065573770492, "cnt": 122}, "BIOLOGIE VEGETALA SI ANIMALA": {"medie": 8.786363636363635, "reusita": 95.45454545454545, "cnt": 22}, "FIZICA TEO": {"medie": 8.536875000000004, "reusita": 96.29629629629629, "cnt": 81}, "CHIMIE ORGANICA TEO NIVEL I/II": {"medie": 9.3075, "reusita": 100.0, "cnt": 20}, "SOCIOLOGIE": {"medie": 8.351020408163267, "reusita": 97.95918367346938, "cnt": 49}, "PSIHOLOGIE": {"medie": 9.264285714285716, "reusita": 100.0, "cnt": 7}, "LOGICA, ARGUMENTARE SI COMUNICARE": {"medie": 9.628048780487804, "reusita": 100.0, "cnt": 41}, "INFORMATICA MI C/C++": {"medie": 8.457692307692309, "reusita": 100.0, "cnt": 26}, "ECONOMIE": {"medie": 8.930769230769231, "reusita": 100.0, "cnt": 13}, "CHIMIE ANORGANICA TEO NIVEL I/II": {"medie": 9.25, "reusita": 100.0, "cnt": 1}}, "nume": "COLEGIUL NATIONAL \"ZINCA GOLESCU\" PITESTI\tArge\u0219"}