{"specializari": {"STIINTE ALE NATURII": 29, "MATEMATICA-INFORMATICA": 25, "TEHNICIAN IN ACTIVITATI ECONOMICE": 33, "STIINTE SOCIALE": 55, "FILOLOGIE": 28}, "limba_moderna": {"LIMBA ENGLEZA": 145, "LIMBA FRANCEZA": 25}, "limba_materna": {"LIMBA ROMANA": 170}, "promotie_anterioara": {"NU": 157, "DA": 13}, "materii": {"LIMBA ROMANA": {"medie": 6.947305389221557, "reusita": 90.58823529411765, "cnt": 170}, "ISTORIE": {"medie": 7.45421686746988, "reusita": 100.0, "cnt": 83}, "GEOGRAFIE": {"medie": 7.452906976744186, "reusita": 94.3820224719101, "cnt": 89}, "GENERAL": {"medie": 7.371987951807229, "reusita": 80.0, "cnt": 170}, "MATEMATICA ST-NAT": {"medie": 6.989655172413793, "reusita": 96.55172413793103, "cnt": 29}, "ANATOMIE SI FIZIOLOGIE UMANA, GENETICA SI ECOLOGIE UMANA": {"medie": 8.638636363636367, "reusita": 97.72727272727273, "cnt": 44}, "MATEMATICA MATE-INFO": {"medie": 7.928000000000001, "reusita": 100.0, "cnt": 25}, "FIZICA TEO": {"medie": 8.316666666666666, "reusita": 100.0, "cnt": 3}, "MATEMATICA TEHN": {"medie": 6.588333333333333, "reusita": 78.78787878787878, "cnt": 33}, "SOCIOLOGIE": {"medie": 7.593478260869567, "reusita": 95.65217391304348, "cnt": 23}, "PSIHOLOGIE": {"medie": 8.475, "reusita": 100.0, "cnt": 2}, "LOGICA, ARGUMENTARE SI COMUNICARE": {"medie": 7.475, "reusita": 100.0, "cnt": 2}, "INFORMATICA MI C/C++": {"medie": 8.216666666666667, "reusita": 100.0, "cnt": 3}, "CHIMIE ANORGANICA TEO NIVEL I/II": {"medie": 8.9375, "reusita": 100.0, "cnt": 4}}, "nume": "COLEGIUL NATIONAL \"PETRU RARES\" BECLEAN\tBistri\u021ba-N\u0103s\u0103ud"}