{"specializari": {"TEHNICIAN MECATRONIST": 26, "MATEMATICA-INFORMATICA": 22, "FILOLOGIE": 46, "STIINTE ALE NATURII": 18, "TEHNICIAN ELECTRONIST": 9, "TEHNICIAN IN ACTIVITATI DE COMERT": 18, "TEHNICIAN IN ACTIVITATI ECONOMICE": 31, "TEHNICIAN ELECTROTEHNIST": 3}, "limba_moderna": {"LIMBA ENGLEZA": 149, "LIMBA FRANCEZA": 24}, "limba_materna": {"LIMBA ROMANA": 173}, "promotie_anterioara": {"NU": 138, "DA": 35}, "materii": {"LIMBA ROMANA": {"medie": 5.9443113772455085, "reusita": 78.03468208092485, "cnt": 173}, "ISTORIE": {"medie": 6.981521739130437, "reusita": 100.0, "cnt": 46}, "GEOGRAFIE": {"medie": 7.340109890109887, "reusita": 91.20879120879121, "cnt": 91}, "GENERAL": {"medie": 6.3612139917695485, "reusita": 54.91329479768786, "cnt": 173}, "MATEMATICA ST-NAT": {"medie": 7.255555555555556, "reusita": 94.44444444444444, "cnt": 18}, "ANATOMIE SI FIZIOLOGIE UMANA, GENETICA SI ECOLOGIE UMANA": {"medie": 8.900000000000002, "reusita": 100.0, "cnt": 31}, "MATEMATICA MATE-INFO": {"medie": 8.002272727272727, "reusita": 100.0, "cnt": 22}, "BIOLOGIE VEGETALA SI ANIMALA": {"medie": 4.68448275862069, "reusita": 48.484848484848484, "cnt": 33}, "FIZICA TEO": {"medie": 8.75, "reusita": 100.0, "cnt": 2}, "MATEMATICA TEHN": {"medie": 4.14090909090909, "reusita": 42.5287356321839, "cnt": 87}, "SOCIOLOGIE": {"medie": 8.7, "reusita": 100.0, "cnt": 1}, "PSIHOLOGIE": {"medie": 6.716666666666666, "reusita": 100.0, "cnt": 3}, "INFORMATICA MI C/C++": {"medie": 9.321428571428571, "reusita": 100.0, "cnt": 7}, "FIZICA TEH": {"medie": 4.083333333333333, "reusita": 40.0, "cnt": 5}}, "nume": "COLEGIUL \"MIHAI VITEAZUL\" INEU\tArad"}