{"specializari": {"INVATATOR - EDUCATOARE": 27, "STIINTE SOCIALE": 27, "FILOLOGIE": 24, "MATEMATICA-INFORMATICA": 44}, "limba_moderna": {"LIMBA ENGLEZA": 121, "LIMBA FRANCEZA": 1}, "limba_materna": {"LIMBA ROMANA": 122}, "promotie_anterioara": {"NU": 117, "DA": 5}, "materii": {"LIMBA ROMANA": {"medie": 6.979338842975208, "reusita": 97.54098360655738, "cnt": 122}, "ISTORIE": {"medie": 7.785294117647058, "reusita": 100.0, "cnt": 51}, "GEOGRAFIE": {"medie": 7.681818181818182, "reusita": 81.81818181818183, "cnt": 11}, "GENERAL": {"medie": 7.54111111111111, "reusita": 90.1639344262295, "cnt": 122}, "ANATOMIE SI FIZIOLOGIE UMANA, GENETICA SI ECOLOGIE UMANA": {"medie": 7.929166666666668, "reusita": 95.83333333333334, "cnt": 24}, "MATEMATICA MATE-INFO": {"medie": 7.11477272727273, "reusita": 95.45454545454545, "cnt": 44}, "BIOLOGIE VEGETALA SI ANIMALA": {"medie": 5.725, "reusita": 100.0, "cnt": 2}, "FIZICA TEO": {"medie": 8.1, "reusita": 66.66666666666666, "cnt": 3}, "CHIMIE ORGANICA TEO NIVEL I/II": {"medie": 8.55, "reusita": 100.0, "cnt": 8}, "SOCIOLOGIE": {"medie": 8.2, "reusita": 100.0, "cnt": 1}, "PSIHOLOGIE": {"medie": 6.8500000000000005, "reusita": 83.33333333333334, "cnt": 6}, "LOGICA, ARGUMENTARE SI COMUNICARE": {"medie": 8.782203389830507, "reusita": 98.30508474576271, "cnt": 59}, "INFORMATICA MI C/C++": {"medie": 7.614285714285715, "reusita": 100.0, "cnt": 7}, "MATEMATICA PED": {"medie": 6.717307692307691, "reusita": 81.48148148148148, "cnt": 27}, "FILOSOFIE": {"medie": 9.5, "reusita": 100.0, "cnt": 1}}, "nume": "COLEGIUL NATIONAL PEDAGOGIC \"CONSTANTIN BRATESCU\" CONSTANTA\tConstan\u021ba"}