{"specializari": {"LICEU CU PROGRAM SPORTIV": 26, "FILOLOGIE": 56, "MATEMATICA-INFORMATICA": 38}, "limba_moderna": {"LIMBA ENGLEZA": 116, "LIMBA FRANCEZA": 4}, "limba_materna": {"LIMBA ROMANA": 120}, "promotie_anterioara": {"NU": 99, "DA": 21}, "materii": {"LIMBA ROMANA": {"medie": 6.665254237288138, "reusita": 95.0, "cnt": 120}, "ISTORIE": {"medie": 6.677160493827161, "reusita": 92.6829268292683, "cnt": 82}, "GEOGRAFIE": {"medie": 7.1389999999999985, "reusita": 86.53846153846155, "cnt": 52}, "GENERAL": {"medie": 6.6105797101449255, "reusita": 58.333333333333336, "cnt": 120}, "ANATOMIE SI FIZIOLOGIE UMANA, GENETICA SI ECOLOGIE UMANA": {"medie": 6.033333333333332, "reusita": 77.77777777777779, "cnt": 27}, "MATEMATICA MATE-INFO": {"medie": 5.538888888888889, "reusita": 65.78947368421053, "cnt": 38}, "BIOLOGIE VEGETALA SI ANIMALA": {"medie": 5.807142857142857, "reusita": 85.71428571428571, "cnt": 7}, "FIZICA TEO": {"medie": 6.525, "reusita": 100.0, "cnt": 2}, "SOCIOLOGIE": {"medie": 7.571428571428571, "reusita": 92.85714285714286, "cnt": 14}, "LOGICA, ARGUMENTARE SI COMUNICARE": {"medie": 7.395454545454546, "reusita": 83.33333333333334, "cnt": 12}, "INFORMATICA MI C/C++": {"medie": 6.3, "reusita": 100.0, "cnt": 1}, "ECONOMIE": {"medie": 3.15, "reusita": 0.0, "cnt": 3}, "CHIMIE ANORGANICA TEO NIVEL I/II": {"medie": 9.05, "reusita": 100.0, "cnt": 1}, "FILOSOFIE": {"medie": 5.75, "reusita": 100.0, "cnt": 1}}, "nume": "COLEGIUL NATIONAL \"AUREL VLAICU\"\tBucure\u0219ti"}