{"specializari": {"FILOLOGIE": 29, "MATEMATICA-INFORMATICA": 36, "LICEU CU PROGRAM SPORTIV": 31}, "limba_moderna": {"LIMBA ENGLEZA": 95, "LIMBA FRANCEZA": 1}, "limba_materna": {"LIMBA ROMANA": 96}, "promotie_anterioara": {"NU": 82, "DA": 14}, "materii": {"LIMBA ROMANA": {"medie": 6.935416666666666, "reusita": 98.95833333333334, "cnt": 96}, "ISTORIE": {"medie": 6.709999999999998, "reusita": 96.66666666666667, "cnt": 60}, "GEOGRAFIE": {"medie": 7.845689655172414, "reusita": 98.27586206896551, "cnt": 58}, "GENERAL": {"medie": 7.028245614035089, "reusita": 80.20833333333334, "cnt": 96}, "ANATOMIE SI FIZIOLOGIE UMANA, GENETICA SI ECOLOGIE UMANA": {"medie": 7.104761904761905, "reusita": 95.23809523809523, "cnt": 21}, "MATEMATICA MATE-INFO": {"medie": 6.405714285714285, "reusita": 88.88888888888889, "cnt": 36}, "FIZICA TEO": {"medie": 6.95, "reusita": 100.0, "cnt": 7}, "SOCIOLOGIE": {"medie": 8.6, "reusita": 100.0, "cnt": 2}, "INFORMATICA MI C/C++": {"medie": 7.425, "reusita": 100.0, "cnt": 2}, "CHIMIE ANORGANICA TEO NIVEL I/II": {"medie": 6.375, "reusita": 83.33333333333334, "cnt": 6}}, "nume": "COLEGIUL NATIONAL \"EMIL RACOVITA\"\tBucure\u0219ti"}