{"specializari": {"STIINTE ALE NATURII": 47, "STIINTE SOCIALE": 64, "FILOLOGIE": 57, "MATEMATICA-INFORMATICA": 17}, "limba_moderna": {"LIMBA ENGLEZA": 175, "LIMBA FRANCEZA": 10}, "limba_materna": {"LIMBA ROMANA": 185}, "promotie_anterioara": {"NU": 175, "DA": 10}, "materii": {"LIMBA ROMANA": {"medie": 7.408100558659218, "reusita": 94.05405405405406, "cnt": 185}, "ISTORIE": {"medie": 7.378879310344831, "reusita": 95.0413223140496, "cnt": 121}, "GEOGRAFIE": {"medie": 8.86774193548387, "reusita": 95.38461538461539, "cnt": 65}, "GENERAL": {"medie": 7.897097378277154, "reusita": 84.86486486486487, "cnt": 185}, "MATEMATICA ST-NAT": {"medie": 8.748936170212765, "reusita": 100.0, "cnt": 47}, "ANATOMIE SI FIZIOLOGIE UMANA, GENETICA SI ECOLOGIE UMANA": {"medie": 7.627631578947367, "reusita": 97.36842105263158, "cnt": 38}, "MATEMATICA MATE-INFO": {"medie": 8.520588235294117, "reusita": 100.0, "cnt": 17}, "FIZICA TEO": {"medie": 8.64, "reusita": 100.0, "cnt": 5}, "CHIMIE ORGANICA TEO NIVEL I/II": {"medie": 9.242857142857144, "reusita": 100.0, "cnt": 14}, "SOCIOLOGIE": {"medie": 8.279166666666667, "reusita": 96.0, "cnt": 25}, "PSIHOLOGIE": {"medie": 8.5, "reusita": 66.66666666666666, "cnt": 3}, "LOGICA, ARGUMENTARE SI COMUNICARE": {"medie": 7.742592592592594, "reusita": 85.71428571428571, "cnt": 28}, "INFORMATICA MI C/C++": {"medie": 9.766666666666666, "reusita": 100.0, "cnt": 3}, "CHIMIE ANORGANICA TEO NIVEL I/II": {"medie": 8.8, "reusita": 100.0, "cnt": 4}}, "nume": "COLEGIUL NATIONAL \"GRIGORE GHICA\" DOROHOI\tBoto\u0219ani"}