{"specializari": {"STIINTE ALE NATURII": 64, "MATEMATICA-INFORMATICA": 33, "STIINTE SOCIALE": 38, "FILOLOGIE": 73, "INVATATOR - EDUCATOARE": 2}, "limba_moderna": {"LIMBA ENGLEZA": 189, "LIMBA FRANCEZA": 21}, "limba_materna": {"LIMBA ROMANA": 210}, "promotie_anterioara": {"NU": 198, "DA": 12}, "materii": {"LIMBA ROMANA": {"medie": 7.061483253588514, "reusita": 97.14285714285714, "cnt": 210}, "ISTORIE": {"medie": 7.534545454545454, "reusita": 96.3963963963964, "cnt": 111}, "GEOGRAFIE": {"medie": 8.223913043478264, "reusita": 100.0, "cnt": 46}, "GENERAL": {"medie": 7.522195512820511, "reusita": 88.57142857142857, "cnt": 210}, "MATEMATICA ST-NAT": {"medie": 7.1656249999999995, "reusita": 93.75, "cnt": 64}, "ANATOMIE SI FIZIOLOGIE UMANA, GENETICA SI ECOLOGIE UMANA": {"medie": 8.509230769230772, "reusita": 100.0, "cnt": 65}, "MATEMATICA MATE-INFO": {"medie": 6.916666666666667, "reusita": 96.96969696969697, "cnt": 33}, "FIZICA TEO": {"medie": 4.883333333333334, "reusita": 66.66666666666666, "cnt": 3}, "CHIMIE ORGANICA TEO NIVEL I/II": {"medie": 7.8999999999999995, "reusita": 100.0, "cnt": 2}, "SOCIOLOGIE": {"medie": 8.478947368421053, "reusita": 100.0, "cnt": 19}, "INFORMATICA SN C/C++": {"medie": 6.383333333333333, "reusita": 100.0, "cnt": 3}, "PSIHOLOGIE": {"medie": 6.25, "reusita": 100.0, "cnt": 1}, "LOGICA, ARGUMENTARE SI COMUNICARE": {"medie": 8.61521739130435, "reusita": 95.65217391304348, "cnt": 46}, "INFORMATICA MI C/C++": {"medie": 6.878571428571428, "reusita": 95.23809523809523, "cnt": 21}, "CHIMIE ANORGANICA TEO NIVEL I/II": {"medie": 8.200000000000001, "reusita": 100.0, "cnt": 3}, "MATEMATICA PED": {"medie": 4.1, "reusita": 50.0, "cnt": 2}, "FILOSOFIE": {"medie": 8.05, "reusita": 100.0, "cnt": 1}}, "nume": "COLEGIUL NATIONAL PEDAGOGIC \"STEFAN CEL MARE\" BACAU\tBac\u0103u"}