{"specializari": {"MATEMATICA-INFORMATICA": 85, "FILOLOGIE": 126}, "limba_moderna": {"LIMBA ENGLEZA": 157, "LIMBA FRANCEZA": 54}, "limba_materna": {"LIMBA ROMANA": 211}, "promotie_anterioara": {"NU": 208, "DA": 3}, "materii": {"LIMBA ROMANA": {"medie": 7.759330143540672, "reusita": 99.0521327014218, "cnt": 211}, "ISTORIE": {"medie": 7.6427419354838735, "reusita": 97.61904761904762, "cnt": 126}, "GEOGRAFIE": {"medie": 9.092307692307694, "reusita": 100.0, "cnt": 26}, "GENERAL": {"medie": 7.895853269537481, "reusita": 96.6824644549763, "cnt": 211}, "ANATOMIE SI FIZIOLOGIE UMANA, GENETICA SI ECOLOGIE UMANA": {"medie": 8.551428571428575, "reusita": 100.0, "cnt": 35}, "MATEMATICA MATE-INFO": {"medie": 7.7282352941176455, "reusita": 100.0, "cnt": 85}, "BIOLOGIE VEGETALA SI ANIMALA": {"medie": 5.2625, "reusita": 75.0, "cnt": 4}, "FIZICA TEO": {"medie": 7.16, "reusita": 92.0, "cnt": 25}, "CHIMIE ORGANICA TEO NIVEL I/II": {"medie": 8.618749999999999, "reusita": 100.0, "cnt": 8}, "SOCIOLOGIE": {"medie": 8.195689655172414, "reusita": 98.30508474576271, "cnt": 59}, "PSIHOLOGIE": {"medie": 8.25, "reusita": 100.0, "cnt": 8}, "LOGICA, ARGUMENTARE SI COMUNICARE": {"medie": 9.424999999999999, "reusita": 100.0, "cnt": 14}, "INFORMATICA MI C/C++": {"medie": 7.676923076923076, "reusita": 100.0, "cnt": 13}, "ECONOMIE": {"medie": 7.941666666666667, "reusita": 100.0, "cnt": 6}, "FILOSOFIE": {"medie": 8.245833333333332, "reusita": 92.3076923076923, "cnt": 13}}, "nume": "COLEGIUL NATIONAL \"SCOALA CENTRALA\"\tBucure\u0219ti"}