{"specializari": {"FILOLOGIE": 69, "STIINTE ALE NATURII": 72, "STIINTE SOCIALE": 70, "MATEMATICA-INFORMATICA": 54}, "limba_moderna": {"LIMBA ENGLEZA": 264, "LIMBA RUSA": 1}, "limba_materna": {"LIMBA ROMANA": 252, "LIMBA GERMANA": 13}, "promotie_anterioara": {"NU": 262, "DA": 3}, "materii": {"LIMBA ROMANA": {"medie": 7.9499999999999975, "reusita": 99.62264150943396, "cnt": 265}, "ISTORIE": {"medie": 8.214492753623189, "reusita": 99.28057553956835, "cnt": 139}, "GEOGRAFIE": {"medie": 8.722596153846153, "reusita": 99.04761904761905, "cnt": 105}, "GENERAL": {"medie": 8.310060202788344, "reusita": 98.11320754716981, "cnt": 265}, "MATEMATICA ST-NAT": {"medie": 8.323611111111111, "reusita": 100.0, "cnt": 72}, "ANATOMIE SI FIZIOLOGIE UMANA, GENETICA SI ECOLOGIE UMANA": {"medie": 8.942682926829267, "reusita": 95.18072289156626, "cnt": 83}, "MATEMATICA MATE-INFO": {"medie": 8.112037037037036, "reusita": 100.0, "cnt": 54}, "BIOLOGIE VEGETALA SI ANIMALA": {"medie": 7.728571428571429, "reusita": 100.0, "cnt": 7}, "FIZICA TEO": {"medie": 8.8125, "reusita": 100.0, "cnt": 8}, "SOCIOLOGIE": {"medie": 8.761538461538462, "reusita": 100.0, "cnt": 26}, "PSIHOLOGIE": {"medie": 9.425, "reusita": 100.0, "cnt": 2}, "LOGICA, ARGUMENTARE SI COMUNICARE": {"medie": 9.1, "reusita": 100.0, "cnt": 4}, "INFORMATICA MI C/C++": {"medie": 8.373214285714287, "reusita": 100.0, "cnt": 28}, "ECONOMIE": {"medie": 10.0, "reusita": 100.0, "cnt": 1}, "LIMBA GERMANA": {"medie": 7.43076923076923, "reusita": 100.0, "cnt": 13}, "FILOSOFIE": {"medie": 9.4, "reusita": 100.0, "cnt": 1}}, "nume": "COLEGIUL NATIONAL BANATEAN TIMISOARA\tTimi\u0219"}