{"specializari": {"MATEMATICA-INFORMATICA": 72, "STIINTE ALE NATURII": 88, "FILOLOGIE": 84, "STIINTE SOCIALE": 42}, "limba_moderna": {"LIMBA ENGLEZA": 241, "LIMBA FRANCEZA": 45}, "limba_materna": {"LIMBA ROMANA": 286}, "promotie_anterioara": {"NU": 270, "DA": 16}, "materii": {"LIMBA ROMANA": {"medie": 7.78197879858656, "reusita": 97.2027972027972, "cnt": 286}, "ISTORIE": {"medie": 7.2007936507936465, "reusita": 95.23809523809523, "cnt": 126}, "GEOGRAFIE": {"medie": 8.129333333333337, "reusita": 96.05263157894737, "cnt": 76}, "GENERAL": {"medie": 7.8273809523809454, "reusita": 87.41258741258741, "cnt": 286}, "MATEMATICA ST-NAT": {"medie": 6.720588235294116, "reusita": 81.81818181818183, "cnt": 88}, "ANATOMIE SI FIZIOLOGIE UMANA, GENETICA SI ECOLOGIE UMANA": {"medie": 8.642857142857137, "reusita": 96.20253164556962, "cnt": 79}, "MATEMATICA MATE-INFO": {"medie": 8.260416666666664, "reusita": 97.22222222222221, "cnt": 72}, "BIOLOGIE VEGETALA SI ANIMALA": {"medie": 7.499999999999999, "reusita": 100.0, "cnt": 23}, "FIZICA TEO": {"medie": 8.088888888888887, "reusita": 95.65217391304348, "cnt": 46}, "CHIMIE ORGANICA TEO NIVEL I/II": {"medie": 7.875, "reusita": 100.0, "cnt": 2}, "INFORMATICA SN C/C++": {"medie": 7.95, "reusita": 100.0, "cnt": 1}, "PSIHOLOGIE": {"medie": 8.875, "reusita": 100.0, "cnt": 4}, "LOGICA, ARGUMENTARE SI COMUNICARE": {"medie": 8.657142857142855, "reusita": 97.61904761904762, "cnt": 42}, "INFORMATICA MI C/C++": {"medie": 8.577777777777778, "reusita": 100.0, "cnt": 9}, "ECONOMIE": {"medie": 7.3375, "reusita": 100.0, "cnt": 4}}, "nume": "COLEGIUL NATIONAL \"ION MINULESCU\" SLATINA\tOlt"}