{"specializari": {"TEHNICIAN IN ACTIVITATI ECONOMICE": 15, "FILOLOGIE": 18}, "limba_moderna": {"LIMBA ENGLEZA": 33}, "limba_materna": {"LIMBA ROMANA": 33}, "promotie_anterioara": {"DA": 15, "NU": 18}, "materii": {"LIMBA ROMANA": {"medie": 4.7306451612903215, "reusita": 54.54545454545454, "cnt": 33}, "ISTORIE": {"medie": 5.494444444444444, "reusita": 77.77777777777779, "cnt": 18}, "GEOGRAFIE": {"medie": 5.848333333333333, "reusita": 83.33333333333334, "cnt": 30}, "GENERAL": {"medie": 5.22797619047619, "reusita": 21.21212121212121, "cnt": 33}, "MATEMATICA TEHN": {"medie": 4.574999999999999, "reusita": 40.0, "cnt": 15}, "FILOSOFIE": {"medie": 5.2, "reusita": 66.66666666666666, "cnt": 3}}, "nume": "COLEGIUL PARTICULAR \"VASILE GOLDIS\" ARAD\tArad"}