{"specializari": {"STIINTE ALE NATURII": 33, "STIINTE SOCIALE": 31, "FILOLOGIE": 55, "MATEMATICA-INFORMATICA": 21}, "limba_moderna": {"LIMBA FRANCEZA": 50, "LIMBA ENGLEZA": 90}, "limba_materna": {"LIMBA ROMANA": 140}, "promotie_anterioara": {"NU": 125, "DA": 15}, "materii": {"LIMBA ROMANA": {"medie": 7.134892086330932, "reusita": 95.71428571428572, "cnt": 140}, "ISTORIE": {"medie": 6.597674418604649, "reusita": 95.34883720930233, "cnt": 86}, "GEOGRAFIE": {"medie": 7.9658823529411755, "reusita": 98.82352941176471, "cnt": 85}, "GENERAL": {"medie": 7.315827338129495, "reusita": 80.71428571428572, "cnt": 140}, "MATEMATICA ST-NAT": {"medie": 6.336363636363636, "reusita": 84.84848484848484, "cnt": 33}, "ANATOMIE SI FIZIOLOGIE UMANA, GENETICA SI ECOLOGIE UMANA": {"medie": 8.275, "reusita": 97.82608695652173, "cnt": 46}, "MATEMATICA MATE-INFO": {"medie": 8.073809523809524, "reusita": 100.0, "cnt": 21}, "FIZICA TEO": {"medie": 7.2, "reusita": 100.0, "cnt": 3}, "CHIMIE ORGANICA TEO NIVEL I/II": {"medie": 6.025, "reusita": 50.0, "cnt": 2}, "SOCIOLOGIE": {"medie": 4.4, "reusita": 0.0, "cnt": 1}, "INFORMATICA MI C/C++": {"medie": 9.566666666666666, "reusita": 100.0, "cnt": 3}}, "nume": "COLEGIUL NATIONAL \"COSTACHE NEGRI\" TARGU OCNA\tBac\u0103u"}