{"specializari": {"FILOLOGIE": 52, "STIINTE ALE NATURII": 27, "MATEMATICA-INFORMATICA": 90, "STIINTE SOCIALE": 35}, "limba_moderna": {"LIMBA ENGLEZA": 170, "LIMBA FRANCEZA": 34}, "limba_materna": {"LIMBA ROMANA": 204}, "promotie_anterioara": {"NU": 200, "DA": 4}, "materii": {"LIMBA ROMANA": {"medie": 8.273645320197048, "reusita": 99.01960784313727, "cnt": 204}, "ISTORIE": {"medie": 8.297674418604648, "reusita": 98.85057471264368, "cnt": 87}, "GEOGRAFIE": {"medie": 8.189285714285715, "reusita": 100.0, "cnt": 14}, "GENERAL": {"medie": 8.558085808580861, "reusita": 97.05882352941177, "cnt": 204}, "MATEMATICA ST-NAT": {"medie": 8.935185185185185, "reusita": 100.0, "cnt": 27}, "ANATOMIE SI FIZIOLOGIE UMANA, GENETICA SI ECOLOGIE UMANA": {"medie": 9.056521739130435, "reusita": 98.57142857142858, "cnt": 70}, "MATEMATICA MATE-INFO": {"medie": 8.575555555555557, "reusita": 100.0, "cnt": 90}, "FIZICA TEO": {"medie": 7.5, "reusita": 92.3076923076923, "cnt": 13}, "CHIMIE ORGANICA TEO NIVEL I/II": {"medie": 9.049999999999999, "reusita": 100.0, "cnt": 8}, "PSIHOLOGIE": {"medie": 6.9, "reusita": 100.0, "cnt": 1}, "LOGICA, ARGUMENTARE SI COMUNICARE": {"medie": 9.210294117647056, "reusita": 98.55072463768117, "cnt": 69}, "INFORMATICA MI C/C++": {"medie": 8.437500000000002, "reusita": 100.0, "cnt": 24}, "ECONOMIE": {"medie": 9.35, "reusita": 100.0, "cnt": 2}, "CHIMIE ANORGANICA TEO NIVEL I/II": {"medie": 8.575, "reusita": 100.0, "cnt": 2}, "FILOSOFIE": {"medie": 9.5, "reusita": 100.0, "cnt": 1}}, "nume": "COLEGIUL NATIONAL \"A.T.LAURIAN\" BOTOSANI\tBoto\u0219ani"}