{"specializari": {"FILOLOGIE": 92, "STIINTE ALE NATURII": 87, "MATEMATICA-INFORMATICA": 26, "STIINTE SOCIALE": 28}, "limba_moderna": {"LIMBA ENGLEZA": 197, "LIMBA FRANCEZA": 32, "LIMBA RUSA": 4}, "limba_materna": {"LIMBA ROMANA": 233}, "promotie_anterioara": {"NU": 230, "DA": 3}, "materii": {"LIMBA ROMANA": {"medie": 8.019527896995712, "reusita": 98.71244635193133, "cnt": 233}, "ISTORIE": {"medie": 7.715546218487392, "reusita": 98.33333333333333, "cnt": 120}, "GEOGRAFIE": {"medie": 8.647468354430384, "reusita": 100.0, "cnt": 79}, "GENERAL": {"medie": 8.261206896551725, "reusita": 93.99141630901288, "cnt": 233}, "MATEMATICA ST-NAT": {"medie": 8.671839080459765, "reusita": 98.85057471264368, "cnt": 87}, "ANATOMIE SI FIZIOLOGIE UMANA, GENETICA SI ECOLOGIE UMANA": {"medie": 8.812643678160919, "reusita": 100.0, "cnt": 87}, "MATEMATICA MATE-INFO": {"medie": 7.19423076923077, "reusita": 96.15384615384616, "cnt": 26}, "FIZICA TEO": {"medie": 8.162500000000001, "reusita": 100.0, "cnt": 4}, "CHIMIE ORGANICA TEO NIVEL I/II": {"medie": 9.59375, "reusita": 100.0, "cnt": 8}, "SOCIOLOGIE": {"medie": 9.5125, "reusita": 100.0, "cnt": 4}, "INFORMATICA SN C/C++": {"medie": 9.55, "reusita": 100.0, "cnt": 2}, "LOGICA, ARGUMENTARE SI COMUNICARE": {"medie": 8.521428571428572, "reusita": 97.22222222222221, "cnt": 36}, "INFORMATICA MI C/C++": {"medie": 8.970000000000002, "reusita": 100.0, "cnt": 10}, "ECONOMIE": {"medie": 8.6, "reusita": 100.0, "cnt": 1}, "CHIMIE ANORGANICA TEO NIVEL I/II": {"medie": 7.825, "reusita": 100.0, "cnt": 2}}, "nume": "COLEGIUL NATIONAL \"MIHAIL SADOVEANU\", PASCANI\tIa\u0219i"}