{"specializari": {"MATEMATICA-INFORMATICA": 140, "STIINTE ALE NATURII": 63, "FILOLOGIE": 29}, "limba_moderna": {"LIMBA ENGLEZA": 222, "LIMBA FRANCEZA": 10}, "limba_materna": {"LIMBA ROMANA": 232}, "promotie_anterioara": {"NU": 232}, "materii": {"LIMBA ROMANA": {"medie": 8.570905172413795, "reusita": 100.0, "cnt": 232}, "ISTORIE": {"medie": 8.289655172413791, "reusita": 100.0, "cnt": 29}, "GEOGRAFIE": {"medie": 9.226086956521739, "reusita": 100.0, "cnt": 23}, "GENERAL": {"medie": 8.755100574712642, "reusita": 97.84482758620689, "cnt": 232}, "MATEMATICA ST-NAT": {"medie": 8.64126984126984, "reusita": 100.0, "cnt": 63}, "ANATOMIE SI FIZIOLOGIE UMANA, GENETICA SI ECOLOGIE UMANA": {"medie": 9.229729729729726, "reusita": 97.2972972972973, "cnt": 111}, "MATEMATICA MATE-INFO": {"medie": 8.627499999999998, "reusita": 97.85714285714285, "cnt": 140}, "BIOLOGIE VEGETALA SI ANIMALA": {"medie": 8.4, "reusita": 100.0, "cnt": 4}, "FIZICA TEO": {"medie": 8.929166666666667, "reusita": 100.0, "cnt": 36}, "CHIMIE ORGANICA TEO NIVEL I/II": {"medie": 9.33181818181818, "reusita": 100.0, "cnt": 11}, "INFORMATICA MI C/C++": {"medie": 9.048780487804878, "reusita": 100.0, "cnt": 41}, "ECONOMIE": {"medie": 9.700000000000001, "reusita": 100.0, "cnt": 3}, "FILOSOFIE": {"medie": 5.983333333333333, "reusita": 100.0, "cnt": 3}}, "nume": "COLEGIUL NATIONAL \"ECATERINA TEODOROIU\" TG-JIU\tGorj"}