{"specializari": {"STIINTE ALE NATURII": 90, "MATEMATICA-INFORMATICA": 30, "FILOLOGIE": 24, "STIINTE SOCIALE": 34}, "limba_moderna": {"LIMBA ENGLEZA": 174, "LIMBA FRANCEZA": 4}, "limba_materna": {"LIMBA ROMANA": 178}, "promotie_anterioara": {"NU": 143, "DA": 35}, "materii": {"LIMBA ROMANA": {"medie": 7.014887640449439, "reusita": 95.50561797752809, "cnt": 178}, "ISTORIE": {"medie": 7.13157894736842, "reusita": 98.27586206896551, "cnt": 58}, "GEOGRAFIE": {"medie": 8.449999999999998, "reusita": 100.0, "cnt": 31}, "GENERAL": {"medie": 7.310227272727278, "reusita": 82.02247191011236, "cnt": 178}, "MATEMATICA ST-NAT": {"medie": 6.907865168539327, "reusita": 88.88888888888889, "cnt": 90}, "ANATOMIE SI FIZIOLOGIE UMANA, GENETICA SI ECOLOGIE UMANA": {"medie": 7.7355421686747, "reusita": 97.61904761904762, "cnt": 84}, "MATEMATICA MATE-INFO": {"medie": 7.28, "reusita": 93.33333333333333, "cnt": 30}, "BIOLOGIE VEGETALA SI ANIMALA": {"medie": 6.708333333333333, "reusita": 83.33333333333334, "cnt": 6}, "FIZICA TEO": {"medie": 7.449999999999999, "reusita": 100.0, "cnt": 3}, "CHIMIE ORGANICA TEO NIVEL I/II": {"medie": 8.416666666666666, "reusita": 100.0, "cnt": 21}, "SOCIOLOGIE": {"medie": 7.860416666666665, "reusita": 100.0, "cnt": 24}, "INFORMATICA MI C/C++": {"medie": 8.0, "reusita": 100.0, "cnt": 1}, "ECONOMIE": {"medie": 7.5, "reusita": 100.0, "cnt": 3}, "CHIMIE ANORGANICA TEO NIVEL I/II": {"medie": 5.25, "reusita": 80.0, "cnt": 5}}, "nume": "COLEGIUL NATIONAL \"VICTOR BABES\"\tBucure\u0219ti"}