{"specializari": {"STIINTE SOCIALE": 38, "INVATATOR - EDUCATOARE": 46, "STIINTE ALE NATURII": 22, "FILOLOGIE": 36}, "limba_moderna": {"LIMBA ENGLEZA": 135, "LIMBA FRANCEZA": 7}, "limba_materna": {"LIMBA ROMANA": 142}, "promotie_anterioara": {"NU": 138, "DA": 4}, "materii": {"LIMBA ROMANA": {"medie": 7.325531914893616, "reusita": 99.29577464788733, "cnt": 142}, "ISTORIE": {"medie": 7.734027777777778, "reusita": 95.94594594594594, "cnt": 74}, "GEOGRAFIE": {"medie": 8.29, "reusita": 92.3076923076923, "cnt": 26}, "GENERAL": {"medie": 7.840357142857145, "reusita": 89.43661971830986, "cnt": 142}, "MATEMATICA ST-NAT": {"medie": 7.33409090909091, "reusita": 95.45454545454545, "cnt": 22}, "ANATOMIE SI FIZIOLOGIE UMANA, GENETICA SI ECOLOGIE UMANA": {"medie": 9.08809523809524, "reusita": 100.0, "cnt": 21}, "CHIMIE ORGANICA TEO NIVEL I/II": {"medie": 9.5, "reusita": 100.0, "cnt": 1}, "SOCIOLOGIE": {"medie": 6.4, "reusita": 100.0, "cnt": 1}, "PSIHOLOGIE": {"medie": 6.7, "reusita": 100.0, "cnt": 1}, "LOGICA, ARGUMENTARE SI COMUNICARE": {"medie": 8.844021739130437, "reusita": 97.82608695652173, "cnt": 92}, "MATEMATICA PED": {"medie": 6.932608695652173, "reusita": 89.13043478260869, "cnt": 46}}, "nume": "COLEGIUL NATIONAL \"GHEORGHE ASACHI\", MUNICIPIUL PIATRA-NEAMT\tNeam\u021b"}