{"specializari": {"STIINTE ALE NATURII": 86, "STIINTE SOCIALE": 61, "FILOLOGIE": 55, "MATEMATICA-INFORMATICA": 50}, "limba_moderna": {"LIMBA ENGLEZA": 225, "LIMBA FRANCEZA": 27}, "limba_materna": {"LIMBA ROMANA": 252}, "promotie_anterioara": {"NU": 252}, "materii": {"LIMBA ROMANA": {"medie": 8.272023809523809, "reusita": 99.60317460317461, "cnt": 252}, "ISTORIE": {"medie": 8.223478260869564, "reusita": 99.13793103448276, "cnt": 116}, "GEOGRAFIE": {"medie": 8.953488372093021, "reusita": 100.0, "cnt": 86}, "GENERAL": {"medie": 8.521912350597612, "reusita": 97.61904761904762, "cnt": 252}, "MATEMATICA ST-NAT": {"medie": 8.421511627906977, "reusita": 98.83720930232558, "cnt": 86}, "ANATOMIE SI FIZIOLOGIE UMANA, GENETICA SI ECOLOGIE UMANA": {"medie": 9.438333333333333, "reusita": 100.0, "cnt": 30}, "MATEMATICA MATE-INFO": {"medie": 8.845, "reusita": 100.0, "cnt": 50}, "BIOLOGIE VEGETALA SI ANIMALA": {"medie": 8.412500000000001, "reusita": 100.0, "cnt": 32}, "FIZICA TEO": {"medie": 8.708823529411763, "reusita": 100.0, "cnt": 34}, "CHIMIE ORGANICA TEO NIVEL I/II": {"medie": 9.057352941176472, "reusita": 100.0, "cnt": 34}, "SOCIOLOGIE": {"medie": 7.986363636363635, "reusita": 90.9090909090909, "cnt": 11}, "PSIHOLOGIE": {"medie": 5.6, "reusita": 100.0, "cnt": 2}, "LOGICA, ARGUMENTARE SI COMUNICARE": {"medie": 9.372727272727273, "reusita": 91.66666666666666, "cnt": 12}, "INFORMATICA MI C/C++": {"medie": 8.3625, "reusita": 100.0, "cnt": 4}, "ECONOMIE": {"medie": 8.41, "reusita": 100.0, "cnt": 5}, "CHIMIE ANORGANICA TEO NIVEL I/II": {"medie": 8.7, "reusita": 100.0, "cnt": 2}}, "nume": "COLEGIUL NATIONAL \"AL. I. CUZA\" FOCSANI\tVrancea"}