{"specializari": {"TEOLOGIE ROMANO-CATOLICA": 28, "FILOLOGIE": 29, "INVATATOR - EDUCATOARE": 53}, "limba_moderna": {"LIMBA ENGLEZA": 66, "LIMBA FRANCEZA": 44}, "limba_materna": {"LIMBA ROMANA": 110}, "promotie_anterioara": {"NU": 108, "DA": 2}, "materii": {"LIMBA ROMANA": {"medie": 7.479545454545455, "reusita": 98.18181818181819, "cnt": 110}, "ISTORIE": {"medie": 7.914912280701755, "reusita": 100.0, "cnt": 57}, "GEOGRAFIE": {"medie": 8.158860759493674, "reusita": 97.46835443037975, "cnt": 79}, "GENERAL": {"medie": 7.823700305810397, "reusita": 92.72727272727272, "cnt": 110}, "LOGICA, ARGUMENTARE SI COMUNICARE": {"medie": 8.696774193548388, "reusita": 100.0, "cnt": 31}, "MATEMATICA PED": {"medie": 7.386538461538461, "reusita": 90.56603773584906, "cnt": 53}}, "nume": "COLEGIUL PEDAGOGIC \"VASILE LUPU\", IASI\tIa\u0219i"}