{"specializari": {"STIINTE ALE NATURII": 48, "MATEMATICA-INFORMATICA": 43, "STIINTE SOCIALE": 24, "FILOLOGIE": 22}, "limba_moderna": {"LIMBA ENGLEZA": 132, "LIMBA GERMANA MODERNA": 5}, "limba_materna": {"LIMBA MAGHIARA": 137}, "promotie_anterioara": {"NU": 132, "DA": 5}, "materii": {"LIMBA ROMANA": {"medie": 6.456617647058825, "reusita": 91.97080291970804, "cnt": 137}, "ISTORIE": {"medie": 7.3478260869565215, "reusita": 100.0, "cnt": 46}, "GEOGRAFIE": {"medie": 8.115789473684211, "reusita": 97.36842105263158, "cnt": 38}, "GENERAL": {"medie": 7.659191176470586, "reusita": 83.94160583941606, "cnt": 137}, "MATEMATICA ST-NAT": {"medie": 7.819791666666667, "reusita": 97.91666666666666, "cnt": 48}, "ANATOMIE SI FIZIOLOGIE UMANA, GENETICA SI ECOLOGIE UMANA": {"medie": 8.41547619047619, "reusita": 97.61904761904762, "cnt": 42}, "MATEMATICA MATE-INFO": {"medie": 7.3941860465116305, "reusita": 86.04651162790698, "cnt": 43}, "FIZICA TEO": {"medie": 7.766666666666667, "reusita": 66.66666666666666, "cnt": 3}, "CHIMIE ORGANICA TEO NIVEL I/II": {"medie": 9.1, "reusita": 100.0, "cnt": 5}, "LIMBA MAGHIARA (REAL)": {"medie": 8.452197802197801, "reusita": 100.0, "cnt": 91}, "LIMBA MAGHIARA (UMAN)": {"medie": 7.893478260869564, "reusita": 100.0, "cnt": 46}, "ECONOMIE": {"medie": 6.5, "reusita": 100.0, "cnt": 2}, "CHIMIE ANORGANICA TEO NIVEL I/II": {"medie": 8.7, "reusita": 100.0, "cnt": 1}, "FILOSOFIE": {"medie": 8.575000000000001, "reusita": 100.0, "cnt": 6}, "INFORMATICA SN PASCAL": {"medie": 9.525, "reusita": 100.0, "cnt": 2}, "INFORMATICA MI PASCAL": {"medie": 8.48815789473684, "reusita": 100.0, "cnt": 38}}, "nume": "COLEGIUL NATIONAL \"KOLCSEY FERENC\" SATU MARE\tSatu-Mare"}