{"specializari": {"TEHNICIAN IN ACTIVITATI ECONOMICE": 23, "MATEMATICA-INFORMATICA": 10, "TEHNICIAN IN TURISM": 24, "STIINTE ALE NATURII": 12}, "limba_moderna": {"LIMBA ENGLEZA": 66, "LIMBA GERMANA MODERNA": 3}, "limba_materna": {"LIMBA MAGHIARA": 69}, "promotie_anterioara": {"NU": 63, "DA": 6}, "materii": {"LIMBA ROMANA": {"medie": 5.906521739130435, "reusita": 76.81159420289855, "cnt": 69}, "GEOGRAFIE": {"medie": 7.71025641025641, "reusita": 97.43589743589743, "cnt": 39}, "GENERAL": {"medie": 6.92590579710145, "reusita": 66.66666666666666, "cnt": 69}, "MATEMATICA ST-NAT": {"medie": 7.120833333333334, "reusita": 91.66666666666666, "cnt": 12}, "ANATOMIE SI FIZIOLOGIE UMANA, GENETICA SI ECOLOGIE UMANA": {"medie": 9.289285714285715, "reusita": 100.0, "cnt": 14}, "MATEMATICA MATE-INFO": {"medie": 7.794999999999999, "reusita": 100.0, "cnt": 10}, "MATEMATICA TEHN": {"medie": 6.058510638297872, "reusita": 76.59574468085107, "cnt": 47}, "CHIMIE ORGANICA TEO NIVEL I/II": {"medie": 9.7, "reusita": 100.0, "cnt": 2}, "LIMBA MAGHIARA (REAL)": {"medie": 7.421014492753621, "reusita": 98.55072463768117, "cnt": 69}, "PSIHOLOGIE": {"medie": 5.699999999999999, "reusita": 75.0, "cnt": 8}, "INFORMATICA MI C/C++": {"medie": 8.008333333333335, "reusita": 100.0, "cnt": 6}}, "nume": "COLEGIUL\"CSIKY GERGELY\" ARAD\tArad"}