{"specializari": {"FILOLOGIE": 109, "MATEMATICA-INFORMATICA": 83, "STIINTE ALE NATURII": 30}, "limba_moderna": {"LIMBA ENGLEZA": 202, "LIMBA FRANCEZA": 20}, "limba_materna": {"LIMBA ROMANA": 222}, "promotie_anterioara": {"NU": 210, "DA": 12}, "materii": {"LIMBA ROMANA": {"medie": 6.624082568807337, "reusita": 97.74774774774775, "cnt": 222}, "ISTORIE": {"medie": 7.109345794392521, "reusita": 98.1651376146789, "cnt": 109}, "GEOGRAFIE": {"medie": 8.920108695652171, "reusita": 98.9247311827957, "cnt": 93}, "GENERAL": {"medie": 7.13896604938271, "reusita": 81.53153153153153, "cnt": 222}, "MATEMATICA ST-NAT": {"medie": 7.136666666666667, "reusita": 90.0, "cnt": 30}, "ANATOMIE SI FIZIOLOGIE UMANA, GENETICA SI ECOLOGIE UMANA": {"medie": 7.573118279569894, "reusita": 92.70833333333334, "cnt": 96}, "MATEMATICA MATE-INFO": {"medie": 5.634567901234568, "reusita": 73.49397590361446, "cnt": 83}, "FIZICA TEO": {"medie": 9.475, "reusita": 100.0, "cnt": 2}, "CHIMIE ORGANICA TEO NIVEL I/II": {"medie": 8.1, "reusita": 100.0, "cnt": 1}, "SOCIOLOGIE": {"medie": 9.649999999999999, "reusita": 100.0, "cnt": 2}, "PSIHOLOGIE": {"medie": 8.571428571428571, "reusita": 87.5, "cnt": 8}, "LOGICA, ARGUMENTARE SI COMUNICARE": {"medie": 8.7, "reusita": 50.0, "cnt": 2}, "INFORMATICA MI C/C++": {"medie": 6.971428571428572, "reusita": 85.71428571428571, "cnt": 14}, "ECONOMIE": {"medie": 7.15, "reusita": 100.0, "cnt": 2}, "FILOSOFIE": {"medie": 7.95, "reusita": 100.0, "cnt": 2}}, "nume": "COLEGIUL NATIONAL \"CALISTRAT HOGAS\", LOCALITATEA TECUCI\tGala\u021bi"}