{"specializari": {"MATEMATICA-INFORMATICA": 51, "FILOLOGIE": 88, "STIINTE ALE NATURII": 19, "STIINTE SOCIALE": 26}, "limba_moderna": {"LIMBA ENGLEZA": 147, "LIMBA FRANCEZA": 6, "LIMBA ITALIANA": 31}, "limba_materna": {"LIMBA ROMANA": 184}, "promotie_anterioara": {"NU": 173, "DA": 11}, "materii": {"LIMBA ROMANA": {"medie": 7.442076502732241, "reusita": 96.73913043478261, "cnt": 184}, "ISTORIE": {"medie": 7.216666666666668, "reusita": 97.36842105263158, "cnt": 114}, "GEOGRAFIE": {"medie": 8.753398058252422, "reusita": 99.03846153846155, "cnt": 104}, "GENERAL": {"medie": 7.698809523809526, "reusita": 84.23913043478261, "cnt": 184}, "MATEMATICA ST-NAT": {"medie": 3.4763157894736847, "reusita": 31.57894736842105, "cnt": 19}, "ANATOMIE SI FIZIOLOGIE UMANA, GENETICA SI ECOLOGIE UMANA": {"medie": 7.004054054054054, "reusita": 83.78378378378379, "cnt": 37}, "MATEMATICA MATE-INFO": {"medie": 8.497000000000002, "reusita": 96.07843137254902, "cnt": 51}, "FIZICA TEO": {"medie": 9.08, "reusita": 100.0, "cnt": 15}, "CHIMIE ORGANICA TEO NIVEL I/II": {"medie": 9.633333333333333, "reusita": 100.0, "cnt": 6}, "SOCIOLOGIE": {"medie": 9.375, "reusita": 100.0, "cnt": 2}, "PSIHOLOGIE": {"medie": 9.0, "reusita": 100.0, "cnt": 2}, "LOGICA, ARGUMENTARE SI COMUNICARE": {"medie": 9.1, "reusita": 100.0, "cnt": 1}, "INFORMATICA MI C/C++": {"medie": 9.383333333333333, "reusita": 100.0, "cnt": 3}, "ECONOMIE": {"medie": 9.633333333333333, "reusita": 100.0, "cnt": 3}, "CHIMIE ANORGANICA TEO NIVEL I/II": {"medie": 8.0125, "reusita": 88.88888888888889, "cnt": 9}, "FILOSOFIE": {"medie": 8.649999999999999, "reusita": 100.0, "cnt": 2}}, "nume": "COLEGIUL NATIONAL \"NICOLAE TITULESCU\" PUCIOASA\tD\u00e2mbovi\u021ba"}