{"specializari": {"FILOLOGIE": 66, "MATEMATICA-INFORMATICA": 90, "LICEU CU PROGRAM SPORTIV": 40, "STIINTE SOCIALE": 28}, "limba_moderna": {"LIMBA ENGLEZA": 205, "LIMBA FRANCEZA": 19}, "limba_materna": {"LIMBA ROMANA": 224}, "promotie_anterioara": {"NU": 198, "DA": 26}, "materii": {"LIMBA ROMANA": {"medie": 7.116216216216215, "reusita": 97.76785714285714, "cnt": 224}, "ISTORIE": {"medie": 6.981343283582089, "reusita": 99.25373134328358, "cnt": 134}, "GEOGRAFIE": {"medie": 7.950000000000004, "reusita": 94.8051948051948, "cnt": 77}, "GENERAL": {"medie": 7.254279279279277, "reusita": 84.82142857142857, "cnt": 224}, "ANATOMIE SI FIZIOLOGIE UMANA, GENETICA SI ECOLOGIE UMANA": {"medie": 7.003389830508472, "reusita": 93.22033898305084, "cnt": 59}, "MATEMATICA MATE-INFO": {"medie": 6.8466666666666685, "reusita": 93.33333333333333, "cnt": 90}, "BIOLOGIE VEGETALA SI ANIMALA": {"medie": 5.316666666666666, "reusita": 50.0, "cnt": 6}, "FIZICA TEO": {"medie": 6.319999999999999, "reusita": 80.0, "cnt": 5}, "SOCIOLOGIE": {"medie": 6.95, "reusita": 90.9090909090909, "cnt": 11}, "PSIHOLOGIE": {"medie": 8.264285714285714, "reusita": 100.0, "cnt": 7}, "LOGICA, ARGUMENTARE SI COMUNICARE": {"medie": 8.527272727272727, "reusita": 100.0, "cnt": 33}, "INFORMATICA MI C/C++": {"medie": 8.419444444444444, "reusita": 100.0, "cnt": 18}, "ECONOMIE": {"medie": 8.258333333333333, "reusita": 100.0, "cnt": 6}, "CHIMIE ANORGANICA TEO NIVEL I/II": {"medie": 8.6, "reusita": 100.0, "cnt": 2}}, "nume": "COLEGIUL NATIONAL \"OCTAV ONICESCU\"\tBucure\u0219ti"}