{"specializari": {"FILOLOGIE": 79, "MATEMATICA-INFORMATICA": 96, "STIINTE ALE NATURII": 29}, "limba_moderna": {"LIMBA ENGLEZA": 200, "LIMBA FRANCEZA": 4}, "limba_materna": {"LIMBA ROMANA": 204}, "promotie_anterioara": {"NU": 189, "DA": 15}, "materii": {"LIMBA ROMANA": {"medie": 7.7329207920792085, "reusita": 98.52941176470588, "cnt": 204}, "ISTORIE": {"medie": 7.51217948717949, "reusita": 97.46835443037975, "cnt": 79}, "GEOGRAFIE": {"medie": 8.687037037037037, "reusita": 96.42857142857143, "cnt": 28}, "GENERAL": {"medie": 7.7507462686567195, "reusita": 83.82352941176471, "cnt": 204}, "MATEMATICA ST-NAT": {"medie": 6.941071428571427, "reusita": 82.75862068965517, "cnt": 29}, "ANATOMIE SI FIZIOLOGIE UMANA, GENETICA SI ECOLOGIE UMANA": {"medie": 7.7625, "reusita": 100.0, "cnt": 8}, "MATEMATICA MATE-INFO": {"medie": 7.918229166666662, "reusita": 96.875, "cnt": 96}, "BIOLOGIE VEGETALA SI ANIMALA": {"medie": 7.508219178082192, "reusita": 93.15068493150685, "cnt": 73}, "FIZICA TEO": {"medie": 8.734, "reusita": 100.0, "cnt": 25}, "CHIMIE ORGANICA TEO NIVEL I/II": {"medie": 9.768181818181818, "reusita": 100.0, "cnt": 11}, "SOCIOLOGIE": {"medie": 6.765476190476191, "reusita": 85.71428571428571, "cnt": 42}, "PSIHOLOGIE": {"medie": 10.0, "reusita": 100.0, "cnt": 1}, "INFORMATICA MI C/C++": {"medie": 8.75, "reusita": 100.0, "cnt": 1}, "ECONOMIE": {"medie": 8.69375, "reusita": 100.0, "cnt": 8}, "INFORMATICA MI PASCAL": {"medie": 7.242857142857142, "reusita": 100.0, "cnt": 7}}, "nume": "COLEGIUL NATIONAL \"BARBU STIRBEI\" CALARASI\tC\u0103l\u0103ra\u0219i"}