{"specializari": {"TEHNICIAN IN ADMINISTRATIE": 17, "TEHNICIAN IN GASTRONOMIE": 28, "TEHNICIAN IN ACTIVITATI DE COMERT": 26, "TEHNICIAN IN ACTIVITATI ECONOMICE": 124, "TEHNICIAN IN TURISM": 22}, "limba_moderna": {"LIMBA ENGLEZA": 214, "LIMBA FRANCEZA": 3}, "limba_materna": {"LIMBA ROMANA": 217}, "promotie_anterioara": {"DA": 3, "NU": 214}, "materii": {"LIMBA ROMANA": {"medie": 7.255188679245282, "reusita": 97.23502304147466, "cnt": 217}, "GEOGRAFIE": {"medie": 7.9045977011494255, "reusita": 95.55555555555556, "cnt": 90}, "GENERAL": {"medie": 7.849449685534591, "reusita": 90.32258064516128, "cnt": 217}, "MATEMATICA TEHN": {"medie": 7.927230046948363, "reusita": 94.00921658986175, "cnt": 217}, "LOGICA, ARGUMENTARE SI COMUNICARE": {"medie": 8.650396825396822, "reusita": 96.8503937007874, "cnt": 127}}, "nume": "COLEGIUL ECONOMIC \"OCTAV ONICESCU\" BOTOSANI\tBoto\u0219ani"}