{"specializari": {"FILOLOGIE": 33, "MATEMATICA-INFORMATICA": 73, "STIINTE ALE NATURII": 81}, "limba_moderna": {"LIMBA ENGLEZA": 156, "LIMBA FRANCEZA": 28, "LIMBA GERMANA MODERNA": 3}, "limba_materna": {"LIMBA ROMANA": 187}, "promotie_anterioara": {"NU": 162, "DA": 25}, "materii": {"LIMBA ROMANA": {"medie": 7.640053763440854, "reusita": 99.46524064171123, "cnt": 187}, "ISTORIE": {"medie": 7.187878787878788, "reusita": 100.0, "cnt": 33}, "GEOGRAFIE": {"medie": 8.033333333333333, "reusita": 100.0, "cnt": 6}, "GENERAL": {"medie": 7.40045537340619, "reusita": 74.33155080213903, "cnt": 187}, "MATEMATICA ST-NAT": {"medie": 7.301875000000004, "reusita": 88.88888888888889, "cnt": 81}, "ANATOMIE SI FIZIOLOGIE UMANA, GENETICA SI ECOLOGIE UMANA": {"medie": 8.402521008403363, "reusita": 95.0, "cnt": 120}, "MATEMATICA MATE-INFO": {"medie": 5.1598591549295785, "reusita": 67.12328767123287, "cnt": 73}, "FIZICA TEO": {"medie": 8.375, "reusita": 100.0, "cnt": 2}, "CHIMIE ORGANICA TEO NIVEL I/II": {"medie": 7.45, "reusita": 100.0, "cnt": 1}, "PSIHOLOGIE": {"medie": 8.5, "reusita": 100.0, "cnt": 1}, "LOGICA, ARGUMENTARE SI COMUNICARE": {"medie": 7.4923076923076914, "reusita": 84.61538461538461, "cnt": 26}, "INFORMATICA MI C/C++": {"medie": 7.081666666666667, "reusita": 96.7741935483871, "cnt": 31}}, "nume": "COLEGIUL NATIONAL DE INFORMATICA \"SPIRU HARET\" SUCEAVA\tSuceava"}