{"specializari": {"MATEMATICA-INFORMATICA": 62, "STIINTE SOCIALE": 31, "STIINTE ALE NATURII": 60, "FILOLOGIE": 24}, "limba_moderna": {"LIMBA ENGLEZA": 151, "LIMBA FRANCEZA": 26}, "limba_materna": {"LIMBA ROMANA": 177}, "promotie_anterioara": {"NU": 171, "DA": 6}, "materii": {"LIMBA ROMANA": {"medie": 7.2985632183908065, "reusita": 96.61016949152543, "cnt": 177}, "ISTORIE": {"medie": 7.318518518518518, "reusita": 94.54545454545455, "cnt": 55}, "GEOGRAFIE": {"medie": 8.678048780487808, "reusita": 97.61904761904762, "cnt": 42}, "GENERAL": {"medie": 7.87088122605364, "reusita": 90.3954802259887, "cnt": 177}, "MATEMATICA ST-NAT": {"medie": 7.211666666666668, "reusita": 96.66666666666667, "cnt": 60}, "ANATOMIE SI FIZIOLOGIE UMANA, GENETICA SI ECOLOGIE UMANA": {"medie": 8.501578947368422, "reusita": 98.95833333333334, "cnt": 96}, "MATEMATICA MATE-INFO": {"medie": 8.62622950819672, "reusita": 98.38709677419355, "cnt": 62}, "BIOLOGIE VEGETALA SI ANIMALA": {"medie": 8.95, "reusita": 100.0, "cnt": 1}, "FIZICA TEO": {"medie": 8.752083333333333, "reusita": 100.0, "cnt": 24}, "SOCIOLOGIE": {"medie": 7.960000000000001, "reusita": 100.0, "cnt": 10}, "LOGICA, ARGUMENTARE SI COMUNICARE": {"medie": 5.8, "reusita": 100.0, "cnt": 1}, "INFORMATICA MI C/C++": {"medie": 9.45, "reusita": 100.0, "cnt": 1}, "ECONOMIE": {"medie": 8.9, "reusita": 100.0, "cnt": 2}}, "nume": "COLEGIUL NATIONAL\"GRIGORE MOISIL\" URZICENI\tIalomi\u021ba"}