{"specializari": {"FILOLOGIE": 51, "MATEMATICA-INFORMATICA": 113, "STIINTE SOCIALE": 70, "STIINTE ALE NATURII": 32}, "limba_moderna": {"LIMBA FRANCEZA": 43, "LIMBA ENGLEZA": 223}, "limba_materna": {"LIMBA ROMANA": 266}, "promotie_anterioara": {"NU": 263, "DA": 3}, "materii": {"LIMBA ROMANA": {"medie": 7.8451127819548825, "reusita": 98.49624060150376, "cnt": 266}, "ISTORIE": {"medie": 7.483749999999999, "reusita": 98.34710743801654, "cnt": 121}, "GEOGRAFIE": {"medie": 9.117045454545453, "reusita": 100.0, "cnt": 44}, "GENERAL": {"medie": 8.08535353535354, "reusita": 89.47368421052632, "cnt": 266}, "MATEMATICA ST-NAT": {"medie": 8.2359375, "reusita": 100.0, "cnt": 32}, "ANATOMIE SI FIZIOLOGIE UMANA, GENETICA SI ECOLOGIE UMANA": {"medie": 9.059999999999999, "reusita": 98.21428571428571, "cnt": 56}, "MATEMATICA MATE-INFO": {"medie": 7.903571428571425, "reusita": 91.1504424778761, "cnt": 113}, "BIOLOGIE VEGETALA SI ANIMALA": {"medie": 8.445454545454545, "reusita": 100.0, "cnt": 11}, "FIZICA TEO": {"medie": 7.753333333333333, "reusita": 100.0, "cnt": 15}, "CHIMIE ORGANICA TEO NIVEL I/II": {"medie": 9.283333333333333, "reusita": 100.0, "cnt": 9}, "SOCIOLOGIE": {"medie": 6.78125, "reusita": 100.0, "cnt": 8}, "PSIHOLOGIE": {"medie": 9.2, "reusita": 100.0, "cnt": 1}, "LOGICA, ARGUMENTARE SI COMUNICARE": {"medie": 8.79375, "reusita": 96.92307692307692, "cnt": 65}, "INFORMATICA MI C/C++": {"medie": 8.445, "reusita": 100.0, "cnt": 10}, "CHIMIE ANORGANICA TEO NIVEL I/II": {"medie": 8.242045454545455, "reusita": 97.72727272727273, "cnt": 44}, "FILOSOFIE": {"medie": 5.866666666666666, "reusita": 100.0, "cnt": 3}}, "nume": "COLEGIUL NATIONAL \"NICU GANE\" FALTICENI\tSuceava"}