{"specializari": {"FILOLOGIE": 54, "STIINTE ALE NATURII": 61}, "limba_moderna": {"LIMBA ENGLEZA": 115}, "limba_materna": {"LIMBA GERMANA": 115}, "promotie_anterioara": {"NU": 113, "DA": 2}, "materii": {"LIMBA ROMANA": {"medie": 8.246491228070173, "reusita": 97.3913043478261, "cnt": 115}, "ISTORIE": {"medie": 7.262264150943394, "reusita": 98.14814814814815, "cnt": 54}, "GEOGRAFIE": {"medie": 8.674324324324326, "reusita": 97.36842105263158, "cnt": 38}, "GENERAL": {"medie": 8.361403508771934, "reusita": 98.26086956521739, "cnt": 115}, "MATEMATICA ST-NAT": {"medie": 8.950819672131146, "reusita": 100.0, "cnt": 61}, "ANATOMIE SI FIZIOLOGIE UMANA, GENETICA SI ECOLOGIE UMANA": {"medie": 9.756666666666668, "reusita": 100.0, "cnt": 15}, "BIOLOGIE VEGETALA SI ANIMALA": {"medie": 9.140625, "reusita": 100.0, "cnt": 16}, "FIZICA TEO": {"medie": 9.25, "reusita": 100.0, "cnt": 6}, "CHIMIE ORGANICA TEO NIVEL I/II": {"medie": 8.41, "reusita": 100.0, "cnt": 5}, "INFORMATICA SN C/C++": {"medie": 9.618181818181817, "reusita": 100.0, "cnt": 11}, "PSIHOLOGIE": {"medie": 6.641666666666666, "reusita": 100.0, "cnt": 6}, "LOGICA, ARGUMENTARE SI COMUNICARE": {"medie": 9.172222222222224, "reusita": 100.0, "cnt": 9}, "ECONOMIE": {"medie": 10.0, "reusita": 100.0, "cnt": 1}, "LIMBA GERMANA": {"medie": 8.040350877192983, "reusita": 99.1304347826087, "cnt": 115}, "CHIMIE ANORGANICA TEO NIVEL I/II": {"medie": 9.487499999999999, "reusita": 100.0, "cnt": 8}}, "nume": "COLEGIUL NATIONAL \"JOHANNES HONTERUS\" BRASOV\tBra\u0219ov"}