{"specializari": {"TEHNICIAN IN AUTOMATIZARI": 24, "MATEMATICA-INFORMATICA": 15, "TEHNICIAN TRANSPORTURI": 23, "TEHNICIAN IN ACTIVITATI ECONOMICE": 25, "TEHNICIAN IN ACTIVITATI DE COMERT": 21, "TEHNICIAN IN PRELUCRAREA LEMNULUI": 2}, "limba_moderna": {"LIMBA ENGLEZA": 70, "LIMBA FRANCEZA": 40}, "limba_materna": {"LIMBA ROMANA": 110}, "promotie_anterioara": {"NU": 90, "DA": 20}, "materii": {"LIMBA ROMANA": {"medie": 5.670183486238532, "reusita": 75.45454545454545, "cnt": 110}, "GEOGRAFIE": {"medie": 7.233695652173914, "reusita": 91.30434782608695, "cnt": 46}, "GENERAL": {"medie": 5.41417445482866, "reusita": 32.72727272727273, "cnt": 110}, "ANATOMIE SI FIZIOLOGIE UMANA, GENETICA SI ECOLOGIE UMANA": {"medie": 3.05, "reusita": 0.0, "cnt": 2}, "MATEMATICA MATE-INFO": {"medie": 4.626666666666666, "reusita": 60.0, "cnt": 15}, "BIOLOGIE VEGETALA SI ANIMALA": {"medie": 3.7987499999999996, "reusita": 34.146341463414636, "cnt": 41}, "MATEMATICA TEHN": {"medie": 5.165591397849462, "reusita": 61.05263157894737, "cnt": 95}, "FIZICA TEH": {"medie": 5.333333333333334, "reusita": 77.77777777777779, "cnt": 9}, "INFORMATICA MI PASCAL": {"medie": 4.533333333333332, "reusita": 58.333333333333336, "cnt": 12}}, "nume": "COLEGIUL TEHNIC \"IULIU MANIU\" SIMLEU SILVANIEI\tS\u0103laj"}