{"specializari": {"MATEMATICA-INFORMATICA": 45, "STIINTE ALE NATURII": 90, "INVATATOR - EDUCATOARE": 29, "FILOLOGIE": 87}, "limba_moderna": {"LIMBA FRANCEZA": 28, "LIMBA ENGLEZA": 223}, "limba_materna": {"LIMBA ROMANA": 251}, "promotie_anterioara": {"NU": 248, "DA": 3}, "materii": {"LIMBA ROMANA": {"medie": 7.8706827309236935, "reusita": 99.20318725099602, "cnt": 251}, "ISTORIE": {"medie": 8.413953488372092, "reusita": 98.85057471264368, "cnt": 87}, "GEOGRAFIE": {"medie": 9.104861111111111, "reusita": 100.0, "cnt": 72}, "GENERAL": {"medie": 8.253614457831324, "reusita": 94.02390438247012, "cnt": 251}, "MATEMATICA ST-NAT": {"medie": 7.968333333333332, "reusita": 96.66666666666667, "cnt": 90}, "ANATOMIE SI FIZIOLOGIE UMANA, GENETICA SI ECOLOGIE UMANA": {"medie": 8.888421052631578, "reusita": 97.91666666666666, "cnt": 96}, "MATEMATICA MATE-INFO": {"medie": 7.880681818181818, "reusita": 93.33333333333333, "cnt": 45}, "BIOLOGIE VEGETALA SI ANIMALA": {"medie": 4.8500000000000005, "reusita": 66.66666666666666, "cnt": 3}, "FIZICA TEO": {"medie": 8.033333333333333, "reusita": 100.0, "cnt": 12}, "CHIMIE ORGANICA TEO NIVEL I/II": {"medie": 7.5874999999999995, "reusita": 100.0, "cnt": 4}, "SOCIOLOGIE": {"medie": 9.85, "reusita": 100.0, "cnt": 1}, "INFORMATICA SN C/C++": {"medie": 9.475000000000001, "reusita": 100.0, "cnt": 2}, "PSIHOLOGIE": {"medie": 6.15, "reusita": 100.0, "cnt": 1}, "LOGICA, ARGUMENTARE SI COMUNICARE": {"medie": 8.796153846153846, "reusita": 92.5, "cnt": 40}, "INFORMATICA MI C/C++": {"medie": 8.025, "reusita": 100.0, "cnt": 18}, "ECONOMIE": {"medie": 8.05, "reusita": 100.0, "cnt": 2}, "MATEMATICA PED": {"medie": 8.218965517241378, "reusita": 96.55172413793103, "cnt": 29}}, "nume": "COLEGIUL NATIONAL PEDAGOGIC \"STEFAN VELOVAN\" CRAIOVA\tDolj"}