{"specializari": {"FILOLOGIE": 22, "MATEMATICA-INFORMATICA": 27, "STIINTE ALE NATURII": 30, "TEHNICIAN IN ACTIVITATI ECONOMICE": 27}, "limba_moderna": {"LIMBA ENGLEZA": 104, "LIMBA GERMANA MODERNA": 2}, "limba_materna": {"LIMBA MAGHIARA": 106}, "promotie_anterioara": {"NU": 99, "DA": 7}, "materii": {"LIMBA ROMANA": {"medie": 6.8120192307692315, "reusita": 90.56603773584906, "cnt": 106}, "ISTORIE": {"medie": 7.838636363636365, "reusita": 100.0, "cnt": 22}, "GEOGRAFIE": {"medie": 8.325609756097561, "reusita": 100.0, "cnt": 41}, "GENERAL": {"medie": 7.674514563106795, "reusita": 83.9622641509434, "cnt": 106}, "MATEMATICA ST-NAT": {"medie": 5.851785714285716, "reusita": 73.33333333333333, "cnt": 30}, "ANATOMIE SI FIZIOLOGIE UMANA, GENETICA SI ECOLOGIE UMANA": {"medie": 7.628571428571427, "reusita": 100.0, "cnt": 14}, "MATEMATICA MATE-INFO": {"medie": 7.97037037037037, "reusita": 100.0, "cnt": 27}, "BIOLOGIE VEGETALA SI ANIMALA": {"medie": 7.425, "reusita": 84.61538461538461, "cnt": 26}, "FIZICA TEO": {"medie": 9.383333333333333, "reusita": 100.0, "cnt": 3}, "MATEMATICA TEHN": {"medie": 7.777777777777778, "reusita": 100.0, "cnt": 27}, "CHIMIE ORGANICA TEO NIVEL I/II": {"medie": 9.0, "reusita": 100.0, "cnt": 1}, "LIMBA MAGHIARA (REAL)": {"medie": 8.445180722891566, "reusita": 98.80952380952381, "cnt": 84}, "SOCIOLOGIE": {"medie": 7.090000000000001, "reusita": 100.0, "cnt": 5}, "LIMBA MAGHIARA (UMAN)": {"medie": 8.454545454545455, "reusita": 100.0, "cnt": 22}, "PSIHOLOGIE": {"medie": 7.25, "reusita": 100.0, "cnt": 2}, "INFORMATICA MI C/C++": {"medie": 8.603846153846154, "reusita": 100.0, "cnt": 13}, "FILOSOFIE": {"medie": 8.85, "reusita": 100.0, "cnt": 1}}, "nume": "COLEGIUL NATIONAL \"APRILY LAJOS\" BRASOV\tBra\u0219ov"}