{"specializari": {"MATEMATICA-INFORMATICA": 28, "STIINTE ALE NATURII": 11, "FILOLOGIE": 59, "LICEU CU PROGRAM SPORTIV": 2}, "limba_moderna": {"LIMBA ENGLEZA": 100}, "limba_materna": {"LIMBA ROMANA": 100}, "promotie_anterioara": {"NU": 79, "DA": 21}, "materii": {"LIMBA ROMANA": {"medie": 6.175252525252525, "reusita": 77.0, "cnt": 100}, "ISTORIE": {"medie": 5.773333333333334, "reusita": 83.60655737704919, "cnt": 61}, "GEOGRAFIE": {"medie": 7.208333333333333, "reusita": 84.61538461538461, "cnt": 13}, "GENERAL": {"medie": 6.225438596491225, "reusita": 49.0, "cnt": 100}, "MATEMATICA ST-NAT": {"medie": 3.433333333333333, "reusita": 27.27272727272727, "cnt": 11}, "ANATOMIE SI FIZIOLOGIE UMANA, GENETICA SI ECOLOGIE UMANA": {"medie": 6.805882352941176, "reusita": 94.11764705882352, "cnt": 17}, "MATEMATICA MATE-INFO": {"medie": 6.525000000000001, "reusita": 78.57142857142857, "cnt": 28}, "BIOLOGIE VEGETALA SI ANIMALA": {"medie": 3.5499999999999994, "reusita": 33.33333333333333, "cnt": 3}, "FIZICA TEO": {"medie": 8.475, "reusita": 100.0, "cnt": 2}, "SOCIOLOGIE": {"medie": 5.09, "reusita": 61.111111111111114, "cnt": 36}, "PSIHOLOGIE": {"medie": 3.15, "reusita": 0.0, "cnt": 1}, "LOGICA, ARGUMENTARE SI COMUNICARE": {"medie": 8.318181818181818, "reusita": 100.0, "cnt": 11}, "INFORMATICA MI PASCAL": {"medie": 7.7441176470588236, "reusita": 100.0, "cnt": 17}}, "nume": "LICEUL TEORETIC \"TUDOR VLADIMIRESCU\" DRAGANESTI-OLT\tOlt"}