{"specializari": {"TEHNICIAN IN AGRICULTURA": 10, "TEHNICIAN IN PRELUCRAREA LEMNULUI": 3}, "limba_moderna": {"LIMBA ENGLEZA": 13}, "limba_materna": {"LIMBA ROMANA": 13}, "promotie_anterioara": {"NU": 11, "DA": 2}, "materii": {"LIMBA ROMANA": {"medie": 4.711538461538462, "reusita": 61.53846153846154, "cnt": 13}, "GENERAL": {"medie": 4.765384615384617, "reusita": 30.76923076923077, "cnt": 13}, "MATEMATICA TEHN": {"medie": 3.569230769230769, "reusita": 38.46153846153847, "cnt": 13}, "CHIMIE ANORGANICA TEH NIVEL I/II": {"medie": 6.015384615384615, "reusita": 69.23076923076923, "cnt": 13}}, "nume": "LICEUL TEHNOLOGIC RACHITOASA\tBac\u0103u"}