{"specializari": {"STIINTE SOCIALE": 67, "MATEMATICA-INFORMATICA": 31, "STIINTE ALE NATURII": 25, "FILOLOGIE": 66}, "limba_moderna": {"LIMBA FRANCEZA": 23, "LIMBA ENGLEZA": 166}, "limba_materna": {"LIMBA ROMANA": 189}, "promotie_anterioara": {"NU": 149, "DA": 40}, "materii": {"LIMBA ROMANA": {"medie": 5.778415300546446, "reusita": 82.01058201058201, "cnt": 189}, "ISTORIE": {"medie": 6.2507633587786255, "reusita": 92.4812030075188, "cnt": 133}, "GEOGRAFIE": {"medie": 7.09206349206349, "reusita": 90.76923076923077, "cnt": 130}, "GENERAL": {"medie": 6.036610486891385, "reusita": 45.5026455026455, "cnt": 189}, "MATEMATICA ST-NAT": {"medie": 4.667391304347826, "reusita": 52.0, "cnt": 25}, "ANATOMIE SI FIZIOLOGIE UMANA, GENETICA SI ECOLOGIE UMANA": {"medie": 5.186956521739129, "reusita": 56.00000000000001, "cnt": 50}, "MATEMATICA MATE-INFO": {"medie": 3.883333333333334, "reusita": 25.806451612903224, "cnt": 31}, "BIOLOGIE VEGETALA SI ANIMALA": {"medie": 8.075, "reusita": 100.0, "cnt": 2}, "FIZICA TEO": {"medie": 3.35, "reusita": 0.0, "cnt": 1}, "PSIHOLOGIE": {"medie": 6.6499999999999995, "reusita": 100.0, "cnt": 3}, "INFORMATICA MI C/C++": {"medie": 5.975, "reusita": 100.0, "cnt": 2}, "CHIMIE ANORGANICA TEO NIVEL I/II": {"medie": 8.0, "reusita": 100.0, "cnt": 1}}, "nume": "LICEUL TEORETIC \"ION HELIADE RADULESCU\" TARGOVISTE\tD\u00e2mbovi\u021ba"}