{"specializari": {"MUZICA": 49, "ARTA ACTORULUI": 14, "COREGRAFIE": 7}, "limba_moderna": {"LIMBA ENGLEZA": 68, "LIMBA FRANCEZA": 2}, "limba_materna": {"LIMBA ROMANA": 70}, "promotie_anterioara": {"NU": 61, "DA": 9}, "materii": {"LIMBA ROMANA": {"medie": 6.611594202898551, "reusita": 92.85714285714286, "cnt": 70}, "ISTORIE": {"medie": 6.240579710144926, "reusita": 92.85714285714286, "cnt": 70}, "GEOGRAFIE": {"medie": 7.310833333333335, "reusita": 90.47619047619048, "cnt": 63}, "GENERAL": {"medie": 6.765656565656567, "reusita": 70.0, "cnt": 70}, "PSIHOLOGIE": {"medie": 8.075, "reusita": 100.0, "cnt": 2}, "FILOSOFIE": {"medie": 6.590000000000001, "reusita": 100.0, "cnt": 5}}, "nume": "LICEUL DE ARTA \"ION VIDU\" TIMISOARA\tTimi\u0219"}