{"specializari": {"STIINTE ALE NATURII": 19, "MATEMATICA-INFORMATICA": 16, "FILOLOGIE": 29}, "limba_moderna": {"LIMBA ENGLEZA": 52, "LIMBA FRANCEZA": 12}, "limba_materna": {"LIMBA ROMANA": 64}, "promotie_anterioara": {"NU": 56, "DA": 8}, "materii": {"LIMBA ROMANA": {"medie": 5.928448275862069, "reusita": 67.1875, "cnt": 64}, "ISTORIE": {"medie": 6.3758620689655165, "reusita": 89.65517241379311, "cnt": 29}, "GEOGRAFIE": {"medie": 7.413793103448274, "reusita": 93.10344827586206, "cnt": 29}, "GENERAL": {"medie": 5.914655172413793, "reusita": 40.625, "cnt": 64}, "MATEMATICA ST-NAT": {"medie": 2.3214285714285716, "reusita": 10.526315789473683, "cnt": 19}, "ANATOMIE SI FIZIOLOGIE UMANA, GENETICA SI ECOLOGIE UMANA": {"medie": 7.26, "reusita": 57.14285714285714, "cnt": 7}, "MATEMATICA MATE-INFO": {"medie": 5.75, "reusita": 62.5, "cnt": 16}, "BIOLOGIE VEGETALA SI ANIMALA": {"medie": 5.431250000000001, "reusita": 53.57142857142857, "cnt": 28}}, "nume": "LICEUL TEORETIC \"EFTIMIE MURGU\" BOZOVICI\tCara\u0219-Severin"}