{"specializari": {"FILOLOGIE": 29, "MATEMATICA-INFORMATICA": 74, "STIINTE SOCIALE": 32, "STIINTE ALE NATURII": 33}, "limba_moderna": {"LIMBA FRANCEZA": 43, "LIMBA ENGLEZA": 125}, "limba_materna": {"LIMBA ROMANA": 168}, "promotie_anterioara": {"NU": 163, "DA": 5}, "materii": {"LIMBA ROMANA": {"medie": 7.475748502994015, "reusita": 97.02380952380952, "cnt": 168}, "ISTORIE": {"medie": 7.5475, "reusita": 96.72131147540983, "cnt": 61}, "GEOGRAFIE": {"medie": 8.694285714285716, "reusita": 97.22222222222221, "cnt": 36}, "GENERAL": {"medie": 7.771084337349395, "reusita": 90.47619047619048, "cnt": 168}, "MATEMATICA ST-NAT": {"medie": 8.010937499999999, "reusita": 96.96969696969697, "cnt": 33}, "ANATOMIE SI FIZIOLOGIE UMANA, GENETICA SI ECOLOGIE UMANA": {"medie": 7.922727272727275, "reusita": 90.9090909090909, "cnt": 11}, "MATEMATICA MATE-INFO": {"medie": 7.477027027027029, "reusita": 97.2972972972973, "cnt": 74}, "BIOLOGIE VEGETALA SI ANIMALA": {"medie": 7.550000000000001, "reusita": 95.45454545454545, "cnt": 22}, "FIZICA TEO": {"medie": 8.185714285714287, "reusita": 100.0, "cnt": 14}, "CHIMIE ORGANICA TEO NIVEL I/II": {"medie": 8.839393939393943, "reusita": 100.0, "cnt": 33}, "SOCIOLOGIE": {"medie": 8.257142857142858, "reusita": 92.85714285714286, "cnt": 14}, "PSIHOLOGIE": {"medie": 8.05, "reusita": 100.0, "cnt": 4}, "LOGICA, ARGUMENTARE SI COMUNICARE": {"medie": 8.4625, "reusita": 100.0, "cnt": 4}, "INFORMATICA MI C/C++": {"medie": 7.833333333333333, "reusita": 96.29629629629629, "cnt": 27}, "ECONOMIE": {"medie": 4.2, "reusita": 0.0, "cnt": 1}, "FILOSOFIE": {"medie": 5.025, "reusita": 100.0, "cnt": 2}}, "nume": "LICEUL TEORETIC \"ION BARBU\"\tBucure\u0219ti"}