{"specializari": {"LICEU CU PROGRAM SPORTIV": 52}, "limba_moderna": {"LIMBA ENGLEZA": 49, "LIMBA FRANCEZA": 3}, "limba_materna": {"LIMBA ROMANA": 52}, "promotie_anterioara": {"NU": 41, "DA": 11}, "materii": {"LIMBA ROMANA": {"medie": 6.139000000000002, "reusita": 80.76923076923077, "cnt": 52}, "ISTORIE": {"medie": 6.114999999999997, "reusita": 84.61538461538461, "cnt": 52}, "GEOGRAFIE": {"medie": 6.219000000000001, "reusita": 73.07692307692307, "cnt": 52}, "GENERAL": {"medie": 6.157666666666667, "reusita": 57.692307692307686, "cnt": 52}}, "nume": "LICEUL CU PROGRAM SPORTIV SATU MARE\tSatu-Mare"}