{"specializari": {"MATEMATICA-INFORMATICA": 59, "LICEU CU PROGRAM SPORTIV": 38, "STIINTE ALE NATURII": 32, "FILOLOGIE": 34, "TEHNICIAN IN TURISM": 30}, "limba_moderna": {"LIMBA ENGLEZA": 126, "LIMBA FRANCEZA": 59, "LIMBA SPANIOLA": 8}, "limba_materna": {"LIMBA ROMANA": 193}, "promotie_anterioara": {"NU": 145, "DA": 48}, "materii": {"LIMBA ROMANA": {"medie": 7.346614583333334, "reusita": 90.15544041450777, "cnt": 193}, "ISTORIE": {"medie": 7.028169014084506, "reusita": 90.27777777777779, "cnt": 72}, "GEOGRAFIE": {"medie": 7.596938775510206, "reusita": 91.91919191919192, "cnt": 99}, "GENERAL": {"medie": 6.925263157894739, "reusita": 63.212435233160626, "cnt": 193}, "MATEMATICA ST-NAT": {"medie": 3.915625000000001, "reusita": 46.875, "cnt": 32}, "ANATOMIE SI FIZIOLOGIE UMANA, GENETICA SI ECOLOGIE UMANA": {"medie": 6.512650602409639, "reusita": 81.92771084337349, "cnt": 83}, "MATEMATICA MATE-INFO": {"medie": 6.272413793103451, "reusita": 71.1864406779661, "cnt": 59}, "FIZICA TEO": {"medie": 7.599999999999999, "reusita": 100.0, "cnt": 3}, "MATEMATICA TEHN": {"medie": 6.810344827586207, "reusita": 90.0, "cnt": 30}, "PSIHOLOGIE": {"medie": 6.6, "reusita": 100.0, "cnt": 2}, "INFORMATICA MI C/C++": {"medie": 9.64, "reusita": 100.0, "cnt": 5}, "ECONOMIE": {"medie": 7.5, "reusita": 100.0, "cnt": 1}}, "nume": "LICEUL TEORETIC NOVACI\tGorj"}