{"specializari": {"MATEMATICA-INFORMATICA": 27, "FILOLOGIE": 70, "STIINTE SOCIALE": 31}, "limba_moderna": {"LIMBA ENGLEZA": 122, "LIMBA FRANCEZA": 6}, "limba_materna": {"LIMBA ROMANA": 128}, "promotie_anterioara": {"DA": 21, "NU": 107}, "materii": {"LIMBA ROMANA": {"medie": 6.367322834645668, "reusita": 93.75, "cnt": 128}, "ISTORIE": {"medie": 7.456565656565653, "reusita": 97.02970297029702, "cnt": 101}, "GEOGRAFIE": {"medie": 7.904999999999999, "reusita": 97.5609756097561, "cnt": 41}, "GENERAL": {"medie": 7.06151761517615, "reusita": 71.09375, "cnt": 128}, "ANATOMIE SI FIZIOLOGIE UMANA, GENETICA SI ECOLOGIE UMANA": {"medie": 4.5, "reusita": 0.0, "cnt": 1}, "MATEMATICA MATE-INFO": {"medie": 4.957999999999999, "reusita": 55.55555555555556, "cnt": 27}, "BIOLOGIE VEGETALA SI ANIMALA": {"medie": 6.2823529411764705, "reusita": 77.77777777777779, "cnt": 18}, "FIZICA TEO": {"medie": 7.2749999999999995, "reusita": 100.0, "cnt": 6}, "CHIMIE ORGANICA TEO NIVEL I/II": {"medie": 4.725, "reusita": 50.0, "cnt": 2}, "LOGICA, ARGUMENTARE SI COMUNICARE": {"medie": 8.362931034482758, "reusita": 94.82758620689656, "cnt": 58}, "ECONOMIE": {"medie": 6.975, "reusita": 100.0, "cnt": 2}}, "nume": "LICEUL TEORETIC \"MARIN PREDA\" TURNU MAGURELE\tTeleorman"}