{"specializari": {"STIINTE ALE NATURII": 79, "STIINTE SOCIALE": 34, "FILOLOGIE": 66, "MATEMATICA-INFORMATICA": 25}, "limba_moderna": {"LIMBA ENGLEZA": 160, "LIMBA FRANCEZA": 44}, "limba_materna": {"LIMBA ROMANA": 204}, "promotie_anterioara": {"NU": 191, "DA": 13}, "materii": {"LIMBA ROMANA": {"medie": 7.0492610837438425, "reusita": 99.01960784313727, "cnt": 204}, "ISTORIE": {"medie": 7.025757575757576, "reusita": 98.0, "cnt": 100}, "GEOGRAFIE": {"medie": 8.067105263157895, "reusita": 97.36842105263158, "cnt": 38}, "GENERAL": {"medie": 7.1751683501683505, "reusita": 77.94117647058823, "cnt": 204}, "MATEMATICA ST-NAT": {"medie": 6.16038961038961, "reusita": 79.74683544303798, "cnt": 79}, "ANATOMIE SI FIZIOLOGIE UMANA, GENETICA SI ECOLOGIE UMANA": {"medie": 8.198305084745758, "reusita": 96.72131147540983, "cnt": 61}, "MATEMATICA MATE-INFO": {"medie": 5.800000000000001, "reusita": 80.0, "cnt": 25}, "BIOLOGIE VEGETALA SI ANIMALA": {"medie": 7.25483870967742, "reusita": 93.75, "cnt": 32}, "FIZICA TEO": {"medie": 7.06, "reusita": 100.0, "cnt": 5}, "CHIMIE ORGANICA TEO NIVEL I/II": {"medie": 8.8, "reusita": 100.0, "cnt": 1}, "SOCIOLOGIE": {"medie": 7.797115384615383, "reusita": 100.0, "cnt": 52}, "LOGICA, ARGUMENTARE SI COMUNICARE": {"medie": 8.621428571428572, "reusita": 87.5, "cnt": 8}, "INFORMATICA MI C/C++": {"medie": 6.324999999999999, "reusita": 60.0, "cnt": 5}, "ECONOMIE": {"medie": 8.8, "reusita": 100.0, "cnt": 1}, "FILOSOFIE": {"medie": 7.8, "reusita": 100.0, "cnt": 1}}, "nume": "LICEUL TEORETIC \"ION CANTACUZINO\" PITESTI\tArge\u0219"}