{"specializari": {"FILOLOGIE": 82}, "limba_moderna": {"LIMBA ENGLEZA": 81, "LIMBA FRANCEZA": 1}, "limba_materna": {"LIMBA ROMANA": 82}, "promotie_anterioara": {"NU": 81, "DA": 1}, "materii": {"LIMBA ROMANA": {"medie": 7.046951219512195, "reusita": 98.78048780487805, "cnt": 82}, "ISTORIE": {"medie": 7.487804878048779, "reusita": 96.34146341463415, "cnt": 82}, "GEOGRAFIE": {"medie": 8.694827586206896, "reusita": 100.0, "cnt": 58}, "GENERAL": {"medie": 7.653455284552842, "reusita": 96.34146341463415, "cnt": 82}, "SOCIOLOGIE": {"medie": 7.98235294117647, "reusita": 100.0, "cnt": 17}, "PSIHOLOGIE": {"medie": 6.7700000000000005, "reusita": 80.0, "cnt": 5}, "LOGICA, ARGUMENTARE SI COMUNICARE": {"medie": 8.525, "reusita": 100.0, "cnt": 2}}, "nume": "LICEUL TEORETIC \"ALEXANDRU VLAHUTA\"\tBucure\u0219ti"}