{"specializari": {"MATEMATICA-INFORMATICA": 19, "TEHNICIAN IN ACTIVITATI ECONOMICE": 17, "FILOLOGIE": 24, "STIINTE ALE NATURII": 26}, "limba_moderna": {"LIMBA ENGLEZA": 86}, "limba_materna": {"LIMBA ROMANA": 86}, "promotie_anterioara": {"NU": 71, "DA": 15}, "materii": {"LIMBA ROMANA": {"medie": 6.5561728395061705, "reusita": 81.3953488372093, "cnt": 86}, "ISTORIE": {"medie": 7.393750000000001, "reusita": 100.0, "cnt": 24}, "GEOGRAFIE": {"medie": 8.159375000000002, "reusita": 96.96969696969697, "cnt": 33}, "GENERAL": {"medie": 6.571097046413502, "reusita": 55.81395348837209, "cnt": 86}, "MATEMATICA ST-NAT": {"medie": 3.6380000000000012, "reusita": 38.46153846153847, "cnt": 26}, "MATEMATICA MATE-INFO": {"medie": 6.466666666666666, "reusita": 63.1578947368421, "cnt": 19}, "BIOLOGIE VEGETALA SI ANIMALA": {"medie": 6.244594594594596, "reusita": 73.17073170731707, "cnt": 41}, "MATEMATICA TEHN": {"medie": 7.306666666666666, "reusita": 82.35294117647058, "cnt": 17}, "CHIMIE ORGANICA TEO NIVEL I/II": {"medie": 6.675, "reusita": 100.0, "cnt": 2}, "PSIHOLOGIE": {"medie": 9.7, "reusita": 100.0, "cnt": 1}, "LOGICA, ARGUMENTARE SI COMUNICARE": {"medie": 6.125, "reusita": 83.33333333333334, "cnt": 6}, "INFORMATICA MI C/C++": {"medie": 9.5, "reusita": 100.0, "cnt": 1}, "ECONOMIE": {"medie": 7.05, "reusita": 100.0, "cnt": 1}, "INFORMATICA MI PASCAL": {"medie": 6.5, "reusita": 100.0, "cnt": 1}}, "nume": "LICEUL TEHNOLOGIC \"CONSTANTIN CANTACUZINO\", ORASUL BAICOI\tPrahova"}