{"specializari": {"MATEMATICA-INFORMATICA": 20, "FILOLOGIE": 32, "STIINTE SOCIALE": 41, "STIINTE ALE NATURII": 21}, "limba_moderna": {"LIMBA ENGLEZA": 108, "LIMBA FRANCEZA": 6}, "limba_materna": {"LIMBA ROMANA": 114}, "promotie_anterioara": {"NU": 103, "DA": 11}, "materii": {"LIMBA ROMANA": {"medie": 6.173873873873872, "reusita": 80.7017543859649, "cnt": 114}, "ISTORIE": {"medie": 6.888888888888889, "reusita": 94.52054794520548, "cnt": 73}, "GEOGRAFIE": {"medie": 8.01065573770492, "reusita": 98.38709677419355, "cnt": 62}, "GENERAL": {"medie": 6.85272727272727, "reusita": 73.68421052631578, "cnt": 114}, "MATEMATICA ST-NAT": {"medie": 5.430952380952379, "reusita": 71.42857142857143, "cnt": 21}, "MATEMATICA MATE-INFO": {"medie": 7.1899999999999995, "reusita": 90.0, "cnt": 20}, "BIOLOGIE VEGETALA SI ANIMALA": {"medie": 6.9423076923076925, "reusita": 80.76923076923077, "cnt": 26}, "FIZICA TEO": {"medie": 7.583333333333333, "reusita": 100.0, "cnt": 3}, "CHIMIE ORGANICA TEO NIVEL I/II": {"medie": 8.225, "reusita": 100.0, "cnt": 4}, "SOCIOLOGIE": {"medie": 5.566666666666666, "reusita": 100.0, "cnt": 3}, "PSIHOLOGIE": {"medie": 9.3, "reusita": 100.0, "cnt": 2}, "LOGICA, ARGUMENTARE SI COMUNICARE": {"medie": 7.533333333333334, "reusita": 83.33333333333334, "cnt": 6}, "CHIMIE ANORGANICA TEO NIVEL I/II": {"medie": 6.3, "reusita": 100.0, "cnt": 2}, "INFORMATICA MI PASCAL": {"medie": 6.666666666666667, "reusita": 100.0, "cnt": 6}}, "nume": "LICEUL TEORETIC COSTESTI\tArge\u0219"}