{"specializari": {"FILOLOGIE": 67, "STIINTE SOCIALE": 30, "LICEU CU PROGRAM SPORTIV": 19, "MATEMATICA-INFORMATICA": 41, "STIINTE ALE NATURII": 34}, "limba_moderna": {"LIMBA SPANIOLA": 21, "LIMBA ENGLEZA": 157, "LIMBA FRANCEZA": 13}, "limba_materna": {"LIMBA ROMANA": 191}, "promotie_anterioara": {"DA": 30, "NU": 161}, "materii": {"LIMBA ROMANA": {"medie": 5.942702702702702, "reusita": 79.05759162303664, "cnt": 191}, "ISTORIE": {"medie": 5.77935779816514, "reusita": 79.3103448275862, "cnt": 116}, "GEOGRAFIE": {"medie": 7.091666666666665, "reusita": 86.17021276595744, "cnt": 94}, "GENERAL": {"medie": 6.212228260869565, "reusita": 51.30890052356021, "cnt": 191}, "MATEMATICA ST-NAT": {"medie": 5.720588235294119, "reusita": 73.52941176470588, "cnt": 34}, "ANATOMIE SI FIZIOLOGIE UMANA, GENETICA SI ECOLOGIE UMANA": {"medie": 6.362903225806452, "reusita": 77.41935483870968, "cnt": 62}, "MATEMATICA MATE-INFO": {"medie": 5.717073170731709, "reusita": 68.29268292682927, "cnt": 41}, "BIOLOGIE VEGETALA SI ANIMALA": {"medie": 4.35, "reusita": 0.0, "cnt": 1}, "FIZICA TEO": {"medie": 6.194999999999999, "reusita": 80.0, "cnt": 10}, "CHIMIE ORGANICA TEO NIVEL I/II": {"medie": 8.95, "reusita": 100.0, "cnt": 1}, "PSIHOLOGIE": {"medie": 8.075, "reusita": 100.0, "cnt": 2}, "LOGICA, ARGUMENTARE SI COMUNICARE": {"medie": 7.941666666666666, "reusita": 75.0, "cnt": 20}, "INFORMATICA MI C/C++": {"medie": 10.0, "reusita": 100.0, "cnt": 1}}, "nume": "LICEUL TEORETIC \"STEFAN CEL MARE\" MUNICIPIUL RAMNICU SARAT\tBuz\u0103u"}