{"specializari": {"LICEU CU PROGRAM SPORTIV": 119}, "limba_moderna": {"LIMBA ENGLEZA": 115, "LIMBA GERMANA MODERNA": 3, "LIMBA FRANCEZA": 1}, "limba_materna": {"LIMBA ROMANA": 119}, "promotie_anterioara": {"NU": 91, "DA": 28}, "materii": {"LIMBA ROMANA": {"medie": 5.758474576271185, "reusita": 78.15126050420169, "cnt": 119}, "ISTORIE": {"medie": 5.898728813559322, "reusita": 82.35294117647058, "cnt": 119}, "GEOGRAFIE": {"medie": 7.058119658119662, "reusita": 91.45299145299145, "cnt": 117}, "GENERAL": {"medie": 6.262678062678061, "reusita": 54.621848739495796, "cnt": 119}, "LOGICA, ARGUMENTARE SI COMUNICARE": {"medie": 7.125, "reusita": 100.0, "cnt": 2}}, "nume": "LICEUL CU PROGRAM SPORTIV \"BANATUL\" TIMISOARA\tTimi\u0219"}