{"specializari": {"TEHNICIAN AGRONOM": 13}, "limba_moderna": {"LIMBA ENGLEZA": 13}, "limba_materna": {"LIMBA ROMANA": 13}, "promotie_anterioara": {"NU": 13}, "materii": {"LIMBA ROMANA": {"medie": 5.804166666666667, "reusita": 84.61538461538461, "cnt": 13}, "GENERAL": {"medie": 5.226388888888888, "reusita": 30.76923076923077, "cnt": 13}, "ANATOMIE SI FIZIOLOGIE UMANA, GENETICA SI ECOLOGIE UMANA": {"medie": 5.295833333333333, "reusita": 53.84615384615385, "cnt": 13}, "MATEMATICA TEHN": {"medie": 4.579166666666667, "reusita": 38.46153846153847, "cnt": 13}}, "nume": "LICEUL TEHNOLOGIC \"GEORGETA J.CANCICOV\" PARINCEA\tBac\u0103u"}