{"specializari": {"MATEMATICA-INFORMATICA": 20, "FILOLOGIE": 53, "STIINTE ALE NATURII": 30, "TEHNICIAN IN ACTIVITATI ECONOMICE": 29, "STIINTE SOCIALE": 29}, "limba_moderna": {"LIMBA ENGLEZA": 152, "LIMBA FRANCEZA": 9}, "limba_materna": {"LIMBA ROMANA": 161}, "promotie_anterioara": {"NU": 150, "DA": 11}, "materii": {"LIMBA ROMANA": {"medie": 6.839354838709678, "reusita": 89.44099378881988, "cnt": 161}, "ISTORIE": {"medie": 7.197560975609754, "reusita": 98.78048780487805, "cnt": 82}, "GEOGRAFIE": {"medie": 7.8724299065420595, "reusita": 94.44444444444444, "cnt": 108}, "GENERAL": {"medie": 7.2514069264069265, "reusita": 77.63975155279503, "cnt": 161}, "MATEMATICA ST-NAT": {"medie": 5.374999999999999, "reusita": 63.33333333333333, "cnt": 30}, "ANATOMIE SI FIZIOLOGIE UMANA, GENETICA SI ECOLOGIE UMANA": {"medie": 7.293055555555556, "reusita": 82.5, "cnt": 40}, "MATEMATICA MATE-INFO": {"medie": 7.439473684210526, "reusita": 90.0, "cnt": 20}, "BIOLOGIE VEGETALA SI ANIMALA": {"medie": 1.95, "reusita": 0.0, "cnt": 1}, "MATEMATICA TEHN": {"medie": 8.374999999999998, "reusita": 96.55172413793103, "cnt": 29}, "LOGICA, ARGUMENTARE SI COMUNICARE": {"medie": 9.466666666666667, "reusita": 100.0, "cnt": 3}, "INFORMATICA MI C/C++": {"medie": 9.17, "reusita": 100.0, "cnt": 5}, "CHIMIE ANORGANICA TEO NIVEL I/II": {"medie": 5.5875, "reusita": 100.0, "cnt": 4}}, "nume": "LICEUL TEORETIC \"ION NECULCE\", TARGU FRUMOS\tIa\u0219i"}