{"specializari": {"LICEU CU PROGRAM SPORTIV": 111}, "limba_moderna": {"LIMBA ENGLEZA": 105, "LIMBA FRANCEZA": 6}, "limba_materna": {"LIMBA ROMANA": 111}, "promotie_anterioara": {"NU": 88, "DA": 23}, "materii": {"LIMBA ROMANA": {"medie": 6.5411214953271015, "reusita": 89.1891891891892, "cnt": 111}, "ISTORIE": {"medie": 6.28679245283019, "reusita": 90.09009009009009, "cnt": 111}, "GEOGRAFIE": {"medie": 7.486486486486488, "reusita": 94.87179487179486, "cnt": 78}, "GENERAL": {"medie": 6.807051282051284, "reusita": 69.36936936936937, "cnt": 111}, "LOGICA, ARGUMENTARE SI COMUNICARE": {"medie": 7.531250000000001, "reusita": 81.81818181818183, "cnt": 33}}, "nume": "LICEUL CU PROGRAM SPORTIV CLUJ-NAPOCA\tCluj"}