{"specializari": {"INVATATOR - EDUCATOARE": 26, "FILOLOGIE": 29, "ARTE PLASTICE SI DECORATIVE": 18, "INSTRUCTOR PENTRU ACTIVITATI EXTRASCOLARE": 23, "LICEU CU PROGRAM SPORTIV": 29, "MUZICA": 17}, "limba_moderna": {"LIMBA ENGLEZA": 129, "LIMBA SPANIOLA": 10, "LIMBA FRANCEZA": 3}, "limba_materna": {"LIMBA ROMANA": 142}, "promotie_anterioara": {"NU": 120, "DA": 22}, "materii": {"LIMBA ROMANA": {"medie": 6.434057971014491, "reusita": 86.61971830985915, "cnt": 142}, "ISTORIE": {"medie": 5.852678571428574, "reusita": 88.79310344827587, "cnt": 116}, "GEOGRAFIE": {"medie": 6.881313131313131, "reusita": 84.46601941747572, "cnt": 103}, "GENERAL": {"medie": 6.545185185185186, "reusita": 58.45070422535211, "cnt": 142}, "PSIHOLOGIE": {"medie": 7.116666666666667, "reusita": 81.81818181818183, "cnt": 22}, "LOGICA, ARGUMENTARE SI COMUNICARE": {"medie": 7.786666666666667, "reusita": 87.5, "cnt": 16}, "MATEMATICA PED": {"medie": 7.300000000000001, "reusita": 80.76923076923077, "cnt": 26}, "FILOSOFIE": {"medie": 8.45, "reusita": 100.0, "cnt": 1}}, "nume": "LICEUL PEDAGOGIC \"IOAN POPESCU\", MUN. BARLAD\tVaslui"}