{"specializari": {"MATEMATICA-INFORMATICA": 31, "FILOLOGIE": 29, "STIINTE ALE NATURII": 22}, "limba_moderna": {"LIMBA ENGLEZA": 82}, "limba_materna": {"LIMBA MAGHIARA": 82}, "promotie_anterioara": {"NU": 70, "DA": 12}, "materii": {"LIMBA ROMANA": {"medie": 4.826582278481012, "reusita": 57.3170731707317, "cnt": 82}, "ISTORIE": {"medie": 5.113461538461539, "reusita": 51.724137931034484, "cnt": 29}, "GEOGRAFIE": {"medie": 6.665384615384616, "reusita": 82.75862068965517, "cnt": 29}, "GENERAL": {"medie": 6.074358974358973, "reusita": 46.34146341463415, "cnt": 82}, "MATEMATICA ST-NAT": {"medie": 5.78409090909091, "reusita": 63.63636363636363, "cnt": 22}, "ANATOMIE SI FIZIOLOGIE UMANA, GENETICA SI ECOLOGIE UMANA": {"medie": 6.323958333333334, "reusita": 87.75510204081633, "cnt": 49}, "MATEMATICA MATE-INFO": {"medie": 6.126666666666668, "reusita": 83.87096774193549, "cnt": 31}, "LIMBA MAGHIARA (REAL)": {"medie": 7.282692307692307, "reusita": 98.11320754716981, "cnt": 53}, "LIMBA MAGHIARA (UMAN)": {"medie": 7.137037037037039, "reusita": 89.65517241379311, "cnt": 29}, "INFORMATICA MI C/C++": {"medie": 8.5125, "reusita": 100.0, "cnt": 4}}, "nume": "LICEUL TEORETIC \"HORVATH JANOS\" MARGHITA\tBihor"}