{"specializari": {"FILOLOGIE": 57, "MATEMATICA-INFORMATICA": 27, "STIINTE SOCIALE": 26}, "limba_moderna": {"LIMBA ENGLEZA": 104, "LIMBA SPANIOLA": 6}, "limba_materna": {"LIMBA ROMANA": 110}, "promotie_anterioara": {"NU": 95, "DA": 15}, "materii": {"LIMBA ROMANA": {"medie": 6.463888888888888, "reusita": 96.36363636363636, "cnt": 110}, "ISTORIE": {"medie": 6.757317073170733, "reusita": 95.18072289156626, "cnt": 83}, "GEOGRAFIE": {"medie": 7.933750000000001, "reusita": 100.0, "cnt": 40}, "GENERAL": {"medie": 7.016978193146417, "reusita": 80.0, "cnt": 110}, "MATEMATICA MATE-INFO": {"medie": 6.388461538461538, "reusita": 70.37037037037037, "cnt": 27}, "BIOLOGIE VEGETALA SI ANIMALA": {"medie": 6.3549999999999995, "reusita": 80.0, "cnt": 10}, "FIZICA TEO": {"medie": 7.55, "reusita": 66.66666666666666, "cnt": 3}, "CHIMIE ORGANICA TEO NIVEL I/II": {"medie": 7.75, "reusita": 100.0, "cnt": 1}, "SOCIOLOGIE": {"medie": 8.596153846153845, "reusita": 96.29629629629629, "cnt": 27}, "PSIHOLOGIE": {"medie": 8.3875, "reusita": 100.0, "cnt": 4}, "LOGICA, ARGUMENTARE SI COMUNICARE": {"medie": 8.215, "reusita": 100.0, "cnt": 10}, "INFORMATICA MI C/C++": {"medie": 6.012499999999999, "reusita": 100.0, "cnt": 4}, "ECONOMIE": {"medie": 5.55, "reusita": 100.0, "cnt": 2}, "CHIMIE ANORGANICA TEO NIVEL I/II": {"medie": 7.716666666666665, "reusita": 100.0, "cnt": 9}}, "nume": "LICEUL TEORETIC \"MIHAIL SADOVEANU\"\tBucure\u0219ti"}