{"specializari": {"MATEMATICA-INFORMATICA": 60, "STIINTE ALE NATURII": 35, "FILOLOGIE": 34}, "limba_moderna": {"LIMBA ENGLEZA": 123, "LIMBA FRANCEZA": 6}, "limba_materna": {"LIMBA ROMANA": 129}, "promotie_anterioara": {"NU": 124, "DA": 5}, "materii": {"LIMBA ROMANA": {"medie": 6.5046511627907, "reusita": 92.24806201550388, "cnt": 129}, "ISTORIE": {"medie": 7.984848484848484, "reusita": 97.05882352941177, "cnt": 34}, "GEOGRAFIE": {"medie": 8.204411764705883, "reusita": 100.0, "cnt": 34}, "GENERAL": {"medie": 7.361243386243383, "reusita": 79.84496124031007, "cnt": 129}, "MATEMATICA ST-NAT": {"medie": 5.726470588235293, "reusita": 77.14285714285715, "cnt": 35}, "ANATOMIE SI FIZIOLOGIE UMANA, GENETICA SI ECOLOGIE UMANA": {"medie": 9.8, "reusita": 100.0, "cnt": 1}, "MATEMATICA MATE-INFO": {"medie": 8.357627118644066, "reusita": 98.33333333333333, "cnt": 60}, "BIOLOGIE VEGETALA SI ANIMALA": {"medie": 7.271000000000002, "reusita": 94.11764705882352, "cnt": 51}, "FIZICA TEO": {"medie": 8.469999999999999, "reusita": 100.0, "cnt": 40}, "CHIMIE ORGANICA TEO NIVEL I/II": {"medie": 9.799999999999999, "reusita": 100.0, "cnt": 3}}, "nume": "LICEUL TEORETIC \"RADU VLADESCU\" ORAS PATARLAGELE\tBuz\u0103u"}