{"specializari": {"LICEU CU PROGRAM SPORTIV": 79, "STIINTE ALE NATURII": 24}, "limba_moderna": {"LIMBA ENGLEZA": 97, "LIMBA FRANCEZA": 6}, "limba_materna": {"LIMBA ROMANA": 103}, "promotie_anterioara": {"NU": 81, "DA": 22}, "materii": {"LIMBA ROMANA": {"medie": 6.05909090909091, "reusita": 90.29126213592234, "cnt": 103}, "ISTORIE": {"medie": 5.827333333333335, "reusita": 87.34177215189874, "cnt": 79}, "GEOGRAFIE": {"medie": 7.415217391304348, "reusita": 91.83673469387756, "cnt": 49}, "GENERAL": {"medie": 6.418749999999999, "reusita": 64.07766990291263, "cnt": 103}, "MATEMATICA ST-NAT": {"medie": 6.366666666666668, "reusita": 83.33333333333334, "cnt": 24}, "ANATOMIE SI FIZIOLOGIE UMANA, GENETICA SI ECOLOGIE UMANA": {"medie": 6.972727272727273, "reusita": 81.81818181818183, "cnt": 11}, "FIZICA TEO": {"medie": 6.95, "reusita": 100.0, "cnt": 2}, "CHIMIE ORGANICA TEO NIVEL I/II": {"medie": 5.8999999999999995, "reusita": 60.0, "cnt": 5}, "LOGICA, ARGUMENTARE SI COMUNICARE": {"medie": 7.486206896551723, "reusita": 80.0, "cnt": 30}, "CHIMIE ANORGANICA TEO NIVEL I/II": {"medie": 5.191666666666667, "reusita": 66.66666666666666, "cnt": 6}}, "nume": "LICEUL CU PROGRAM SPORTIV, LOCALITATEA GALATI\tGala\u021bi"}