{"specializari": {"STIINTE SOCIALE": 68, "MATEMATICA-INFORMATICA": 45, "STIINTE ALE NATURII": 51, "FILOLOGIE": 55, "INVATATOR - EDUCATOARE": 22}, "limba_moderna": {"LIMBA ENGLEZA": 174, "LIMBA FRANCEZA": 67}, "limba_materna": {"LIMBA ROMANA": 241}, "promotie_anterioara": {"NU": 227, "DA": 14}, "materii": {"LIMBA ROMANA": {"medie": 7.007782426778244, "reusita": 99.1701244813278, "cnt": 241}, "ISTORIE": {"medie": 7.453305785123971, "reusita": 97.5609756097561, "cnt": 123}, "GEOGRAFIE": {"medie": 8.27876712328767, "reusita": 97.33333333333334, "cnt": 75}, "GENERAL": {"medie": 7.358790436005623, "reusita": 80.49792531120332, "cnt": 241}, "MATEMATICA ST-NAT": {"medie": 6.0699999999999985, "reusita": 72.54901960784314, "cnt": 51}, "ANATOMIE SI FIZIOLOGIE UMANA, GENETICA SI ECOLOGIE UMANA": {"medie": 7.815384615384617, "reusita": 93.58974358974359, "cnt": 78}, "MATEMATICA MATE-INFO": {"medie": 6.9295454545454565, "reusita": 88.88888888888889, "cnt": 45}, "FIZICA TEO": {"medie": 5.93, "reusita": 80.0, "cnt": 5}, "CHIMIE ORGANICA TEO NIVEL I/II": {"medie": 6.3, "reusita": 100.0, "cnt": 1}, "PSIHOLOGIE": {"medie": 6.45, "reusita": 100.0, "cnt": 2}, "LOGICA, ARGUMENTARE SI COMUNICARE": {"medie": 8.498529411764705, "reusita": 95.58823529411765, "cnt": 68}, "INFORMATICA MI C/C++": {"medie": 7.958333333333333, "reusita": 100.0, "cnt": 12}, "MATEMATICA PED": {"medie": 6.286363636363637, "reusita": 77.27272727272727, "cnt": 22}}, "nume": "LICEUL PEDAGOGIC \"NICOLAE IORGA\" BOTOSANI\tBoto\u0219ani"}