{"specializari": {"LICEU CU PROGRAM SPORTIV": 74}, "limba_moderna": {"LIMBA ENGLEZA": 62, "LIMBA FRANCEZA": 12}, "limba_materna": {"LIMBA ROMANA": 74}, "promotie_anterioara": {"NU": 58, "DA": 16}, "materii": {"LIMBA ROMANA": {"medie": 6.652739726027398, "reusita": 93.24324324324324, "cnt": 74}, "ISTORIE": {"medie": 6.975000000000001, "reusita": 95.94594594594594, "cnt": 74}, "GEOGRAFIE": {"medie": 7.754929577464788, "reusita": 91.78082191780823, "cnt": 73}, "GENERAL": {"medie": 7.139583333333331, "reusita": 78.37837837837837, "cnt": 74}, "PSIHOLOGIE": {"medie": 8.7, "reusita": 100.0, "cnt": 1}}, "nume": "LICEUL CU PROGRAM SPORTIV FOCSANI\tVrancea"}