{"specializari": {"STIINTE ALE NATURII": 14, "TEHNICIAN IN TURISM": 9, "TEOLOGIE ROMANO-CATOLICA": 11}, "limba_moderna": {"LIMBA GERMANA MODERNA": 18, "LIMBA ENGLEZA": 16}, "limba_materna": {"LIMBA MAGHIARA": 34}, "promotie_anterioara": {"NU": 27, "DA": 7}, "materii": {"LIMBA ROMANA": {"medie": 4.0, "reusita": 35.294117647058826, "cnt": 34}, "ISTORIE": {"medie": 5.763636363636364, "reusita": 90.9090909090909, "cnt": 11}, "GEOGRAFIE": {"medie": 6.082352941176472, "reusita": 94.11764705882352, "cnt": 17}, "GENERAL": {"medie": 5.6768382352941185, "reusita": 26.47058823529412, "cnt": 34}, "MATEMATICA ST-NAT": {"medie": 5.339285714285715, "reusita": 71.42857142857143, "cnt": 14}, "ANATOMIE SI FIZIOLOGIE UMANA, GENETICA SI ECOLOGIE UMANA": {"medie": 6.113636363636363, "reusita": 72.72727272727273, "cnt": 11}, "BIOLOGIE VEGETALA SI ANIMALA": {"medie": 7.2, "reusita": 100.0, "cnt": 2}, "MATEMATICA TEHN": {"medie": 3.816666666666667, "reusita": 44.44444444444444, "cnt": 9}, "CHIMIE ORGANICA TEO NIVEL I/II": {"medie": 9.2, "reusita": 100.0, "cnt": 1}, "LIMBA MAGHIARA (REAL)": {"medie": 7.351470588235294, "reusita": 100.0, "cnt": 34}, "FILOSOFIE": {"medie": 6.45, "reusita": 66.66666666666666, "cnt": 3}}, "nume": "LICEUL ROMANO-CATOLIC \"JOSEPHUS CALASANTIUS\" CAREI\tSatu-Mare"}