{"specializari": {"FILOLOGIE": 75, "MATEMATICA-INFORMATICA": 26, "STIINTE ALE NATURII": 39}, "limba_moderna": {"LIMBA ENGLEZA": 140}, "limba_materna": {"LIMBA ROMANA": 140}, "promotie_anterioara": {"NU": 115, "DA": 25}, "materii": {"LIMBA ROMANA": {"medie": 6.744604316546767, "reusita": 91.42857142857143, "cnt": 140}, "ISTORIE": {"medie": 7.428, "reusita": 98.66666666666667, "cnt": 75}, "GEOGRAFIE": {"medie": 7.652666666666668, "reusita": 97.33333333333334, "cnt": 75}, "GENERAL": {"medie": 7.068856447688563, "reusita": 73.57142857142858, "cnt": 140}, "MATEMATICA ST-NAT": {"medie": 5.111111111111111, "reusita": 61.53846153846154, "cnt": 39}, "ANATOMIE SI FIZIOLOGIE UMANA, GENETICA SI ECOLOGIE UMANA": {"medie": 7.18709677419355, "reusita": 87.3015873015873, "cnt": 63}, "MATEMATICA MATE-INFO": {"medie": 8.071153846153846, "reusita": 96.15384615384616, "cnt": 26}, "CHIMIE ORGANICA TEO NIVEL I/II": {"medie": 8.575, "reusita": 100.0, "cnt": 2}}, "nume": "LICEUL TEORETIC \"MIHAI VELICIU\" CHISINEU-CRIS\tArad"}