{"specializari": {"STIINTE ALE NATURII": 24, "FILOLOGIE": 61, "MATEMATICA-INFORMATICA": 23, "STIINTE SOCIALE": 32}, "limba_moderna": {"LIMBA ENGLEZA": 121, "LIMBA FRANCEZA": 19}, "limba_materna": {"LIMBA ROMANA": 140}, "promotie_anterioara": {"NU": 127, "DA": 13}, "materii": {"LIMBA ROMANA": {"medie": 7.15971223021583, "reusita": 98.57142857142858, "cnt": 140}, "ISTORIE": {"medie": 6.990860215053765, "reusita": 100.0, "cnt": 93}, "GEOGRAFIE": {"medie": 8.046875000000002, "reusita": 100.0, "cnt": 48}, "GENERAL": {"medie": 7.319064748201444, "reusita": 87.85714285714286, "cnt": 140}, "MATEMATICA ST-NAT": {"medie": 7.572916666666667, "reusita": 95.83333333333334, "cnt": 24}, "ANATOMIE SI FIZIOLOGIE UMANA, GENETICA SI ECOLOGIE UMANA": {"medie": 7.508333333333332, "reusita": 91.8918918918919, "cnt": 37}, "MATEMATICA MATE-INFO": {"medie": 6.2340909090909085, "reusita": 78.26086956521739, "cnt": 23}, "FIZICA TEO": {"medie": 7.9, "reusita": 100.0, "cnt": 1}, "CHIMIE ORGANICA TEO NIVEL I/II": {"medie": 7.275, "reusita": 100.0, "cnt": 4}, "SOCIOLOGIE": {"medie": 8.642857142857142, "reusita": 100.0, "cnt": 7}, "INFORMATICA SN C/C++": {"medie": 8.45, "reusita": 100.0, "cnt": 1}, "LOGICA, ARGUMENTARE SI COMUNICARE": {"medie": 7.722058823529414, "reusita": 85.29411764705883, "cnt": 34}, "INFORMATICA MI C/C++": {"medie": 7.175, "reusita": 100.0, "cnt": 4}, "FILOSOFIE": {"medie": 8.512500000000001, "reusita": 100.0, "cnt": 4}}, "nume": "LICEUL TEORETIC \"TUDOR ARGHEZI\" CRAIOVA\tDolj"}