{"specializari": {"STIINTE ALE NATURII": 18, "STIINTE SOCIALE": 28, "MATEMATICA-INFORMATICA": 34, "FILOLOGIE": 30}, "limba_moderna": {"LIMBA ENGLEZA": 104, "LIMBA FRANCEZA": 6}, "limba_materna": {"LIMBA ROMANA": 110}, "promotie_anterioara": {"NU": 80, "DA": 30}, "materii": {"LIMBA ROMANA": {"medie": 6.322429906542059, "reusita": 90.0, "cnt": 110}, "ISTORIE": {"medie": 7.089473684210528, "reusita": 93.10344827586206, "cnt": 58}, "GEOGRAFIE": {"medie": 8.436842105263159, "reusita": 90.0, "cnt": 20}, "GENERAL": {"medie": 6.845098039215687, "reusita": 60.909090909090914, "cnt": 110}, "MATEMATICA ST-NAT": {"medie": 5.41875, "reusita": 61.111111111111114, "cnt": 18}, "ANATOMIE SI FIZIOLOGIE UMANA, GENETICA SI ECOLOGIE UMANA": {"medie": 7.734090909090909, "reusita": 87.5, "cnt": 48}, "MATEMATICA MATE-INFO": {"medie": 4.835937499999999, "reusita": 58.82352941176471, "cnt": 34}, "BIOLOGIE VEGETALA SI ANIMALA": {"medie": 9.1, "reusita": 100.0, "cnt": 1}, "FIZICA TEO": {"medie": 6.833333333333333, "reusita": 100.0, "cnt": 3}, "SOCIOLOGIE": {"medie": 9.450000000000001, "reusita": 100.0, "cnt": 6}, "PSIHOLOGIE": {"medie": 8.9, "reusita": 100.0, "cnt": 1}, "LOGICA, ARGUMENTARE SI COMUNICARE": {"medie": 7.475806451612905, "reusita": 83.87096774193549, "cnt": 31}}, "nume": "LICEUL TEORETIC \"MIHAI VITEAZUL\" BAILESTI\tDolj"}