{"specializari": {"STIINTE SOCIALE": 3, "MATEMATICA-INFORMATICA": 3, "TEHNICIAN TRANSPORTURI": 18, "TEHNICIAN OPERATOR TEHNICA DE CALCUL": 3}, "limba_moderna": {"LIMBA FRANCEZA": 13, "LIMBA ENGLEZA": 14}, "limba_materna": {"LIMBA ROMANA": 27}, "promotie_anterioara": {"DA": 10, "NU": 17}, "materii": {"LIMBA ROMANA": {"medie": 5.672222222222222, "reusita": 88.88888888888889, "cnt": 27}, "ISTORIE": {"medie": 5.675000000000001, "reusita": 66.66666666666666, "cnt": 3}, "GEOGRAFIE": {"medie": 6.45, "reusita": 100.0, "cnt": 1}, "GENERAL": {"medie": 5.760256410256411, "reusita": 33.33333333333333, "cnt": 27}, "MATEMATICA MATE-INFO": {"medie": 3.9333333333333336, "reusita": 33.33333333333333, "cnt": 3}, "BIOLOGIE VEGETALA SI ANIMALA": {"medie": 5.970454545454545, "reusita": 63.63636363636363, "cnt": 22}, "MATEMATICA TEHN": {"medie": 5.761904761904761, "reusita": 66.66666666666666, "cnt": 21}, "FIZICA TEH": {"medie": 6.6, "reusita": 100.0, "cnt": 2}, "FILOSOFIE": {"medie": 5.85, "reusita": 100.0, "cnt": 2}}, "nume": "LICEUL TEHNOLOGIC \"PETRE IONESCU MUSCEL\" DOMNESTI\tArge\u0219"}