{"specializari": {"MATEMATICA-INFORMATICA": 26, "LICEU CU PROGRAM SPORTIV": 28, "STIINTE ALE NATURII": 31, "FILOLOGIE": 28}, "limba_moderna": {"LIMBA ENGLEZA": 112, "LIMBA FRANCEZA": 1}, "limba_materna": {"LIMBA ROMANA": 85, "LIMBA GERMANA": 28}, "promotie_anterioara": {"NU": 109, "DA": 4}, "materii": {"LIMBA ROMANA": {"medie": 7.904464285714288, "reusita": 99.11504424778761, "cnt": 113}, "ISTORIE": {"medie": 7.838392857142857, "reusita": 98.21428571428571, "cnt": 56}, "GEOGRAFIE": {"medie": 8.306060606060605, "reusita": 100.0, "cnt": 33}, "GENERAL": {"medie": 8.224624624624628, "reusita": 96.46017699115043, "cnt": 113}, "MATEMATICA ST-NAT": {"medie": 8.696774193548388, "reusita": 100.0, "cnt": 31}, "ANATOMIE SI FIZIOLOGIE UMANA, GENETICA SI ECOLOGIE UMANA": {"medie": 9.265384615384615, "reusita": 100.0, "cnt": 13}, "MATEMATICA MATE-INFO": {"medie": 8.250000000000002, "reusita": 96.15384615384616, "cnt": 26}, "BIOLOGIE VEGETALA SI ANIMALA": {"medie": 8.594827586206897, "reusita": 96.66666666666667, "cnt": 30}, "FIZICA TEO": {"medie": 7.935714285714286, "reusita": 100.0, "cnt": 7}, "LOGICA, ARGUMENTARE SI COMUNICARE": {"medie": 8.63695652173913, "reusita": 100.0, "cnt": 23}, "INFORMATICA MI C/C++": {"medie": 8.842857142857143, "reusita": 100.0, "cnt": 7}, "LIMBA GERMANA": {"medie": 7.9185185185185185, "reusita": 96.42857142857143, "cnt": 28}}, "nume": "LICEUL TEORETIC \"ONISIFOR GHIBU\" SIBIU\tSibiu"}