{"specializari": {"STIINTE ALE NATURII": 22, "MATEMATICA-INFORMATICA": 13, "LICEU CU PROGRAM SPORTIV": 40, "FILOLOGIE": 61, "TEHNICIAN IN TURISM": 31, "STIINTE SOCIALE": 1}, "limba_moderna": {"LIMBA ENGLEZA": 163, "LIMBA FRANCEZA": 5}, "limba_materna": {"LIMBA ROMANA": 168}, "promotie_anterioara": {"DA": 44, "NU": 124}, "materii": {"LIMBA ROMANA": {"medie": 5.496496815286624, "reusita": 64.28571428571429, "cnt": 168}, "ISTORIE": {"medie": 6.062626262626263, "reusita": 84.31372549019608, "cnt": 102}, "GEOGRAFIE": {"medie": 7.3168421052631585, "reusita": 95.78947368421052, "cnt": 95}, "GENERAL": {"medie": 5.651973684210526, "reusita": 35.714285714285715, "cnt": 168}, "MATEMATICA ST-NAT": {"medie": 1.9388888888888889, "reusita": 13.636363636363635, "cnt": 22}, "ANATOMIE SI FIZIOLOGIE UMANA, GENETICA SI ECOLOGIE UMANA": {"medie": 6.2625, "reusita": 80.0, "cnt": 5}, "MATEMATICA MATE-INFO": {"medie": 2.8454545454545452, "reusita": 23.076923076923077, "cnt": 13}, "BIOLOGIE VEGETALA SI ANIMALA": {"medie": 3.964, "reusita": 24.137931034482758, "cnt": 29}, "MATEMATICA TEHN": {"medie": 4.620967741935484, "reusita": 54.83870967741935, "cnt": 31}, "SOCIOLOGIE": {"medie": 6.8218749999999995, "reusita": 81.25, "cnt": 16}, "PSIHOLOGIE": {"medie": 5.383333333333333, "reusita": 33.33333333333333, "cnt": 3}, "LOGICA, ARGUMENTARE SI COMUNICARE": {"medie": 2.4642857142857144, "reusita": 11.76470588235294, "cnt": 17}, "INFORMATICA MI C/C++": {"medie": "-", "reusita": 0.0, "cnt": 1}, "ECONOMIE": {"medie": 8.8, "reusita": 100.0, "cnt": 2}}, "nume": "LICEUL TEORETIC \"MIHAIL KOGALNICEANU\" SNAGOV\tIlfov"}