{"specializari": {"FILOLOGIE": 36, "MATEMATICA-INFORMATICA": 49, "STIINTE SOCIALE": 28, "STIINTE ALE NATURII": 52}, "limba_moderna": {"LIMBA ENGLEZA": 126, "LIMBA ITALIANA": 36, "LIMBA FRANCEZA": 3}, "limba_materna": {"LIMBA ROMANA": 165}, "promotie_anterioara": {"NU": 156, "DA": 9}, "materii": {"LIMBA ROMANA": {"medie": 7.068404907975459, "reusita": 88.48484848484848, "cnt": 165}, "ISTORIE": {"medie": 5.463492063492063, "reusita": 82.8125, "cnt": 64}, "GEOGRAFIE": {"medie": 7.537903225806452, "reusita": 93.65079365079364, "cnt": 63}, "GENERAL": {"medie": 7.119135802469134, "reusita": 66.06060606060606, "cnt": 165}, "MATEMATICA ST-NAT": {"medie": 6.174509803921569, "reusita": 71.15384615384616, "cnt": 52}, "ANATOMIE SI FIZIOLOGIE UMANA, GENETICA SI ECOLOGIE UMANA": {"medie": 7.664383561643837, "reusita": 89.33333333333333, "cnt": 75}, "MATEMATICA MATE-INFO": {"medie": 8.078571428571426, "reusita": 91.83673469387756, "cnt": 49}, "FIZICA TEO": {"medie": 8.24, "reusita": 100.0, "cnt": 10}, "CHIMIE ORGANICA TEO NIVEL I/II": {"medie": 8.85, "reusita": 100.0, "cnt": 3}, "PSIHOLOGIE": {"medie": 7.55, "reusita": 100.0, "cnt": 1}, "INFORMATICA MI C/C++": {"medie": 8.872727272727273, "reusita": 100.0, "cnt": 11}, "INFORMATICA MI PASCAL": {"medie": 8.475, "reusita": 100.0, "cnt": 2}}, "nume": "LICEUL TEORETIC \"AUREL VLAICU\" ORASTIE\tHunedoara"}