{"specializari": {"FILOLOGIE": 51, "STIINTE ALE NATURII": 19}, "limba_moderna": {"LIMBA ENGLEZA": 59, "LIMBA FRANCEZA": 11}, "limba_materna": {"LIMBA ROMANA": 70}, "promotie_anterioara": {"NU": 63, "DA": 7}, "materii": {"LIMBA ROMANA": {"medie": 7.038970588235293, "reusita": 97.14285714285714, "cnt": 70}, "ISTORIE": {"medie": 7.355882352941178, "reusita": 96.07843137254902, "cnt": 51}, "GEOGRAFIE": {"medie": 7.911702127659573, "reusita": 93.61702127659575, "cnt": 47}, "GENERAL": {"medie": 7.112820512820516, "reusita": 70.0, "cnt": 70}, "MATEMATICA ST-NAT": {"medie": 3.843333333333333, "reusita": 26.31578947368421, "cnt": 19}, "ANATOMIE SI FIZIOLOGIE UMANA, GENETICA SI ECOLOGIE UMANA": {"medie": 6.438235294117648, "reusita": 73.68421052631578, "cnt": 19}, "PSIHOLOGIE": {"medie": 7.925, "reusita": 100.0, "cnt": 4}}, "nume": "LICEUL TEORETIC \"LASCAR ROSETTI\", RADUCANENI\tIa\u0219i"}