{"specializari": {"MATEMATICA-INFORMATICA": 22, "FILOLOGIE": 48, "STIINTE ALE NATURII": 19}, "limba_moderna": {"LIMBA ENGLEZA": 85, "LIMBA FRANCEZA": 4}, "limba_materna": {"LIMBA GERMANA": 39, "LIMBA ROMANA": 50}, "promotie_anterioara": {"NU": 77, "DA": 12}, "materii": {"LIMBA ROMANA": {"medie": 6.977647058823531, "reusita": 94.3820224719101, "cnt": 89}, "ISTORIE": {"medie": 6.953191489361703, "reusita": 95.83333333333334, "cnt": 48}, "GEOGRAFIE": {"medie": 8.054347826086957, "reusita": 95.74468085106383, "cnt": 47}, "GENERAL": {"medie": 7.142821285140561, "reusita": 78.65168539325843, "cnt": 89}, "MATEMATICA ST-NAT": {"medie": 5.836111111111112, "reusita": 78.94736842105263, "cnt": 19}, "ANATOMIE SI FIZIOLOGIE UMANA, GENETICA SI ECOLOGIE UMANA": {"medie": 7.325, "reusita": 91.66666666666666, "cnt": 12}, "MATEMATICA MATE-INFO": {"medie": 6.7825000000000015, "reusita": 90.9090909090909, "cnt": 22}, "BIOLOGIE VEGETALA SI ANIMALA": {"medie": 6.390000000000001, "reusita": 71.42857142857143, "cnt": 7}, "FIZICA TEO": {"medie": 8.141666666666667, "reusita": 100.0, "cnt": 6}, "CHIMIE ORGANICA TEO NIVEL I/II": {"medie": 9.05, "reusita": 100.0, "cnt": 2}, "SOCIOLOGIE": {"medie": 7.65, "reusita": 100.0, "cnt": 1}, "INFORMATICA MI C/C++": {"medie": 7.333333333333333, "reusita": 90.0, "cnt": 10}, "LIMBA GERMANA": {"medie": 7.393589743589744, "reusita": 97.43589743589743, "cnt": 39}, "CHIMIE ANORGANICA TEO NIVEL I/II": {"medie": 6.075, "reusita": 75.0, "cnt": 4}}, "nume": "LICEUL TEORETIC \"STEPHAN LUDWIG ROTH\" MEDIAS\tSibiu"}