{"specializari": {"STIINTE ALE NATURII": 11, "STIINTE SOCIALE": 26, "TEHNICIAN IN AGRICULTURA": 3}, "limba_moderna": {"LIMBA ENGLEZA": 40}, "limba_materna": {"LIMBA ROMANA": 40}, "promotie_anterioara": {"DA": 15, "NU": 25}, "materii": {"LIMBA ROMANA": {"medie": 5.3500000000000005, "reusita": 77.5, "cnt": 40}, "ISTORIE": {"medie": 5.24, "reusita": 65.38461538461539, "cnt": 26}, "GEOGRAFIE": {"medie": 6.0699999999999985, "reusita": 69.23076923076923, "cnt": 26}, "GENERAL": {"medie": 5.1379629629629635, "reusita": 25.0, "cnt": 40}, "MATEMATICA ST-NAT": {"medie": 3.375000000000001, "reusita": 45.45454545454545, "cnt": 11}, "ANATOMIE SI FIZIOLOGIE UMANA, GENETICA SI ECOLOGIE UMANA": {"medie": 4.260714285714286, "reusita": 42.857142857142854, "cnt": 14}, "MATEMATICA TEHN": {"medie": 3.1666666666666665, "reusita": 33.33333333333333, "cnt": 3}}, "nume": "LICEUL TEORETIC \"GEORGE ST. MARINCU\" POIANA MARE\tDolj"}