{"specializari": {"MATEMATICA-INFORMATICA": 57, "STIINTE SOCIALE": 63, "STIINTE ALE NATURII": 89, "TEOLOGIE ROMANO-CATOLICA": 3}, "limba_moderna": {"LIMBA ENGLEZA": 204, "LIMBA ITALIANA": 4, "LIMBA GERMANA MODERNA": 4}, "limba_materna": {"LIMBA MAGHIARA": 212}, "promotie_anterioara": {"NU": 208, "DA": 4}, "materii": {"LIMBA ROMANA": {"medie": 7.929481132075473, "reusita": 98.58490566037736, "cnt": 212}, "ISTORIE": {"medie": 7.582575757575757, "reusita": 98.48484848484848, "cnt": 66}, "GEOGRAFIE": {"medie": 9.35681818181818, "reusita": 100.0, "cnt": 66}, "GENERAL": {"medie": 8.65884433962264, "reusita": 98.11320754716981, "cnt": 212}, "MATEMATICA ST-NAT": {"medie": 9.383707865168539, "reusita": 100.0, "cnt": 89}, "ANATOMIE SI FIZIOLOGIE UMANA, GENETICA SI ECOLOGIE UMANA": {"medie": 9.199999999999998, "reusita": 100.0, "cnt": 73}, "MATEMATICA MATE-INFO": {"medie": 8.868421052631579, "reusita": 100.0, "cnt": 57}, "BIOLOGIE VEGETALA SI ANIMALA": {"medie": 7.713636363636363, "reusita": 100.0, "cnt": 11}, "FIZICA TEO": {"medie": 9.469999999999999, "reusita": 100.0, "cnt": 10}, "CHIMIE ORGANICA TEO NIVEL I/II": {"medie": 8.459999999999999, "reusita": 100.0, "cnt": 5}, "LIMBA MAGHIARA (REAL)": {"medie": 9.027181208053692, "reusita": 100.0, "cnt": 149}, "LIMBA MAGHIARA (UMAN)": {"medie": 8.561111111111114, "reusita": 100.0, "cnt": 63}, "INFORMATICA MI C/C++": {"medie": 9.001136363636364, "reusita": 100.0, "cnt": 44}, "INFORMATICA SN PASCAL": {"medie": 9.700000000000001, "reusita": 100.0, "cnt": 3}}, "nume": "LICEUL TEORETIC \"BOLYAI FARKAS\" TIRGU MURES\tMure\u0219"}