{"specializari": {"FILOLOGIE": 65, "STIINTE SOCIALE": 91, "MATEMATICA-INFORMATICA": 36, "STIINTE ALE NATURII": 72, "TEHNICIAN IN ACTIVITATI ECONOMICE": 32, "TEHNICIAN IN TURISM": 24, "COAFOR STILIST": 1, "TEHNICIAN VETERINAR": 1}, "limba_moderna": {"LIMBA ENGLEZA": 266, "LIMBA FRANCEZA": 56}, "limba_materna": {"LIMBA ROMANA": 322}, "promotie_anterioara": {"NU": 282, "DA": 40}, "materii": {"LIMBA ROMANA": {"medie": 6.8285031847133775, "reusita": 91.92546583850931, "cnt": 322}, "ISTORIE": {"medie": 6.588888888888891, "reusita": 94.87179487179486, "cnt": 156}, "GEOGRAFIE": {"medie": 7.868636363636361, "reusita": 92.85714285714286, "cnt": 112}, "GENERAL": {"medie": 7.099730312837108, "reusita": 74.22360248447205, "cnt": 322}, "MATEMATICA ST-NAT": {"medie": 6.41159420289855, "reusita": 75.0, "cnt": 72}, "ANATOMIE SI FIZIOLOGIE UMANA, GENETICA SI ECOLOGIE UMANA": {"medie": 6.7705128205128196, "reusita": 84.33734939759037, "cnt": 83}, "MATEMATICA MATE-INFO": {"medie": 6.132857142857143, "reusita": 77.77777777777779, "cnt": 36}, "BIOLOGIE VEGETALA SI ANIMALA": {"medie": 6.04, "reusita": 81.81818181818183, "cnt": 11}, "FIZICA TEO": {"medie": 7.083333333333333, "reusita": 100.0, "cnt": 3}, "MATEMATICA TEHN": {"medie": 7.735964912280702, "reusita": 93.10344827586206, "cnt": 58}, "CHIMIE ORGANICA TEO NIVEL I/II": {"medie": 8.587499999999999, "reusita": 100.0, "cnt": 4}, "SOCIOLOGIE": {"medie": 7.161111111111111, "reusita": 100.0, "cnt": 18}, "INFORMATICA SN C/C++": {"medie": 8.850000000000001, "reusita": 100.0, "cnt": 3}, "PSIHOLOGIE": {"medie": 7.516666666666667, "reusita": 100.0, "cnt": 3}, "LOGICA, ARGUMENTARE SI COMUNICARE": {"medie": 8.683333333333332, "reusita": 93.75, "cnt": 80}, "INFORMATICA MI C/C++": {"medie": 8.17, "reusita": 100.0, "cnt": 5}}, "nume": "LICEUL TEORETIC \"MIHAI EMINESCU\", MUN. BARLAD\tVaslui"}