{"specializari": {"TEOLOGIE REFORMATA": 33, "FILOLOGIE": 7, "STIINTE SOCIALE": 28}, "limba_moderna": {"LIMBA ENGLEZA": 67, "LIMBA GERMANA MODERNA": 1}, "limba_materna": {"LIMBA MAGHIARA": 68}, "promotie_anterioara": {"NU": 57, "DA": 11}, "materii": {"LIMBA ROMANA": {"medie": 6.250000000000001, "reusita": 82.35294117647058, "cnt": 68}, "ISTORIE": {"medie": 6.982835820895524, "reusita": 95.58823529411765, "cnt": 68}, "GEOGRAFIE": {"medie": 8.385483870967741, "reusita": 100.0, "cnt": 62}, "GENERAL": {"medie": 7.244962686567163, "reusita": 76.47058823529412, "cnt": 68}, "LIMBA MAGHIARA (REAL)": {"medie": 7.965151515151516, "reusita": 100.0, "cnt": 33}, "SOCIOLOGIE": {"medie": 6.4, "reusita": 100.0, "cnt": 2}, "LIMBA MAGHIARA (UMAN)": {"medie": 7.185714285714286, "reusita": 97.14285714285714, "cnt": 35}, "PSIHOLOGIE": {"medie": 4.216666666666667, "reusita": 0.0, "cnt": 3}, "FILOSOFIE": {"medie": 7.2, "reusita": 100.0, "cnt": 1}}, "nume": "LICEUL VOCATIONAL REFORMAT TIRGU MURES\tMure\u0219"}