{"specializari": {"FILOLOGIE": 66, "INVATATOR - EDUCATOARE": 27, "MATEMATICA-INFORMATICA": 41, "TEHNICIAN AGRONOM": 1, "INSTRUCTOR PENTRU ACTIVITATI EXTRASCOLARE": 1}, "limba_moderna": {"LIMBA ENGLEZA": 113, "LIMBA FRANCEZA": 23}, "limba_materna": {"LIMBA ROMANA": 136}, "promotie_anterioara": {"NU": 128, "DA": 8}, "materii": {"LIMBA ROMANA": {"medie": 6.832720588235293, "reusita": 96.32352941176471, "cnt": 136}, "ISTORIE": {"medie": 6.556716417910449, "reusita": 95.52238805970148, "cnt": 67}, "GEOGRAFIE": {"medie": 8.420754716981133, "reusita": 100.0, "cnt": 53}, "GENERAL": {"medie": 7.182598039215685, "reusita": 84.55882352941177, "cnt": 136}, "ANATOMIE SI FIZIOLOGIE UMANA, GENETICA SI ECOLOGIE UMANA": {"medie": 7.339999999999999, "reusita": 97.14285714285714, "cnt": 35}, "MATEMATICA MATE-INFO": {"medie": 6.2439024390243905, "reusita": 87.8048780487805, "cnt": 41}, "BIOLOGIE VEGETALA SI ANIMALA": {"medie": 5.0, "reusita": 100.0, "cnt": 1}, "FIZICA TEO": {"medie": 7.633333333333334, "reusita": 100.0, "cnt": 6}, "MATEMATICA TEHN": {"medie": 5.0, "reusita": 100.0, "cnt": 1}, "SOCIOLOGIE": {"medie": 7.574999999999999, "reusita": 75.0, "cnt": 4}, "PSIHOLOGIE": {"medie": 8.416666666666666, "reusita": 100.0, "cnt": 9}, "LOGICA, ARGUMENTARE SI COMUNICARE": {"medie": 9.105555555555554, "reusita": 100.0, "cnt": 27}, "ECONOMIE": {"medie": 5.7, "reusita": 100.0, "cnt": 1}, "MATEMATICA PED": {"medie": 7.012962962962963, "reusita": 85.18518518518519, "cnt": 27}}, "nume": "LICEUL PEDAGOGIC \"MATEI BASARAB\" SLOBOZIA\tIalomi\u021ba"}