{"specializari": {"LICEU CU PROGRAM SPORTIV": 86}, "limba_moderna": {"LIMBA ENGLEZA": 86}, "limba_materna": {"LIMBA ROMANA": 86}, "promotie_anterioara": {"NU": 70, "DA": 16}, "materii": {"LIMBA ROMANA": {"medie": 5.927906976744188, "reusita": 88.37209302325581, "cnt": 86}, "ISTORIE": {"medie": 5.880588235294118, "reusita": 82.55813953488372, "cnt": 86}, "GEOGRAFIE": {"medie": 7.492941176470587, "reusita": 93.02325581395348, "cnt": 86}, "GENERAL": {"medie": 6.450793650793649, "reusita": 58.139534883720934, "cnt": 86}}, "nume": "LICEUL CU PROGRAM SPORTIV \"CETATE\" DEVA\tHunedoara"}