{"specializari": {"TEOLOGIE ADVENTISTA": 24, "MATEMATICA-INFORMATICA": 7}, "limba_moderna": {"LIMBA ENGLEZA": 29, "LIMBA FRANCEZA": 2}, "limba_materna": {"LIMBA ROMANA": 31}, "promotie_anterioara": {"NU": 30, "DA": 1}, "materii": {"LIMBA ROMANA": {"medie": 7.740322580645162, "reusita": 96.7741935483871, "cnt": 31}, "ISTORIE": {"medie": 7.910416666666667, "reusita": 100.0, "cnt": 24}, "GEOGRAFIE": {"medie": 8.356250000000003, "reusita": 100.0, "cnt": 24}, "GENERAL": {"medie": 7.938172043010753, "reusita": 90.32258064516128, "cnt": 31}, "ANATOMIE SI FIZIOLOGIE UMANA, GENETICA SI ECOLOGIE UMANA": {"medie": 8.457142857142857, "reusita": 85.71428571428571, "cnt": 7}, "MATEMATICA MATE-INFO": {"medie": 6.957142857142856, "reusita": 85.71428571428571, "cnt": 7}}, "nume": "LICEUL TEOLOGIC ADVENTIST CRAIOVA\tDolj"}