{"specializari": {"TEHNICIAN IN TURISM": 18}, "limba_moderna": {"LIMBA ENGLEZA": 17, "LIMBA FRANCEZA": 1}, "limba_materna": {"LIMBA ROMANA": 18}, "promotie_anterioara": {"NU": 11, "DA": 7}, "materii": {"LIMBA ROMANA": {"medie": 5.002941176470588, "reusita": 55.55555555555556, "cnt": 18}, "GEOGRAFIE": {"medie": 6.705882352941177, "reusita": 88.88888888888889, "cnt": 18}, "GENERAL": {"medie": 5.111764705882353, "reusita": 16.666666666666664, "cnt": 18}, "MATEMATICA TEHN": {"medie": 3.6264705882352946, "reusita": 33.33333333333333, "cnt": 18}}, "nume": "LICEUL TEHNOLOGIC \"MOGA VOIEVOD\" HALMAGIU\tArad"}