{"specializari": {"MATEMATICA-INFORMATICA": 21, "STIINTE SOCIALE": 31, "STIINTE ALE NATURII": 61}, "limba_moderna": {"LIMBA ENGLEZA": 113}, "limba_materna": {"LIMBA ROMANA": 89, "LIMBA MAGHIARA": 24}, "promotie_anterioara": {"DA": 16, "NU": 97}, "materii": {"LIMBA ROMANA": {"medie": 6.846363636363642, "reusita": 94.69026548672566, "cnt": 113}, "ISTORIE": {"medie": 7.716666666666667, "reusita": 96.7741935483871, "cnt": 31}, "GENERAL": {"medie": 7.298219696969699, "reusita": 79.64601769911505, "cnt": 113}, "MATEMATICA ST-NAT": {"medie": 7.135833333333334, "reusita": 95.08196721311475, "cnt": 61}, "ANATOMIE SI FIZIOLOGIE UMANA, GENETICA SI ECOLOGIE UMANA": {"medie": 7.612499999999999, "reusita": 91.8918918918919, "cnt": 37}, "MATEMATICA MATE-INFO": {"medie": 6.533333333333334, "reusita": 85.71428571428571, "cnt": 21}, "BIOLOGIE VEGETALA SI ANIMALA": {"medie": 6.652173913043479, "reusita": 82.6086956521739, "cnt": 23}, "FIZICA TEO": {"medie": 7.083333333333333, "reusita": 100.0, "cnt": 6}, "CHIMIE ORGANICA TEO NIVEL I/II": {"medie": 6.5125, "reusita": 75.0, "cnt": 4}, "LIMBA MAGHIARA (REAL)": {"medie": 7.433333333333333, "reusita": 100.0, "cnt": 24}, "INFORMATICA SN C/C++": {"medie": 9.15, "reusita": 100.0, "cnt": 2}, "PSIHOLOGIE": {"medie": 8.2, "reusita": 100.0, "cnt": 1}, "LOGICA, ARGUMENTARE SI COMUNICARE": {"medie": 9.113793103448275, "reusita": 96.66666666666667, "cnt": 30}, "CHIMIE ANORGANICA TEO NIVEL I/II": {"medie": 9.2, "reusita": 100.0, "cnt": 1}, "INFORMATICA MI PASCAL": {"medie": 7.666666666666667, "reusita": 100.0, "cnt": 9}}, "nume": "LICEUL TEORETIC \"PETRU MAIOR\" GHERLA\tCluj"}