{"specializari": {"STIINTE ALE NATURII": 33}, "limba_moderna": {"LIMBA ENGLEZA": 33}, "limba_materna": {"LIMBA ROMANA": 33}, "promotie_anterioara": {"NU": 30, "DA": 3}, "materii": {"LIMBA ROMANA": {"medie": 6.016666666666667, "reusita": 75.75757575757575, "cnt": 33}, "GENERAL": {"medie": 6.291919191919192, "reusita": 51.515151515151516, "cnt": 33}, "MATEMATICA ST-NAT": {"medie": 5.680303030303031, "reusita": 63.63636363636363, "cnt": 33}, "ANATOMIE SI FIZIOLOGIE UMANA, GENETICA SI ECOLOGIE UMANA": {"medie": 7.178787878787879, "reusita": 90.9090909090909, "cnt": 33}}, "nume": "LICEUL TEORETIC PECIU NOU\tTimi\u0219"}