{"specializari": {"TEHNICIAN IN TURISM": 15}, "limba_moderna": {"LIMBA ENGLEZA": 15}, "limba_materna": {"LIMBA ROMANA": 15}, "promotie_anterioara": {"DA": 13, "NU": 2}, "materii": {"LIMBA ROMANA": {"medie": 4.7250000000000005, "reusita": 53.333333333333336, "cnt": 15}, "GEOGRAFIE": {"medie": 5.942857142857143, "reusita": 86.66666666666667, "cnt": 15}, "GENERAL": {"medie": 4.679166666666666, "reusita": 13.333333333333334, "cnt": 15}, "MATEMATICA TEHN": {"medie": 2.7464285714285714, "reusita": 26.666666666666668, "cnt": 15}}, "nume": "LICEUL PARTICULAR NR. 1 SUCEAVA\tSuceava"}