{"specializari": {"MATEMATICA-INFORMATICA": 27, "STIINTE ALE NATURII": 80, "TEHNICIAN IN INSTALATII ELECTRICE": 29, "TEHNICIAN MECATRONIST": 27, "TEHNICIAN MECANIC PENTRU INTRETINERE SI REPARATII": 17, "TEHNICIAN IN INDUSTRIA TEXTILA": 5, "FILOLOGIE": 31}, "limba_moderna": {"LIMBA ENGLEZA": 200, "LIMBA FRANCEZA": 16}, "limba_materna": {"LIMBA ROMANA": 196, "LIMBA MAGHIARA": 20}, "promotie_anterioara": {"NU": 187, "DA": 29}, "materii": {"LIMBA ROMANA": {"medie": 7.193034825870646, "reusita": 83.79629629629629, "cnt": 216}, "ISTORIE": {"medie": 7.230000000000001, "reusita": 93.54838709677419, "cnt": 31}, "GEOGRAFIE": {"medie": 6.3, "reusita": 100.0, "cnt": 1}, "GENERAL": {"medie": 6.475761421319795, "reusita": 53.70370370370371, "cnt": 216}, "MATEMATICA ST-NAT": {"medie": 6.8588607594936715, "reusita": 86.25, "cnt": 80}, "ANATOMIE SI FIZIOLOGIE UMANA, GENETICA SI ECOLOGIE UMANA": {"medie": 6.804545454545456, "reusita": 86.66666666666667, "cnt": 45}, "MATEMATICA MATE-INFO": {"medie": 6.773076923076923, "reusita": 70.37037037037037, "cnt": 27}, "BIOLOGIE VEGETALA SI ANIMALA": {"medie": 3.678070175438596, "reusita": 25.71428571428571, "cnt": 70}, "FIZICA TEO": {"medie": 7.31, "reusita": 100.0, "cnt": 5}, "MATEMATICA TEHN": {"medie": 3.587692307692309, "reusita": 32.05128205128205, "cnt": 78}, "CHIMIE ORGANICA TEO NIVEL I/II": {"medie": 7.6391891891891905, "reusita": 91.8918918918919, "cnt": 37}, "LIMBA MAGHIARA (REAL)": {"medie": 7.1425, "reusita": 95.0, "cnt": 20}, "LOGICA, ARGUMENTARE SI COMUNICARE": {"medie": 8.993103448275862, "reusita": 96.66666666666667, "cnt": 30}, "INFORMATICA MI C/C++": {"medie": 7.578125, "reusita": 73.68421052631578, "cnt": 19}, "FIZICA TEH": {"medie": 5.066666666666666, "reusita": 55.55555555555556, "cnt": 9}}, "nume": "LICEUL TEHNOLOGIC NR.1 LUDUS\tMure\u0219"}