{"specializari": {"TEHNICIAN VETERINAR": 22, "TEHNICIAN ECOLOG SI PROTECTIA CALITATII MEDIULUI": 1}, "limba_moderna": {"LIMBA FRANCEZA": 23}, "limba_materna": {"LIMBA ROMANA": 23}, "promotie_anterioara": {"NU": 21, "DA": 2}, "materii": {"LIMBA ROMANA": {"medie": 5.119565217391305, "reusita": 60.86956521739131, "cnt": 23}, "GENERAL": {"medie": 5.200793650793651, "reusita": 26.08695652173913, "cnt": 23}, "BIOLOGIE VEGETALA SI ANIMALA": {"medie": 5.877272727272728, "reusita": 65.21739130434783, "cnt": 23}, "MATEMATICA TEHN": {"medie": 4.576190476190476, "reusita": 52.17391304347826, "cnt": 23}}, "nume": "LICEUL TEHNOLOGIC AGRICOL COMUNA SMEENI\tBuz\u0103u"}