{"specializari": {"STIINTE ALE NATURII": 54, "MATEMATICA-INFORMATICA": 87, "FILOLOGIE": 34}, "limba_moderna": {"LIMBA ENGLEZA": 161, "LIMBA FRANCEZA": 13, "LIMBA GERMANA MODERNA": 1}, "limba_materna": {"LIMBA ROMANA": 175}, "promotie_anterioara": {"NU": 152, "DA": 23}, "materii": {"LIMBA ROMANA": {"medie": 6.811627906976745, "reusita": 97.14285714285714, "cnt": 175}, "ISTORIE": {"medie": 7.5470588235294125, "reusita": 100.0, "cnt": 34}, "GEOGRAFIE": {"medie": 8.835714285714285, "reusita": 100.0, "cnt": 14}, "GENERAL": {"medie": 6.786726546906186, "reusita": 63.42857142857142, "cnt": 175}, "MATEMATICA ST-NAT": {"medie": 6.058490566037737, "reusita": 75.92592592592592, "cnt": 54}, "ANATOMIE SI FIZIOLOGIE UMANA, GENETICA SI ECOLOGIE UMANA": {"medie": 7.647023809523807, "reusita": 86.36363636363636, "cnt": 88}, "MATEMATICA MATE-INFO": {"medie": 5.421084337349396, "reusita": 65.51724137931035, "cnt": 87}, "BIOLOGIE VEGETALA SI ANIMALA": {"medie": 6.465384615384614, "reusita": 78.57142857142857, "cnt": 14}, "FIZICA TEO": {"medie": 5.7210526315789485, "reusita": 75.0, "cnt": 20}, "CHIMIE ORGANICA TEO NIVEL I/II": {"medie": 5.949999999999999, "reusita": 100.0, "cnt": 2}, "SOCIOLOGIE": {"medie": 8.360000000000001, "reusita": 100.0, "cnt": 5}, "PSIHOLOGIE": {"medie": 7.766666666666668, "reusita": 100.0, "cnt": 3}, "LOGICA, ARGUMENTARE SI COMUNICARE": {"medie": 9.155555555555557, "reusita": 100.0, "cnt": 9}, "INFORMATICA MI C/C++": {"medie": 6.9375, "reusita": 100.0, "cnt": 8}, "ECONOMIE": {"medie": 7.5, "reusita": 100.0, "cnt": 3}, "INFORMATICA SN PASCAL": {"medie": 6.7, "reusita": 100.0, "cnt": 2}, "INFORMATICA MI PASCAL": {"medie": 6.542857142857143, "reusita": 100.0, "cnt": 7}}, "nume": "LICEUL TEORETIC \"ION BARBU\" PITESTI\tArge\u0219"}