{"specializari": {"FILOLOGIE": 60, "TEOLOGIE ORTODOXA": 37, "PATRIMONIU CULTURAL": 27}, "limba_moderna": {"LIMBA ENGLEZA": 117, "LIMBA FRANCEZA": 7}, "limba_materna": {"LIMBA ROMANA": 124}, "promotie_anterioara": {"NU": 98, "DA": 26}, "materii": {"LIMBA ROMANA": {"medie": 6.617073170731707, "reusita": 93.54838709677419, "cnt": 124}, "ISTORIE": {"medie": 6.311290322580646, "reusita": 96.7741935483871, "cnt": 124}, "GEOGRAFIE": {"medie": 7.34713114754098, "reusita": 95.08196721311475, "cnt": 122}, "GENERAL": {"medie": 6.778688524590169, "reusita": 69.35483870967742, "cnt": 124}, "PSIHOLOGIE": {"medie": 4.575, "reusita": 50.0, "cnt": 2}}, "nume": "LICEUL TEOLOGIC TG-JIU\tGorj"}