{"specializari": {"FILOLOGIE": 22}, "limba_moderna": {"LIMBA ENGLEZA": 22}, "limba_materna": {"LIMBA ROMANA": 22}, "promotie_anterioara": {"DA": 6, "NU": 16}, "materii": {"LIMBA ROMANA": {"medie": 6.6499999999999995, "reusita": 81.81818181818183, "cnt": 22}, "ISTORIE": {"medie": 6.993181818181816, "reusita": 100.0, "cnt": 22}, "GEOGRAFIE": {"medie": 7.908333333333333, "reusita": 94.73684210526315, "cnt": 19}, "GENERAL": {"medie": 7.199999999999999, "reusita": 68.18181818181817, "cnt": 22}, "SOCIOLOGIE": {"medie": 7.016666666666667, "reusita": 100.0, "cnt": 3}}, "nume": "LICEUL WALDORF TIMISOARA\tTimi\u0219"}