{"specializari": {"FILOLOGIE": 53, "STIINTE ALE NATURII": 27}, "limba_moderna": {"LIMBA ENGLEZA": 66, "LIMBA FRANCEZA": 14}, "limba_materna": {"LIMBA ROMANA": 80}, "promotie_anterioara": {"NU": 72, "DA": 8}, "materii": {"LIMBA ROMANA": {"medie": 6.51891891891892, "reusita": 83.75, "cnt": 80}, "ISTORIE": {"medie": 5.7897959183673455, "reusita": 81.13207547169812, "cnt": 53}, "GEOGRAFIE": {"medie": 6.792424242424242, "reusita": 75.67567567567568, "cnt": 37}, "GENERAL": {"medie": 6.74269406392694, "reusita": 65.0, "cnt": 80}, "MATEMATICA ST-NAT": {"medie": 7.9326923076923075, "reusita": 88.88888888888889, "cnt": 27}, "ANATOMIE SI FIZIOLOGIE UMANA, GENETICA SI ECOLOGIE UMANA": {"medie": 7.883333333333333, "reusita": 84.61538461538461, "cnt": 13}, "FIZICA TEO": {"medie": 7.616666666666667, "reusita": 100.0, "cnt": 3}, "SOCIOLOGIE": {"medie": 6.211538461538463, "reusita": 92.85714285714286, "cnt": 14}, "CHIMIE ANORGANICA TEO NIVEL I/II": {"medie": 8.345454545454546, "reusita": 100.0, "cnt": 11}, "FILOSOFIE": {"medie": 6.75, "reusita": 100.0, "cnt": 2}}, "nume": "LICEUL TEHNOLOGIC \"IORGU VIRNAV LITEANU\" LITENI\tSuceava"}