{"specializari": {"LICEU CU PROGRAM SPORTIV": 39}, "limba_moderna": {"LIMBA ENGLEZA": 34, "LIMBA FRANCEZA": 5}, "limba_materna": {"LIMBA ROMANA": 39}, "promotie_anterioara": {"NU": 34, "DA": 5}, "materii": {"LIMBA ROMANA": {"medie": 5.803947368421052, "reusita": 79.48717948717949, "cnt": 39}, "ISTORIE": {"medie": 6.065789473684211, "reusita": 92.3076923076923, "cnt": 39}, "GEOGRAFIE": {"medie": 7.3675675675675665, "reusita": 92.10526315789474, "cnt": 38}, "GENERAL": {"medie": 6.427631578947367, "reusita": 61.53846153846154, "cnt": 39}, "LOGICA, ARGUMENTARE SI COMUNICARE": {"medie": 9.1, "reusita": 100.0, "cnt": 1}}, "nume": "LICEUL CU PROGRAM SPORTIV \"AVRAM IANCU\" ZALAU\tS\u0103laj"}