{"specializari": {"STIINTE ALE NATURII": 41, "STIINTE SOCIALE": 64, "FILOLOGIE": 67, "MATEMATICA-INFORMATICA": 30}, "limba_moderna": {"LIMBA ENGLEZA": 183, "LIMBA FRANCEZA": 15, "LIMBA GERMANA MODERNA": 4}, "limba_materna": {"LIMBA ROMANA": 202}, "promotie_anterioara": {"NU": 176, "DA": 26}, "materii": {"LIMBA ROMANA": {"medie": 6.6791044776119355, "reusita": 90.0990099009901, "cnt": 202}, "ISTORIE": {"medie": 6.234351145038169, "reusita": 90.83969465648855, "cnt": 131}, "GEOGRAFIE": {"medie": 7.945098039215685, "reusita": 96.11650485436894, "cnt": 103}, "GENERAL": {"medie": 6.673484848484852, "reusita": 63.86138613861386, "cnt": 202}, "MATEMATICA ST-NAT": {"medie": 4.621951219512196, "reusita": 53.65853658536586, "cnt": 41}, "ANATOMIE SI FIZIOLOGIE UMANA, GENETICA SI ECOLOGIE UMANA": {"medie": 6.708823529411765, "reusita": 100.0, "cnt": 17}, "MATEMATICA MATE-INFO": {"medie": 6.064814814814815, "reusita": 66.66666666666666, "cnt": 30}, "BIOLOGIE VEGETALA SI ANIMALA": {"medie": 6.122619047619047, "reusita": 68.18181818181817, "cnt": 44}, "FIZICA TEO": {"medie": 8.66, "reusita": 100.0, "cnt": 5}, "CHIMIE ORGANICA TEO NIVEL I/II": {"medie": 8.2875, "reusita": 100.0, "cnt": 4}, "SOCIOLOGIE": {"medie": 7.123529411764706, "reusita": 100.0, "cnt": 17}, "PSIHOLOGIE": {"medie": 8.3, "reusita": 100.0, "cnt": 1}, "LOGICA, ARGUMENTARE SI COMUNICARE": {"medie": 8.63888888888889, "reusita": 88.88888888888889, "cnt": 9}, "INFORMATICA MI C/C++": {"medie": 7.5, "reusita": 100.0, "cnt": 1}, "ECONOMIE": {"medie": 6.6, "reusita": 100.0, "cnt": 1}}, "nume": "LICEUL TEORETIC \"TUDOR VIANU\" GIURGIU\tGiurgiu"}