{"specializari": {"TEHNICIAN IN TURISM": 27}, "limba_moderna": {"LIMBA ENGLEZA": 27}, "limba_materna": {"LIMBA ROMANA": 27}, "promotie_anterioara": {"NU": 20, "DA": 7}, "materii": {"LIMBA ROMANA": {"medie": 5.527083333333333, "reusita": 62.96296296296296, "cnt": 27}, "GEOGRAFIE": {"medie": 7.008333333333333, "reusita": 81.48148148148148, "cnt": 27}, "GENERAL": {"medie": 5.807246376811593, "reusita": 40.74074074074074, "cnt": 27}, "MATEMATICA TEHN": {"medie": 4.880434782608695, "reusita": 55.55555555555556, "cnt": 27}}, "nume": "LICEUL TEHNOLOGIC, ORAS BAILE GOVORA\tV\u00e2lcea"}