{"specializari": {"STIINTE ALE NATURII": 35, "STIINTE SOCIALE": 32}, "limba_moderna": {"LIMBA ENGLEZA": 67}, "limba_materna": {"LIMBA ROMANA": 67}, "promotie_anterioara": {"NU": 58, "DA": 9}, "materii": {"LIMBA ROMANA": {"medie": 5.224166666666665, "reusita": 58.2089552238806, "cnt": 67}, "ISTORIE": {"medie": 6.1703125, "reusita": 96.875, "cnt": 32}, "GEOGRAFIE": {"medie": 7.7666666666666675, "reusita": 88.88888888888889, "cnt": 18}, "GENERAL": {"medie": 4.911581920903955, "reusita": 23.88059701492537, "cnt": 67}, "MATEMATICA ST-NAT": {"medie": 1.9925925925925927, "reusita": 5.714285714285714, "cnt": 35}, "ANATOMIE SI FIZIOLOGIE UMANA, GENETICA SI ECOLOGIE UMANA": {"medie": 3.9574074074074073, "reusita": 22.857142857142858, "cnt": 35}, "SOCIOLOGIE": {"medie": 4.465384615384615, "reusita": 38.46153846153847, "cnt": 13}, "PSIHOLOGIE": {"medie": 3.65, "reusita": 0.0, "cnt": 1}}, "nume": "LICEUL TEORETIC NEGRU VODA\tConstan\u021ba"}