{"specializari": {"MATEMATICA-INFORMATICA": 80, "STIINTE ALE NATURII": 30, "STIINTE SOCIALE": 67}, "limba_moderna": {"LIMBA ENGLEZA": 164, "LIMBA FRANCEZA": 12, "LIMBA GERMANA MODERNA": 1}, "limba_materna": {"LIMBA ROMANA": 177}, "promotie_anterioara": {"NU": 170, "DA": 7}, "materii": {"LIMBA ROMANA": {"medie": 7.453693181818184, "reusita": 99.43502824858757, "cnt": 177}, "ISTORIE": {"medie": 8.568939393939393, "reusita": 98.50746268656717, "cnt": 67}, "GEOGRAFIE": {"medie": 9.086363636363636, "reusita": 100.0, "cnt": 11}, "GENERAL": {"medie": 7.972832369942199, "reusita": 95.48022598870057, "cnt": 177}, "MATEMATICA ST-NAT": {"medie": 7.693333333333337, "reusita": 100.0, "cnt": 30}, "ANATOMIE SI FIZIOLOGIE UMANA, GENETICA SI ECOLOGIE UMANA": {"medie": 7.84469696969697, "reusita": 95.52238805970148, "cnt": 67}, "MATEMATICA MATE-INFO": {"medie": 8.138461538461538, "reusita": 96.25, "cnt": 80}, "FIZICA TEO": {"medie": 7.158333333333332, "reusita": 91.66666666666666, "cnt": 12}, "CHIMIE ORGANICA TEO NIVEL I/II": {"medie": 8.233333333333333, "reusita": 100.0, "cnt": 3}, "PSIHOLOGIE": {"medie": 8.4, "reusita": 100.0, "cnt": 1}, "LOGICA, ARGUMENTARE SI COMUNICARE": {"medie": 8.831481481481482, "reusita": 98.18181818181819, "cnt": 55}, "INFORMATICA MI C/C++": {"medie": 7.785714285714286, "reusita": 100.0, "cnt": 28}}, "nume": "LICEUL TEORETIC \"DUNAREA\", LOCALITATEA GALATI\tGala\u021bi"}