{"specializari": {"TEOLOGIE GRECO-CATOLICA": 29, "MATEMATICA-INFORMATICA": 3}, "limba_moderna": {"LIMBA ENGLEZA": 31, "LIMBA FRANCEZA": 1}, "limba_materna": {"LIMBA ROMANA": 32}, "promotie_anterioara": {"NU": 26, "DA": 6}, "materii": {"LIMBA ROMANA": {"medie": 7.461666666666665, "reusita": 90.625, "cnt": 32}, "ISTORIE": {"medie": 7.223214285714284, "reusita": 96.55172413793103, "cnt": 29}, "GEOGRAFIE": {"medie": 7.942307692307694, "reusita": 96.29629629629629, "cnt": 27}, "GENERAL": {"medie": 7.433333333333333, "reusita": 78.125, "cnt": 32}, "MATEMATICA MATE-INFO": {"medie": 4.266666666666667, "reusita": 33.33333333333333, "cnt": 3}, "BIOLOGIE VEGETALA SI ANIMALA": {"medie": 5.266666666666667, "reusita": 100.0, "cnt": 3}, "LOGICA, ARGUMENTARE SI COMUNICARE": {"medie": 9.274999999999999, "reusita": 100.0, "cnt": 2}}, "nume": "LICEUL GRECO-CATOLIC \"TIMOTEI CIPARIU\"\tBucure\u0219ti"}