{"specializari": {"TEHNICIAN IN ACTIVITATI ECONOMICE": 14, "STIINTE ALE NATURII": 20}, "limba_moderna": {"LIMBA SPANIOLA": 19, "LIMBA ENGLEZA": 15}, "limba_materna": {"LIMBA ROMANA": 34}, "promotie_anterioara": {"DA": 14, "NU": 20}, "materii": {"LIMBA ROMANA": {"medie": 6.325757575757574, "reusita": 88.23529411764706, "cnt": 34}, "GEOGRAFIE": {"medie": 5.796153846153846, "reusita": 78.57142857142857, "cnt": 14}, "GENERAL": {"medie": 6.146666666666666, "reusita": 44.11764705882353, "cnt": 34}, "MATEMATICA ST-NAT": {"medie": 6.242105263157895, "reusita": 65.0, "cnt": 20}, "BIOLOGIE VEGETALA SI ANIMALA": {"medie": 7.0470588235294125, "reusita": 72.22222222222221, "cnt": 18}, "FIZICA TEO": {"medie": 7.4750000000000005, "reusita": 100.0, "cnt": 2}, "MATEMATICA TEHN": {"medie": 3.7363636363636363, "reusita": 35.714285714285715, "cnt": 14}}, "nume": "LICEUL TEHNOLOGIC \"ION CREANGA\" CURTICI\tArad"}