{"specializari": {"TEHNICIAN ELECTRICIAN/ELECTRONIST AUTO": 20, "COAFOR STILIST": 29, "TEHNICIAN DE TELECOMUNICATII": 12, "TEHNICIAN TRANSPORTURI": 6}, "limba_moderna": {"LIMBA ENGLEZA": 66, "LIMBA GERMANA MODERNA": 1}, "limba_materna": {"LIMBA ROMANA": 45, "LIMBA MAGHIARA": 22}, "promotie_anterioara": {"NU": 49, "DA": 18}, "materii": {"LIMBA ROMANA": {"medie": 5.058928571428572, "reusita": 53.73134328358209, "cnt": 67}, "GEOGRAFIE": {"medie": 5.6454545454545455, "reusita": 77.27272727272727, "cnt": 22}, "GENERAL": {"medie": 4.758413461538462, "reusita": 14.925373134328357, "cnt": 67}, "BIOLOGIE VEGETALA SI ANIMALA": {"medie": 4.003571428571429, "reusita": 26.31578947368421, "cnt": 38}, "MATEMATICA TEHN": {"medie": 3.9342105263157903, "reusita": 37.3134328358209, "cnt": 67}, "LIMBA MAGHIARA (REAL)": {"medie": 6.538235294117647, "reusita": 68.18181818181817, "cnt": 22}, "PSIHOLOGIE": {"medie": 3.6875, "reusita": 25.0, "cnt": 4}, "ECONOMIE": {"medie": 3.533333333333333, "reusita": 33.33333333333333, "cnt": 3}}, "nume": "LICEUL TEHNOLOGIC \"TRAIAN VUIA\" TIRGU MURES\tMure\u0219"}