{"specializari": {"FILOLOGIE": 28, "TEHNICIAN ELECTROMECANIC": 23, "MATEMATICA-INFORMATICA": 21, "TEHNICIAN PRELUCRARI LA CALD": 23, "TEHNICIAN IN INSTALATII ELECTRICE": 1}, "limba_moderna": {"LIMBA ENGLEZA": 83, "LIMBA FRANCEZA": 13}, "limba_materna": {"LIMBA ROMANA": 96}, "promotie_anterioara": {"NU": 79, "DA": 17}, "materii": {"LIMBA ROMANA": {"medie": 5.481333333333333, "reusita": 57.291666666666664, "cnt": 96}, "ISTORIE": {"medie": 5.753846153846155, "reusita": 82.14285714285714, "cnt": 28}, "GEOGRAFIE": {"medie": 7.0058823529411764, "reusita": 83.33333333333334, "cnt": 18}, "GENERAL": {"medie": 5.405472636815918, "reusita": 29.166666666666668, "cnt": 96}, "ANATOMIE SI FIZIOLOGIE UMANA, GENETICA SI ECOLOGIE UMANA": {"medie": 5.079166666666667, "reusita": 46.666666666666664, "cnt": 15}, "MATEMATICA MATE-INFO": {"medie": 4.739999999999999, "reusita": 57.14285714285714, "cnt": 21}, "BIOLOGIE VEGETALA SI ANIMALA": {"medie": 4.352631578947369, "reusita": 36.0, "cnt": 25}, "MATEMATICA TEHN": {"medie": 3.4615384615384617, "reusita": 21.27659574468085, "cnt": 47}, "PSIHOLOGIE": {"medie": "-", "reusita": 0.0, "cnt": 1}, "LOGICA, ARGUMENTARE SI COMUNICARE": {"medie": 8.816666666666668, "reusita": 100.0, "cnt": 9}, "CHIMIE ANORGANICA TEH NIVEL I/II": {"medie": 3.492857142857143, "reusita": 4.545454545454546, "cnt": 22}, "FIZICA TEH": {"medie": 4.25, "reusita": 0.0, "cnt": 1}, "CHIMIE ANORGANICA TEO NIVEL I/II": {"medie": 9.3, "reusita": 100.0, "cnt": 2}, "INFORMATICA MI PASCAL": {"medie": 7.583333333333333, "reusita": 100.0, "cnt": 3}}, "nume": "LICEUL TEHNOLOGIC DE TRANSPORT FEROVIAR \"ANGHEL SALIGNY\" SIMERIA\tHunedoara"}