{"specializari": {"STIINTE SOCIALE": 31, "STIINTE ALE NATURII": 54, "MATEMATICA-INFORMATICA": 14, "FILOLOGIE": 37}, "limba_moderna": {"LIMBA ENGLEZA": 136}, "limba_materna": {"LIMBA ROMANA": 136}, "promotie_anterioara": {"NU": 103, "DA": 33}, "materii": {"LIMBA ROMANA": {"medie": 6.227238805970148, "reusita": 95.58823529411765, "cnt": 136}, "ISTORIE": {"medie": 6.6698529411764715, "reusita": 95.58823529411765, "cnt": 68}, "GEOGRAFIE": {"medie": 7.927272727272729, "reusita": 95.45454545454545, "cnt": 22}, "GENERAL": {"medie": 6.450000000000001, "reusita": 61.029411764705884, "cnt": 136}, "MATEMATICA ST-NAT": {"medie": 5.166981132075473, "reusita": 68.51851851851852, "cnt": 54}, "ANATOMIE SI FIZIOLOGIE UMANA, GENETICA SI ECOLOGIE UMANA": {"medie": 7.5889999999999995, "reusita": 96.07843137254902, "cnt": 51}, "MATEMATICA MATE-INFO": {"medie": 5.041666666666667, "reusita": 57.14285714285714, "cnt": 14}, "BIOLOGIE VEGETALA SI ANIMALA": {"medie": 6.1125, "reusita": 87.5, "cnt": 16}, "SOCIOLOGIE": {"medie": 6.858139534883722, "reusita": 88.37209302325581, "cnt": 43}, "PSIHOLOGIE": {"medie": 6.666666666666667, "reusita": 100.0, "cnt": 3}, "INFORMATICA MI C/C++": {"medie": 5.0, "reusita": 100.0, "cnt": 1}}, "nume": "LICEUL TEORETIC \"LUCIAN BLAGA\"\tBucure\u0219ti"}