{"specializari": {"TEOLOGIE ORTODOXA": 20}, "limba_moderna": {"LIMBA FRANCEZA": 4, "LIMBA ENGLEZA": 16}, "limba_materna": {"LIMBA ROMANA": 20}, "promotie_anterioara": {"NU": 17, "DA": 3}, "materii": {"LIMBA ROMANA": {"medie": 6.9925000000000015, "reusita": 100.0, "cnt": 20}, "ISTORIE": {"medie": 6.24, "reusita": 95.0, "cnt": 20}, "GEOGRAFIE": {"medie": 6.615384615384617, "reusita": 92.3076923076923, "cnt": 13}, "GENERAL": {"medie": 6.4208333333333325, "reusita": 55.00000000000001, "cnt": 20}, "FILOSOFIE": {"medie": 4.942857142857142, "reusita": 42.857142857142854, "cnt": 7}}, "nume": "LICEUL ORTODOX \"SF. NICOLAE\" ZALAU\tS\u0103laj"}