{"specializari": {"ARTA ACTORULUI": 38, "COREGRAFIE": 28}, "limba_moderna": {"LIMBA ENGLEZA": 65, "LIMBA FRANCEZA": 1}, "limba_materna": {"LIMBA ROMANA": 66}, "promotie_anterioara": {"NU": 60, "DA": 6}, "materii": {"LIMBA ROMANA": {"medie": 6.941538461538461, "reusita": 93.93939393939394, "cnt": 66}, "ISTORIE": {"medie": 7.096153846153848, "reusita": 98.48484848484848, "cnt": 66}, "GEOGRAFIE": {"medie": 7.28, "reusita": 90.0, "cnt": 30}, "GENERAL": {"medie": 7.205468749999998, "reusita": 78.78787878787878, "cnt": 66}, "PSIHOLOGIE": {"medie": 7.642857142857143, "reusita": 100.0, "cnt": 7}, "LOGICA, ARGUMENTARE SI COMUNICARE": {"medie": 8.357894736842105, "reusita": 95.0, "cnt": 20}, "FILOSOFIE": {"medie": 6.316666666666666, "reusita": 77.77777777777779, "cnt": 9}}, "nume": "LICEUL DE COREGRAFIE SI ARTA DRAMATICA \"OCTAVIAN STROIA\" CLUJ-NAPOCA\tCluj"}