{"specializari": {"FILOLOGIE": 19, "TEHNICIAN IN ACTIVITATI ECONOMICE": 2}, "limba_moderna": {"LIMBA ENGLEZA": 21}, "limba_materna": {"LIMBA ROMANA": 21}, "promotie_anterioara": {"NU": 16, "DA": 5}, "materii": {"LIMBA ROMANA": {"medie": 4.555555555555556, "reusita": 47.61904761904761, "cnt": 21}, "ISTORIE": {"medie": 5.326666666666666, "reusita": 47.368421052631575, "cnt": 19}, "GEOGRAFIE": {"medie": 6.258823529411764, "reusita": 61.904761904761905, "cnt": 21}, "GENERAL": {"medie": 5.554166666666667, "reusita": 19.047619047619047, "cnt": 21}, "MATEMATICA TEHN": {"medie": 5.05, "reusita": 100.0, "cnt": 2}}, "nume": "LICEUL TEORETIC \"HENRI COANDA\" TIMISOARA\tTimi\u0219"}