{"specializari": {"STIINTE ALE NATURII": 23, "STIINTE SOCIALE": 59, "MATEMATICA-INFORMATICA": 28, "FILOLOGIE": 34}, "limba_moderna": {"LIMBA ENGLEZA": 114, "LIMBA FRANCEZA": 29, "LIMBA RUSA": 1}, "limba_materna": {"LIMBA ROMANA": 144}, "promotie_anterioara": {"DA": 15, "NU": 129}, "materii": {"LIMBA ROMANA": {"medie": 7.262937062937063, "reusita": 97.91666666666666, "cnt": 144}, "ISTORIE": {"medie": 7.280978260869564, "reusita": 98.9247311827957, "cnt": 93}, "GEOGRAFIE": {"medie": 8.219852941176471, "reusita": 98.55072463768117, "cnt": 69}, "GENERAL": {"medie": 7.28519813519814, "reusita": 83.33333333333334, "cnt": 144}, "MATEMATICA ST-NAT": {"medie": 6.613043478260872, "reusita": 91.30434782608695, "cnt": 23}, "ANATOMIE SI FIZIOLOGIE UMANA, GENETICA SI ECOLOGIE UMANA": {"medie": 7.327777777777778, "reusita": 100.0, "cnt": 9}, "MATEMATICA MATE-INFO": {"medie": 5.376785714285715, "reusita": 78.57142857142857, "cnt": 28}, "BIOLOGIE VEGETALA SI ANIMALA": {"medie": 6.715277777777776, "reusita": 80.55555555555556, "cnt": 36}, "SOCIOLOGIE": {"medie": 8.314705882352941, "reusita": 94.11764705882352, "cnt": 17}, "PSIHOLOGIE": {"medie": 8.950000000000001, "reusita": 100.0, "cnt": 3}, "LOGICA, ARGUMENTARE SI COMUNICARE": {"medie": 8.425, "reusita": 100.0, "cnt": 4}, "INFORMATICA MI C/C++": {"medie": 7.616666666666666, "reusita": 100.0, "cnt": 6}}, "nume": "LICEUL TEORETIC \"PANAIT CERNA\"\tBr\u0103ila"}