{"specializari": {"TEHNICIAN IN ACTIVITATI ECONOMICE": 33}, "limba_moderna": {"LIMBA ENGLEZA": 33}, "limba_materna": {"LIMBA ROMANA": 33}, "promotie_anterioara": {"NU": 29, "DA": 4}, "materii": {"LIMBA ROMANA": {"medie": 6.134848484848485, "reusita": 87.87878787878788, "cnt": 33}, "GEOGRAFIE": {"medie": 7.107575757575756, "reusita": 87.87878787878788, "cnt": 33}, "GENERAL": {"medie": 6.433838383838384, "reusita": 57.57575757575758, "cnt": 33}, "MATEMATICA TEHN": {"medie": 6.059090909090909, "reusita": 75.75757575757575, "cnt": 33}}, "nume": "LICEUL TEHNOLOGIC \"IOAN LUPAS\" SALISTE\tSibiu"}