{"specializari": {"MATEMATICA-INFORMATICA": 21, "FILOLOGIE": 68}, "limba_moderna": {"LIMBA ENGLEZA": 88, "LIMBA FRANCEZA": 1}, "limba_materna": {"LIMBA ROMANA": 89}, "promotie_anterioara": {"DA": 25, "NU": 64}, "materii": {"LIMBA ROMANA": {"medie": 5.502380952380953, "reusita": 78.65168539325843, "cnt": 89}, "ISTORIE": {"medie": 5.700000000000001, "reusita": 86.76470588235294, "cnt": 68}, "GEOGRAFIE": {"medie": 6.590476190476188, "reusita": 86.04651162790698, "cnt": 43}, "GENERAL": {"medie": 6.0004065040650385, "reusita": 49.43820224719101, "cnt": 89}, "ANATOMIE SI FIZIOLOGIE UMANA, GENETICA SI ECOLOGIE UMANA": {"medie": 7.3, "reusita": 100.0, "cnt": 4}, "MATEMATICA MATE-INFO": {"medie": 4.682499999999999, "reusita": 66.66666666666666, "cnt": 21}, "BIOLOGIE VEGETALA SI ANIMALA": {"medie": 5.992857142857143, "reusita": 81.25, "cnt": 16}, "FIZICA TEO": {"medie": 7.4, "reusita": 100.0, "cnt": 1}, "SOCIOLOGIE": {"medie": 5.525, "reusita": 33.33333333333333, "cnt": 3}, "LOGICA, ARGUMENTARE SI COMUNICARE": {"medie": 8.479545454545454, "reusita": 100.0, "cnt": 22}}, "nume": "LICEUL TEORETIC BULGAR \"HRISTO BOTEV\"\tBucure\u0219ti"}