{"specializari": {"INVATATOR - EDUCATOARE": 30, "FILOLOGIE": 31, "MATEMATICA-INFORMATICA": 20}, "limba_moderna": {"LIMBA ENGLEZA": 80, "LIMBA FRANCEZA": 1}, "limba_materna": {"LIMBA ROMANA": 81}, "promotie_anterioara": {"NU": 75, "DA": 6}, "materii": {"LIMBA ROMANA": {"medie": 6.446913580246916, "reusita": 91.35802469135803, "cnt": 81}, "ISTORIE": {"medie": 6.351612903225808, "reusita": 80.64516129032258, "cnt": 31}, "GEOGRAFIE": {"medie": 7.12280701754386, "reusita": 85.96491228070175, "cnt": 57}, "GENERAL": {"medie": 6.697916666666669, "reusita": 65.4320987654321, "cnt": 81}, "ANATOMIE SI FIZIOLOGIE UMANA, GENETICA SI ECOLOGIE UMANA": {"medie": 7.965789473684212, "reusita": 94.73684210526315, "cnt": 19}, "MATEMATICA MATE-INFO": {"medie": 6.0225, "reusita": 75.0, "cnt": 20}, "PSIHOLOGIE": {"medie": 7.762500000000001, "reusita": 100.0, "cnt": 4}, "INFORMATICA MI C/C++": {"medie": 7.2, "reusita": 100.0, "cnt": 1}, "MATEMATICA PED": {"medie": 5.908333333333333, "reusita": 73.33333333333333, "cnt": 30}}, "nume": "LICEUL VOCATIONAL PEDAGOGIC \"NICOLAE BOLCAS\" BEIUS\tBihor"}