{"specializari": {"MATEMATICA-INFORMATICA": 3, "FILOLOGIE": 19}, "limba_moderna": {"LIMBA ENGLEZA": 22}, "limba_materna": {"LIMBA SARBA": 22}, "promotie_anterioara": {"DA": 4, "NU": 18}, "materii": {"LIMBA ROMANA": {"medie": 4.760000000000002, "reusita": 40.909090909090914, "cnt": 22}, "ISTORIE": {"medie": 5.805882352941175, "reusita": 84.21052631578947, "cnt": 19}, "GEOGRAFIE": {"medie": 7.1125, "reusita": 80.0, "cnt": 5}, "GENERAL": {"medie": 5.88486842105263, "reusita": 18.181818181818183, "cnt": 22}, "ANATOMIE SI FIZIOLOGIE UMANA, GENETICA SI ECOLOGIE UMANA": {"medie": 5.666666666666667, "reusita": 100.0, "cnt": 3}, "MATEMATICA MATE-INFO": {"medie": 4.05, "reusita": 66.66666666666666, "cnt": 3}, "PSIHOLOGIE": {"medie": 3.326923076923076, "reusita": 7.142857142857142, "cnt": 14}, "LIMBA SARBA": {"medie": 8.759523809523808, "reusita": 95.45454545454545, "cnt": 22}}, "nume": "LICEUL TEORETIC \"DOSITEI OBRADOVICI\" TIMISOARA\tTimi\u0219"}