{"specializari": {"MATEMATICA-INFORMATICA": 47, "TEHNICIAN ELECTROTEHNIST": 45, "TEHNICIAN ELECTRONIST": 1}, "limba_moderna": {"LIMBA ENGLEZA": 71, "LIMBA FRANCEZA": 22}, "limba_materna": {"LIMBA ROMANA": 93}, "promotie_anterioara": {"NU": 36, "DA": 57}, "materii": {"LIMBA ROMANA": {"medie": 5.582236842105263, "reusita": 61.29032258064516, "cnt": 93}, "GENERAL": {"medie": 4.8314814814814815, "reusita": 13.978494623655912, "cnt": 93}, "ANATOMIE SI FIZIOLOGIE UMANA, GENETICA SI ECOLOGIE UMANA": {"medie": 4.366071428571429, "reusita": 29.48717948717949, "cnt": 78}, "MATEMATICA MATE-INFO": {"medie": 4.063414634146342, "reusita": 46.808510638297875, "cnt": 47}, "BIOLOGIE VEGETALA SI ANIMALA": {"medie": 4.979166666666667, "reusita": 46.666666666666664, "cnt": 15}, "MATEMATICA TEHN": {"medie": 5.095714285714284, "reusita": 58.69565217391305, "cnt": 46}}, "nume": "LICEUL TEHNOLOGIC NR.1 SUNCUIUS\tBihor"}