{"specializari": {"MATEMATICA-INFORMATICA": 34, "FILOLOGIE": 62, "STIINTE ALE NATURII": 54, "STIINTE SOCIALE": 49}, "limba_moderna": {"LIMBA ENGLEZA": 189, "LIMBA FRANCEZA": 10}, "limba_materna": {"LIMBA ROMANA": 199}, "promotie_anterioara": {"NU": 177, "DA": 22}, "materii": {"LIMBA ROMANA": {"medie": 6.5188524590163945, "reusita": 87.93969849246231, "cnt": 199}, "ISTORIE": {"medie": 6.307216494845361, "reusita": 81.98198198198197, "cnt": 111}, "GEOGRAFIE": {"medie": 7.431927710843371, "reusita": 84.04255319148936, "cnt": 94}, "GENERAL": {"medie": 6.563812154696133, "reusita": 58.79396984924623, "cnt": 199}, "MATEMATICA ST-NAT": {"medie": 6.428301886792454, "reusita": 77.77777777777779, "cnt": 54}, "ANATOMIE SI FIZIOLOGIE UMANA, GENETICA SI ECOLOGIE UMANA": {"medie": 6.456617647058823, "reusita": 80.0, "cnt": 70}, "MATEMATICA MATE-INFO": {"medie": 5.948484848484847, "reusita": 73.52941176470588, "cnt": 34}, "BIOLOGIE VEGETALA SI ANIMALA": {"medie": 6.061111111111111, "reusita": 80.0, "cnt": 10}, "FIZICA TEO": {"medie": 8.6, "reusita": 100.0, "cnt": 1}, "CHIMIE ORGANICA TEO NIVEL I/II": {"medie": 7.65, "reusita": 100.0, "cnt": 2}, "SOCIOLOGIE": {"medie": 5.657142857142857, "reusita": 73.33333333333333, "cnt": 15}, "PSIHOLOGIE": {"medie": 7.425, "reusita": 100.0, "cnt": 2}, "INFORMATICA MI C/C++": {"medie": 6.789999999999999, "reusita": 80.0, "cnt": 5}}, "nume": "LICEUL TEORETIC \"DIMITRIE BOLINTINEANU\"\tBucure\u0219ti"}