{"specializari": {"MATEMATICA-INFORMATICA": 32, "FILOLOGIE": 71, "STIINTE SOCIALE": 46}, "limba_moderna": {"LIMBA ENGLEZA": 142, "LIMBA FRANCEZA": 7}, "limba_materna": {"LIMBA ROMANA": 149}, "promotie_anterioara": {"DA": 35, "NU": 114}, "materii": {"LIMBA ROMANA": {"medie": 6.448639455782314, "reusita": 85.90604026845638, "cnt": 149}, "ISTORIE": {"medie": 5.9808695652173895, "reusita": 87.17948717948718, "cnt": 117}, "GEOGRAFIE": {"medie": 7.487931034482758, "reusita": 95.40229885057471, "cnt": 87}, "GENERAL": {"medie": 6.885879629629628, "reusita": 68.45637583892618, "cnt": 149}, "ANATOMIE SI FIZIOLOGIE UMANA, GENETICA SI ECOLOGIE UMANA": {"medie": 8.02222222222222, "reusita": 92.5925925925926, "cnt": 27}, "MATEMATICA MATE-INFO": {"medie": 7.770967741935484, "reusita": 90.625, "cnt": 32}, "BIOLOGIE VEGETALA SI ANIMALA": {"medie": 6.9750000000000005, "reusita": 75.0, "cnt": 4}, "FIZICA TEO": {"medie": 7.55, "reusita": 100.0, "cnt": 1}, "SOCIOLOGIE": {"medie": 7.9444444444444455, "reusita": 96.29629629629629, "cnt": 27}, "LOGICA, ARGUMENTARE SI COMUNICARE": {"medie": 6.8, "reusita": 100.0, "cnt": 1}, "FILOSOFIE": {"medie": 8.45, "reusita": 50.0, "cnt": 2}}, "nume": "LICEUL TEORETIC \"CONSTANTIN BRANCOVEANU\" DABULENI\tDolj"}