{"specializari": {"MUZICA": 35, "ARTE PLASTICE SI DECORATIVE": 47}, "limba_moderna": {"LIMBA ENGLEZA": 82}, "limba_materna": {"LIMBA ROMANA": 40, "LIMBA MAGHIARA": 42}, "promotie_anterioara": {"NU": 78, "DA": 4}, "materii": {"LIMBA ROMANA": {"medie": 7.070987654320986, "reusita": 90.2439024390244, "cnt": 82}, "ISTORIE": {"medie": 6.316049382716049, "reusita": 92.6829268292683, "cnt": 82}, "GEOGRAFIE": {"medie": 7.831249999999999, "reusita": 91.37931034482759, "cnt": 58}, "GENERAL": {"medie": 7.154746835443035, "reusita": 75.60975609756098, "cnt": 82}, "LIMBA MAGHIARA (REAL)": {"medie": 8.314634146341465, "reusita": 97.61904761904762, "cnt": 42}, "PSIHOLOGIE": {"medie": 5.949999999999999, "reusita": 77.77777777777779, "cnt": 9}, "LOGICA, ARGUMENTARE SI COMUNICARE": {"medie": 6.9, "reusita": 80.0, "cnt": 5}, "ECONOMIE": {"medie": 6.033333333333334, "reusita": 66.66666666666666, "cnt": 3}, "FILOSOFIE": {"medie": 7.683333333333334, "reusita": 85.71428571428571, "cnt": 7}}, "nume": "LICEUL VOCATIONAL DE ARTA TIRGU MURES\tMure\u0219"}