{"specializari": {"FILOLOGIE": 11, "TEHNICIAN ECOLOG SI PROTECTIA CALITATII MEDIULUI": 22}, "limba_moderna": {"LIMBA FRANCEZA": 21, "LIMBA ENGLEZA": 12}, "limba_materna": {"LIMBA ROMANA": 33}, "promotie_anterioara": {"NU": 29, "DA": 4}, "materii": {"LIMBA ROMANA": {"medie": 5.260000000000001, "reusita": 66.66666666666666, "cnt": 33}, "ISTORIE": {"medie": 4.9363636363636365, "reusita": 45.45454545454545, "cnt": 11}, "GEOGRAFIE": {"medie": 6.431818181818182, "reusita": 90.9090909090909, "cnt": 11}, "GENERAL": {"medie": 5.154597701149425, "reusita": 24.242424242424242, "cnt": 33}, "BIOLOGIE VEGETALA SI ANIMALA": {"medie": 6.071052631578948, "reusita": 68.18181818181817, "cnt": 22}, "MATEMATICA TEHN": {"medie": 3.521052631578948, "reusita": 31.818181818181817, "cnt": 22}}, "nume": "LICEUL TEHNOLOGIC, SAT MARGARITI COMUNA BECENI\tBuz\u0103u"}