{"specializari": {"MUZICA": 23, "ARTE PLASTICE SI DECORATIVE": 26, "ARHITECTURA, ARTE AMBIENTALE SI DESIGN": 6}, "limba_moderna": {"LIMBA ENGLEZA": 52, "LIMBA GERMANA MODERNA": 3}, "limba_materna": {"LIMBA MAGHIARA": 55}, "promotie_anterioara": {"DA": 12, "NU": 43}, "materii": {"LIMBA ROMANA": {"medie": 5.015454545454545, "reusita": 69.0909090909091, "cnt": 55}, "ISTORIE": {"medie": 7.31851851851852, "reusita": 98.18181818181819, "cnt": 55}, "GEOGRAFIE": {"medie": 8.397619047619049, "reusita": 100.0, "cnt": 42}, "GENERAL": {"medie": 7.030787037037037, "reusita": 67.27272727272727, "cnt": 55}, "LIMBA MAGHIARA (REAL)": {"medie": 7.697272727272726, "reusita": 98.18181818181819, "cnt": 55}, "FILOSOFIE": {"medie": 6.907692307692307, "reusita": 100.0, "cnt": 13}}, "nume": "LICEUL DE ARTE \"DR.PALLO IMRE\" ODORHEIU SECUIESC\tHarghita"}