{"specializari": {"MATEMATICA-INFORMATICA": 45, "FILOLOGIE": 19, "STIINTE ALE NATURII": 15, "STIINTE SOCIALE": 27}, "limba_moderna": {"LIMBA ENGLEZA": 104, "LIMBA FRANCEZA": 2}, "limba_materna": {"LIMBA ROMANA": 106}, "promotie_anterioara": {"NU": 106}, "materii": {"LIMBA ROMANA": {"medie": 7.635849056603773, "reusita": 99.05660377358491, "cnt": 106}, "ISTORIE": {"medie": 7.652173913043479, "reusita": 95.65217391304348, "cnt": 46}, "GEOGRAFIE": {"medie": 8.580357142857142, "reusita": 100.0, "cnt": 28}, "GENERAL": {"medie": 7.962857142857145, "reusita": 95.28301886792453, "cnt": 106}, "MATEMATICA ST-NAT": {"medie": 7.3133333333333335, "reusita": 100.0, "cnt": 15}, "ANATOMIE SI FIZIOLOGIE UMANA, GENETICA SI ECOLOGIE UMANA": {"medie": 8.365625, "reusita": 100.0, "cnt": 16}, "MATEMATICA MATE-INFO": {"medie": 8.341111111111111, "reusita": 100.0, "cnt": 45}, "FIZICA TEO": {"medie": 8.431818181818182, "reusita": 90.9090909090909, "cnt": 11}, "CHIMIE ORGANICA TEO NIVEL I/II": {"medie": 8.816666666666666, "reusita": 100.0, "cnt": 3}, "SOCIOLOGIE": {"medie": 7.378571428571428, "reusita": 93.33333333333333, "cnt": 15}, "PSIHOLOGIE": {"medie": 8.225, "reusita": 100.0, "cnt": 2}, "INFORMATICA MI C/C++": {"medie": 8.289655172413791, "reusita": 100.0, "cnt": 29}, "ECONOMIE": {"medie": 8.5, "reusita": 100.0, "cnt": 1}, "CHIMIE ANORGANICA TEO NIVEL I/II": {"medie": 9.3, "reusita": 100.0, "cnt": 1}}, "nume": "LICEUL TEORETIC \"JEAN MONNET\"\tBucure\u0219ti"}