{"specializari": {"STIINTE ALE NATURII": 85, "MATEMATICA-INFORMATICA": 36}, "limba_moderna": {"LIMBA ENGLEZA": 103, "LIMBA FRANCEZA": 18}, "limba_materna": {"LIMBA ROMANA": 121}, "promotie_anterioara": {"NU": 80, "DA": 41}, "materii": {"LIMBA ROMANA": {"medie": 4.178125, "reusita": 42.97520661157025, "cnt": 121}, "GENERAL": {"medie": 3.9475490196078433, "reusita": 6.6115702479338845, "cnt": 121}, "MATEMATICA ST-NAT": {"medie": 2.279333333333333, "reusita": 21.176470588235293, "cnt": 85}, "ANATOMIE SI FIZIOLOGIE UMANA, GENETICA SI ECOLOGIE UMANA": {"medie": 5.077981651376147, "reusita": 50.413223140495866, "cnt": 121}, "MATEMATICA MATE-INFO": {"medie": 2.98, "reusita": 19.444444444444446, "cnt": 36}}, "nume": "LICEUL TEORETIC NR.1 BRATCA\tBihor"}