{"specializari": {"TEOLOGIE PENTICOSTALA": 16, "MATEMATICA-INFORMATICA": 13, "FILOLOGIE": 7}, "limba_moderna": {"LIMBA ENGLEZA": 35, "LIMBA FRANCEZA": 1}, "limba_materna": {"LIMBA ROMANA": 36}, "promotie_anterioara": {"NU": 26, "DA": 10}, "materii": {"LIMBA ROMANA": {"medie": 7.222857142857144, "reusita": 97.22222222222221, "cnt": 36}, "ISTORIE": {"medie": 6.959090909090909, "reusita": 95.65217391304348, "cnt": 23}, "GEOGRAFIE": {"medie": 7.721739130434783, "reusita": 91.30434782608695, "cnt": 23}, "GENERAL": {"medie": 7.252083333333331, "reusita": 75.0, "cnt": 36}, "ANATOMIE SI FIZIOLOGIE UMANA, GENETICA SI ECOLOGIE UMANA": {"medie": 6.5, "reusita": 100.0, "cnt": 1}, "MATEMATICA MATE-INFO": {"medie": 6.258333333333334, "reusita": 69.23076923076923, "cnt": 13}, "BIOLOGIE VEGETALA SI ANIMALA": {"medie": 6.324999999999999, "reusita": 55.55555555555556, "cnt": 9}, "INFORMATICA MI C/C++": {"medie": 8.016666666666667, "reusita": 100.0, "cnt": 3}}, "nume": "LICEUL TEOLOGIC PENTICOSTAL LOGOS TIMISOARA\tTimi\u0219"}