{"specializari": {"STIINTE ALE NATURII": 57, "MATEMATICA-INFORMATICA": 63, "STIINTE SOCIALE": 63, "FILOLOGIE": 65}, "limba_moderna": {"LIMBA ENGLEZA": 236, "LIMBA FRANCEZA": 12}, "limba_materna": {"LIMBA ROMANA": 248}, "promotie_anterioara": {"NU": 224, "DA": 24}, "materii": {"LIMBA ROMANA": {"medie": 6.749797570850202, "reusita": 88.70967741935483, "cnt": 248}, "ISTORIE": {"medie": 6.482421875000001, "reusita": 90.625, "cnt": 128}, "GEOGRAFIE": {"medie": 8.110465116279068, "reusita": 100.0, "cnt": 43}, "GENERAL": {"medie": 6.837737127371277, "reusita": 64.51612903225806, "cnt": 248}, "MATEMATICA ST-NAT": {"medie": 4.533928571428572, "reusita": 52.63157894736842, "cnt": 57}, "ANATOMIE SI FIZIOLOGIE UMANA, GENETICA SI ECOLOGIE UMANA": {"medie": 6.788947368421052, "reusita": 85.41666666666666, "cnt": 96}, "MATEMATICA MATE-INFO": {"medie": 6.477777777777778, "reusita": 74.60317460317461, "cnt": 63}, "FIZICA TEO": {"medie": 8.332142857142859, "reusita": 100.0, "cnt": 14}, "CHIMIE ORGANICA TEO NIVEL I/II": {"medie": 8.985714285714286, "reusita": 100.0, "cnt": 7}, "PSIHOLOGIE": {"medie": 8.4, "reusita": 100.0, "cnt": 1}, "LOGICA, ARGUMENTARE SI COMUNICARE": {"medie": 8.339634146341464, "reusita": 95.18072289156626, "cnt": 83}, "INFORMATICA MI C/C++": {"medie": 7.55, "reusita": 100.0, "cnt": 3}, "ECONOMIE": {"medie": 9.2, "reusita": 100.0, "cnt": 1}}, "nume": "LICEUL TEORETIC \"ALEXANDRU IOAN CUZA\" CORABIA\tOlt"}