{"specializari": {"MATEMATICA-INFORMATICA": 23, "STIINTE ALE NATURII": 28, "FILOLOGIE": 39}, "limba_moderna": {"LIMBA ENGLEZA": 90}, "limba_materna": {"LIMBA ROMANA": 90}, "promotie_anterioara": {"NU": 71, "DA": 19}, "materii": {"LIMBA ROMANA": {"medie": 7.035393258426966, "reusita": 92.22222222222223, "cnt": 90}, "ISTORIE": {"medie": 7.464473684210527, "reusita": 89.74358974358975, "cnt": 39}, "GEOGRAFIE": {"medie": 8.074285714285713, "reusita": 94.44444444444444, "cnt": 36}, "GENERAL": {"medie": 7.210077519379846, "reusita": 73.33333333333333, "cnt": 90}, "MATEMATICA ST-NAT": {"medie": 6.827999999999999, "reusita": 78.57142857142857, "cnt": 28}, "MATEMATICA MATE-INFO": {"medie": 6.799999999999999, "reusita": 86.95652173913044, "cnt": 23}, "BIOLOGIE VEGETALA SI ANIMALA": {"medie": 6.506249999999999, "reusita": 80.76923076923077, "cnt": 26}, "FIZICA TEO": {"medie": 8.620000000000001, "reusita": 100.0, "cnt": 5}, "CHIMIE ORGANICA TEO NIVEL I/II": {"medie": 8.216666666666667, "reusita": 100.0, "cnt": 3}, "SOCIOLOGIE": {"medie": 5.0, "reusita": 100.0, "cnt": 1}, "PSIHOLOGIE": {"medie": 7.7, "reusita": 100.0, "cnt": 1}, "INFORMATICA MI C/C++": {"medie": 7.75, "reusita": 100.0, "cnt": 2}, "ECONOMIE": {"medie": 8.15, "reusita": 100.0, "cnt": 1}, "CHIMIE ANORGANICA TEO NIVEL I/II": {"medie": 6.8566666666666665, "reusita": 93.33333333333333, "cnt": 15}}, "nume": "LICEUL TEORETIC \"IOAN PETRUS\" OTOPENI\tIlfov"}