{"specializari": {"FILOLOGIE": 36, "STIINTE SOCIALE": 40}, "limba_moderna": {"LIMBA ENGLEZA": 76}, "limba_materna": {"LIMBA ROMANA": 76}, "promotie_anterioara": {"NU": 69, "DA": 7}, "materii": {"LIMBA ROMANA": {"medie": 6.848026315789475, "reusita": 96.05263157894737, "cnt": 76}, "ISTORIE": {"medie": 6.926973684210526, "reusita": 98.68421052631578, "cnt": 76}, "GEOGRAFIE": {"medie": 7.811764705882352, "reusita": 97.10144927536231, "cnt": 69}, "GENERAL": {"medie": 7.211777777777776, "reusita": 78.94736842105263, "cnt": 76}, "SOCIOLOGIE": {"medie": 8.135714285714286, "reusita": 100.0, "cnt": 7}}, "nume": "LICEUL TEORETIC \"VLAD TEPES\" TIMISOARA\tTimi\u0219"}