{"specializari": {"MUZICA": 28, "ARHITECTURA, ARTE AMBIENTALE SI DESIGN": 35, "ARTE PLASTICE SI DECORATIVE": 35}, "limba_moderna": {"LIMBA ENGLEZA": 98}, "limba_materna": {"LIMBA ROMANA": 98}, "promotie_anterioara": {"NU": 86, "DA": 12}, "materii": {"LIMBA ROMANA": {"medie": 6.5442105263157915, "reusita": 85.71428571428571, "cnt": 98}, "ISTORIE": {"medie": 6.646315789473689, "reusita": 86.73469387755102, "cnt": 98}, "GEOGRAFIE": {"medie": 7.501351351351351, "reusita": 89.47368421052632, "cnt": 38}, "GENERAL": {"medie": 6.889068100358426, "reusita": 67.3469387755102, "cnt": 98}, "LOGICA, ARGUMENTARE SI COMUNICARE": {"medie": 7.320535714285718, "reusita": 82.75862068965517, "cnt": 58}, "FILOSOFIE": {"medie": 5.9, "reusita": 100.0, "cnt": 2}}, "nume": "LICEUL DE ARTE \"MARIN SORESCU\" CRAIOVA\tDolj"}