{"specializari": {"STIINTE ALE NATURII": 22, "MATEMATICA-INFORMATICA": 4, "FILOLOGIE": 23, "STIINTE SOCIALE": 58}, "limba_moderna": {"LIMBA FRANCEZA": 10, "LIMBA ENGLEZA": 97}, "limba_materna": {"LIMBA ROMANA": 107}, "promotie_anterioara": {"DA": 23, "NU": 84}, "materii": {"LIMBA ROMANA": {"medie": 6.303809523809524, "reusita": 86.91588785046729, "cnt": 107}, "ISTORIE": {"medie": 7.1775, "reusita": 97.53086419753086, "cnt": 81}, "GEOGRAFIE": {"medie": 7.3365384615384635, "reusita": 94.23076923076923, "cnt": 52}, "GENERAL": {"medie": 6.766830065359479, "reusita": 65.42056074766354, "cnt": 107}, "MATEMATICA ST-NAT": {"medie": 4.392857142857143, "reusita": 40.909090909090914, "cnt": 22}, "ANATOMIE SI FIZIOLOGIE UMANA, GENETICA SI ECOLOGIE UMANA": {"medie": 7.1521739130434785, "reusita": 87.5, "cnt": 24}, "MATEMATICA MATE-INFO": {"medie": 4.066666666666666, "reusita": 50.0, "cnt": 4}, "BIOLOGIE VEGETALA SI ANIMALA": {"medie": 1.7, "reusita": 0.0, "cnt": 1}, "SOCIOLOGIE": {"medie": 7.339999999999999, "reusita": 90.9090909090909, "cnt": 11}, "LOGICA, ARGUMENTARE SI COMUNICARE": {"medie": 7.955882352941177, "reusita": 88.88888888888889, "cnt": 18}, "CHIMIE ANORGANICA TEO NIVEL I/II": {"medie": 7.6, "reusita": 100.0, "cnt": 1}}, "nume": "LICEUL TEORETIC \"HENRI COANDA\" BACAU\tBac\u0103u"}