{"specializari": {"STIINTE ALE NATURII": 63, "MATEMATICA-INFORMATICA": 78, "FILOLOGIE": 66}, "limba_moderna": {"LIMBA ENGLEZA": 156, "LIMBA ITALIANA": 37, "LIMBA FRANCEZA": 14}, "limba_materna": {"LIMBA ITALIANA": 8, "LIMBA ROMANA": 199}, "promotie_anterioara": {"NU": 183, "DA": 24}, "materii": {"LIMBA ROMANA": {"medie": 6.671116504854367, "reusita": 96.61835748792271, "cnt": 207}, "ISTORIE": {"medie": 6.683076923076924, "reusita": 95.45454545454545, "cnt": 66}, "GEOGRAFIE": {"medie": 7.971621621621622, "reusita": 94.73684210526315, "cnt": 38}, "GENERAL": {"medie": 6.736432676518886, "reusita": 72.46376811594203, "cnt": 207}, "MATEMATICA ST-NAT": {"medie": 6.3960317460317455, "reusita": 88.88888888888889, "cnt": 63}, "ANATOMIE SI FIZIOLOGIE UMANA, GENETICA SI ECOLOGIE UMANA": {"medie": 6.83235294117647, "reusita": 88.23529411764706, "cnt": 17}, "MATEMATICA MATE-INFO": {"medie": 6.33051948051948, "reusita": 84.61538461538461, "cnt": 78}, "BIOLOGIE VEGETALA SI ANIMALA": {"medie": 6.898351648351649, "reusita": 94.5054945054945, "cnt": 91}, "FIZICA TEO": {"medie": 6.469565217391303, "reusita": 86.95652173913044, "cnt": 23}, "CHIMIE ORGANICA TEO NIVEL I/II": {"medie": 7.025, "reusita": 75.0, "cnt": 4}, "SOCIOLOGIE": {"medie": 6.488095238095238, "reusita": 86.36363636363636, "cnt": 22}, "LOGICA, ARGUMENTARE SI COMUNICARE": {"medie": 9.1, "reusita": 100.0, "cnt": 1}, "INFORMATICA MI C/C++": {"medie": 6.220000000000001, "reusita": 100.0, "cnt": 5}, "ECONOMIE": {"medie": 9.0, "reusita": 100.0, "cnt": 2}, "CHIMIE ANORGANICA TEO NIVEL I/II": {"medie": 6.55, "reusita": 100.0, "cnt": 1}, "FILOSOFIE": {"medie": 7.416666666666667, "reusita": 100.0, "cnt": 3}, "LIMBA ITALIANA": {"medie": 6.42142857142857, "reusita": 87.5, "cnt": 8}}, "nume": "LICEUL TEORETIC \"DANTE ALIGHIERI\"\tBucure\u0219ti"}