{"specializari": {"FILOLOGIE": 21, "TEHNICIAN MECATRONIST": 2, "MATEMATICA-INFORMATICA": 3, "TEHNICIAN DESENATOR PENTRU CONSTRUCTII SI INSTALATII": 3, "TEHNICIAN IN INSTALATII ELECTRICE": 2, "TEHNICIAN MECANIC PENTRU INTRETINERE SI REPARATII": 3}, "limba_moderna": {"LIMBA ENGLEZA": 31, "LIMBA FRANCEZA": 3}, "limba_materna": {"LIMBA ROMANA": 34}, "promotie_anterioara": {"NU": 21, "DA": 13}, "materii": {"LIMBA ROMANA": {"medie": 5.343749999999999, "reusita": 67.64705882352942, "cnt": 34}, "ISTORIE": {"medie": 6.145000000000001, "reusita": 80.95238095238095, "cnt": 21}, "GEOGRAFIE": {"medie": 6.845833333333332, "reusita": 91.66666666666666, "cnt": 12}, "GENERAL": {"medie": 5.770430107526882, "reusita": 32.35294117647059, "cnt": 34}, "MATEMATICA MATE-INFO": {"medie": 4.216666666666667, "reusita": 33.33333333333333, "cnt": 3}, "BIOLOGIE VEGETALA SI ANIMALA": {"medie": 5.418181818181818, "reusita": 72.72727272727273, "cnt": 11}, "MATEMATICA TEHN": {"medie": 4.227777777777778, "reusita": 60.0, "cnt": 10}, "LOGICA, ARGUMENTARE SI COMUNICARE": {"medie": 7.956250000000001, "reusita": 88.88888888888889, "cnt": 9}, "FIZICA TEH": {"medie": 5.975, "reusita": 100.0, "cnt": 2}}, "nume": "LICEUL TEHNOLOGIC \"SF. MUCENIC SAVA\" COMUNA BERCA\tBuz\u0103u"}