{"specializari": {"FILOLOGIE": 35, "STIINTE SOCIALE": 35, "MATEMATICA-INFORMATICA": 28, "STIINTE ALE NATURII": 57}, "limba_moderna": {"LIMBA ENGLEZA": 144, "LIMBA FRANCEZA": 11}, "limba_materna": {"LIMBA ROMANA": 155}, "promotie_anterioara": {"NU": 143, "DA": 12}, "materii": {"LIMBA ROMANA": {"medie": 7.206129032258064, "reusita": 96.7741935483871, "cnt": 155}, "ISTORIE": {"medie": 6.971014492753622, "reusita": 97.14285714285714, "cnt": 70}, "GEOGRAFIE": {"medie": 7.768421052631578, "reusita": 100.0, "cnt": 19}, "GENERAL": {"medie": 7.251000000000005, "reusita": 76.77419354838709, "cnt": 155}, "MATEMATICA ST-NAT": {"medie": 5.419090909090908, "reusita": 56.14035087719298, "cnt": 57}, "ANATOMIE SI FIZIOLOGIE UMANA, GENETICA SI ECOLOGIE UMANA": {"medie": 9.566666666666666, "reusita": 100.0, "cnt": 6}, "MATEMATICA MATE-INFO": {"medie": 6.866071428571428, "reusita": 100.0, "cnt": 28}, "BIOLOGIE VEGETALA SI ANIMALA": {"medie": 7.536363636363636, "reusita": 94.11764705882352, "cnt": 68}, "FIZICA TEO": {"medie": 7.1625000000000005, "reusita": 100.0, "cnt": 8}, "CHIMIE ORGANICA TEO NIVEL I/II": {"medie": 9.6, "reusita": 100.0, "cnt": 2}, "SOCIOLOGIE": {"medie": 7.091666666666668, "reusita": 100.0, "cnt": 6}, "PSIHOLOGIE": {"medie": 8.6, "reusita": 100.0, "cnt": 1}, "LOGICA, ARGUMENTARE SI COMUNICARE": {"medie": 8.946590909090908, "reusita": 95.45454545454545, "cnt": 44}, "INFORMATICA MI C/C++": {"medie": 7.2, "reusita": 100.0, "cnt": 1}}, "nume": "LICEUL TEORETIC \"IULIA ZAMFIRESCU\" MIOVENI\tArge\u0219"}