{"specializari": {"STIINTE SOCIALE": 37, "STIINTE ALE NATURII": 33, "MATEMATICA-INFORMATICA": 29, "FILOLOGIE": 35}, "limba_moderna": {"LIMBA ENGLEZA": 132, "LIMBA FRANCEZA": 2}, "limba_materna": {"LIMBA ROMANA": 134}, "promotie_anterioara": {"DA": 11, "NU": 123}, "materii": {"LIMBA ROMANA": {"medie": 7.505597014925373, "reusita": 97.01492537313433, "cnt": 134}, "ISTORIE": {"medie": 7.640972222222221, "reusita": 100.0, "cnt": 72}, "GEOGRAFIE": {"medie": 7.9142857142857155, "reusita": 98.21428571428571, "cnt": 56}, "GENERAL": {"medie": 7.877487562189056, "reusita": 88.80597014925374, "cnt": 134}, "MATEMATICA ST-NAT": {"medie": 7.528787878787879, "reusita": 87.87878787878788, "cnt": 33}, "ANATOMIE SI FIZIOLOGIE UMANA, GENETICA SI ECOLOGIE UMANA": {"medie": 8.775961538461537, "reusita": 98.07692307692307, "cnt": 52}, "MATEMATICA MATE-INFO": {"medie": 8.28103448275862, "reusita": 100.0, "cnt": 29}, "FIZICA TEO": {"medie": 9.8, "reusita": 100.0, "cnt": 1}, "CHIMIE ORGANICA TEO NIVEL I/II": {"medie": 8.7, "reusita": 100.0, "cnt": 2}, "SOCIOLOGIE": {"medie": 8.34375, "reusita": 100.0, "cnt": 16}, "INFORMATICA MI PASCAL": {"medie": 8.857142857142858, "reusita": 100.0, "cnt": 7}}, "nume": "LICEUL TEORETIC \"O.C.TASLAUANU\" TOPLITA\tHarghita"}