{"specializari": {"TEOLOGIE ORTODOXA": 18, "FILOLOGIE": 23}, "limba_moderna": {"LIMBA ENGLEZA": 41}, "limba_materna": {"LIMBA ROMANA": 41}, "promotie_anterioara": {"NU": 35, "DA": 6}, "materii": {"LIMBA ROMANA": {"medie": 6.012195121951218, "reusita": 92.6829268292683, "cnt": 41}, "ISTORIE": {"medie": 6.025609756097562, "reusita": 92.6829268292683, "cnt": 41}, "GEOGRAFIE": {"medie": 6.9399999999999995, "reusita": 90.2439024390244, "cnt": 41}, "GENERAL": {"medie": 6.3412500000000005, "reusita": 70.73170731707317, "cnt": 41}}, "nume": "LICEUL TEOLOGIC ORTODOX \"NICOLAE STEINHARDT\" SATU MARE\tSatu-Mare"}