{"specializari": {"TEOLOGIE ORTODOXA": 38}, "limba_moderna": {"LIMBA ENGLEZA": 38}, "limba_materna": {"LIMBA ROMANA": 38}, "promotie_anterioara": {"NU": 23, "DA": 15}, "materii": {"LIMBA ROMANA": {"medie": 5.931578947368422, "reusita": 89.47368421052632, "cnt": 38}, "ISTORIE": {"medie": 5.352631578947368, "reusita": 78.94736842105263, "cnt": 38}, "GEOGRAFIE": {"medie": 6.920833333333334, "reusita": 86.8421052631579, "cnt": 38}, "GENERAL": {"medie": 6.099537037037037, "reusita": 42.10526315789473, "cnt": 38}}, "nume": "SEMINARUL TEOLOGIC ORTODOX \"SFANTUL CUVIOS DIONISIE EXIGUUL\" CONSTANTA\tConstan\u021ba"}