{"specializari": {"TEOLOGIE ORTODOXA": 21, "PATRIMONIU CULTURAL": 34}, "limba_moderna": {"LIMBA ENGLEZA": 49, "LIMBA FRANCEZA": 6}, "limba_materna": {"LIMBA ROMANA": 55}, "promotie_anterioara": {"NU": 50, "DA": 5}, "materii": {"LIMBA ROMANA": {"medie": 7.322727272727275, "reusita": 98.18181818181819, "cnt": 55}, "ISTORIE": {"medie": 6.611111111111111, "reusita": 94.54545454545455, "cnt": 55}, "GEOGRAFIE": {"medie": 7.66785714285714, "reusita": 97.67441860465115, "cnt": 43}, "GENERAL": {"medie": 7.283018867924528, "reusita": 76.36363636363637, "cnt": 55}, "LOGICA, ARGUMENTARE SI COMUNICARE": {"medie": 8.316666666666666, "reusita": 91.66666666666666, "cnt": 12}}, "nume": "SEMINARUL TEOLOGIC LICEAL ORTODOX \"SF.GHEORGHE\" BOTOSANI\tBoto\u0219ani"}