{"specializari": {"FILOLOGIE": 75, "STIINTE ALE NATURII": 54, "STIINTE SOCIALE": 35, "MATEMATICA-INFORMATICA": 107}, "limba_moderna": {"LIMBA FRANCEZA": 35, "LIMBA ENGLEZA": 235, "LIMBA GERMANA MODERNA": 1}, "limba_materna": {"LIMBA ROMANA": 271}, "promotie_anterioara": {"NU": 264, "DA": 7}, "materii": {"LIMBA ROMANA": {"medie": 8.906457564575648, "reusita": 100.0, "cnt": 271}, "BIOLOGIE VEGETALA SI ANIMALA": {"medie": 8.172222222222222, "reusita": 100.0, "cnt": 9}, "GENERAL": {"medie": 8.73172839506172, "reusita": 94.0959409594096, "cnt": 271}, "MATEMATICA MATE-INFO": {"medie": 8.53177570093458, "reusita": 95.32710280373831, "cnt": 107}, "ANATOMIE SI FIZIOLOGIE UMANA, GENETICA SI ECOLOGIE UMANA": {"medie": 9.220338983050848, "reusita": 98.30508474576271, "cnt": 59}, "ISTORIE": {"medie": 8.684090909090907, "reusita": 100.0, "cnt": 110}, "GEOGRAFIE": {"medie": 9.060344827586206, "reusita": 100.0, "cnt": 29}, "MATEMATICA ST-NAT": {"medie": 7.6796296296296305, "reusita": 96.29629629629629, "cnt": 54}, "FIZICA TEO": {"medie": 8.627848101265826, "reusita": 94.9367088607595, "cnt": 79}, "CHIMIE ORGANICA TEO NIVEL I/II": {"medie": 9.209999999999999, "reusita": 100.0, "cnt": 5}, "LOGICA, ARGUMENTARE SI COMUNICARE": {"medie": 8.666901408450707, "reusita": 94.44444444444444, "cnt": 72}, "INFORMATICA MI C/C++": {"medie": 9.15, "reusita": 100.0, "cnt": 9}, "PSIHOLOGIE": {"medie": 9.2, "reusita": 100.0, "cnt": 2}, "SOCIOLOGIE": {"medie": 9.6, "reusita": 100.0, "cnt": 1}, "ECONOMIE": {"medie": 8.775, "reusita": 100.0, "cnt": 6}}, "nume": "COLEGIUL NATIONAL \"ION MINULESCU\" SLATINA\tOlt"}