{"specializari": {"STIINTE ALE NATURII": 49, "FILOLOGIE": 72, "MATEMATICA-INFORMATICA": 55, "STIINTE SOCIALE": 41}, "limba_moderna": {"LIMBA ENGLEZA": 183, "LIMBA FRANCEZA": 34}, "limba_materna": {"LIMBA ROMANA": 217}, "promotie_anterioara": {"DA": 46, "NU": 171}, "materii": {"LIMBA ROMANA": {"medie": 7.202102803738319, "reusita": 95.85253456221197, "cnt": 217}, "BIOLOGIE VEGETALA SI ANIMALA": {"medie": 6.533333333333334, "reusita": 100.0, "cnt": 3}, "GENERAL": {"medie": 7.196537842190017, "reusita": 72.35023041474655, "cnt": 217}, "MATEMATICA MATE-INFO": {"medie": 7.177777777777776, "reusita": 83.63636363636363, "cnt": 55}, "ANATOMIE SI FIZIOLOGIE UMANA, GENETICA SI ECOLOGIE UMANA": {"medie": 6.292307692307691, "reusita": 72.72727272727273, "cnt": 44}, "ISTORIE": {"medie": 7.547297297297294, "reusita": 96.46017699115043, "cnt": 113}, "GEOGRAFIE": {"medie": 7.850000000000001, "reusita": 90.47619047619048, "cnt": 21}, "MATEMATICA ST-NAT": {"medie": 4.397674418604651, "reusita": 42.857142857142854, "cnt": 49}, "FIZICA TEO": {"medie": 7.405555555555556, "reusita": 92.5925925925926, "cnt": 27}, "CHIMIE ORGANICA TEO NIVEL I/II": {"medie": 7.8852941176470575, "reusita": 94.11764705882352, "cnt": 17}, "LOGICA, ARGUMENTARE SI COMUNICARE": {"medie": 8.151149425287354, "reusita": 94.31818181818183, "cnt": 88}, "INFORMATICA MI C/C++": {"medie": 9.05, "reusita": 100.0, "cnt": 1}, "PSIHOLOGIE": {"medie": 7.9, "reusita": 100.0, "cnt": 2}, "CHIMIE ANORGANICA TEO NIVEL I/II": {"medie": 6.116666666666666, "reusita": 83.33333333333334, "cnt": 12}, "SOCIOLOGIE": {"medie": 4.85, "reusita": 50.0, "cnt": 2}}, "nume": "COLEGIUL NATIONAL \"ION LUCA CARAGIALE\" MORENI\tD\u00e2mbovi\u021ba"}