{"specializari": {"MATEMATICA-INFORMATICA": 63, "STIINTE ALE NATURII": 29, "FILOLOGIE": 64}, "limba_moderna": {"LIMBA ENGLEZA": 129, "LIMBA FRANCEZA": 27}, "limba_materna": {"LIMBA ROMANA": 156}, "promotie_anterioara": {"NU": 156}, "materii": {"LIMBA ROMANA": {"medie": 8.406129032258066, "reusita": 99.35897435897436, "cnt": 156}, "GENERAL": {"medie": 8.444696969696972, "reusita": 97.43589743589743, "cnt": 156}, "MATEMATICA MATE-INFO": {"medie": 7.8991935483871, "reusita": 98.4126984126984, "cnt": 63}, "ANATOMIE SI FIZIOLOGIE UMANA, GENETICA SI ECOLOGIE UMANA": {"medie": 8.67272727272727, "reusita": 100.0, "cnt": 33}, "ISTORIE": {"medie": 8.82380952380952, "reusita": 98.4375, "cnt": 64}, "GEOGRAFIE": {"medie": 8.979166666666666, "reusita": 100.0, "cnt": 12}, "FILOSOFIE": {"medie": 8.4, "reusita": 100.0, "cnt": 1}, "MATEMATICA ST-NAT": {"medie": 7.536206896551724, "reusita": 96.55172413793103, "cnt": 29}, "FIZICA TEO": {"medie": 8.700000000000003, "reusita": 100.0, "cnt": 19}, "CHIMIE ORGANICA TEO NIVEL I/II": {"medie": 8.857142857142858, "reusita": 100.0, "cnt": 7}, "LOGICA, ARGUMENTARE SI COMUNICARE": {"medie": 8.915957446808509, "reusita": 97.91666666666666, "cnt": 48}, "INFORMATICA MI C/C++": {"medie": 8.203225806451613, "reusita": 93.75, "cnt": 32}, "PSIHOLOGIE": {"medie": 9.633333333333333, "reusita": 100.0, "cnt": 3}, "CHIMIE ANORGANICA TEO NIVEL I/II": {"medie": 8.15, "reusita": 100.0, "cnt": 1}}, "nume": "COLEGIUL NATIONAL \"ALEXANDRU IOAN CUZA\", LOCALITATEA GALATI\tGala\u021bi"}