{"specializari": {"MATEMATICA-INFORMATICA": 82, "FILOLOGIE": 116}, "limba_moderna": {"LIMBA ENGLEZA": 132, "LIMBA FRANCEZA": 66}, "limba_materna": {"LIMBA ROMANA": 198}, "promotie_anterioara": {"DA": 4, "NU": 194}, "materii": {"LIMBA ROMANA": {"medie": 8.333838383838387, "reusita": 100.0, "cnt": 198}, "BIOLOGIE VEGETALA SI ANIMALA": {"medie": 5.7, "reusita": 100.0, "cnt": 1}, "GENERAL": {"medie": 8.265824915824917, "reusita": 94.94949494949495, "cnt": 198}, "MATEMATICA MATE-INFO": {"medie": 7.761585365853653, "reusita": 97.5609756097561, "cnt": 82}, "ANATOMIE SI FIZIOLOGIE UMANA, GENETICA SI ECOLOGIE UMANA": {"medie": 8.653703703703703, "reusita": 100.0, "cnt": 27}, "ISTORIE": {"medie": 8.80301724137931, "reusita": 98.27586206896551, "cnt": 116}, "GEOGRAFIE": {"medie": 9.250000000000002, "reusita": 100.0, "cnt": 23}, "FILOSOFIE": {"medie": 8.350000000000001, "reusita": 100.0, "cnt": 2}, "FIZICA TEO": {"medie": 6.9575000000000005, "reusita": 75.0, "cnt": 20}, "CHIMIE ORGANICA TEO NIVEL I/II": {"medie": 8.25, "reusita": 100.0, "cnt": 1}, "LOGICA, ARGUMENTARE SI COMUNICARE": {"medie": 8.407352941176471, "reusita": 97.05882352941177, "cnt": 34}, "INFORMATICA MI C/C++": {"medie": 7.589062500000002, "reusita": 96.875, "cnt": 32}, "PSIHOLOGIE": {"medie": 8.53, "reusita": 100.0, "cnt": 15}, "CHIMIE ANORGANICA TEO NIVEL I/II": {"medie": 9.6, "reusita": 100.0, "cnt": 1}, "SOCIOLOGIE": {"medie": 7.931818181818182, "reusita": 96.96969696969697, "cnt": 33}, "ECONOMIE": {"medie": 6.4444444444444455, "reusita": 100.0, "cnt": 9}}, "nume": "COLEGIUL NATIONAL \"SCOALA CENTRALA\"\tBucure\u0219ti"}