{"specializari": {"TEHNICIAN TRANSPORTURI": 53, "TEHNICIAN ELECTRICIAN/ELECTRONIST AUTO": 24, "TEHNICIAN MECATRONIST": 4}, "limba_moderna": {"LIMBA ENGLEZA": 64, "LIMBA FRANCEZA": 17}, "limba_materna": {"LIMBA ROMANA": 81}, "promotie_anterioara": {"NU": 45, "DA": 36}, "materii": {"LIMBA ROMANA": {"medie": 5.410666666666668, "reusita": 75.30864197530865, "cnt": 81}, "MATEMATICA TEHN": {"medie": 3.7978260869565226, "reusita": 40.74074074074074, "cnt": 81}, "BIOLOGIE VEGETALA SI ANIMALA": {"medie": 4.414285714285715, "reusita": 34.21052631578947, "cnt": 38}, "GENERAL": {"medie": 4.614814814814815, "reusita": 13.580246913580247, "cnt": 81}, "FIZICA TEH": {"medie": 5.261904761904763, "reusita": 53.84615384615385, "cnt": 26}, "CHIMIE ANORGANICA TEH NIVEL I/II": {"medie": 3.337499999999999, "reusita": 23.52941176470588, "cnt": 17}}, "nume": "COLEGIUL TEHNIC AUTO \"TRAIAN VUIA\" FOCSANI\tVrancea"}