{"specializari": {"MATEMATICA-INFORMATICA": 114, "STIINTE ALE NATURII": 31, "STIINTE SOCIALE": 31, "FILOLOGIE": 28}, "limba_moderna": {"LIMBA ENGLEZA": 188, "LIMBA FRANCEZA": 16}, "limba_materna": {"LIMBA ROMANA": 204}, "promotie_anterioara": {"DA": 16, "NU": 188}, "materii": {"LIMBA ROMANA": {"medie": 7.778571428571429, "reusita": 99.01960784313727, "cnt": 204}, "BIOLOGIE VEGETALA SI ANIMALA": {"medie": 7.456310679611652, "reusita": 92.23300970873787, "cnt": 103}, "GENERAL": {"medie": 7.671583333333332, "reusita": 80.3921568627451, "cnt": 204}, "MATEMATICA MATE-INFO": {"medie": 6.807079646017696, "reusita": 83.33333333333334, "cnt": 114}, "ANATOMIE SI FIZIOLOGIE UMANA, GENETICA SI ECOLOGIE UMANA": {"medie": 8.529411764705884, "reusita": 83.33333333333334, "cnt": 18}, "ISTORIE": {"medie": 8.115254237288136, "reusita": 96.61016949152543, "cnt": 59}, "GEOGRAFIE": {"medie": 8.805357142857144, "reusita": 98.21428571428571, "cnt": 56}, "MATEMATICA ST-NAT": {"medie": 5.958333333333331, "reusita": 70.96774193548387, "cnt": 31}, "FIZICA TEO": {"medie": 8.954761904761906, "reusita": 100.0, "cnt": 21}, "CHIMIE ORGANICA TEO NIVEL I/II": {"medie": 9.15, "reusita": 100.0, "cnt": 2}, "INFORMATICA MI C/C++": {"medie": 7.6, "reusita": 100.0, "cnt": 1}, "PSIHOLOGIE": {"medie": 9.075, "reusita": 100.0, "cnt": 2}, "SOCIOLOGIE": {"medie": 9.7, "reusita": 100.0, "cnt": 1}}, "nume": "COLEGIUL NATIONAL \"VLADIMIR STREINU\" GAESTI\tD\u00e2mbovi\u021ba"}