{"specializari": {"COREGRAFIE": 9, "MUZICA": 34, "ARTA ACTORULUI": 25, "ARTE PLASTICE SI DECORATIVE": 45, "ARHITECTURA, ARTE AMBIENTALE SI DESIGN": 29}, "limba_moderna": {"LIMBA ENGLEZA": 141, "LIMBA FRANCEZA": 1}, "limba_materna": {"LIMBA ROMANA": 142}, "promotie_anterioara": {"NU": 130, "DA": 12}, "materii": {"LIMBA ROMANA": {"medie": 7.07570422535211, "reusita": 96.47887323943662, "cnt": 142}, "GENERAL": {"medie": 7.685798122065728, "reusita": 80.98591549295774, "cnt": 142}, "ISTORIE": {"medie": 7.742605633802816, "reusita": 94.36619718309859, "cnt": 142}, "GEOGRAFIE": {"medie": 8.24931506849315, "reusita": 95.8904109589041, "cnt": 73}, "LOGICA, ARGUMENTARE SI COMUNICARE": {"medie": 8.296551724137931, "reusita": 93.10344827586206, "cnt": 58}, "PSIHOLOGIE": {"medie": 7.868181818181818, "reusita": 100.0, "cnt": 11}}, "nume": "COLEGIUL NATIONAL DE ARTE \"REGINA MARIA\" CONSTANTA\tConstan\u021ba"}