{"specializari": {"MATEMATICA-INFORMATICA": 51, "STIINTE ALE NATURII": 54, "STIINTE SOCIALE": 59, "FILOLOGIE": 27}, "limba_moderna": {"LIMBA ENGLEZA": 152, "LIMBA FRANCEZA": 39}, "limba_materna": {"LIMBA ROMANA": 191}, "promotie_anterioara": {"NU": 190, "DA": 1}, "materii": {"LIMBA ROMANA": {"medie": 8.473036649214661, "reusita": 100.0, "cnt": 191}, "GENERAL": {"medie": 8.61029668411868, "reusita": 96.8586387434555, "cnt": 191}, "MATEMATICA MATE-INFO": {"medie": 8.619607843137254, "reusita": 98.0392156862745, "cnt": 51}, "ANATOMIE SI FIZIOLOGIE UMANA, GENETICA SI ECOLOGIE UMANA": {"medie": 9.523437500000002, "reusita": 100.0, "cnt": 32}, "ISTORIE": {"medie": 8.290697674418604, "reusita": 100.0, "cnt": 86}, "GEOGRAFIE": {"medie": 9.533333333333335, "reusita": 100.0, "cnt": 18}, "FILOSOFIE": {"medie": 9.25, "reusita": 100.0, "cnt": 1}, "MATEMATICA ST-NAT": {"medie": 9.176851851851852, "reusita": 100.0, "cnt": 54}, "FIZICA TEO": {"medie": 8.267045454545453, "reusita": 97.72727272727273, "cnt": 44}, "CHIMIE ORGANICA TEO NIVEL I/II": {"medie": 9.252777777777778, "reusita": 100.0, "cnt": 18}, "LOGICA, ARGUMENTARE SI COMUNICARE": {"medie": 8.289830508474575, "reusita": 96.61016949152543, "cnt": 59}, "INFORMATICA MI C/C++": {"medie": 8.092857142857143, "reusita": 100.0, "cnt": 7}, "PSIHOLOGIE": {"medie": 8.7, "reusita": 100.0, "cnt": 2}, "SOCIOLOGIE": {"medie": 9.566666666666668, "reusita": 100.0, "cnt": 3}, "ECONOMIE": {"medie": 9.066666666666666, "reusita": 100.0, "cnt": 3}, "INFORMATICA SN C/C++": {"medie": 8.0625, "reusita": 100.0, "cnt": 4}}, "nume": "COLEGIUL NATIONAL \"GH. ROSCA CODREANU\", MUN. BARLAD\tVaslui"}