{"specializari": {"TEHNICIAN IN INSTALATII ELECTRICE": 32, "TEHNICIAN ENERGETICIAN": 1, "TEHNICIAN ELECTROTEHNIST": 2, "TEHNICIAN IN AUTOMATIZARI": 36}, "limba_moderna": {"LIMBA ENGLEZA": 71}, "limba_materna": {"LIMBA ROMANA": 71}, "promotie_anterioara": {"DA": 14, "NU": 57}, "materii": {"LIMBA ROMANA": {"medie": 6.807746478873239, "reusita": 94.36619718309859, "cnt": 71}, "MATEMATICA TEHN": {"medie": 6.8753623188405815, "reusita": 91.54929577464789, "cnt": 71}, "BIOLOGIE VEGETALA SI ANIMALA": {"medie": 7.108490566037735, "reusita": 85.18518518518519, "cnt": 54}, "GENERAL": {"medie": 6.840338164251206, "reusita": 64.7887323943662, "cnt": 71}, "FIZICA TEH": {"medie": 5.884615384615386, "reusita": 71.42857142857143, "cnt": 14}, "CHIMIE ANORGANICA TEH NIVEL I/II": {"medie": 4.983333333333333, "reusita": 66.66666666666666, "cnt": 3}}, "nume": "COLEGIUL TEHNIC ENERGETIC CLUJ-NAPOCA\tCluj"}