{"specializari": {"MATEMATICA-INFORMATICA": 137, "FILOLOGIE": 106, "STIINTE SOCIALE": 31}, "limba_moderna": {"LIMBA ENGLEZA": 240, "LIMBA GERMANA MODERNA": 34}, "limba_materna": {"LIMBA ROMANA": 274}, "promotie_anterioara": {"DA": 3, "NU": 271}, "materii": {"LIMBA ROMANA": {"medie": 8.560401459854011, "reusita": 100.0, "cnt": 274}, "BIOLOGIE VEGETALA SI ANIMALA": {"medie": 8.496153846153845, "reusita": 100.0, "cnt": 13}, "GENERAL": {"medie": 8.596836982968371, "reusita": 97.44525547445255, "cnt": 274}, "MATEMATICA MATE-INFO": {"medie": 7.838321167883213, "reusita": 97.08029197080292, "cnt": 137}, "ANATOMIE SI FIZIOLOGIE UMANA, GENETICA SI ECOLOGIE UMANA": {"medie": 8.330000000000002, "reusita": 100.0, "cnt": 20}, "ISTORIE": {"medie": 9.492335766423357, "reusita": 100.0, "cnt": 137}, "GEOGRAFIE": {"medie": 9.424999999999999, "reusita": 100.0, "cnt": 22}, "FIZICA TEO": {"medie": 8.306060606060607, "reusita": 100.0, "cnt": 33}, "CHIMIE ORGANICA TEO NIVEL I/II": {"medie": 8.840625000000001, "reusita": 100.0, "cnt": 16}, "LOGICA, ARGUMENTARE SI COMUNICARE": {"medie": 9.045333333333334, "reusita": 97.33333333333334, "cnt": 75}, "INFORMATICA MI C/C++": {"medie": 7.700000000000001, "reusita": 100.0, "cnt": 54}, "PSIHOLOGIE": {"medie": 8.299999999999999, "reusita": 100.0, "cnt": 5}, "CHIMIE ANORGANICA TEO NIVEL I/II": {"medie": 8.9, "reusita": 100.0, "cnt": 1}, "SOCIOLOGIE": {"medie": 9.070833333333335, "reusita": 91.66666666666666, "cnt": 12}, "ECONOMIE": {"medie": 8.406521739130435, "reusita": 100.0, "cnt": 23}}, "nume": "COLEGIUL NATIONAL \"I.L.CARAGIALE\"\tBucure\u0219ti"}