{"specializari": {"MATEMATICA-INFORMATICA": 117, "FILOLOGIE": 78, "STIINTE ALE NATURII": 29}, "limba_moderna": {"LIMBA ENGLEZA": 222, "LIMBA FRANCEZA": 2}, "limba_materna": {"LIMBA ROMANA": 224}, "promotie_anterioara": {"DA": 12, "NU": 212}, "materii": {"LIMBA ROMANA": {"medie": 8.332882882882888, "reusita": 98.66071428571429, "cnt": 224}, "BIOLOGIE VEGETALA SI ANIMALA": {"medie": 7.767346938775509, "reusita": 97.95918367346938, "cnt": 49}, "GENERAL": {"medie": 8.281372549019608, "reusita": 90.17857142857143, "cnt": 224}, "MATEMATICA MATE-INFO": {"medie": 7.876923076923072, "reusita": 95.72649572649573, "cnt": 117}, "ANATOMIE SI FIZIOLOGIE UMANA, GENETICA SI ECOLOGIE UMANA": {"medie": 7.129166666666666, "reusita": 76.92307692307693, "cnt": 13}, "ISTORIE": {"medie": 8.96493506493506, "reusita": 98.71794871794873, "cnt": 78}, "GEOGRAFIE": {"medie": 9.100000000000001, "reusita": 100.0, "cnt": 36}, "MATEMATICA ST-NAT": {"medie": 6.922413793103448, "reusita": 86.20689655172413, "cnt": 29}, "FIZICA TEO": {"medie": 8.325438596491228, "reusita": 96.49122807017544, "cnt": 57}, "CHIMIE ORGANICA TEO NIVEL I/II": {"medie": 9.56875, "reusita": 100.0, "cnt": 16}, "LOGICA, ARGUMENTARE SI COMUNICARE": {"medie": 8.35, "reusita": 100.0, "cnt": 1}, "INFORMATICA MI C/C++": {"medie": 7.540909090909091, "reusita": 90.9090909090909, "cnt": 11}, "SOCIOLOGIE": {"medie": 8.375641025641027, "reusita": 100.0, "cnt": 39}, "ECONOMIE": {"medie": 8.275, "reusita": 100.0, "cnt": 2}}, "nume": "COLEGIUL NATIONAL \"BARBU STIRBEI\" CALARASI\tC\u0103l\u0103ra\u0219i"}