{"specializari": {"MATEMATICA-INFORMATICA": 147, "STIINTE ALE NATURII": 30}, "limba_moderna": {"LIMBA ENGLEZA": 173, "LIMBA FRANCEZA": 4}, "limba_materna": {"LIMBA ROMANA": 177}, "promotie_anterioara": {"NU": 177}, "materii": {"LIMBA ROMANA": {"medie": 8.742937853107343, "reusita": 100.0, "cnt": 177}, "BIOLOGIE VEGETALA SI ANIMALA": {"medie": 9.180000000000001, "reusita": 100.0, "cnt": 15}, "GENERAL": {"medie": 8.596798493408663, "reusita": 97.74011299435028, "cnt": 177}, "MATEMATICA MATE-INFO": {"medie": 8.390816326530606, "reusita": 99.31972789115646, "cnt": 147}, "ANATOMIE SI FIZIOLOGIE UMANA, GENETICA SI ECOLOGIE UMANA": {"medie": 9.109523809523807, "reusita": 100.0, "cnt": 21}, "MATEMATICA ST-NAT": {"medie": 8.471666666666666, "reusita": 100.0, "cnt": 30}, "FIZICA TEO": {"medie": 8.383720930232558, "reusita": 95.34883720930233, "cnt": 43}, "CHIMIE ORGANICA TEO NIVEL I/II": {"medie": 8.370833333333332, "reusita": 100.0, "cnt": 24}, "INFORMATICA MI C/C++": {"medie": 8.640540540540536, "reusita": 100.0, "cnt": 74}}, "nume": "COLEGIUL NATIONAL \"CANTEMIR VODA\"\tBucure\u0219ti"}