{"specializari": {"FILOLOGIE": 62, "INVATATOR - EDUCATOARE": 54, "STIINTE SOCIALE": 32, "INSTRUCTOR PENTRU ACTIVITATI EXTRASCOLARE": 27}, "limba_moderna": {"LIMBA ENGLEZA": 144, "LIMBA FRANCEZA": 31}, "limba_materna": {"LIMBA ROMANA": 175}, "promotie_anterioara": {"DA": 2, "NU": 173}, "materii": {"LIMBA ROMANA": {"medie": 8.093714285714283, "reusita": 99.42857142857143, "cnt": 175}, "GENERAL": {"medie": 8.553238095238097, "reusita": 97.71428571428571, "cnt": 175}, "ISTORIE": {"medie": 8.769008264462812, "reusita": 97.52066115702479, "cnt": 121}, "GEOGRAFIE": {"medie": 8.963043478260872, "reusita": 95.65217391304348, "cnt": 23}, "LOGICA, ARGUMENTARE SI COMUNICARE": {"medie": 8.935611510791363, "reusita": 98.56115107913669, "cnt": 139}, "PSIHOLOGIE": {"medie": 8.592857142857142, "reusita": 100.0, "cnt": 7}, "SOCIOLOGIE": {"medie": 9.133333333333333, "reusita": 100.0, "cnt": 6}, "MATEMATICA PED": {"medie": 8.330555555555556, "reusita": 100.0, "cnt": 54}}, "nume": "COLEGIUL NATIONAL PEDAGOGIC \"SPIRU HARET\" MUNICIPIUL BUZAU\tBuz\u0103u"}