{"specializari": {"STIINTE ALE NATURII": 60, "TEHNICIAN ELECTROMECANIC": 27, "TEHNICIAN IN AUTOMATIZARI": 35, "TEHNICIAN MECANIC PENTRU INTRETINERE SI REPARATII": 14, "TEHNICIAN MECATRONIST": 5, "TEHNICIAN ELECTROTEHNIST": 4}, "limba_moderna": {"LIMBA ENGLEZA": 131, "LIMBA FRANCEZA": 14}, "limba_materna": {"LIMBA ROMANA": 145}, "promotie_anterioara": {"NU": 89, "DA": 56}, "materii": {"LIMBA ROMANA": {"medie": 5.791258741258738, "reusita": 72.41379310344827, "cnt": 145}, "MATEMATICA TEHN": {"medie": 3.8360759493670895, "reusita": 44.70588235294118, "cnt": 85}, "BIOLOGIE VEGETALA SI ANIMALA": {"medie": 4.457575757575757, "reusita": 50.74626865671642, "cnt": 67}, "GENERAL": {"medie": 5.353431372549018, "reusita": 28.965517241379313, "cnt": 145}, "ANATOMIE SI FIZIOLOGIE UMANA, GENETICA SI ECOLOGIE UMANA": {"medie": 7.642372881355933, "reusita": 94.91525423728814, "cnt": 59}, "FIZICA TEH": {"medie": 3.1125, "reusita": 14.285714285714285, "cnt": 7}, "MATEMATICA ST-NAT": {"medie": 5.003333333333335, "reusita": 56.666666666666664, "cnt": 60}, "CHIMIE ORGANICA TEO NIVEL I/II": {"medie": 10.0, "reusita": 100.0, "cnt": 1}, "CHIMIE ANORGANICA TEH NIVEL I/II": {"medie": 3.1666666666666665, "reusita": 9.090909090909092, "cnt": 11}}, "nume": "COLEGIUL \"GHEORGHE TATARESCU\" ROVINARI\tGorj"}