{"specializari": {"MATEMATICA-INFORMATICA": 28, "INVATATOR - EDUCATOARE": 59, "STIINTE SOCIALE": 32, "FILOLOGIE": 29}, "limba_moderna": {"LIMBA ENGLEZA": 148}, "limba_materna": {"LIMBA ROMANA": 148}, "promotie_anterioara": {"NU": 145, "DA": 3}, "materii": {"LIMBA ROMANA": {"medie": 8.20101351351351, "reusita": 99.32432432432432, "cnt": 148}, "BIOLOGIE VEGETALA SI ANIMALA": {"medie": 8.5, "reusita": 100.0, "cnt": 1}, "GENERAL": {"medie": 8.237725225225226, "reusita": 95.94594594594594, "cnt": 148}, "MATEMATICA MATE-INFO": {"medie": 7.198214285714286, "reusita": 100.0, "cnt": 28}, "ANATOMIE SI FIZIOLOGIE UMANA, GENETICA SI ECOLOGIE UMANA": {"medie": 8.596153846153847, "reusita": 92.3076923076923, "cnt": 13}, "ISTORIE": {"medie": 8.722131147540985, "reusita": 100.0, "cnt": 61}, "GEOGRAFIE": {"medie": 8.387500000000001, "reusita": 87.5, "cnt": 8}, "FIZICA TEO": {"medie": 5.935714285714285, "reusita": 85.71428571428571, "cnt": 7}, "CHIMIE ORGANICA TEO NIVEL I/II": {"medie": 7.45, "reusita": 100.0, "cnt": 3}, "LOGICA, ARGUMENTARE SI COMUNICARE": {"medie": 8.79427083333333, "reusita": 96.875, "cnt": 96}, "INFORMATICA MI C/C++": {"medie": 8.600000000000001, "reusita": 100.0, "cnt": 4}, "PSIHOLOGIE": {"medie": 8.604166666666666, "reusita": 100.0, "cnt": 12}, "ECONOMIE": {"medie": 7.700000000000001, "reusita": 100.0, "cnt": 4}, "MATEMATICA PED": {"medie": 7.5635593220339, "reusita": 96.61016949152543, "cnt": 59}}, "nume": "COLEGIUL NATIONAL PEDAGOGIC \"CONSTANTIN BRATESCU\" CONSTANTA\tConstan\u021ba"}