{"specializari": {"STIINTE SOCIALE": 62, "STIINTE ALE NATURII": 33, "TEHNICIAN IN ACTIVITATI ECONOMICE": 34, "FILOLOGIE": 31, "MATEMATICA-INFORMATICA": 26}, "limba_moderna": {"LIMBA ENGLEZA": 167, "LIMBA FRANCEZA": 19}, "limba_materna": {"LIMBA ROMANA": 186}, "promotie_anterioara": {"DA": 21, "NU": 165}, "materii": {"LIMBA ROMANA": {"medie": 7.863709677419358, "reusita": 97.31182795698925, "cnt": 186}, "MATEMATICA TEHN": {"medie": 7.821212121212124, "reusita": 97.05882352941177, "cnt": 34}, "GENERAL": {"medie": 7.826593806921677, "reusita": 85.48387096774194, "cnt": 186}, "MATEMATICA MATE-INFO": {"medie": 8.942307692307692, "reusita": 100.0, "cnt": 26}, "ANATOMIE SI FIZIOLOGIE UMANA, GENETICA SI ECOLOGIE UMANA": {"medie": 7.798571428571432, "reusita": 97.14285714285714, "cnt": 35}, "ISTORIE": {"medie": 7.241847826086958, "reusita": 94.6236559139785, "cnt": 93}, "GEOGRAFIE": {"medie": 8.101639344262292, "reusita": 96.7741935483871, "cnt": 62}, "MATEMATICA ST-NAT": {"medie": 6.2546875, "reusita": 81.81818181818183, "cnt": 33}, "FIZICA TEO": {"medie": 8.975, "reusita": 100.0, "cnt": 2}, "CHIMIE ORGANICA TEO NIVEL I/II": {"medie": 9.15, "reusita": 100.0, "cnt": 1}, "LOGICA, ARGUMENTARE SI COMUNICARE": {"medie": 7.099999999999999, "reusita": 66.66666666666666, "cnt": 3}, "INFORMATICA MI C/C++": {"medie": 8.792105263157897, "reusita": 100.0, "cnt": 19}, "PSIHOLOGIE": {"medie": 9.000000000000002, "reusita": 100.0, "cnt": 3}, "CHIMIE ANORGANICA TEO NIVEL I/II": {"medie": 8.575, "reusita": 100.0, "cnt": 2}, "SOCIOLOGIE": {"medie": 8.04237288135593, "reusita": 98.30508474576271, "cnt": 59}}, "nume": "COLEGIUL NATIONAL \"PETRU RARES\" BECLEAN\tBistri\u021ba-N\u0103s\u0103ud"}