{"specializari": {"MATEMATICA-INFORMATICA": 46, "STIINTE ALE NATURII": 32, "FILOLOGIE": 36, "STIINTE SOCIALE": 39}, "limba_moderna": {"LIMBA ENGLEZA": 153}, "limba_materna": {"LIMBA ROMANA": 153}, "promotie_anterioara": {"NU": 142, "DA": 11}, "materii": {"LIMBA ROMANA": {"medie": 8.284313725490197, "reusita": 98.69281045751634, "cnt": 153}, "BIOLOGIE VEGETALA SI ANIMALA": {"medie": 8.245000000000001, "reusita": 90.0, "cnt": 10}, "GENERAL": {"medie": 8.176252723311542, "reusita": 90.19607843137256, "cnt": 153}, "MATEMATICA MATE-INFO": {"medie": 6.798913043478261, "reusita": 84.78260869565217, "cnt": 46}, "ANATOMIE SI FIZIOLOGIE UMANA, GENETICA SI ECOLOGIE UMANA": {"medie": 8.23103448275862, "reusita": 100.0, "cnt": 29}, "ISTORIE": {"medie": 8.749333333333329, "reusita": 100.0, "cnt": 75}, "GEOGRAFIE": {"medie": 8.496153846153847, "reusita": 96.15384615384616, "cnt": 26}, "FILOSOFIE": {"medie": 7.5, "reusita": 100.0, "cnt": 2}, "MATEMATICA ST-NAT": {"medie": 7.309375, "reusita": 93.75, "cnt": 32}, "FIZICA TEO": {"medie": 2.8, "reusita": 0.0, "cnt": 1}, "CHIMIE ORGANICA TEO NIVEL I/II": {"medie": 8.45952380952381, "reusita": 95.23809523809523, "cnt": 21}, "LOGICA, ARGUMENTARE SI COMUNICARE": {"medie": 9.003846153846153, "reusita": 92.3076923076923, "cnt": 13}, "INFORMATICA MI C/C++": {"medie": 8.01875, "reusita": 93.75, "cnt": 16}, "PSIHOLOGIE": {"medie": 8.812500000000002, "reusita": 100.0, "cnt": 8}, "SOCIOLOGIE": {"medie": 8.465384615384615, "reusita": 100.0, "cnt": 26}, "INFORMATICA SN C/C++": {"medie": 9.1, "reusita": 100.0, "cnt": 1}}, "nume": "COLEGIUL NATIONAL \"IANCU DE HUNEDOARA\" HUNEDOARA\tHunedoara"}