{"specializari": {"MATEMATICA-INFORMATICA": 111, "STIINTE ALE NATURII": 32, "FILOLOGIE": 32, "STIINTE SOCIALE": 32}, "limba_moderna": {"LIMBA ENGLEZA": 163, "LIMBA FRANCEZA": 35, "LIMBA GERMANA MODERNA": 9}, "limba_materna": {"LIMBA ROMANA": 207}, "promotie_anterioara": {"DA": 4, "NU": 203}, "materii": {"LIMBA ROMANA": {"medie": 8.423543689320383, "reusita": 99.03381642512076, "cnt": 207}, "BIOLOGIE VEGETALA SI ANIMALA": {"medie": 8.848275862068967, "reusita": 96.66666666666667, "cnt": 30}, "GENERAL": {"medie": 8.418373983739839, "reusita": 95.65217391304348, "cnt": 207}, "MATEMATICA MATE-INFO": {"medie": 8.110454545454543, "reusita": 97.2972972972973, "cnt": 111}, "ANATOMIE SI FIZIOLOGIE UMANA, GENETICA SI ECOLOGIE UMANA": {"medie": 9.504545454545454, "reusita": 100.0, "cnt": 11}, "ISTORIE": {"medie": 8.48984375, "reusita": 100.0, "cnt": 64}, "GEOGRAFIE": {"medie": 9.170930232558137, "reusita": 100.0, "cnt": 43}, "MATEMATICA ST-NAT": {"medie": 7.422580645161291, "reusita": 96.875, "cnt": 32}, "FIZICA TEO": {"medie": 8.258620689655173, "reusita": 94.91525423728814, "cnt": 59}, "CHIMIE ORGANICA TEO NIVEL I/II": {"medie": 8.656666666666666, "reusita": 100.0, "cnt": 30}, "LOGICA, ARGUMENTARE SI COMUNICARE": {"medie": 8.691666666666668, "reusita": 100.0, "cnt": 6}, "INFORMATICA MI C/C++": {"medie": 7.584615384615385, "reusita": 100.0, "cnt": 13}, "PSIHOLOGIE": {"medie": 8.559999999999999, "reusita": 100.0, "cnt": 5}, "SOCIOLOGIE": {"medie": 9.8, "reusita": 100.0, "cnt": 2}, "ECONOMIE": {"medie": 9.1, "reusita": 100.0, "cnt": 8}}, "nume": "COLEGIUL NATIONAL \"VLAICU VODA\" CURTEA DE ARGES\tArge\u0219"}