{"specializari": {"MATEMATICA-INFORMATICA": 28, "STIINTE ALE NATURII": 29, "FILOLOGIE": 55, "STIINTE SOCIALE": 84}, "limba_moderna": {"LIMBA ENGLEZA": 194, "LIMBA FRANCEZA": 2}, "limba_materna": {"LIMBA ROMANA": 196}, "promotie_anterioara": {"NU": 192, "DA": 4}, "materii": {"LIMBA ROMANA": {"medie": 7.507948717948719, "reusita": 96.42857142857143, "cnt": 196}, "BIOLOGIE VEGETALA SI ANIMALA": {"medie": 5.6, "reusita": 100.0, "cnt": 1}, "GENERAL": {"medie": 7.3257264957265, "reusita": 77.55102040816327, "cnt": 196}, "MATEMATICA MATE-INFO": {"medie": 7.4678571428571425, "reusita": 85.71428571428571, "cnt": 28}, "ANATOMIE SI FIZIOLOGIE UMANA, GENETICA SI ECOLOGIE UMANA": {"medie": 8.103124999999999, "reusita": 90.625, "cnt": 32}, "ISTORIE": {"medie": 6.700000000000001, "reusita": 92.80575539568345, "cnt": 139}, "GEOGRAFIE": {"medie": 7.526744186046511, "reusita": 88.37209302325581, "cnt": 43}, "MATEMATICA ST-NAT": {"medie": 7.958620689655173, "reusita": 96.55172413793103, "cnt": 29}, "FIZICA TEO": {"medie": 8.4, "reusita": 100.0, "cnt": 5}, "CHIMIE ORGANICA TEO NIVEL I/II": {"medie": 8.416666666666666, "reusita": 100.0, "cnt": 6}, "LOGICA, ARGUMENTARE SI COMUNICARE": {"medie": 7.105263157894738, "reusita": 82.29166666666666, "cnt": 96}, "INFORMATICA MI C/C++": {"medie": 8.045, "reusita": 100.0, "cnt": 10}, "CHIMIE ANORGANICA TEO NIVEL I/II": {"medie": 6.833333333333333, "reusita": 100.0, "cnt": 3}}, "nume": "COLEGIUL NATIONAL \"GRIGORE GHICA\" DOROHOI\tBoto\u0219ani"}