{"specializari": {"FILOLOGIE": 116, "STIINTE ALE NATURII": 48, "MATEMATICA-INFORMATICA": 29, "TEHNICIAN IN INDUSTRIA TEXTILA": 11, "TEHNICIAN TRANSPORTURI": 40, "TEHNICIAN MECATRONIST": 2}, "limba_moderna": {"LIMBA ENGLEZA": 183, "LIMBA FRANCEZA": 63}, "limba_materna": {"LIMBA ROMANA": 207, "LIMBA UCRAINEANA": 39}, "promotie_anterioara": {"NU": 199, "DA": 47}, "materii": {"LIMBA ROMANA": {"medie": 6.982203389830508, "reusita": 89.02439024390245, "cnt": 246}, "MATEMATICA TEHN": {"medie": 4.120588235294116, "reusita": 43.39622641509434, "cnt": 53}, "BIOLOGIE VEGETALA SI ANIMALA": {"medie": 4.836170212765957, "reusita": 36.0, "cnt": 50}, "GENERAL": {"medie": 6.737968975468978, "reusita": 60.16260162601627, "cnt": 246}, "MATEMATICA MATE-INFO": {"medie": 5.8357142857142845, "reusita": 72.41379310344827, "cnt": 29}, "ANATOMIE SI FIZIOLOGIE UMANA, GENETICA SI ECOLOGIE UMANA": {"medie": 8.208064516129033, "reusita": 90.625, "cnt": 64}, "ISTORIE": {"medie": 6.43888888888889, "reusita": 81.89655172413794, "cnt": 116}, "GEOGRAFIE": {"medie": 7.191935483870966, "reusita": 84.84848484848484, "cnt": 33}, "MATEMATICA ST-NAT": {"medie": 7.204255319148936, "reusita": 85.41666666666666, "cnt": 48}, "FIZICA TEO": {"medie": 8.8, "reusita": 100.0, "cnt": 2}, "CHIMIE ORGANICA TEO NIVEL I/II": {"medie": 9.866666666666667, "reusita": 100.0, "cnt": 3}, "LOGICA, ARGUMENTARE SI COMUNICARE": {"medie": 7.316883116883116, "reusita": 80.72289156626506, "cnt": 83}, "INFORMATICA MI C/C++": {"medie": 6.183333333333333, "reusita": 83.33333333333334, "cnt": 6}, "CHIMIE ANORGANICA TEO NIVEL I/II": {"medie": 7.3, "reusita": 100.0, "cnt": 3}, "CHIMIE ORGANICA TEH NIVEL I/II": {"medie": 5.0, "reusita": 100.0, "cnt": 1}, "INFORMATICA SN C/C++": {"medie": 9.7, "reusita": 100.0, "cnt": 1}, "LIMBA UCRAINEANA": {"medie": 6.61842105263158, "reusita": 84.61538461538461, "cnt": 39}}, "nume": "COLEGIUL TEHNIC \"LATCU VODA\" SIRET\tSuceava"}