{"specializari": {"FILOLOGIE": 41, "STIINTE SOCIALE": 37, "STIINTE ALE NATURII": 23, "MATEMATICA-INFORMATICA": 85}, "limba_moderna": {"LIMBA ENGLEZA": 157, "LIMBA FRANCEZA": 16, "LIMBA SPANIOLA": 5, "LIMBA GERMANA MODERNA": 8}, "limba_materna": {"LIMBA ROMANA": 186}, "promotie_anterioara": {"NU": 168, "DA": 18}, "materii": {"LIMBA ROMANA": {"medie": 8.424324324324324, "reusita": 98.38709677419355, "cnt": 186}, "BIOLOGIE VEGETALA SI ANIMALA": {"medie": 10.0, "reusita": 100.0, "cnt": 1}, "GENERAL": {"medie": 8.195471014492758, "reusita": 87.09677419354838, "cnt": 186}, "MATEMATICA MATE-INFO": {"medie": 8.018452380952382, "reusita": 95.29411764705881, "cnt": 85}, "ANATOMIE SI FIZIOLOGIE UMANA, GENETICA SI ECOLOGIE UMANA": {"medie": 7.8807692307692285, "reusita": 87.5, "cnt": 40}, "ISTORIE": {"medie": 8.412179487179486, "reusita": 100.0, "cnt": 78}, "GEOGRAFIE": {"medie": 8.646774193548387, "reusita": 100.0, "cnt": 31}, "MATEMATICA ST-NAT": {"medie": 4.480434782608696, "reusita": 52.17391304347826, "cnt": 23}, "FIZICA TEO": {"medie": 9.1625, "reusita": 100.0, "cnt": 40}, "CHIMIE ORGANICA TEO NIVEL I/II": {"medie": 8.6875, "reusita": 91.66666666666666, "cnt": 12}, "LOGICA, ARGUMENTARE SI COMUNICARE": {"medie": 8.177586206896553, "reusita": 96.55172413793103, "cnt": 29}, "INFORMATICA MI C/C++": {"medie": 7.9923076923076914, "reusita": 92.85714285714286, "cnt": 14}, "PSIHOLOGIE": {"medie": 8.05, "reusita": 100.0, "cnt": 1}, "CHIMIE ANORGANICA TEO NIVEL I/II": {"medie": 9.85, "reusita": 100.0, "cnt": 1}, "SOCIOLOGIE": {"medie": 6.922222222222222, "reusita": 100.0, "cnt": 9}, "ECONOMIE": {"medie": 7.731249999999999, "reusita": 100.0, "cnt": 8}}, "nume": "COLEGIUL NATIONAL \"TRAIAN\"\tMehedin\u021bi"}