{"specializari": {"STIINTE ALE NATURII": 53, "MATEMATICA-INFORMATICA": 95, "FILOLOGIE": 113, "STIINTE SOCIALE": 30}, "limba_moderna": {"LIMBA ENGLEZA": 252, "LIMBA FRANCEZA": 22, "LIMBA GERMANA MODERNA": 17}, "limba_materna": {"LIMBA MAGHIARA": 84, "LIMBA ROMANA": 207}, "promotie_anterioara": {"NU": 279, "DA": 12}, "materii": {"LIMBA ROMANA": {"medie": 8.323620689655176, "reusita": 97.9381443298969, "cnt": 291}, "GENERAL": {"medie": 8.539195402298859, "reusita": 93.47079037800687, "cnt": 291}, "MATEMATICA MATE-INFO": {"medie": 7.44473684210526, "reusita": 90.52631578947368, "cnt": 95}, "ANATOMIE SI FIZIOLOGIE UMANA, GENETICA SI ECOLOGIE UMANA": {"medie": 9.075, "reusita": 98.61111111111111, "cnt": 72}, "ISTORIE": {"medie": 9.27605633802817, "reusita": 99.3006993006993, "cnt": 143}, "GEOGRAFIE": {"medie": 9.107692307692309, "reusita": 100.0, "cnt": 104}, "LIMBA MAGHIARA (REAL)": {"medie": 7.5534482758620705, "reusita": 100.0, "cnt": 58}, "FILOSOFIE": {"medie": 9.51, "reusita": 100.0, "cnt": 5}, "MATEMATICA ST-NAT": {"medie": 7.577358490566036, "reusita": 90.56603773584906, "cnt": 53}, "FIZICA TEO": {"medie": 8.075, "reusita": 100.0, "cnt": 2}, "CHIMIE ORGANICA TEO NIVEL I/II": {"medie": 8.739999999999998, "reusita": 100.0, "cnt": 5}, "LOGICA, ARGUMENTARE SI COMUNICARE": {"medie": 9.360869565217394, "reusita": 100.0, "cnt": 23}, "INFORMATICA MI C/C++": {"medie": 7.888405797101447, "reusita": 92.7536231884058, "cnt": 69}, "PSIHOLOGIE": {"medie": 7.7, "reusita": 100.0, "cnt": 1}, "SOCIOLOGIE": {"medie": 8.595, "reusita": 100.0, "cnt": 10}, "LIMBA MAGHIARA (UMAN)": {"medie": 8.569230769230769, "reusita": 100.0, "cnt": 26}}, "nume": "COLEGIUL NATIONAL \"MIHAI EMINESCU\" ORADEA\tBihor"}