{"specializari": {"MATEMATICA-INFORMATICA": 30, "TEHNICIAN IN ACTIVITATI ECONOMICE": 130, "TEHNICIAN IN ADMINISTRATIE": 27, "TEHNICIAN IN TURISM": 55, "TEHNICIAN IN GASTRONOMIE": 27, "ORGANIZATOR BANQUETING": 49, "TEHNICIAN IN ACTIVITATI DE COMERT": 26}, "limba_moderna": {"LIMBA FRANCEZA": 22, "LIMBA ENGLEZA": 322}, "limba_materna": {"LIMBA ROMANA": 344}, "promotie_anterioara": {"DA": 45, "NU": 299}, "materii": {"LIMBA ROMANA": {"medie": 6.4964809384164175, "reusita": 93.02325581395348, "cnt": 344}, "MATEMATICA TEHN": {"medie": 5.557928802588997, "reusita": 68.47133757961782, "cnt": 314}, "BIOLOGIE VEGETALA SI ANIMALA": {"medie": 3.7249999999999996, "reusita": 20.0, "cnt": 5}, "GENERAL": {"medie": 6.369361277445112, "reusita": 58.43023255813954, "cnt": 344}, "MATEMATICA MATE-INFO": {"medie": 4.751724137931035, "reusita": 50.0, "cnt": 30}, "ANATOMIE SI FIZIOLOGIE UMANA, GENETICA SI ECOLOGIE UMANA": {"medie": 7.533333333333334, "reusita": 100.0, "cnt": 3}, "GEOGRAFIE": {"medie": 7.014143426294825, "reusita": 85.43307086614173, "cnt": 254}, "FIZICA TEO": {"medie": 7.835714285714286, "reusita": 85.71428571428571, "cnt": 7}, "LOGICA, ARGUMENTARE SI COMUNICARE": {"medie": 7.740178571428571, "reusita": 86.20689655172413, "cnt": 58}, "INFORMATICA MI C/C++": {"medie": 6.925000000000001, "reusita": 100.0, "cnt": 8}, "PSIHOLOGIE": {"medie": 8.774999999999999, "reusita": 100.0, "cnt": 2}, "CHIMIE ANORGANICA TEO NIVEL I/II": {"medie": 5.699999999999999, "reusita": 57.14285714285714, "cnt": 7}}, "nume": "COLEGIUL ECONOMIC \"ION GHICA\" BACAU\tBac\u0103u"}