{"specializari": {"TEHNICIAN IN ACTIVITATI ECONOMICE": 176, "TEHNICIAN IN TURISM": 62}, "limba_moderna": {"LIMBA ENGLEZA": 196, "LIMBA FRANCEZA": 19, "LIMBA SPANIOLA": 18, "LIMBA CHINEZA": 4, "LIMBA TURCA MODERNA": 1}, "limba_materna": {"LIMBA ROMANA": 238}, "promotie_anterioara": {"NU": 224, "DA": 14}, "materii": {"LIMBA ROMANA": {"medie": 7.520168067226892, "reusita": 99.57983193277312, "cnt": 238}, "MATEMATICA TEHN": {"medie": 7.458227848101265, "reusita": 96.63865546218487, "cnt": 238}, "GENERAL": {"medie": 7.757454289732774, "reusita": 92.43697478991596, "cnt": 238}, "GEOGRAFIE": {"medie": 8.627071823204421, "reusita": 98.89502762430939, "cnt": 181}, "LOGICA, ARGUMENTARE SI COMUNICARE": {"medie": 8.142647058823528, "reusita": 100.0, "cnt": 34}, "PSIHOLOGIE": {"medie": 8.125, "reusita": 100.0, "cnt": 2}, "ECONOMIE": {"medie": 5.526190476190476, "reusita": 76.19047619047619, "cnt": 21}}, "nume": "COLEGIUL ECONOMIC \"A.D.XENOPOL\"\tBucure\u0219ti"}