{"specializari": {"TEHNICIAN IN ACTIVITATI ECONOMICE": 154, "COAFOR STILIST": 29, "TEHNICIAN IN TURISM": 73, "TEHNICIAN IN GASTRONOMIE": 32, "TEHNICIAN IN ADMINISTRATIE": 24, "TEHNICIAN IN ACTIVITATI DE COMERT": 24, "MATEMATICA-INFORMATICA": 55}, "limba_moderna": {"LIMBA FRANCEZA": 80, "LIMBA ENGLEZA": 311}, "limba_materna": {"LIMBA ROMANA": 391}, "promotie_anterioara": {"DA": 27, "NU": 364}, "materii": {"LIMBA ROMANA": {"medie": 7.671059431524545, "reusita": 98.20971867007673, "cnt": 391}, "MATEMATICA TEHN": {"medie": 6.357446808510639, "reusita": 79.16666666666666, "cnt": 336}, "GENERAL": {"medie": 7.390532286212908, "reusita": 78.00511508951406, "cnt": 391}, "MATEMATICA MATE-INFO": {"medie": 7.012727272727272, "reusita": 94.54545454545455, "cnt": 55}, "ANATOMIE SI FIZIOLOGIE UMANA, GENETICA SI ECOLOGIE UMANA": {"medie": 8.504999999999999, "reusita": 93.33333333333333, "cnt": 30}, "GEOGRAFIE": {"medie": 8.555459770114943, "reusita": 98.29545454545455, "cnt": 176}, "FIZICA TEO": {"medie": 5.0, "reusita": 100.0, "cnt": 1}, "CHIMIE ORGANICA TEO NIVEL I/II": {"medie": 7.8, "reusita": 100.0, "cnt": 1}, "LOGICA, ARGUMENTARE SI COMUNICARE": {"medie": 7.3020689655172415, "reusita": 84.76821192052981, "cnt": 151}, "INFORMATICA MI C/C++": {"medie": 7.736956521739131, "reusita": 95.65217391304348, "cnt": 23}, "PSIHOLOGIE": {"medie": 8.583333333333334, "reusita": 100.0, "cnt": 3}, "ECONOMIE": {"medie": 7.8500000000000005, "reusita": 100.0, "cnt": 6}}, "nume": "COLEGIUL ECONOMIC \"DIMITRIE CANTEMIR\" SUCEAVA\tSuceava"}