{"specializari": {"MATEMATICA-INFORMATICA": 51, "STIINTE ALE NATURII": 48, "FILOLOGIE": 56}, "limba_moderna": {"LIMBA ENGLEZA": 150, "LIMBA SPANIOLA": 5}, "limba_materna": {"LIMBA ROMANA": 155}, "promotie_anterioara": {"NU": 155}, "materii": {"LIMBA ROMANA": {"medie": 8.288064516129035, "reusita": 100.0, "cnt": 155}, "GENERAL": {"medie": 8.301075268817204, "reusita": 95.48387096774194, "cnt": 155}, "MATEMATICA MATE-INFO": {"medie": 7.222549019607842, "reusita": 94.11764705882352, "cnt": 51}, "ANATOMIE SI FIZIOLOGIE UMANA, GENETICA SI ECOLOGIE UMANA": {"medie": 8.906, "reusita": 100.0, "cnt": 50}, "ISTORIE": {"medie": 8.793750000000001, "reusita": 100.0, "cnt": 56}, "GEOGRAFIE": {"medie": 8.438095238095238, "reusita": 90.47619047619048, "cnt": 21}, "MATEMATICA ST-NAT": {"medie": 7.4468749999999995, "reusita": 95.83333333333334, "cnt": 48}, "FIZICA TEO": {"medie": 8.185714285714285, "reusita": 100.0, "cnt": 7}, "CHIMIE ORGANICA TEO NIVEL I/II": {"medie": 8.947058823529416, "reusita": 94.11764705882352, "cnt": 17}, "LOGICA, ARGUMENTARE SI COMUNICARE": {"medie": 8.352941176470589, "reusita": 100.0, "cnt": 17}, "INFORMATICA MI C/C++": {"medie": 8.541304347826088, "reusita": 100.0, "cnt": 23}, "PSIHOLOGIE": {"medie": 8.966666666666667, "reusita": 100.0, "cnt": 6}, "CHIMIE ANORGANICA TEO NIVEL I/II": {"medie": 9.375, "reusita": 100.0, "cnt": 2}, "SOCIOLOGIE": {"medie": 9.516666666666667, "reusita": 100.0, "cnt": 12}}, "nume": "COLEGIUL NATIONAL \"ELENA GHIBA BIRTA\" ARAD\tArad"}