{"specializari": {"FILOLOGIE": 63, "STIINTE ALE NATURII": 64, "MATEMATICA-INFORMATICA": 60}, "limba_moderna": {"LIMBA FRANCEZA": 35, "LIMBA ENGLEZA": 152}, "limba_materna": {"LIMBA ROMANA": 187}, "promotie_anterioara": {"DA": 14, "NU": 173}, "materii": {"LIMBA ROMANA": {"medie": 7.968817204301084, "reusita": 98.3957219251337, "cnt": 187}, "GENERAL": {"medie": 8.009189189189186, "reusita": 89.3048128342246, "cnt": 187}, "MATEMATICA MATE-INFO": {"medie": 6.601666666666669, "reusita": 88.33333333333333, "cnt": 60}, "ANATOMIE SI FIZIOLOGIE UMANA, GENETICA SI ECOLOGIE UMANA": {"medie": 8.741747572815536, "reusita": 99.02912621359224, "cnt": 103}, "ISTORIE": {"medie": 7.930952380952381, "reusita": 98.4126984126984, "cnt": 63}, "GEOGRAFIE": {"medie": 8.888524590163936, "reusita": 98.38709677419355, "cnt": 62}, "MATEMATICA ST-NAT": {"medie": 7.21796875, "reusita": 96.875, "cnt": 64}, "FIZICA TEO": {"medie": 9.375, "reusita": 100.0, "cnt": 2}, "CHIMIE ORGANICA TEO NIVEL I/II": {"medie": 9.530000000000001, "reusita": 100.0, "cnt": 5}, "LOGICA, ARGUMENTARE SI COMUNICARE": {"medie": 9.5, "reusita": 100.0, "cnt": 1}, "INFORMATICA MI C/C++": {"medie": 7.742857142857142, "reusita": 100.0, "cnt": 14}}, "nume": "COLEGIUL NATIONAL \"CALISTRAT HOGAS\", LOCALITATEA TECUCI\tGala\u021bi"}