{"specializari": {"INVATATOR - EDUCATOARE": 56, "MATEMATICA-INFORMATICA": 38, "FILOLOGIE": 31}, "limba_moderna": {"LIMBA ENGLEZA": 118, "LIMBA FRANCEZA": 4, "LIMBA RUSA": 3}, "limba_materna": {"LIMBA ROMANA": 125}, "promotie_anterioara": {"NU": 114, "DA": 11}, "materii": {"LIMBA ROMANA": {"medie": 7.7268000000000026, "reusita": 100.0, "cnt": 125}, "GENERAL": {"medie": 7.498655913978491, "reusita": 80.80000000000001, "cnt": 125}, "MATEMATICA MATE-INFO": {"medie": 5.108108108108108, "reusita": 65.78947368421053, "cnt": 38}, "ANATOMIE SI FIZIOLOGIE UMANA, GENETICA SI ECOLOGIE UMANA": {"medie": 7.992857142857142, "reusita": 96.55172413793103, "cnt": 29}, "ISTORIE": {"medie": 8.06774193548387, "reusita": 100.0, "cnt": 31}, "GEOGRAFIE": {"medie": 8.332999999999998, "reusita": 98.0, "cnt": 50}, "FILOSOFIE": {"medie": 9.9, "reusita": 100.0, "cnt": 4}, "LOGICA, ARGUMENTARE SI COMUNICARE": {"medie": 8.098214285714286, "reusita": 100.0, "cnt": 28}, "INFORMATICA MI C/C++": {"medie": 7.105555555555556, "reusita": 88.88888888888889, "cnt": 9}, "PSIHOLOGIE": {"medie": 8.3, "reusita": 100.0, "cnt": 5}, "MATEMATICA PED": {"medie": 6.753571428571429, "reusita": 91.07142857142857, "cnt": 56}}, "nume": "COLEGIUL NATIONAL \"REGELE FERDINAND\" SIGHETU MARMATIEI\tMaramure\u0219"}