{"specializari": {"FILOLOGIE": 65, "MATEMATICA-INFORMATICA": 114, "STIINTE ALE NATURII": 37, "MUZICA": 2}, "limba_moderna": {"LIMBA ENGLEZA": 201, "LIMBA FRANCEZA": 17}, "limba_materna": {"LIMBA ROMANA": 218}, "promotie_anterioara": {"NU": 167, "DA": 51}, "materii": {"LIMBA ROMANA": {"medie": 7.637327188940096, "reusita": 97.24770642201835, "cnt": 218}, "BIOLOGIE VEGETALA SI ANIMALA": {"medie": 5.4, "reusita": 50.0, "cnt": 2}, "GENERAL": {"medie": 7.41846635367762, "reusita": 71.55963302752293, "cnt": 218}, "MATEMATICA MATE-INFO": {"medie": 5.897297297297299, "reusita": 78.94736842105263, "cnt": 114}, "ANATOMIE SI FIZIOLOGIE UMANA, GENETICA SI ECOLOGIE UMANA": {"medie": 7.689615384615386, "reusita": 93.89312977099237, "cnt": 131}, "ISTORIE": {"medie": 8.575384615384616, "reusita": 94.02985074626866, "cnt": 67}, "GEOGRAFIE": {"medie": 8.876595744680852, "reusita": 91.83673469387756, "cnt": 49}, "FILOSOFIE": {"medie": 10.0, "reusita": 100.0, "cnt": 1}, "MATEMATICA ST-NAT": {"medie": 4.502702702702703, "reusita": 45.94594594594595, "cnt": 37}, "FIZICA TEO": {"medie": 8.807142857142857, "reusita": 100.0, "cnt": 7}, "LOGICA, ARGUMENTARE SI COMUNICARE": {"medie": 8.739999999999998, "reusita": 100.0, "cnt": 5}, "INFORMATICA MI C/C++": {"medie": 8.25909090909091, "reusita": 100.0, "cnt": 11}, "PSIHOLOGIE": {"medie": 9.385, "reusita": 100.0, "cnt": 10}, "SOCIOLOGIE": {"medie": 8.5, "reusita": 100.0, "cnt": 2}}, "nume": "COLEGIUL NATIONAL \"ANASTASESCU\" ROSIORI DE VEDE\tTeleorman"}