{"specializari": {"MATEMATICA-INFORMATICA": 24, "STIINTE SOCIALE": 31, "STIINTE ALE NATURII": 88, "FILOLOGIE": 61}, "limba_moderna": {"LIMBA ENGLEZA": 167, "LIMBA FRANCEZA": 31, "LIMBA RUSA": 6}, "limba_materna": {"LIMBA ROMANA": 204}, "promotie_anterioara": {"DA": 8, "NU": 196}, "materii": {"LIMBA ROMANA": {"medie": 7.817487684729068, "reusita": 99.01960784313727, "cnt": 204}, "GENERAL": {"medie": 7.9784653465346524, "reusita": 91.66666666666666, "cnt": 204}, "MATEMATICA MATE-INFO": {"medie": 8.152083333333334, "reusita": 100.0, "cnt": 24}, "ANATOMIE SI FIZIOLOGIE UMANA, GENETICA SI ECOLOGIE UMANA": {"medie": 8.58734939759036, "reusita": 97.61904761904762, "cnt": 84}, "ISTORIE": {"medie": 7.947802197802195, "reusita": 98.91304347826086, "cnt": 92}, "GEOGRAFIE": {"medie": 8.562962962962963, "reusita": 98.18181818181819, "cnt": 55}, "FILOSOFIE": {"medie": 6.5, "reusita": 100.0, "cnt": 1}, "MATEMATICA ST-NAT": {"medie": 7.06781609195402, "reusita": 92.04545454545455, "cnt": 88}, "FIZICA TEO": {"medie": 6.783333333333334, "reusita": 66.66666666666666, "cnt": 3}, "CHIMIE ORGANICA TEO NIVEL I/II": {"medie": 7.51875, "reusita": 75.0, "cnt": 8}, "LOGICA, ARGUMENTARE SI COMUNICARE": {"medie": 8.56896551724138, "reusita": 96.55172413793103, "cnt": 29}, "INFORMATICA MI C/C++": {"medie": 9.204166666666667, "reusita": 100.0, "cnt": 12}, "PSIHOLOGIE": {"medie": 7.9625, "reusita": 100.0, "cnt": 4}, "CHIMIE ANORGANICA TEO NIVEL I/II": {"medie": 7.175, "reusita": 75.0, "cnt": 4}, "SOCIOLOGIE": {"medie": 9.266666666666667, "reusita": 100.0, "cnt": 3}, "INFORMATICA SN C/C++": {"medie": 8.75, "reusita": 100.0, "cnt": 1}}, "nume": "COLEGIUL NATIONAL \"MIHAIL SADOVEANU\", PASCANI\tIa\u0219i"}