{"specializari": {"STIINTE ALE NATURII": 39, "TEHNICIAN IN ACTIVITATI DE COMERT": 8, "TEHNICIAN IN ACTIVITATI ECONOMICE": 37, "TEHNICIAN OPERATOR TEHNICA DE CALCUL": 2, "MATEMATICA-INFORMATICA": 19, "TEHNICIAN ELECTROMECANIC": 3, "STIINTE SOCIALE": 21, "TEHNICIAN MECANIC PENTRU INTRETINERE SI REPARATII": 2, "FILOLOGIE": 1}, "limba_moderna": {"LIMBA ENGLEZA": 132}, "limba_materna": {"LIMBA ROMANA": 132}, "promotie_anterioara": {"DA": 46, "NU": 86}, "materii": {"LIMBA ROMANA": {"medie": 6.701136363636364, "reusita": 96.21212121212122, "cnt": 132}, "MATEMATICA TEHN": {"medie": 5.2682692307692305, "reusita": 73.07692307692307, "cnt": 52}, "BIOLOGIE VEGETALA SI ANIMALA": {"medie": 3.6642857142857146, "reusita": 28.57142857142857, "cnt": 7}, "GENERAL": {"medie": 6.291085271317829, "reusita": 51.515151515151516, "cnt": 132}, "MATEMATICA MATE-INFO": {"medie": 4.219444444444444, "reusita": 36.84210526315789, "cnt": 19}, "ANATOMIE SI FIZIOLOGIE UMANA, GENETICA SI ECOLOGIE UMANA": {"medie": 6.573529411764706, "reusita": 81.13207547169812, "cnt": 53}, "ISTORIE": {"medie": 7.015909090909091, "reusita": 95.45454545454545, "cnt": 22}, "GEOGRAFIE": {"medie": 7.128846153846154, "reusita": 88.46153846153845, "cnt": 26}, "MATEMATICA ST-NAT": {"medie": 4.802631578947367, "reusita": 61.53846153846154, "cnt": 39}, "FIZICA TEO": {"medie": 9.35, "reusita": 100.0, "cnt": 1}, "LOGICA, ARGUMENTARE SI COMUNICARE": {"medie": 7.468292682926829, "reusita": 92.6829268292683, "cnt": 41}, "INFORMATICA MI C/C++": {"medie": 7.8, "reusita": 100.0, "cnt": 1}, "CHIMIE ANORGANICA TEO NIVEL I/II": {"medie": 7.1499999999999995, "reusita": 100.0, "cnt": 3}}, "nume": "COLEGIUL TEHNIC \"CONSTANTIN BRANCUSI\" PETRILA\tHunedoara"}