{"specializari": {"TEHNICIAN IN ACTIVITATI ECONOMICE": 39, "TEHNICIAN IN ACTIVITATI DE COMERT": 3, "TEHNICIAN MECATRONIST": 37, "TEHNICIAN ELECTRONIST": 24, "FILOLOGIE": 33, "MATEMATICA-INFORMATICA": 29, "STIINTE ALE NATURII": 23}, "limba_moderna": {"LIMBA ENGLEZA": 164, "LIMBA FRANCEZA": 24}, "limba_materna": {"LIMBA ROMANA": 188}, "promotie_anterioara": {"NU": 150, "DA": 38}, "materii": {"LIMBA ROMANA": {"medie": 6.640760869565219, "reusita": 87.2340425531915, "cnt": 188}, "MATEMATICA TEHN": {"medie": 4.045833333333333, "reusita": 39.80582524271845, "cnt": 103}, "BIOLOGIE VEGETALA SI ANIMALA": {"medie": 4.643396226415093, "reusita": 42.62295081967213, "cnt": 61}, "GENERAL": {"medie": 6.429026217228461, "reusita": 52.12765957446809, "cnt": 188}, "MATEMATICA MATE-INFO": {"medie": 7.843103448275863, "reusita": 96.55172413793103, "cnt": 29}, "ANATOMIE SI FIZIOLOGIE UMANA, GENETICA SI ECOLOGIE UMANA": {"medie": 8.786666666666665, "reusita": 100.0, "cnt": 45}, "ISTORIE": {"medie": 7.604545454545456, "reusita": 93.93939393939394, "cnt": 33}, "GEOGRAFIE": {"medie": 7.496268656716417, "reusita": 94.02985074626866, "cnt": 67}, "MATEMATICA ST-NAT": {"medie": 5.584782608695653, "reusita": 69.56521739130434, "cnt": 23}, "FIZICA TEO": {"medie": 8.84, "reusita": 100.0, "cnt": 5}, "INFORMATICA MI C/C++": {"medie": 8.3, "reusita": 100.0, "cnt": 2}, "PSIHOLOGIE": {"medie": 7.4375, "reusita": 87.5, "cnt": 8}}, "nume": "COLEGIUL \"MIHAI VITEAZUL\" INEU\tArad"}