{"specializari": {"TEHNICIAN IN TURISM": 33, "TEHNICIAN IN HOTELARIE": 21, "LICEU CU PROGRAM SPORTIV": 19, "MATEMATICA-INFORMATICA": 15, "TEHNICIAN TRANSPORTURI": 28, "TEHNICIAN ELECTRICIAN/ELECTRONIST AUTO": 18, "TEHNICIAN OPERATOR TEHNICA DE CALCUL": 3, "TEHNICIAN ELECTROTEHNIST": 2}, "limba_moderna": {"LIMBA ENGLEZA": 136, "LIMBA FRANCEZA": 3}, "limba_materna": {"LIMBA ROMANA": 139}, "promotie_anterioara": {"NU": 65, "DA": 74}, "materii": {"LIMBA ROMANA": {"medie": 5.936940298507462, "reusita": 82.73381294964028, "cnt": 139}, "MATEMATICA TEHN": {"medie": 4.38659793814433, "reusita": 51.42857142857142, "cnt": 105}, "BIOLOGIE VEGETALA SI ANIMALA": {"medie": 4.768888888888889, "reusita": 53.191489361702125, "cnt": 47}, "GENERAL": {"medie": 5.469553805774279, "reusita": 31.654676258992804, "cnt": 139}, "MATEMATICA MATE-INFO": {"medie": 3.2692307692307696, "reusita": 33.33333333333333, "cnt": 15}, "FIZICA TEH": {"medie": 3.5035714285714286, "reusita": 33.33333333333333, "cnt": 18}, "ISTORIE": {"medie": 6.010526315789474, "reusita": 89.47368421052632, "cnt": 19}, "GEOGRAFIE": {"medie": 6.9578571428571445, "reusita": 87.32394366197182, "cnt": 71}, "CHIMIE ORGANICA TEO NIVEL I/II": {"medie": 7.75, "reusita": 100.0, "cnt": 1}, "LOGICA, ARGUMENTARE SI COMUNICARE": {"medie": 10.0, "reusita": 50.0, "cnt": 2}}, "nume": "COLEGIUL TEHNIC \"IULIU MANIU\"\tBucure\u0219ti"}