{"specializari": {"STIINTE ALE NATURII": 120, "MATEMATICA-INFORMATICA": 25, "FILOLOGIE": 30, "STIINTE SOCIALE": 30}, "limba_moderna": {"LIMBA ENGLEZA": 203, "LIMBA FRANCEZA": 2}, "limba_materna": {"LIMBA ROMANA": 205}, "promotie_anterioara": {"NU": 184, "DA": 21}, "materii": {"LIMBA ROMANA": {"medie": 7.548048780487807, "reusita": 98.04878048780488, "cnt": 205}, "BIOLOGIE VEGETALA SI ANIMALA": {"medie": 5.8500000000000005, "reusita": 66.66666666666666, "cnt": 3}, "GENERAL": {"medie": 7.425163398692807, "reusita": 85.85365853658537, "cnt": 205}, "MATEMATICA MATE-INFO": {"medie": 6.992000000000001, "reusita": 88.0, "cnt": 25}, "ANATOMIE SI FIZIOLOGIE UMANA, GENETICA SI ECOLOGIE UMANA": {"medie": 7.748113207547168, "reusita": 96.22641509433963, "cnt": 106}, "ISTORIE": {"medie": 8.19, "reusita": 98.33333333333333, "cnt": 60}, "GEOGRAFIE": {"medie": 8.855, "reusita": 100.0, "cnt": 20}, "FILOSOFIE": {"medie": 8.65, "reusita": 100.0, "cnt": 1}, "MATEMATICA ST-NAT": {"medie": 6.390336134453783, "reusita": 88.33333333333333, "cnt": 120}, "FIZICA TEO": {"medie": 6.864285714285715, "reusita": 85.71428571428571, "cnt": 7}, "CHIMIE ORGANICA TEO NIVEL I/II": {"medie": 7.306250000000001, "reusita": 93.75, "cnt": 16}, "LOGICA, ARGUMENTARE SI COMUNICARE": {"medie": 7.9729166666666655, "reusita": 100.0, "cnt": 24}, "INFORMATICA MI C/C++": {"medie": 5.625, "reusita": 75.0, "cnt": 4}, "CHIMIE ANORGANICA TEO NIVEL I/II": {"medie": 7.581250000000001, "reusita": 100.0, "cnt": 8}, "SOCIOLOGIE": {"medie": 8.058333333333334, "reusita": 100.0, "cnt": 12}, "ECONOMIE": {"medie": 5.416666666666667, "reusita": 100.0, "cnt": 3}, "INFORMATICA SN C/C++": {"medie": 4.2, "reusita": 0.0, "cnt": 1}}, "nume": "COLEGIUL NATIONAL \"VICTOR BABES\"\tBucure\u0219ti"}