{"specializari": {"MATEMATICA-INFORMATICA": 64, "STIINTE ALE NATURII": 61, "FILOLOGIE": 32, "STIINTE SOCIALE": 28}, "limba_moderna": {"LIMBA FRANCEZA": 22, "LIMBA ENGLEZA": 163}, "limba_materna": {"LIMBA ROMANA": 185}, "promotie_anterioara": {"NU": 168, "DA": 17}, "materii": {"LIMBA ROMANA": {"medie": 7.931891891891889, "reusita": 98.91891891891892, "cnt": 185}, "GENERAL": {"medie": 8.111566484517303, "reusita": 89.72972972972974, "cnt": 185}, "MATEMATICA MATE-INFO": {"medie": 7.986507936507937, "reusita": 90.625, "cnt": 64}, "ANATOMIE SI FIZIOLOGIE UMANA, GENETICA SI ECOLOGIE UMANA": {"medie": 8.697826086956521, "reusita": 97.84946236559139, "cnt": 93}, "ISTORIE": {"medie": 8.612499999999999, "reusita": 100.0, "cnt": 60}, "GEOGRAFIE": {"medie": 8.497, "reusita": 100.0, "cnt": 50}, "MATEMATICA ST-NAT": {"medie": 6.954999999999999, "reusita": 86.88524590163934, "cnt": 61}, "FIZICA TEO": {"medie": 8.116666666666667, "reusita": 88.88888888888889, "cnt": 27}, "INFORMATICA MI C/C++": {"medie": 9.290000000000001, "reusita": 100.0, "cnt": 5}, "PSIHOLOGIE": {"medie": 7.8999999999999995, "reusita": 100.0, "cnt": 9}, "SOCIOLOGIE": {"medie": 7.05, "reusita": 100.0, "cnt": 1}}, "nume": "COLEGIUL NATIONAL\"GRIGORE MOISIL\" URZICENI\tIalomi\u021ba"}