{"specializari": {"INVATATOR - EDUCATOARE": 58, "STIINTE SOCIALE": 72, "INSTRUCTOR PENTRU ACTIVITATI EXTRASCOLARE": 5, "EDUCATOR-PUERICULTOR": 7}, "limba_moderna": {"LIMBA ENGLEZA": 117, "LIMBA GERMANA MODERNA": 25}, "limba_materna": {"LIMBA MAGHIARA": 74, "LIMBA ROMANA": 68}, "promotie_anterioara": {"NU": 119, "DA": 23}, "materii": {"LIMBA ROMANA": {"medie": 6.758865248226947, "reusita": 90.84507042253522, "cnt": 142}, "GENERAL": {"medie": 7.506028368794327, "reusita": 87.32394366197182, "cnt": 142}, "ISTORIE": {"medie": 7.329761904761904, "reusita": 97.61904761904762, "cnt": 84}, "GEOGRAFIE": {"medie": 8.196153846153845, "reusita": 98.29059829059828, "cnt": 117}, "FILOSOFIE": {"medie": 8.0, "reusita": 100.0, "cnt": 1}, "LOGICA, ARGUMENTARE SI COMUNICARE": {"medie": 8.057142857142857, "reusita": 95.23809523809523, "cnt": 21}, "PSIHOLOGIE": {"medie": 8.4, "reusita": 100.0, "cnt": 1}, "SOCIOLOGIE": {"medie": 7.875, "reusita": 100.0, "cnt": 2}, "MATEMATICA PED": {"medie": 7.499137931034483, "reusita": 98.27586206896551, "cnt": 58}, "LIMBA MAGHIARA (UMAN)": {"medie": 7.30608108108108, "reusita": 100.0, "cnt": 74}}, "nume": "COLEGIUL NATIONAL PEDAGOGIC \"MIHAI EMINESCU\" TIRGU MURES\tMure\u0219"}