{"specializari": {"MATEMATICA-INFORMATICA": 83, "STIINTE ALE NATURII": 30, "STIINTE SOCIALE": 29, "FILOLOGIE": 29}, "limba_moderna": {"LIMBA ENGLEZA": 140, "LIMBA FRANCEZA": 31}, "limba_materna": {"LIMBA ROMANA": 171}, "promotie_anterioara": {"NU": 169, "DA": 2}, "materii": {"LIMBA ROMANA": {"medie": 8.11058823529412, "reusita": 98.83040935672514, "cnt": 171}, "GENERAL": {"medie": 8.076134122287964, "reusita": 92.39766081871345, "cnt": 171}, "MATEMATICA MATE-INFO": {"medie": 7.126829268292681, "reusita": 90.36144578313254, "cnt": 83}, "ANATOMIE SI FIZIOLOGIE UMANA, GENETICA SI ECOLOGIE UMANA": {"medie": 8.198701298701298, "reusita": 98.71794871794873, "cnt": 78}, "ISTORIE": {"medie": 8.667543859649125, "reusita": 98.27586206896551, "cnt": 58}, "GEOGRAFIE": {"medie": 8.590909090909092, "reusita": 100.0, "cnt": 11}, "MATEMATICA ST-NAT": {"medie": 6.943333333333333, "reusita": 96.66666666666667, "cnt": 30}, "FIZICA TEO": {"medie": 8.744000000000002, "reusita": 100.0, "cnt": 25}, "CHIMIE ORGANICA TEO NIVEL I/II": {"medie": 9.61, "reusita": 100.0, "cnt": 5}, "LOGICA, ARGUMENTARE SI COMUNICARE": {"medie": 8.88888888888889, "reusita": 100.0, "cnt": 45}, "INFORMATICA MI C/C++": {"medie": 7.539999999999999, "reusita": 100.0, "cnt": 5}, "SOCIOLOGIE": {"medie": 8.3, "reusita": 100.0, "cnt": 2}}, "nume": "COLEGIUL NATIONAL \"NICOLAE IORGA\", ORASUL VALENII DE MUNTE\tPrahova"}