{"specializari": {"MATEMATICA-INFORMATICA": 91, "FILOLOGIE": 116, "STIINTE SOCIALE": 33, "STIINTE ALE NATURII": 63}, "limba_moderna": {"LIMBA ENGLEZA": 252, "LIMBA FRANCEZA": 49, "LIMBA GERMANA MODERNA": 2}, "limba_materna": {"LIMBA ROMANA": 303}, "promotie_anterioara": {"DA": 4, "NU": 299}, "materii": {"LIMBA ROMANA": {"medie": 8.31551155115511, "reusita": 100.0, "cnt": 303}, "BIOLOGIE VEGETALA SI ANIMALA": {"medie": 7.789583333333333, "reusita": 91.66666666666666, "cnt": 24}, "GENERAL": {"medie": 8.344829482948297, "reusita": 95.04950495049505, "cnt": 303}, "MATEMATICA MATE-INFO": {"medie": 7.746153846153846, "reusita": 97.8021978021978, "cnt": 91}, "ANATOMIE SI FIZIOLOGIE UMANA, GENETICA SI ECOLOGIE UMANA": {"medie": 8.438636363636364, "reusita": 100.0, "cnt": 22}, "ISTORIE": {"medie": 8.90671140939597, "reusita": 100.0, "cnt": 149}, "GEOGRAFIE": {"medie": 9.048484848484849, "reusita": 100.0, "cnt": 33}, "FILOSOFIE": {"medie": 10.0, "reusita": 100.0, "cnt": 1}, "MATEMATICA ST-NAT": {"medie": 7.922222222222225, "reusita": 98.4126984126984, "cnt": 63}, "FIZICA TEO": {"medie": 7.800000000000001, "reusita": 94.44444444444444, "cnt": 54}, "CHIMIE ORGANICA TEO NIVEL I/II": {"medie": 8.344117647058823, "reusita": 97.05882352941177, "cnt": 34}, "LOGICA, ARGUMENTARE SI COMUNICARE": {"medie": 8.573118279569895, "reusita": 95.6989247311828, "cnt": 93}, "INFORMATICA MI C/C++": {"medie": 8.120588235294116, "reusita": 100.0, "cnt": 17}, "PSIHOLOGIE": {"medie": 8.785, "reusita": 100.0, "cnt": 10}, "CHIMIE ANORGANICA TEO NIVEL I/II": {"medie": 9.3, "reusita": 100.0, "cnt": 1}, "SOCIOLOGIE": {"medie": 8.77, "reusita": 100.0, "cnt": 5}, "ECONOMIE": {"medie": 7.957142857142856, "reusita": 100.0, "cnt": 7}, "INFORMATICA SN C/C++": {"medie": 8.3, "reusita": 100.0, "cnt": 2}}, "nume": "COLEGIUL NATIONAL \"MIHAI EMINESCU\" MUNICIPIUL BUZAU\tBuz\u0103u"}