{"specializari": {"STIINTE ALE NATURII": 35, "MATEMATICA-INFORMATICA": 35, "FILOLOGIE": 33}, "limba_moderna": {"LIMBA ENGLEZA": 102, "LIMBA FRANCEZA": 1}, "limba_materna": {"LIMBA ROMANA": 103}, "promotie_anterioara": {"NU": 79, "DA": 24}, "materii": {"LIMBA ROMANA": {"medie": 7.167156862745098, "reusita": 98.05825242718447, "cnt": 103}, "BIOLOGIE VEGETALA SI ANIMALA": {"medie": 6.089285714285714, "reusita": 68.75, "cnt": 16}, "GENERAL": {"medie": 6.779461279461279, "reusita": 61.165048543689316, "cnt": 103}, "MATEMATICA MATE-INFO": {"medie": 4.298571428571428, "reusita": 42.857142857142854, "cnt": 35}, "ANATOMIE SI FIZIOLOGIE UMANA, GENETICA SI ECOLOGIE UMANA": {"medie": 7.5243243243243265, "reusita": 89.1891891891892, "cnt": 37}, "ISTORIE": {"medie": 7.953030303030303, "reusita": 96.96969696969697, "cnt": 33}, "GEOGRAFIE": {"medie": 7.6000000000000005, "reusita": 90.0, "cnt": 10}, "MATEMATICA ST-NAT": {"medie": 5.113636363636363, "reusita": 71.42857142857143, "cnt": 35}, "LOGICA, ARGUMENTARE SI COMUNICARE": {"medie": 8.52391304347826, "reusita": 100.0, "cnt": 23}, "INFORMATICA MI C/C++": {"medie": 6.070588235294117, "reusita": 82.35294117647058, "cnt": 17}}, "nume": "COLEGIUL NATIONAL \"MIRCEA ELIADE\" RESITA\tCara\u0219-Severin"}