{"specializari": {"MATEMATICA-INFORMATICA": 63, "STIINTE ALE NATURII": 95, "STIINTE SOCIALE": 65, "FILOLOGIE": 24}, "limba_moderna": {"LIMBA ENGLEZA": 212, "LIMBA GERMANA MODERNA": 23, "LIMBA FRANCEZA": 12}, "limba_materna": {"LIMBA ROMANA": 247}, "promotie_anterioara": {"NU": 240, "DA": 7}, "materii": {"LIMBA ROMANA": {"medie": 8.749392712550605, "reusita": 99.19028340080972, "cnt": 247}, "GENERAL": {"medie": 8.73719512195122, "reusita": 97.16599190283401, "cnt": 247}, "MATEMATICA MATE-INFO": {"medie": 8.872222222222222, "reusita": 98.4126984126984, "cnt": 63}, "ANATOMIE SI FIZIOLOGIE UMANA, GENETICA SI ECOLOGIE UMANA": {"medie": 9.456701030927835, "reusita": 100.0, "cnt": 97}, "ISTORIE": {"medie": 8.472471910112358, "reusita": 98.87640449438202, "cnt": 89}, "GEOGRAFIE": {"medie": 9.069230769230769, "reusita": 100.0, "cnt": 13}, "FILOSOFIE": {"medie": 8.5, "reusita": 100.0, "cnt": 2}, "MATEMATICA ST-NAT": {"medie": 7.621578947368421, "reusita": 97.89473684210527, "cnt": 95}, "FIZICA TEO": {"medie": 9.09, "reusita": 100.0, "cnt": 30}, "CHIMIE ORGANICA TEO NIVEL I/II": {"medie": 8.375, "reusita": 100.0, "cnt": 4}, "LOGICA, ARGUMENTARE SI COMUNICARE": {"medie": 9.013380281690136, "reusita": 98.59154929577466, "cnt": 71}, "INFORMATICA MI C/C++": {"medie": 9.051923076923078, "reusita": 96.29629629629629, "cnt": 27}, "SOCIOLOGIE": {"medie": 8.466666666666667, "reusita": 100.0, "cnt": 3}}, "nume": "COLEGIUL NATIONAL \"EUDOXIU HURMUZACHI\" RADAUTI\tSuceava"}