{"specializari": {"FILOLOGIE": 28, "INVATATOR - EDUCATOARE": 53, "STIINTE ALE NATURII": 31, "MATEMATICA-INFORMATICA": 26}, "limba_moderna": {"LIMBA ENGLEZA": 127, "LIMBA SPANIOLA": 7, "LIMBA GERMANA MODERNA": 4}, "limba_materna": {"LIMBA ROMANA": 115, "LIMBA MAGHIARA": 23}, "promotie_anterioara": {"NU": 133, "DA": 5}, "materii": {"LIMBA ROMANA": {"medie": 8.000724637681156, "reusita": 97.10144927536231, "cnt": 138}, "GENERAL": {"medie": 8.196014492753626, "reusita": 89.85507246376811, "cnt": 138}, "MATEMATICA MATE-INFO": {"medie": 7.540384615384614, "reusita": 96.15384615384616, "cnt": 26}, "ANATOMIE SI FIZIOLOGIE UMANA, GENETICA SI ECOLOGIE UMANA": {"medie": 8.911904761904763, "reusita": 100.0, "cnt": 42}, "ISTORIE": {"medie": 8.49642857142857, "reusita": 100.0, "cnt": 28}, "GEOGRAFIE": {"medie": 8.832894736842107, "reusita": 100.0, "cnt": 38}, "MATEMATICA ST-NAT": {"medie": 7.520967741935482, "reusita": 100.0, "cnt": 31}, "FIZICA TEO": {"medie": 8.25, "reusita": 100.0, "cnt": 1}, "CHIMIE ORGANICA TEO NIVEL I/II": {"medie": 9.341666666666667, "reusita": 100.0, "cnt": 6}, "LOGICA, ARGUMENTARE SI COMUNICARE": {"medie": 8.747500000000004, "reusita": 97.5, "cnt": 40}, "INFORMATICA MI C/C++": {"medie": 8.125, "reusita": 100.0, "cnt": 8}, "PSIHOLOGIE": {"medie": 7.3500000000000005, "reusita": 100.0, "cnt": 3}, "MATEMATICA PED": {"medie": 7.547169811320756, "reusita": 83.01886792452831, "cnt": 53}, "LIMBA MAGHIARA (UMAN)": {"medie": 7.441304347826088, "reusita": 95.65217391304348, "cnt": 23}}, "nume": "COLEGIUL NATIONAL \"IOSIF VULCAN\" ORADEA\tBihor"}