{"specializari": {"FILOLOGIE": 189, "EDUCATOR-PUERICULTOR": 25, "STIINTE SOCIALE": 34}, "limba_moderna": {"LIMBA ENGLEZA": 120, "LIMBA ITALIANA": 31, "LIMBA FRANCEZA": 53, "LIMBA SPANIOLA": 18, "LIMBA GERMANA MODERNA": 26}, "limba_materna": {"LIMBA ROMANA": 248}, "promotie_anterioara": {"NU": 239, "DA": 9}, "materii": {"LIMBA ROMANA": {"medie": 8.203441295546558, "reusita": 99.59677419354838, "cnt": 248}, "GENERAL": {"medie": 8.351016260162607, "reusita": 93.95161290322581, "cnt": 248}, "ISTORIE": {"medie": 8.381910569105688, "reusita": 98.38709677419355, "cnt": 248}, "GEOGRAFIE": {"medie": 8.333132530120482, "reusita": 98.79518072289156, "cnt": 83}, "FILOSOFIE": {"medie": 10.0, "reusita": 100.0, "cnt": 1}, "LOGICA, ARGUMENTARE SI COMUNICARE": {"medie": 8.527814569536423, "reusita": 96.05263157894737, "cnt": 152}, "PSIHOLOGIE": {"medie": 8.53888888888889, "reusita": 100.0, "cnt": 9}, "SOCIOLOGIE": {"medie": 5.7, "reusita": 100.0, "cnt": 2}, "ECONOMIE": {"medie": 7.15, "reusita": 100.0, "cnt": 1}}, "nume": "COLEGIUL NATIONAL \"MIHAI EMINESCU\" BAIA MARE\tMaramure\u0219"}