{"specializari": {"FILOLOGIE": 71, "MATEMATICA-INFORMATICA": 91, "STIINTE ALE NATURII": 66}, "limba_moderna": {"LIMBA ITALIANA": 55, "LIMBA ENGLEZA": 169, "LIMBA FRANCEZA": 4}, "limba_materna": {"LIMBA ROMANA": 200, "LIMBA ITALIANA": 28}, "promotie_anterioara": {"NU": 202, "DA": 26}, "materii": {"LIMBA ROMANA": {"medie": 8.0188596491228, "reusita": 99.12280701754386, "cnt": 228}, "BIOLOGIE VEGETALA SI ANIMALA": {"medie": 6.845454545454545, "reusita": 83.33333333333334, "cnt": 12}, "GENERAL": {"medie": 7.707837738619676, "reusita": 83.77192982456141, "cnt": 228}, "MATEMATICA MATE-INFO": {"medie": 6.096111111111111, "reusita": 81.31868131868131, "cnt": 91}, "ANATOMIE SI FIZIOLOGIE UMANA, GENETICA SI ECOLOGIE UMANA": {"medie": 8.071739130434782, "reusita": 97.82608695652173, "cnt": 92}, "ISTORIE": {"medie": 8.552112676056337, "reusita": 100.0, "cnt": 71}, "GEOGRAFIE": {"medie": 9.09615384615385, "reusita": 100.0, "cnt": 26}, "FILOSOFIE": {"medie": 8.5125, "reusita": 100.0, "cnt": 4}, "MATEMATICA ST-NAT": {"medie": 6.703030303030302, "reusita": 93.93939393939394, "cnt": 66}, "FIZICA TEO": {"medie": 6.620689655172413, "reusita": 82.75862068965517, "cnt": 29}, "CHIMIE ORGANICA TEO NIVEL I/II": {"medie": 7.557142857142857, "reusita": 85.71428571428571, "cnt": 7}, "LOGICA, ARGUMENTARE SI COMUNICARE": {"medie": 9.24375, "reusita": 100.0, "cnt": 8}, "INFORMATICA MI C/C++": {"medie": 7.126470588235294, "reusita": 88.23529411764706, "cnt": 17}, "PSIHOLOGIE": {"medie": 7.9625, "reusita": 100.0, "cnt": 4}, "SOCIOLOGIE": {"medie": 8.330357142857144, "reusita": 100.0, "cnt": 28}, "ECONOMIE": {"medie": 9.6, "reusita": 100.0, "cnt": 1}, "LIMBA ITALIANA": {"medie": 8.680357142857142, "reusita": 100.0, "cnt": 28}}, "nume": "LICEUL TEORETIC \"DANTE ALIGHIERI\"\tBucure\u0219ti"}