{"specializari": {"STIINTE SOCIALE": 34, "STIINTE ALE NATURII": 28, "FILOLOGIE": 34, "MATEMATICA-INFORMATICA": 37}, "limba_moderna": {"LIMBA ENGLEZA": 94, "LIMBA FRANCEZA": 39}, "limba_materna": {"LIMBA ROMANA": 133}, "promotie_anterioara": {"NU": 110, "DA": 23}, "materii": {"LIMBA ROMANA": {"medie": 7.6859848484848445, "reusita": 98.49624060150376, "cnt": 133}, "BIOLOGIE VEGETALA SI ANIMALA": {"medie": 5.883333333333334, "reusita": 79.16666666666666, "cnt": 24}, "GENERAL": {"medie": 7.501282051282053, "reusita": 74.43609022556392, "cnt": 133}, "MATEMATICA MATE-INFO": {"medie": 4.020833333333335, "reusita": 37.83783783783784, "cnt": 37}, "ANATOMIE SI FIZIOLOGIE UMANA, GENETICA SI ECOLOGIE UMANA": {"medie": 5.985714285714286, "reusita": 71.42857142857143, "cnt": 7}, "ISTORIE": {"medie": 8.250735294117645, "reusita": 100.0, "cnt": 68}, "GEOGRAFIE": {"medie": 8.675, "reusita": 100.0, "cnt": 18}, "MATEMATICA ST-NAT": {"medie": 7.822222222222223, "reusita": 92.85714285714286, "cnt": 28}, "INFORMATICA MI PASCAL": {"medie": 6.566666666666666, "reusita": 100.0, "cnt": 3}, "FIZICA TEO": {"medie": 9.35, "reusita": 100.0, "cnt": 1}, "CHIMIE ORGANICA TEO NIVEL I/II": {"medie": 8.588888888888889, "reusita": 100.0, "cnt": 9}, "LOGICA, ARGUMENTARE SI COMUNICARE": {"medie": 8.694791666666667, "reusita": 97.91666666666666, "cnt": 48}, "INFORMATICA MI C/C++": {"medie": 9.7, "reusita": 100.0, "cnt": 1}, "PSIHOLOGIE": {"medie": 9.75, "reusita": 100.0, "cnt": 2}, "CHIMIE ANORGANICA TEO NIVEL I/II": {"medie": 6.7575, "reusita": 80.0, "cnt": 20}}, "nume": "LICEUL TEORETIC \"GHEORGHE MUNTEANU MURGOCI\" MACIN\tTulcea"}