{"specializari": {"FILOLOGIE": 28}, "limba_moderna": {"LIMBA ENGLEZA": 28}, "limba_materna": {"LIMBA ROMANA": 28}, "promotie_anterioara": {"DA": 3, "NU": 25}, "materii": {"LIMBA ROMANA": {"medie": 7.371428571428572, "reusita": 92.85714285714286, "cnt": 28}, "GENERAL": {"medie": 7.950000000000001, "reusita": 82.14285714285714, "cnt": 28}, "ISTORIE": {"medie": 7.312499999999999, "reusita": 96.42857142857143, "cnt": 28}, "GEOGRAFIE": {"medie": 8.701923076923078, "reusita": 89.28571428571429, "cnt": 28}}, "nume": "LICEUL WALDORF TIMISOARA\tTimi\u0219"}