{"specializari": {"LICEU CU PROGRAM SPORTIV": 35, "STIINTE ALE NATURII": 39, "MATEMATICA-INFORMATICA": 23, "TEHNICIAN ELECTROMECANIC": 5, "TEHNICIAN MECATRONIST": 24, "FILOLOGIE": 31, "STIINTE SOCIALE": 40, "TEHNICIAN PRELUCRARI MECANICE": 1, "TEHNICIAN ECOLOG SI PROTECTIA CALITATII MEDIULUI": 25}, "limba_moderna": {"LIMBA ENGLEZA": 213, "LIMBA FRANCEZA": 9, "LIMBA GERMANA MODERNA": 1}, "limba_materna": {"LIMBA ROMANA": 223}, "promotie_anterioara": {"DA": 65, "NU": 158}, "materii": {"LIMBA ROMANA": {"medie": 5.978009259259254, "reusita": 82.51121076233184, "cnt": 223}, "MATEMATICA TEHN": {"medie": 3.163461538461539, "reusita": 25.454545454545453, "cnt": 55}, "BIOLOGIE VEGETALA SI ANIMALA": {"medie": 2.4648148148148152, "reusita": 6.896551724137931, "cnt": 29}, "GENERAL": {"medie": 5.639810426540285, "reusita": 38.56502242152467, "cnt": 223}, "MATEMATICA MATE-INFO": {"medie": 3.9261904761904765, "reusita": 30.434782608695656, "cnt": 23}, "ANATOMIE SI FIZIOLOGIE UMANA, GENETICA SI ECOLOGIE UMANA": {"medie": 6.05897435897436, "reusita": 69.87951807228916, "cnt": 83}, "ISTORIE": {"medie": 6.2462264150943385, "reusita": 85.84905660377359, "cnt": 106}, "GEOGRAFIE": {"medie": 6.869791666666668, "reusita": 82.29166666666666, "cnt": 96}, "MATEMATICA ST-NAT": {"medie": 3.397297297297296, "reusita": 20.51282051282051, "cnt": 39}, "INFORMATICA MI C/C++": {"medie": 5.425, "reusita": 100.0, "cnt": 4}, "PSIHOLOGIE": {"medie": 7.633333333333334, "reusita": 100.0, "cnt": 9}, "SOCIOLOGIE": {"medie": 6.0, "reusita": 100.0, "cnt": 1}, "CHIMIE ANORGANICA TEH NIVEL I/II": {"medie": "-", "reusita": 0.0, "cnt": 1}}, "nume": "LICEUL \"VOIEVODUL MIRCEA\" TARGOVISTE\tD\u00e2mbovi\u021ba"}