{"specializari": {"FILOLOGIE": 34, "TEHNICIAN PROIECTANT PRODUSE FINITE DIN LEMN": 2, "TEHNICIAN IN PRELUCRAREA LEMNULUI": 5, "MATEMATICA-INFORMATICA": 37, "STIINTE ALE NATURII": 2, "TEHNICIAN IN ACTIVITATI ECONOMICE": 12}, "limba_moderna": {"LIMBA ENGLEZA": 91, "LIMBA FRANCEZA": 1}, "limba_materna": {"LIMBA ROMANA": 71, "LIMBA MAGHIARA": 21}, "promotie_anterioara": {"NU": 61, "DA": 31}, "materii": {"LIMBA ROMANA": {"medie": 5.880555555555556, "reusita": 71.73913043478261, "cnt": 92}, "MATEMATICA TEHN": {"medie": 4.655555555555556, "reusita": 57.89473684210527, "cnt": 19}, "BIOLOGIE VEGETALA SI ANIMALA": {"medie": 5.516666666666667, "reusita": 73.33333333333333, "cnt": 15}, "GENERAL": {"medie": 6.1487215909090915, "reusita": 48.91304347826087, "cnt": 92}, "MATEMATICA MATE-INFO": {"medie": 4.477142857142857, "reusita": 54.054054054054056, "cnt": 37}, "ANATOMIE SI FIZIOLOGIE UMANA, GENETICA SI ECOLOGIE UMANA": {"medie": 7.426923076923075, "reusita": 100.0, "cnt": 26}, "FIZICA TEH": {"medie": 3.7750000000000004, "reusita": 50.0, "cnt": 2}, "ISTORIE": {"medie": 6.497058823529412, "reusita": 88.23529411764706, "cnt": 34}, "GEOGRAFIE": {"medie": 7.45978260869565, "reusita": 93.47826086956522, "cnt": 46}, "LIMBA MAGHIARA (REAL)": {"medie": 6.678571428571429, "reusita": 95.23809523809523, "cnt": 21}, "MATEMATICA ST-NAT": {"medie": 5.550000000000001, "reusita": 100.0, "cnt": 2}, "INFORMATICA MI PASCAL": {"medie": 5.2, "reusita": 100.0, "cnt": 1}, "INFORMATICA MI C/C++": {"medie": 7.0, "reusita": 100.0, "cnt": 2}}, "nume": "LICEUL TEHNOLOGIC TASNAD\tSatu-Mare"}