{"specializari": {"TEHNICIAN IN ACTIVITATI ECONOMICE": 60, "TEHNICIAN IN ACHIZITII SI CONTRACTARI": 35, "TEHNICIAN MECATRONIST": 18, "MATEMATICA-INFORMATICA": 30, "TEHNICIAN IN TURISM": 34, "TEHNICIAN DESENATOR PENTRU CONSTRUCTII SI INSTALATII": 3, "STIINTE ALE NATURII": 45}, "limba_moderna": {"LIMBA ENGLEZA": 216, "LIMBA FRANCEZA": 9}, "limba_materna": {"LIMBA ROMANA": 225}, "promotie_anterioara": {"NU": 187, "DA": 38}, "materii": {"LIMBA ROMANA": {"medie": 6.076457399103136, "reusita": 88.88888888888889, "cnt": 225}, "MATEMATICA TEHN": {"medie": 4.997297297297296, "reusita": 56.666666666666664, "cnt": 150}, "BIOLOGIE VEGETALA SI ANIMALA": {"medie": 3.3500000000000005, "reusita": 21.73913043478261, "cnt": 23}, "GENERAL": {"medie": 5.5902905198776764, "reusita": 36.44444444444444, "cnt": 225}, "MATEMATICA MATE-INFO": {"medie": 4.308333333333334, "reusita": 60.0, "cnt": 30}, "ANATOMIE SI FIZIOLOGIE UMANA, GENETICA SI ECOLOGIE UMANA": {"medie": 5.989516129032258, "reusita": 79.03225806451613, "cnt": 62}, "GEOGRAFIE": {"medie": 6.6049999999999995, "reusita": 83.33333333333334, "cnt": 30}, "MATEMATICA ST-NAT": {"medie": 3.4766666666666666, "reusita": 24.444444444444443, "cnt": 45}, "INFORMATICA MI PASCAL": {"medie": 7.327777777777778, "reusita": 100.0, "cnt": 9}, "FIZICA TEO": {"medie": 5.074999999999999, "reusita": 50.0, "cnt": 2}, "LOGICA, ARGUMENTARE SI COMUNICARE": {"medie": 6.359139784946238, "reusita": 67.70833333333334, "cnt": 96}, "PSIHOLOGIE": {"medie": 6.516666666666667, "reusita": 100.0, "cnt": 3}}, "nume": "LICEUL TEHNOLOGIC \"AL.IOAN CUZA\" SLOBOZIA\tIalomi\u021ba"}