{"specializari": {"LICEU CU PROGRAM SPORTIV": 30, "STIINTE ALE NATURII": 28, "STIINTE SOCIALE": 27}, "limba_moderna": {"LIMBA ENGLEZA": 85}, "limba_materna": {"LIMBA ROMANA": 85}, "promotie_anterioara": {"NU": 81, "DA": 4}, "materii": {"LIMBA ROMANA": {"medie": 7.355294117647056, "reusita": 97.6470588235294, "cnt": 85}, "GENERAL": {"medie": 7.593055555555556, "reusita": 82.35294117647058, "cnt": 85}, "ANATOMIE SI FIZIOLOGIE UMANA, GENETICA SI ECOLOGIE UMANA": {"medie": 9.404761904761903, "reusita": 100.0, "cnt": 21}, "ISTORIE": {"medie": 7.5553571428571455, "reusita": 94.73684210526315, "cnt": 57}, "GEOGRAFIE": {"medie": 7.5651515151515145, "reusita": 93.93939393939394, "cnt": 33}, "MATEMATICA ST-NAT": {"medie": 7.335714285714284, "reusita": 96.42857142857143, "cnt": 28}, "FIZICA TEO": {"medie": 8.4, "reusita": 100.0, "cnt": 3}, "LOGICA, ARGUMENTARE SI COMUNICARE": {"medie": 6.809523809523809, "reusita": 80.95238095238095, "cnt": 21}, "PSIHOLOGIE": {"medie": 8.983333333333333, "reusita": 100.0, "cnt": 3}, "CHIMIE ANORGANICA TEO NIVEL I/II": {"medie": 6.766666666666667, "reusita": 100.0, "cnt": 3}, "INFORMATICA SN C/C++": {"medie": 8.35, "reusita": 100.0, "cnt": 1}}, "nume": "LICEUL TEORETIC \"LIVIU REBREANU\" TURDA\tCluj"}