{"specializari": {"STIINTE SOCIALE": 57, "STIINTE ALE NATURII": 1}, "limba_moderna": {"LIMBA ENGLEZA": 38, "LIMBA SPANIOLA": 20}, "limba_materna": {"LIMBA ROMANA": 58}, "promotie_anterioara": {"NU": 54, "DA": 4}, "materii": {"LIMBA ROMANA": {"medie": 7.664912280701754, "reusita": 98.27586206896551, "cnt": 58}, "BIOLOGIE VEGETALA SI ANIMALA": {"medie": 5.75, "reusita": 100.0, "cnt": 1}, "GENERAL": {"medie": 7.820833333333335, "reusita": 79.3103448275862, "cnt": 58}, "ISTORIE": {"medie": 7.601754385964912, "reusita": 96.49122807017544, "cnt": 57}, "GEOGRAFIE": {"medie": 6.796153846153847, "reusita": 78.57142857142857, "cnt": 14}, "MATEMATICA ST-NAT": {"medie": 5.2, "reusita": 100.0, "cnt": 1}, "LOGICA, ARGUMENTARE SI COMUNICARE": {"medie": 8.536046511627909, "reusita": 97.67441860465115, "cnt": 43}}, "nume": "LICEUL TEORETIC \"EUGEN PORA\" CLUJ-NAPOCA\tCluj"}