{"specializari": {"LICEU CU PROGRAM SPORTIV": 98}, "limba_moderna": {"LIMBA ENGLEZA": 98}, "limba_materna": {"LIMBA ROMANA": 98}, "promotie_anterioara": {"NU": 83, "DA": 15}, "materii": {"LIMBA ROMANA": {"medie": 5.294210526315789, "reusita": 66.3265306122449, "cnt": 98}, "GENERAL": {"medie": 5.622517730496455, "reusita": 37.755102040816325, "cnt": 98}, "ISTORIE": {"medie": 5.661052631578945, "reusita": 76.53061224489795, "cnt": 98}, "GEOGRAFIE": {"medie": 6.396153846153848, "reusita": 79.1044776119403, "cnt": 67}, "LOGICA, ARGUMENTARE SI COMUNICARE": {"medie": 4.846551724137932, "reusita": 38.70967741935484, "cnt": 31}}, "nume": "LICEUL CU PROGRAM SPORTIV, MUNICIPIUL PIATRA-NEAMT\tNeam\u021b"}