{"specializari": {"LICEU CU PROGRAM SPORTIV": 93, "TEOLOGIE ORTODOXA": 1}, "limba_moderna": {"LIMBA ENGLEZA": 85, "LIMBA FRANCEZA": 9}, "limba_materna": {"LIMBA ROMANA": 94}, "promotie_anterioara": {"DA": 23, "NU": 71}, "materii": {"LIMBA ROMANA": {"medie": 6.08804347826087, "reusita": 86.17021276595744, "cnt": 94}, "GENERAL": {"medie": 6.716666666666668, "reusita": 69.14893617021278, "cnt": 94}, "ISTORIE": {"medie": 7.0641304347826095, "reusita": 87.2340425531915, "cnt": 94}, "GEOGRAFIE": {"medie": 6.943181818181818, "reusita": 85.55555555555556, "cnt": 90}, "LOGICA, ARGUMENTARE SI COMUNICARE": {"medie": 4.033333333333333, "reusita": 25.0, "cnt": 4}}, "nume": "LICEUL CU PROGRAM SPORTIV FOCSANI\tVrancea"}