{"specializari": {"TEHNICIAN IN ACTIVITATI ECONOMICE": 30, "TEHNICIAN IN PRELUCRAREA LEMNULUI": 6, "MATEMATICA-INFORMATICA": 29, "STIINTE SOCIALE": 33, "TEHNICIAN ECOLOG SI PROTECTIA CALITATII MEDIULUI": 26, "STIINTE ALE NATURII": 26, "TEHNICIAN IN INDUSTRIA TEXTILA": 1}, "limba_moderna": {"LIMBA ENGLEZA": 130, "LIMBA FRANCEZA": 21}, "limba_materna": {"LIMBA ROMANA": 151}, "promotie_anterioara": {"NU": 129, "DA": 22}, "materii": {"LIMBA ROMANA": {"medie": 6.561073825503353, "reusita": 88.0794701986755, "cnt": 151}, "MATEMATICA TEHN": {"medie": 4.6000000000000005, "reusita": 58.730158730158735, "cnt": 63}, "BIOLOGIE VEGETALA SI ANIMALA": {"medie": 2.8666666666666667, "reusita": 0.0, "cnt": 7}, "GENERAL": {"medie": 6.540589569160999, "reusita": 58.94039735099338, "cnt": 151}, "MATEMATICA MATE-INFO": {"medie": 7.63793103448276, "reusita": 96.55172413793103, "cnt": 29}, "ANATOMIE SI FIZIOLOGIE UMANA, GENETICA SI ECOLOGIE UMANA": {"medie": 6.888157894736843, "reusita": 80.51948051948052, "cnt": 77}, "ISTORIE": {"medie": 8.716666666666669, "reusita": 100.0, "cnt": 33}, "GEOGRAFIE": {"medie": 7.623529411764707, "reusita": 94.28571428571428, "cnt": 35}, "MATEMATICA ST-NAT": {"medie": 3.70576923076923, "reusita": 30.76923076923077, "cnt": 26}, "FIZICA TEO": {"medie": 6.266666666666667, "reusita": 66.66666666666666, "cnt": 3}, "LOGICA, ARGUMENTARE SI COMUNICARE": {"medie": 7.214999999999999, "reusita": 85.0, "cnt": 20}, "INFORMATICA MI C/C++": {"medie": 8.85, "reusita": 100.0, "cnt": 1}, "PSIHOLOGIE": {"medie": 9.7, "reusita": 100.0, "cnt": 1}, "SOCIOLOGIE": {"medie": 9.133333333333335, "reusita": 100.0, "cnt": 6}, "ECONOMIE": {"medie": 6.05, "reusita": 100.0, "cnt": 1}}, "nume": "LICEUL \"CAROL I\", ORAS BICAZ\tNeam\u021b"}