{"specializari": {"TEHNICIAN IN TURISM": 75, "FILOLOGIE": 34, "STIINTE ALE NATURII": 56, "STIINTE SOCIALE": 37, "MATEMATICA-INFORMATICA": 27}, "limba_moderna": {"LIMBA ENGLEZA": 197, "LIMBA FRANCEZA": 32}, "limba_materna": {"LIMBA ROMANA": 229}, "promotie_anterioara": {"DA": 34, "NU": 195}, "materii": {"LIMBA ROMANA": {"medie": 7.346052631578946, "reusita": 92.13973799126637, "cnt": 229}, "MATEMATICA TEHN": {"medie": 4.281756756756757, "reusita": 45.33333333333333, "cnt": 75}, "BIOLOGIE VEGETALA SI ANIMALA": {"medie": 8.34333333333333, "reusita": 97.77777777777777, "cnt": 45}, "GENERAL": {"medie": 7.139647577092513, "reusita": 68.5589519650655, "cnt": 229}, "MATEMATICA MATE-INFO": {"medie": 8.785185185185185, "reusita": 100.0, "cnt": 27}, "ANATOMIE SI FIZIOLOGIE UMANA, GENETICA SI ECOLOGIE UMANA": {"medie": 9.379999999999999, "reusita": 100.0, "cnt": 10}, "ISTORIE": {"medie": 8.115492957746477, "reusita": 98.59154929577466, "cnt": 71}, "GEOGRAFIE": {"medie": 6.812781954887218, "reusita": 87.4074074074074, "cnt": 135}, "MATEMATICA ST-NAT": {"medie": 6.616964285714284, "reusita": 85.71428571428571, "cnt": 56}, "FIZICA TEO": {"medie": 8.337499999999999, "reusita": 100.0, "cnt": 4}, "CHIMIE ORGANICA TEO NIVEL I/II": {"medie": 7.8725, "reusita": 95.0, "cnt": 20}, "LOGICA, ARGUMENTARE SI COMUNICARE": {"medie": 8.616666666666667, "reusita": 100.0, "cnt": 3}, "INFORMATICA MI C/C++": {"medie": 9.2, "reusita": 100.0, "cnt": 4}, "PSIHOLOGIE": {"medie": 8.225, "reusita": 100.0, "cnt": 6}, "ECONOMIE": {"medie": 9.399999999999999, "reusita": 100.0, "cnt": 2}}, "nume": "LICEUL TEORETIC \"I. C. BRATIANU\" HATEG\tHunedoara"}