{"specializari": {"TEHNICIAN PROIECTANT CAD": 12, "STIINTE ALE NATURII": 25, "TEHNICIAN IN INDUSTRIA TEXTILA": 6, "STIINTE SOCIALE": 30, "COAFOR STILIST": 1}, "limba_moderna": {"LIMBA ENGLEZA": 74}, "limba_materna": {"LIMBA ROMANA": 74}, "promotie_anterioara": {"NU": 56, "DA": 18}, "materii": {"LIMBA ROMANA": {"medie": 7.4837837837837835, "reusita": 98.64864864864865, "cnt": 74}, "MATEMATICA TEHN": {"medie": 3.7588235294117642, "reusita": 31.57894736842105, "cnt": 19}, "BIOLOGIE VEGETALA SI ANIMALA": {"medie": 4.699999999999999, "reusita": 38.88888888888889, "cnt": 18}, "GENERAL": {"medie": 6.839671361502348, "reusita": 55.4054054054054, "cnt": 74}, "ANATOMIE SI FIZIOLOGIE UMANA, GENETICA SI ECOLOGIE UMANA": {"medie": 7.417391304347827, "reusita": 91.66666666666666, "cnt": 24}, "ISTORIE": {"medie": 7.56, "reusita": 86.66666666666667, "cnt": 30}, "GEOGRAFIE": {"medie": 7.575, "reusita": 100.0, "cnt": 2}, "MATEMATICA ST-NAT": {"medie": 4.8708333333333345, "reusita": 44.0, "cnt": 25}, "FIZICA TEO": {"medie": 9.9, "reusita": 100.0, "cnt": 1}, "LOGICA, ARGUMENTARE SI COMUNICARE": {"medie": 8.541666666666664, "reusita": 94.44444444444444, "cnt": 18}, "SOCIOLOGIE": {"medie": 8.10909090909091, "reusita": 100.0, "cnt": 11}}, "nume": "LICEUL TEHNOLOGIC \"EREMIA GRIGORESCU\", ORAS TG.BUJOR\tGala\u021bi"}