{"specializari": {"STIINTE ALE NATURII": 21, "STIINTE SOCIALE": 28, "TEHNICIAN ZOOTEHNIST": 6, "FILOLOGIE": 26}, "limba_moderna": {"LIMBA ENGLEZA": 80, "LIMBA FRANCEZA": 1}, "limba_materna": {"LIMBA ROMANA": 81}, "promotie_anterioara": {"DA": 7, "NU": 74}, "materii": {"LIMBA ROMANA": {"medie": 7.052469135802471, "reusita": 91.35802469135803, "cnt": 81}, "MATEMATICA TEHN": {"medie": 2.63, "reusita": 16.666666666666664, "cnt": 6}, "GENERAL": {"medie": 7.002412280701752, "reusita": 67.90123456790124, "cnt": 81}, "ANATOMIE SI FIZIOLOGIE UMANA, GENETICA SI ECOLOGIE UMANA": {"medie": 7.216666666666666, "reusita": 77.77777777777779, "cnt": 27}, "ISTORIE": {"medie": 7.152777777777777, "reusita": 94.44444444444444, "cnt": 54}, "GEOGRAFIE": {"medie": 8.171153846153846, "reusita": 96.15384615384616, "cnt": 26}, "FILOSOFIE": {"medie": 9.6, "reusita": 100.0, "cnt": 1}, "MATEMATICA ST-NAT": {"medie": 4.722499999999999, "reusita": 52.38095238095239, "cnt": 21}, "LOGICA, ARGUMENTARE SI COMUNICARE": {"medie": 6.540909090909091, "reusita": 68.18181818181817, "cnt": 22}, "PSIHOLOGIE": {"medie": 6.959999999999999, "reusita": 100.0, "cnt": 5}}, "nume": "LICEUL TEORETIC \"LASCAR ROSETTI\", RADUCANENI\tIa\u0219i"}