{"specializari": {"TEHNICIAN MECANIC PENTRU INTRETINERE SI REPARATII": 8, "STIINTE SOCIALE": 31, "MATEMATICA-INFORMATICA": 23}, "limba_moderna": {"LIMBA ENGLEZA": 61, "LIMBA FRANCEZA": 1}, "limba_materna": {"LIMBA ROMANA": 62}, "promotie_anterioara": {"NU": 48, "DA": 14}, "materii": {"LIMBA ROMANA": {"medie": 5.9525862068965525, "reusita": 79.03225806451613, "cnt": 62}, "MATEMATICA TEHN": {"medie": 1.2285714285714282, "reusita": 0.0, "cnt": 8}, "BIOLOGIE VEGETALA SI ANIMALA": {"medie": 6.480769230769231, "reusita": 71.42857142857143, "cnt": 14}, "GENERAL": {"medie": 5.840178571428573, "reusita": 45.16129032258064, "cnt": 62}, "MATEMATICA MATE-INFO": {"medie": 4.121428571428572, "reusita": 43.47826086956522, "cnt": 23}, "ANATOMIE SI FIZIOLOGIE UMANA, GENETICA SI ECOLOGIE UMANA": {"medie": 7.38125, "reusita": 100.0, "cnt": 8}, "FIZICA TEH": {"medie": 2.5100000000000002, "reusita": 0.0, "cnt": 7}, "ISTORIE": {"medie": 5.737931034482758, "reusita": 77.41935483870968, "cnt": 31}, "GEOGRAFIE": {"medie": 7.965624999999999, "reusita": 83.33333333333334, "cnt": 18}, "FIZICA TEO": {"medie": 2.375, "reusita": 0.0, "cnt": 2}, "LOGICA, ARGUMENTARE SI COMUNICARE": {"medie": 7.830769230769231, "reusita": 92.3076923076923, "cnt": 13}}, "nume": "LICEUL TEHNOLOGIC \"STEFAN CEL MARE\" CAJVANA\tSuceava"}