{"specializari": {"COAFOR STILIST": 13, "LICEU CU PROGRAM SPORTIV": 30, "TEHNICIAN IN INDUSTRIA TEXTILA": 3, "TEHNICIAN DESIGNER VESTIMENTAR": 2, "TEHNICIAN IN INSTALATII ELECTRICE": 3}, "limba_moderna": {"LIMBA FRANCEZA": 14, "LIMBA ENGLEZA": 37}, "limba_materna": {"LIMBA ROMANA": 51}, "promotie_anterioara": {"NU": 26, "DA": 25}, "materii": {"LIMBA ROMANA": {"medie": 5.677083333333333, "reusita": 72.54901960784314, "cnt": 51}, "MATEMATICA TEHN": {"medie": 3.6357142857142852, "reusita": 47.61904761904761, "cnt": 21}, "BIOLOGIE VEGETALA SI ANIMALA": {"medie": 5.4399999999999995, "reusita": 57.14285714285714, "cnt": 7}, "GENERAL": {"medie": 5.502272727272728, "reusita": 29.411764705882355, "cnt": 51}, "ISTORIE": {"medie": 5.266666666666667, "reusita": 76.66666666666667, "cnt": 30}, "GEOGRAFIE": {"medie": 5.9844827586206915, "reusita": 76.66666666666667, "cnt": 30}, "PSIHOLOGIE": {"medie": 6.765384615384615, "reusita": 100.0, "cnt": 13}, "CHIMIE ANORGANICA TEH NIVEL I/II": {"medie": "-", "reusita": 0.0, "cnt": 1}}, "nume": "LICEUL TEHNOLOGIC \"SPIRU HARET\" TARGOVISTE\tD\u00e2mbovi\u021ba"}