{"specializari": {"FILOLOGIE": 39, "STIINTE ALE NATURII": 35, "MATEMATICA-INFORMATICA": 56}, "limba_moderna": {"LIMBA ENGLEZA": 123, "LIMBA FRANCEZA": 7}, "limba_materna": {"LIMBA ROMANA": 130}, "promotie_anterioara": {"DA": 8, "NU": 122}, "materii": {"LIMBA ROMANA": {"medie": 7.620769230769229, "reusita": 98.46153846153847, "cnt": 130}, "BIOLOGIE VEGETALA SI ANIMALA": {"medie": 6.1106060606060595, "reusita": 72.72727272727273, "cnt": 33}, "GENERAL": {"medie": 7.243333333333332, "reusita": 73.84615384615385, "cnt": 130}, "MATEMATICA MATE-INFO": {"medie": 7.411607142857143, "reusita": 92.85714285714286, "cnt": 56}, "ANATOMIE SI FIZIOLOGIE UMANA, GENETICA SI ECOLOGIE UMANA": {"medie": 7.3, "reusita": 100.0, "cnt": 1}, "ISTORIE": {"medie": 7.439743589743589, "reusita": 94.87179487179486, "cnt": 39}, "GEOGRAFIE": {"medie": 7.756944444444441, "reusita": 91.66666666666666, "cnt": 36}, "MATEMATICA ST-NAT": {"medie": 5.192857142857144, "reusita": 60.0, "cnt": 35}, "FIZICA TEO": {"medie": 7.646296296296299, "reusita": 94.44444444444444, "cnt": 54}, "CHIMIE ORGANICA TEO NIVEL I/II": {"medie": 9.649999999999999, "reusita": 100.0, "cnt": 2}, "INFORMATICA MI C/C++": {"medie": 9.9, "reusita": 100.0, "cnt": 1}, "SOCIOLOGIE": {"medie": 4.025, "reusita": 0.0, "cnt": 2}, "ECONOMIE": {"medie": 8.9, "reusita": 100.0, "cnt": 1}}, "nume": "LICEUL TEORETIC \"RADU VLADESCU\" ORAS PATARLAGELE\tBuz\u0103u"}