{"specializari": {"STIINTE ALE NATURII": 36, "TEHNICIAN ELECTROMECANIC": 37, "TEHNICIAN IN GASTRONOMIE": 10, "FILOLOGIE": 27, "TEHNICIAN MECATRONIST": 25, "TEHNICIAN MECANIC PENTRU INTRETINERE SI REPARATII": 3, "STIINTE SOCIALE": 1, "MATEMATICA-INFORMATICA": 25}, "limba_moderna": {"LIMBA ENGLEZA": 144, "LIMBA GERMANA MODERNA": 19, "LIMBA FRANCEZA": 1}, "limba_materna": {"LIMBA ROMANA": 164}, "promotie_anterioara": {"DA": 44, "NU": 120}, "materii": {"LIMBA ROMANA": {"medie": 7.1210691823899355, "reusita": 93.29268292682927, "cnt": 164}, "MATEMATICA TEHN": {"medie": 4.9652777777777795, "reusita": 65.33333333333333, "cnt": 75}, "BIOLOGIE VEGETALA SI ANIMALA": {"medie": 5.429166666666664, "reusita": 52.307692307692314, "cnt": 65}, "GENERAL": {"medie": 6.660860215053764, "reusita": 62.19512195121951, "cnt": 164}, "MATEMATICA MATE-INFO": {"medie": 6.898, "reusita": 80.0, "cnt": 25}, "ANATOMIE SI FIZIOLOGIE UMANA, GENETICA SI ECOLOGIE UMANA": {"medie": 7.529166666666666, "reusita": 95.91836734693877, "cnt": 49}, "ISTORIE": {"medie": 7.821428571428572, "reusita": 100.0, "cnt": 28}, "GEOGRAFIE": {"medie": 6.3425, "reusita": 85.0, "cnt": 20}, "MATEMATICA ST-NAT": {"medie": 5.811111111111111, "reusita": 80.55555555555556, "cnt": 36}, "LOGICA, ARGUMENTARE SI COMUNICARE": {"medie": 8.377777777777778, "reusita": 100.0, "cnt": 18}, "INFORMATICA MI C/C++": {"medie": 8.370833333333334, "reusita": 91.66666666666666, "cnt": 12}}, "nume": "LICEUL BANATEAN OTELU ROSU\tCara\u0219-Severin"}