{"specializari": {"MATEMATICA-INFORMATICA": 53, "STIINTE ALE NATURII": 59, "FILOLOGIE": 92, "STIINTE SOCIALE": 31}, "limba_moderna": {"LIMBA ENGLEZA": 225, "LIMBA FRANCEZA": 10}, "limba_materna": {"LIMBA ROMANA": 235}, "promotie_anterioara": {"NU": 190, "DA": 45}, "materii": {"LIMBA ROMANA": {"medie": 7.108119658119658, "reusita": 96.59574468085106, "cnt": 235}, "BIOLOGIE VEGETALA SI ANIMALA": {"medie": 5.68125, "reusita": 60.0, "cnt": 10}, "GENERAL": {"medie": 7.134064327485376, "reusita": 74.04255319148936, "cnt": 235}, "MATEMATICA MATE-INFO": {"medie": 5.404000000000002, "reusita": 69.81132075471697, "cnt": 53}, "ANATOMIE SI FIZIOLOGIE UMANA, GENETICA SI ECOLOGIE UMANA": {"medie": 7.251515151515151, "reusita": 92.7536231884058, "cnt": 69}, "ISTORIE": {"medie": 7.736991869918698, "reusita": 97.5609756097561, "cnt": 123}, "GEOGRAFIE": {"medie": 8.072368421052634, "reusita": 97.36842105263158, "cnt": 76}, "FILOSOFIE": {"medie": 7.62, "reusita": 100.0, "cnt": 5}, "MATEMATICA ST-NAT": {"medie": 6.063559322033898, "reusita": 84.7457627118644, "cnt": 59}, "FIZICA TEO": {"medie": 7.012499999999999, "reusita": 100.0, "cnt": 4}, "CHIMIE ORGANICA TEO NIVEL I/II": {"medie": 6.3125, "reusita": 75.0, "cnt": 4}, "LOGICA, ARGUMENTARE SI COMUNICARE": {"medie": 8.8, "reusita": 100.0, "cnt": 12}, "INFORMATICA MI C/C++": {"medie": 6.131818181818182, "reusita": 72.72727272727273, "cnt": 22}, "PSIHOLOGIE": {"medie": 7.800000000000001, "reusita": 100.0, "cnt": 9}, "CHIMIE ANORGANICA TEO NIVEL I/II": {"medie": 6.4, "reusita": 100.0, "cnt": 1}, "SOCIOLOGIE": {"medie": 6.5625, "reusita": 85.0, "cnt": 20}, "ECONOMIE": {"medie": 9.55, "reusita": 100.0, "cnt": 1}, "INFORMATICA SN C/C++": {"medie": 5.625, "reusita": 100.0, "cnt": 2}}, "nume": "LICEUL TEORETIC \"DIMITRIE BOLINTINEANU\"\tBucure\u0219ti"}