{"specializari": {"STIINTE ALE NATURII": 39, "FILOLOGIE": 42, "MATEMATICA-INFORMATICA": 21}, "limba_moderna": {"LIMBA ENGLEZA": 98, "LIMBA FRANCEZA": 4}, "limba_materna": {"LIMBA ROMANA": 102}, "promotie_anterioara": {"DA": 39, "NU": 63}, "materii": {"LIMBA ROMANA": {"medie": 6.0616161616161595, "reusita": 81.37254901960785, "cnt": 102}, "GENERAL": {"medie": 5.556914893617023, "reusita": 35.294117647058826, "cnt": 102}, "MATEMATICA MATE-INFO": {"medie": 2.565789473684211, "reusita": 23.809523809523807, "cnt": 21}, "ANATOMIE SI FIZIOLOGIE UMANA, GENETICA SI ECOLOGIE UMANA": {"medie": 5.010344827586208, "reusita": 60.0, "cnt": 60}, "ISTORIE": {"medie": 6.957692307692307, "reusita": 83.33333333333334, "cnt": 42}, "GEOGRAFIE": {"medie": 7.688709677419355, "reusita": 82.85714285714286, "cnt": 35}, "MATEMATICA ST-NAT": {"medie": 2.5368421052631582, "reusita": 17.94871794871795, "cnt": 39}, "PSIHOLOGIE": {"medie": 9.100000000000001, "reusita": 100.0, "cnt": 2}, "SOCIOLOGIE": {"medie": 7.75, "reusita": 100.0, "cnt": 5}}, "nume": "LICEUL TEORETIC \"NICOLAE JIGA\" TINCA\tBihor"}