{"specializari": {"FILOLOGIE": 31}, "limba_moderna": {"LIMBA ENGLEZA": 31}, "limba_materna": {"LIMBA ROMANA": 31}, "promotie_anterioara": {"NU": 20, "DA": 11}, "materii": {"LIMBA ROMANA": {"medie": 6.073999999999999, "reusita": 61.29032258064516, "cnt": 31}, "GENERAL": {"medie": 7.073484848484847, "reusita": 51.61290322580645, "cnt": 31}, "ISTORIE": {"medie": 7.002000000000002, "reusita": 74.19354838709677, "cnt": 31}, "GEOGRAFIE": {"medie": 7.566, "reusita": 76.66666666666667, "cnt": 30}, "ECONOMIE": {"medie": 9.4, "reusita": 100.0, "cnt": 1}}, "nume": "LICEUL TEORETIC \"NEW GENERATION SCHOOL\"\tBucure\u0219ti"}