{"specializari": {"TEHNICIAN IN ACTIVITATI ECONOMICE": 72, "FILOLOGIE": 69, "MATEMATICA-INFORMATICA": 31}, "limba_moderna": {"LIMBA ENGLEZA": 147, "LIMBA FRANCEZA": 25}, "limba_materna": {"LIMBA ROMANA": 172}, "promotie_anterioara": {"DA": 48, "NU": 124}, "materii": {"LIMBA ROMANA": {"medie": 6.009226190476191, "reusita": 80.81395348837209, "cnt": 172}, "MATEMATICA TEHN": {"medie": 4.807857142857145, "reusita": 58.333333333333336, "cnt": 72}, "BIOLOGIE VEGETALA SI ANIMALA": {"medie": 7.188888888888891, "reusita": 80.0, "cnt": 20}, "GENERAL": {"medie": 5.8928125, "reusita": 43.02325581395349, "cnt": 172}, "MATEMATICA MATE-INFO": {"medie": 5.4827586206896575, "reusita": 54.83870967741935, "cnt": 31}, "ANATOMIE SI FIZIOLOGIE UMANA, GENETICA SI ECOLOGIE UMANA": {"medie": 7.707142857142857, "reusita": 85.71428571428571, "cnt": 7}, "ISTORIE": {"medie": 5.207575757575754, "reusita": 63.76811594202898, "cnt": 69}, "GEOGRAFIE": {"medie": 6.383984375, "reusita": 70.37037037037037, "cnt": 135}, "INFORMATICA MI C/C++": {"medie": 7.2125, "reusita": 100.0, "cnt": 4}, "PSIHOLOGIE": {"medie": 5.25, "reusita": 100.0, "cnt": 1}, "SOCIOLOGIE": {"medie": 4.516666666666667, "reusita": 66.66666666666666, "cnt": 3}, "ECONOMIE": {"medie": 4.2, "reusita": 50.0, "cnt": 2}}, "nume": "LICEUL TEORETIC \"TRAIAN VUIA\" FAGET\tTimi\u0219"}