{"specializari": {"LICEU CU PROGRAM SPORTIV": 88}, "limba_moderna": {"LIMBA ENGLEZA": 88}, "limba_materna": {"LIMBA ROMANA": 88}, "promotie_anterioara": {"DA": 26, "NU": 62}, "materii": {"LIMBA ROMANA": {"medie": 5.700588235294116, "reusita": 80.68181818181817, "cnt": 88}, "GENERAL": {"medie": 5.84879518072289, "reusita": 43.18181818181818, "cnt": 88}, "ISTORIE": {"medie": 5.1370588235294115, "reusita": 61.36363636363637, "cnt": 88}, "GEOGRAFIE": {"medie": 6.649411764705883, "reusita": 78.4090909090909, "cnt": 88}}, "nume": "LICEUL CU PROGRAM SPORTIV ARAD\tArad"}