{"specializari": {"STIINTE SOCIALE": 172, "FILOLOGIE": 40, "MATEMATICA-INFORMATICA": 34}, "limba_moderna": {"LIMBA ENGLEZA": 228, "LIMBA FRANCEZA": 18}, "limba_materna": {"LIMBA ROMANA": 246}, "promotie_anterioara": {"NU": 159, "DA": 87}, "materii": {"LIMBA ROMANA": {"medie": 6.572995780590713, "reusita": 86.99186991869918, "cnt": 246}, "BIOLOGIE VEGETALA SI ANIMALA": {"medie": 5.8187500000000005, "reusita": 75.0, "cnt": 24}, "GENERAL": {"medie": 6.7186695278969975, "reusita": 59.34959349593496, "cnt": 246}, "MATEMATICA MATE-INFO": {"medie": 3.4558823529411757, "reusita": 26.47058823529412, "cnt": 34}, "ANATOMIE SI FIZIOLOGIE UMANA, GENETICA SI ECOLOGIE UMANA": {"medie": 7.62, "reusita": 83.33333333333334, "cnt": 6}, "ISTORIE": {"medie": 6.90955882352941, "reusita": 93.39622641509435, "cnt": 212}, "GEOGRAFIE": {"medie": 6.929310344827588, "reusita": 80.48780487804879, "cnt": 123}, "FILOSOFIE": {"medie": 5.550000000000001, "reusita": 50.0, "cnt": 2}, "LOGICA, ARGUMENTARE SI COMUNICARE": {"medie": 7.885714285714284, "reusita": 91.83673469387756, "cnt": 49}, "INFORMATICA MI C/C++": {"medie": 5.95, "reusita": 100.0, "cnt": 4}, "PSIHOLOGIE": {"medie": 6.9750000000000005, "reusita": 80.0, "cnt": 5}, "SOCIOLOGIE": {"medie": 7.439062500000001, "reusita": 87.87878787878788, "cnt": 33}}, "nume": "LICEUL TEORETIC \"DECEBAL\"\tBucure\u0219ti"}