{"specializari": {"TEHNICIAN IN GASTRONOMIE": 23, "TEHNICIAN IN ACTIVITATI ECONOMICE": 19, "STIINTE ALE NATURII": 6, "TEHNICIAN OPERATOR TEHNICA DE CALCUL": 13, "TEHNICIAN PROIECTANT CAD": 1}, "limba_moderna": {"LIMBA ENGLEZA": 62}, "limba_materna": {"LIMBA ROMANA": 61, "LIMBA MAGHIARA": 1}, "promotie_anterioara": {"NU": 42, "DA": 20}, "materii": {"LIMBA ROMANA": {"medie": 5.592622950819672, "reusita": 74.19354838709677, "cnt": 62}, "MATEMATICA TEHN": {"medie": 3.5509090909090917, "reusita": 28.57142857142857, "cnt": 56}, "BIOLOGIE VEGETALA SI ANIMALA": {"medie": 3.2357142857142853, "reusita": 28.57142857142857, "cnt": 14}, "GENERAL": {"medie": 5.119562146892655, "reusita": 22.58064516129032, "cnt": 62}, "ANATOMIE SI FIZIOLOGIE UMANA, GENETICA SI ECOLOGIE UMANA": {"medie": 5.716666666666666, "reusita": 83.33333333333334, "cnt": 6}, "GEOGRAFIE": {"medie": 7.0914634146341475, "reusita": 92.85714285714286, "cnt": 42}, "LIMBA MAGHIARA (REAL)": {"medie": 5.1, "reusita": 100.0, "cnt": 1}, "MATEMATICA ST-NAT": {"medie": 3.191666666666667, "reusita": 33.33333333333333, "cnt": 6}}, "nume": "LICEUL TEHNOLOGIC \"IULIU MANIU\" CAREI\tSatu-Mare"}