{"specializari": {"FILOLOGIE": 9, "MATEMATICA-INFORMATICA": 3}, "limba_moderna": {"LIMBA ENGLEZA": 12}, "limba_materna": {"LIMBA ROMANA": 12}, "promotie_anterioara": {"DA": 1, "NU": 11}, "materii": {"LIMBA ROMANA": {"medie": 6.731818181818183, "reusita": 91.66666666666666, "cnt": 12}, "GENERAL": {"medie": 6.874242424242424, "reusita": 58.333333333333336, "cnt": 12}, "MATEMATICA MATE-INFO": {"medie": 5.333333333333333, "reusita": 66.66666666666666, "cnt": 3}, "ANATOMIE SI FIZIOLOGIE UMANA, GENETICA SI ECOLOGIE UMANA": {"medie": 6.8500000000000005, "reusita": 66.66666666666666, "cnt": 3}, "ISTORIE": {"medie": 7.262499999999999, "reusita": 77.77777777777779, "cnt": 9}, "GEOGRAFIE": {"medie": 5.666666666666667, "reusita": 50.0, "cnt": 4}, "LOGICA, ARGUMENTARE SI COMUNICARE": {"medie": 8.983333333333333, "reusita": 100.0, "cnt": 3}, "PSIHOLOGIE": {"medie": 7.1, "reusita": 50.0, "cnt": 2}}, "nume": "LICEUL TEORETIC \"MARK TWAIN INTERNATIONAL SCHOOL\" VOLUNTARI\tIlfov"}