{"specializari": {"ARHITECTURA, ARTE AMBIENTALE SI DESIGN": 28, "ARTE PLASTICE SI DECORATIVE": 67}, "limba_moderna": {"LIMBA ENGLEZA": 82, "LIMBA FRANCEZA": 13}, "limba_materna": {"LIMBA ROMANA": 95}, "promotie_anterioara": {"NU": 82, "DA": 13}, "materii": {"LIMBA ROMANA": {"medie": 6.991052631578951, "reusita": 97.89473684210527, "cnt": 95}, "GENERAL": {"medie": 7.255087719298245, "reusita": 76.84210526315789, "cnt": 95}, "ISTORIE": {"medie": 7.319999999999998, "reusita": 96.84210526315789, "cnt": 95}, "GEOGRAFIE": {"medie": 7.817307692307693, "reusita": 100.0, "cnt": 26}, "FILOSOFIE": {"medie": 6.75, "reusita": 100.0, "cnt": 2}, "LOGICA, ARGUMENTARE SI COMUNICARE": {"medie": 6.984146341463417, "reusita": 70.73170731707317, "cnt": 41}, "PSIHOLOGIE": {"medie": 7.886538461538461, "reusita": 100.0, "cnt": 26}}, "nume": "LICEUL DE ARTE VIZUALE \"ROMULUS LADEA\" CLUJ-NAPOCA\tCluj"}