{"specializari": {"STIINTE ALE NATURII": 35, "FILOLOGIE": 66, "LICEU CU PROGRAM SPORTIV": 59, "TEHNICIAN IN TURISM": 32, "MATEMATICA-INFORMATICA": 4, "TEHNICIAN PROIECTANT CAD": 1, "TEHNICIAN INSTALATII DE BORD (AVION)": 1}, "limba_moderna": {"LIMBA ENGLEZA": 189, "LIMBA FRANCEZA": 9}, "limba_materna": {"LIMBA ROMANA": 198}, "promotie_anterioara": {"NU": 126, "DA": 72}, "materii": {"LIMBA ROMANA": {"medie": 5.275263157894738, "reusita": 63.63636363636363, "cnt": 198}, "MATEMATICA TEHN": {"medie": 3.3578124999999996, "reusita": 32.35294117647059, "cnt": 34}, "BIOLOGIE VEGETALA SI ANIMALA": {"medie": 3.9460000000000006, "reusita": 33.33333333333333, "cnt": 27}, "GENERAL": {"medie": 5.2347069597069575, "reusita": 28.78787878787879, "cnt": 198}, "MATEMATICA MATE-INFO": {"medie": 3.0, "reusita": 25.0, "cnt": 4}, "ANATOMIE SI FIZIOLOGIE UMANA, GENETICA SI ECOLOGIE UMANA": {"medie": 5.204545454545455, "reusita": 53.84615384615385, "cnt": 13}, "FIZICA TEH": {"medie": 1.4, "reusita": 0.0, "cnt": 1}, "ISTORIE": {"medie": 5.560483870967742, "reusita": 72.0, "cnt": 125}, "GEOGRAFIE": {"medie": 6.128968253968254, "reusita": 75.96899224806202, "cnt": 129}, "MATEMATICA ST-NAT": {"medie": 1.8942307692307692, "reusita": 8.571428571428571, "cnt": 35}, "LOGICA, ARGUMENTARE SI COMUNICARE": {"medie": 4.691666666666666, "reusita": 50.0, "cnt": 6}, "SOCIOLOGIE": {"medie": 6.636842105263159, "reusita": 73.68421052631578, "cnt": 19}, "ECONOMIE": {"medie": 3.7999999999999994, "reusita": 33.33333333333333, "cnt": 3}}, "nume": "LICEUL TEORETIC \"MIHAIL KOGALNICEANU\" SNAGOV\tIlfov"}