{"specializari": {"TEHNICIAN MECANIC PENTRU INTRETINERE SI REPARATII": 4, "TEHNICIAN HORTICULTOR": 10}, "limba_moderna": {"LIMBA ENGLEZA": 14}, "limba_materna": {"LIMBA ROMANA": 14}, "promotie_anterioara": {"DA": 5, "NU": 9}, "materii": {"LIMBA ROMANA": {"medie": 5.3538461538461535, "reusita": 85.71428571428571, "cnt": 14}, "MATEMATICA TEHN": {"medie": 3.069230769230769, "reusita": 21.428571428571427, "cnt": 14}, "BIOLOGIE VEGETALA SI ANIMALA": {"medie": 4.065, "reusita": 18.181818181818183, "cnt": 11}, "GENERAL": {"medie": 4.004166666666666, "reusita": 7.142857142857142, "cnt": 14}, "CHIMIE ANORGANICA TEH NIVEL I/II": {"medie": 4.066666666666666, "reusita": 33.33333333333333, "cnt": 3}}, "nume": "LICEUL TEHNOLOGIC LECHINTA\tBistri\u021ba-N\u0103s\u0103ud"}