{"specializari": {"TEHNICIAN IN INDUSTRIA TEXTILA": 15}, "limba_moderna": {"LIMBA ENGLEZA": 15}, "limba_materna": {"LIMBA ROMANA": 15}, "promotie_anterioara": {"NU": 10, "DA": 5}, "materii": {"LIMBA ROMANA": {"medie": 5.331818181818182, "reusita": 46.666666666666664, "cnt": 15}, "MATEMATICA TEHN": {"medie": 3.6772727272727277, "reusita": 26.666666666666668, "cnt": 15}, "BIOLOGIE VEGETALA SI ANIMALA": {"medie": 5.195454545454545, "reusita": 53.333333333333336, "cnt": 15}, "GENERAL": {"medie": 4.734848484848484, "reusita": 13.333333333333334, "cnt": 15}}, "nume": "LICEUL TEHNOLOGIC \"VASILE GHERASIM\" MARGINEA\tSuceava"}