{"specializari": {"MATEMATICA-INFORMATICA": 31, "STIINTE ALE NATURII": 59, "STIINTE SOCIALE": 64, "FILOLOGIE": 66}, "limba_moderna": {"LIMBA ENGLEZA": 213, "LIMBA FRANCEZA": 7}, "limba_materna": {"LIMBA ROMANA": 220}, "promotie_anterioara": {"NU": 181, "DA": 39}, "materii": {"LIMBA ROMANA": {"medie": 6.54771689497717, "reusita": 95.9090909090909, "cnt": 220}, "BIOLOGIE VEGETALA SI ANIMALA": {"medie": 5.455555555555556, "reusita": 88.88888888888889, "cnt": 9}, "GENERAL": {"medie": 6.675688073394493, "reusita": 65.9090909090909, "cnt": 220}, "MATEMATICA MATE-INFO": {"medie": 5.481666666666667, "reusita": 70.96774193548387, "cnt": 31}, "ANATOMIE SI FIZIOLOGIE UMANA, GENETICA SI ECOLOGIE UMANA": {"medie": 7.15909090909091, "reusita": 88.05970149253731, "cnt": 67}, "ISTORIE": {"medie": 7.11153846153846, "reusita": 97.6923076923077, "cnt": 130}, "GEOGRAFIE": {"medie": 7.687142857142858, "reusita": 94.28571428571428, "cnt": 35}, "MATEMATICA ST-NAT": {"medie": 4.849137931034483, "reusita": 57.6271186440678, "cnt": 59}, "FIZICA TEO": {"medie": 6.83, "reusita": 80.0, "cnt": 5}, "CHIMIE ORGANICA TEO NIVEL I/II": {"medie": 6.790000000000001, "reusita": 100.0, "cnt": 5}, "LOGICA, ARGUMENTARE SI COMUNICARE": {"medie": 7.559375, "reusita": 96.875, "cnt": 32}, "INFORMATICA MI C/C++": {"medie": 7.066666666666666, "reusita": 100.0, "cnt": 3}, "SOCIOLOGIE": {"medie": 7.094354838709675, "reusita": 95.16129032258065, "cnt": 62}, "ECONOMIE": {"medie": 5.25, "reusita": 100.0, "cnt": 1}, "INFORMATICA SN C/C++": {"medie": 5.0, "reusita": 100.0, "cnt": 1}}, "nume": "LICEUL TEORETIC \"C-TIN BRANCOVEANU\"\tBucure\u0219ti"}