{"specializari": {"TEHNICIAN ELECTROTEHNIST": 22, "MATEMATICA-INFORMATICA": 46}, "limba_moderna": {"LIMBA ENGLEZA": 64, "LIMBA FRANCEZA": 4}, "limba_materna": {"LIMBA ROMANA": 68}, "promotie_anterioara": {"NU": 31, "DA": 37}, "materii": {"LIMBA ROMANA": {"medie": 5.107499999999999, "reusita": 58.82352941176471, "cnt": 68}, "MATEMATICA TEHN": {"medie": 3.7562500000000005, "reusita": 36.36363636363637, "cnt": 22}, "BIOLOGIE VEGETALA SI ANIMALA": {"medie": 4.563157894736842, "reusita": 31.03448275862069, "cnt": 29}, "GENERAL": {"medie": 4.611231884057971, "reusita": 19.11764705882353, "cnt": 68}, "MATEMATICA MATE-INFO": {"medie": 3.174285714285714, "reusita": 26.08695652173913, "cnt": 46}, "ANATOMIE SI FIZIOLOGIE UMANA, GENETICA SI ECOLOGIE UMANA": {"medie": 5.510000000000002, "reusita": 44.73684210526316, "cnt": 38}, "FIZICA TEO": {"medie": 8.95, "reusita": 100.0, "cnt": 1}}, "nume": "LICEUL TEHNOLOGIC NR.1 SUNCUIUS\tBihor"}