{"specializari": {"STIINTE ALE NATURII": 31, "FILOLOGIE": 67, "MATEMATICA-INFORMATICA": 33}, "limba_moderna": {"LIMBA FRANCEZA": 28, "LIMBA ENGLEZA": 99, "LIMBA GERMANA MODERNA": 4}, "limba_materna": {"LIMBA ROMANA": 131}, "promotie_anterioara": {"DA": 7, "NU": 124}, "materii": {"LIMBA ROMANA": {"medie": 8.246538461538462, "reusita": 96.94656488549617, "cnt": 131}, "BIOLOGIE VEGETALA SI ANIMALA": {"medie": 7.59375, "reusita": 77.77777777777779, "cnt": 9}, "GENERAL": {"medie": 7.937984496124033, "reusita": 86.25954198473282, "cnt": 131}, "MATEMATICA MATE-INFO": {"medie": 6.522727272727273, "reusita": 87.87878787878788, "cnt": 33}, "ANATOMIE SI FIZIOLOGIE UMANA, GENETICA SI ECOLOGIE UMANA": {"medie": 8.026923076923076, "reusita": 100.0, "cnt": 13}, "ISTORIE": {"medie": 8.424999999999999, "reusita": 98.50746268656717, "cnt": 67}, "MATEMATICA ST-NAT": {"medie": 7.159999999999998, "reusita": 93.54838709677419, "cnt": 31}, "FIZICA TEO": {"medie": 6.841666666666666, "reusita": 83.33333333333334, "cnt": 18}, "CHIMIE ORGANICA TEO NIVEL I/II": {"medie": 7.458333333333333, "reusita": 83.33333333333334, "cnt": 6}, "LOGICA, ARGUMENTARE SI COMUNICARE": {"medie": 8.357575757575757, "reusita": 92.53731343283582, "cnt": 67}, "INFORMATICA MI C/C++": {"medie": 7.479166666666665, "reusita": 100.0, "cnt": 12}, "CHIMIE ANORGANICA TEO NIVEL I/II": {"medie": 6.3, "reusita": 100.0, "cnt": 3}, "INFORMATICA SN C/C++": {"medie": 7.8500000000000005, "reusita": 100.0, "cnt": 3}}, "nume": "LICEUL TEORETIC \"DAN BARBILIAN\" CAMPULUNG\tArge\u0219"}