{"specializari": {"MATEMATICA-INFORMATICA": 62, "STIINTE ALE NATURII": 29, "STIINTE SOCIALE": 30, "FILOLOGIE": 29}, "limba_moderna": {"LIMBA ENGLEZA": 136, "LIMBA FRANCEZA": 14}, "limba_materna": {"LIMBA ROMANA": 150}, "promotie_anterioara": {"DA": 3, "NU": 147}, "materii": {"LIMBA ROMANA": {"medie": 8.175, "reusita": 100.0, "cnt": 150}, "BIOLOGIE VEGETALA SI ANIMALA": {"medie": 8.317741935483868, "reusita": 96.7741935483871, "cnt": 31}, "GENERAL": {"medie": 8.264189189189192, "reusita": 94.66666666666667, "cnt": 150}, "MATEMATICA MATE-INFO": {"medie": 7.749999999999999, "reusita": 95.16129032258065, "cnt": 62}, "ANATOMIE SI FIZIOLOGIE UMANA, GENETICA SI ECOLOGIE UMANA": {"medie": 8.271875000000001, "reusita": 93.75, "cnt": 16}, "ISTORIE": {"medie": 9.145762711864409, "reusita": 100.0, "cnt": 59}, "GEOGRAFIE": {"medie": 7.941666666666667, "reusita": 100.0, "cnt": 24}, "FILOSOFIE": {"medie": 8.2, "reusita": 100.0, "cnt": 4}, "MATEMATICA ST-NAT": {"medie": 8.010344827586206, "reusita": 96.55172413793103, "cnt": 29}, "FIZICA TEO": {"medie": 8.85357142857143, "reusita": 100.0, "cnt": 14}, "CHIMIE ORGANICA TEO NIVEL I/II": {"medie": 8.814285714285713, "reusita": 100.0, "cnt": 7}, "LOGICA, ARGUMENTARE SI COMUNICARE": {"medie": 8.627272727272725, "reusita": 100.0, "cnt": 22}, "INFORMATICA MI C/C++": {"medie": 7.771739130434781, "reusita": 95.65217391304348, "cnt": 23}, "PSIHOLOGIE": {"medie": 8.625, "reusita": 100.0, "cnt": 2}, "SOCIOLOGIE": {"medie": 8.06, "reusita": 100.0, "cnt": 5}, "ECONOMIE": {"medie": 7.0, "reusita": 100.0, "cnt": 2}}, "nume": "LICEUL TEORETIC \"NICOLAE IORGA\"\tBr\u0103ila"}