{"specializari": {"MATEMATICA-INFORMATICA": 24, "FILOLOGIE": 62, "STIINTE ALE NATURII": 17}, "limba_moderna": {"LIMBA ENGLEZA": 103}, "limba_materna": {"LIMBA GERMANA": 47, "LIMBA ROMANA": 56}, "promotie_anterioara": {"NU": 93, "DA": 10}, "materii": {"LIMBA ROMANA": {"medie": 7.116990291262133, "reusita": 97.0873786407767, "cnt": 103}, "BIOLOGIE VEGETALA SI ANIMALA": {"medie": 5.8, "reusita": 100.0, "cnt": 1}, "GENERAL": {"medie": 6.869471947194719, "reusita": 71.84466019417476, "cnt": 103}, "MATEMATICA MATE-INFO": {"medie": 6.4624999999999995, "reusita": 83.33333333333334, "cnt": 24}, "ANATOMIE SI FIZIOLOGIE UMANA, GENETICA SI ECOLOGIE UMANA": {"medie": 6.58809523809524, "reusita": 80.95238095238095, "cnt": 21}, "ISTORIE": {"medie": 6.845967741935485, "reusita": 95.16129032258065, "cnt": 62}, "GEOGRAFIE": {"medie": 7.337999999999998, "reusita": 92.15686274509804, "cnt": 51}, "FILOSOFIE": {"medie": 7.0, "reusita": 100.0, "cnt": 1}, "MATEMATICA ST-NAT": {"medie": 4.079411764705884, "reusita": 29.411764705882355, "cnt": 17}, "FIZICA TEO": {"medie": 8.02, "reusita": 80.0, "cnt": 5}, "LOGICA, ARGUMENTARE SI COMUNICARE": {"medie": 7.783333333333334, "reusita": 100.0, "cnt": 3}, "INFORMATICA MI C/C++": {"medie": 8.141666666666666, "reusita": 84.61538461538461, "cnt": 13}, "PSIHOLOGIE": {"medie": 7.528571428571429, "reusita": 100.0, "cnt": 7}, "LIMBA GERMANA": {"medie": 7.053191489361703, "reusita": 97.87234042553192, "cnt": 47}, "INFORMATICA SN C/C++": {"medie": 8.8, "reusita": 100.0, "cnt": 1}}, "nume": "LICEUL TEORETIC \"STEPHAN LUDWIG ROTH\" MEDIAS\tSibiu"}