{"specializari": {"MATEMATICA-INFORMATICA": 161, "STIINTE ALE NATURII": 52, "FILOLOGIE": 42}, "limba_moderna": {"LIMBA ENGLEZA": 242, "LIMBA FRANCEZA": 13}, "limba_materna": {"LIMBA ROMANA": 255}, "promotie_anterioara": {"NU": 167, "DA": 88}, "materii": {"LIMBA ROMANA": {"medie": 7.0062, "reusita": 93.72549019607843, "cnt": 255}, "GENERAL": {"medie": 6.571059972106004, "reusita": 50.98039215686274, "cnt": 255}, "MATEMATICA MATE-INFO": {"medie": 4.754934210526314, "reusita": 51.5527950310559, "cnt": 161}, "ANATOMIE SI FIZIOLOGIE UMANA, GENETICA SI ECOLOGIE UMANA": {"medie": 6.92956989247312, "reusita": 86.8421052631579, "cnt": 190}, "ISTORIE": {"medie": 8.27875, "reusita": 92.85714285714286, "cnt": 42}, "GEOGRAFIE": {"medie": 8.721794871794872, "reusita": 92.6829268292683, "cnt": 41}, "MATEMATICA ST-NAT": {"medie": 4.674489795918367, "reusita": 55.769230769230774, "cnt": 52}, "FIZICA TEO": {"medie": 8.570588235294117, "reusita": 94.11764705882352, "cnt": 17}, "CHIMIE ORGANICA TEO NIVEL I/II": {"medie": 7.641666666666668, "reusita": 100.0, "cnt": 6}, "LOGICA, ARGUMENTARE SI COMUNICARE": {"medie": 3.9, "reusita": 0.0, "cnt": 1}}, "nume": "LICEUL TEORETIC \"IANCU C VISSARION\" TITU\tD\u00e2mbovi\u021ba"}