{"specializari": {"MUZICA": 29, "ARTE PLASTICE SI DECORATIVE": 29, "ARHITECTURA, ARTE AMBIENTALE SI DESIGN": 27}, "limba_moderna": {"LIMBA ENGLEZA": 83, "LIMBA FRANCEZA": 2}, "limba_materna": {"LIMBA ROMANA": 85}, "promotie_anterioara": {"NU": 81, "DA": 4}, "materii": {"LIMBA ROMANA": {"medie": 8.17294117647059, "reusita": 98.82352941176471, "cnt": 85}, "GENERAL": {"medie": 8.243921568627451, "reusita": 91.76470588235294, "cnt": 85}, "ISTORIE": {"medie": 8.324117647058827, "reusita": 96.47058823529412, "cnt": 85}, "GEOGRAFIE": {"medie": 8.325806451612907, "reusita": 96.7741935483871, "cnt": 62}, "FILOSOFIE": {"medie": 8.383333333333333, "reusita": 100.0, "cnt": 6}, "LOGICA, ARGUMENTARE SI COMUNICARE": {"medie": 7.518750000000001, "reusita": 87.5, "cnt": 8}, "PSIHOLOGIE": {"medie": 8.144444444444444, "reusita": 100.0, "cnt": 9}}, "nume": "LICEUL DE ARTE \"BALASA DOAMNA\" TARGOVISTE\tD\u00e2mbovi\u021ba"}