{"specializari": {"STIINTE ALE NATURII": 12, "FILOLOGIE": 22, "MATEMATICA-INFORMATICA": 10}, "limba_moderna": {"LIMBA ENGLEZA": 39, "LIMBA GERMANA MODERNA": 5}, "limba_materna": {"LIMBA MAGHIARA": 44}, "promotie_anterioara": {"NU": 38, "DA": 6}, "materii": {"LIMBA ROMANA": {"medie": 6.762499999999999, "reusita": 90.9090909090909, "cnt": 44}, "GENERAL": {"medie": 7.178273809523809, "reusita": 70.45454545454545, "cnt": 44}, "MATEMATICA MATE-INFO": {"medie": 6.470000000000001, "reusita": 70.0, "cnt": 10}, "ANATOMIE SI FIZIOLOGIE UMANA, GENETICA SI ECOLOGIE UMANA": {"medie": 7.576666666666667, "reusita": 93.33333333333333, "cnt": 15}, "ISTORIE": {"medie": 7.468181818181818, "reusita": 90.9090909090909, "cnt": 22}, "GEOGRAFIE": {"medie": 6.9375, "reusita": 75.0, "cnt": 8}, "LIMBA MAGHIARA (REAL)": {"medie": 7.286363636363635, "reusita": 95.45454545454545, "cnt": 22}, "MATEMATICA ST-NAT": {"medie": 6.1875, "reusita": 91.66666666666666, "cnt": 12}, "LOGICA, ARGUMENTARE SI COMUNICARE": {"medie": 5.433333333333334, "reusita": 50.0, "cnt": 4}, "INFORMATICA MI C/C++": {"medie": 8.662500000000001, "reusita": 100.0, "cnt": 4}, "PSIHOLOGIE": {"medie": 7.35, "reusita": 100.0, "cnt": 5}, "CHIMIE ANORGANICA TEO NIVEL I/II": {"medie": 8.233333333333334, "reusita": 100.0, "cnt": 3}, "SOCIOLOGIE": {"medie": 8.82, "reusita": 100.0, "cnt": 5}, "LIMBA MAGHIARA (UMAN)": {"medie": 7.0476190476190474, "reusita": 86.36363636363636, "cnt": 22}}, "nume": "LICEUL TEORETIC \"NEMETH LASZLO\" BAIA MARE\tMaramure\u0219"}