{"specializari": {"MATEMATICA-INFORMATICA": 27, "STIINTE ALE NATURII": 42, "FILOLOGIE": 41, "STIINTE SOCIALE": 43}, "limba_moderna": {"LIMBA ENGLEZA": 117, "LIMBA FRANCEZA": 36}, "limba_materna": {"LIMBA ROMANA": 153}, "promotie_anterioara": {"NU": 131, "DA": 22}, "materii": {"LIMBA ROMANA": {"medie": 7.167647058823527, "reusita": 96.73202614379085, "cnt": 153}, "GENERAL": {"medie": 7.07796052631579, "reusita": 67.97385620915033, "cnt": 153}, "MATEMATICA MATE-INFO": {"medie": 7.016666666666667, "reusita": 92.5925925925926, "cnt": 27}, "ANATOMIE SI FIZIOLOGIE UMANA, GENETICA SI ECOLOGIE UMANA": {"medie": 7.702678571428572, "reusita": 91.07142857142857, "cnt": 56}, "ISTORIE": {"medie": 7.087499999999999, "reusita": 96.42857142857143, "cnt": 84}, "GEOGRAFIE": {"medie": 7.952469135802463, "reusita": 97.53086419753086, "cnt": 81}, "MATEMATICA ST-NAT": {"medie": 4.449999999999999, "reusita": 42.857142857142854, "cnt": 42}, "FIZICA TEO": {"medie": 4.8, "reusita": 66.66666666666666, "cnt": 3}, "LOGICA, ARGUMENTARE SI COMUNICARE": {"medie": 7.283333333333332, "reusita": 66.66666666666666, "cnt": 3}, "INFORMATICA MI C/C++": {"medie": 6.635000000000001, "reusita": 90.0, "cnt": 10}}, "nume": "LICEUL TEORETIC \"PETRU RARES\" TARGU LAPUS\tMaramure\u0219"}