{"specializari": {"STIINTE ALE NATURII": 86, "FILOLOGIE": 74, "MATEMATICA-INFORMATICA": 27}, "limba_moderna": {"LIMBA ENGLEZA": 155, "LIMBA FRANCEZA": 31, "LIMBA ITALIANA": 1}, "limba_materna": {"LIMBA ROMANA": 187}, "promotie_anterioara": {"NU": 159, "DA": 28}, "materii": {"LIMBA ROMANA": {"medie": 7.202150537634406, "reusita": 99.46524064171123, "cnt": 187}, "GENERAL": {"medie": 7.1809782608695665, "reusita": 72.72727272727273, "cnt": 187}, "MATEMATICA MATE-INFO": {"medie": 6.98888888888889, "reusita": 85.18518518518519, "cnt": 27}, "ANATOMIE SI FIZIOLOGIE UMANA, GENETICA SI ECOLOGIE UMANA": {"medie": 7.353645833333334, "reusita": 93.81443298969072, "cnt": 97}, "ISTORIE": {"medie": 8.007432432432433, "reusita": 97.2972972972973, "cnt": 74}, "GEOGRAFIE": {"medie": 8.344531250000003, "reusita": 100.0, "cnt": 64}, "MATEMATICA ST-NAT": {"medie": 5.225301204819276, "reusita": 61.627906976744185, "cnt": 86}, "FIZICA TEO": {"medie": 7.0857142857142845, "reusita": 100.0, "cnt": 7}, "CHIMIE ORGANICA TEO NIVEL I/II": {"medie": 6.266666666666666, "reusita": 66.66666666666666, "cnt": 3}, "INFORMATICA MI C/C++": {"medie": 7.883333333333333, "reusita": 100.0, "cnt": 6}, "SOCIOLOGIE": {"medie": 7.705555555555555, "reusita": 100.0, "cnt": 9}, "ECONOMIE": {"medie": 8.35, "reusita": 100.0, "cnt": 1}}, "nume": "LICEUL TEORETIC \"PETRU CERCEL\" TARGOVISTE\tD\u00e2mbovi\u021ba"}