{"specializari": {"FILOLOGIE": 31, "STIINTE ALE NATURII": 84, "MATEMATICA-INFORMATICA": 29, "STIINTE SOCIALE": 30}, "limba_moderna": {"LIMBA ENGLEZA": 166, "LIMBA FRANCEZA": 8}, "limba_materna": {"LIMBA ROMANA": 174}, "promotie_anterioara": {"DA": 6, "NU": 168}, "materii": {"LIMBA ROMANA": {"medie": 8.195689655172416, "reusita": 99.42528735632183, "cnt": 174}, "GENERAL": {"medie": 8.274808429118774, "reusita": 94.82758620689656, "cnt": 174}, "MATEMATICA MATE-INFO": {"medie": 7.87241379310345, "reusita": 96.55172413793103, "cnt": 29}, "ANATOMIE SI FIZIOLOGIE UMANA, GENETICA SI ECOLOGIE UMANA": {"medie": 8.816666666666666, "reusita": 98.85057471264368, "cnt": 87}, "ISTORIE": {"medie": 8.495081967213114, "reusita": 95.08196721311475, "cnt": 61}, "GEOGRAFIE": {"medie": 8.341249999999999, "reusita": 92.5, "cnt": 40}, "MATEMATICA ST-NAT": {"medie": 7.912500000000001, "reusita": 96.42857142857143, "cnt": 84}, "FIZICA TEO": {"medie": 7.969999999999999, "reusita": 100.0, "cnt": 10}, "CHIMIE ORGANICA TEO NIVEL I/II": {"medie": 8.049999999999999, "reusita": 100.0, "cnt": 3}, "LOGICA, ARGUMENTARE SI COMUNICARE": {"medie": 8.776190476190475, "reusita": 95.23809523809523, "cnt": 21}, "INFORMATICA MI C/C++": {"medie": 7.425000000000001, "reusita": 100.0, "cnt": 8}, "CHIMIE ANORGANICA TEO NIVEL I/II": {"medie": 6.799999999999999, "reusita": 100.0, "cnt": 5}}, "nume": "LICEUL TEORETIC \"MIRON COSTIN\", PASCANI\tIa\u0219i"}