{"specializari": {"TEOLOGIE PENTICOSTALA": 38}, "limba_moderna": {"LIMBA ENGLEZA": 38}, "limba_materna": {"LIMBA ROMANA": 38}, "promotie_anterioara": {"NU": 36, "DA": 2}, "materii": {"LIMBA ROMANA": {"medie": 6.356756756756756, "reusita": 89.47368421052632, "cnt": 38}, "GENERAL": {"medie": 7.423148148148147, "reusita": 84.21052631578947, "cnt": 38}, "ISTORIE": {"medie": 7.552777777777779, "reusita": 89.47368421052632, "cnt": 38}, "GEOGRAFIE": {"medie": 7.688888888888889, "reusita": 80.0, "cnt": 10}, "LOGICA, ARGUMENTARE SI COMUNICARE": {"medie": 8.607407407407406, "reusita": 100.0, "cnt": 27}, "PSIHOLOGIE": {"medie": 5.9, "reusita": 100.0, "cnt": 1}}, "nume": "LICEUL TEOLOGIC PENTICOSTAL \"EMANUEL\"\tBucure\u0219ti"}