{"specializari": {"TEHNICIAN TRANSPORTURI": 10, "LICEU CU PROGRAM SPORTIV": 26, "TEHNICIAN ELECTRICIAN/ELECTRONIST AUTO": 5}, "limba_moderna": {"LIMBA ENGLEZA": 41}, "limba_materna": {"LIMBA ROMANA": 41}, "promotie_anterioara": {"NU": 19, "DA": 22}, "materii": {"LIMBA ROMANA": {"medie": 4.759722222222223, "reusita": 46.34146341463415, "cnt": 41}, "MATEMATICA TEHN": {"medie": 3.8299999999999996, "reusita": 33.33333333333333, "cnt": 15}, "BIOLOGIE VEGETALA SI ANIMALA": {"medie": 4.927777777777778, "reusita": 45.45454545454545, "cnt": 11}, "GENERAL": {"medie": 4.655714285714286, "reusita": 14.634146341463413, "cnt": 41}, "FIZICA TEH": {"medie": 2.075, "reusita": 0.0, "cnt": 4}, "ISTORIE": {"medie": 4.508, "reusita": 38.46153846153847, "cnt": 26}, "GEOGRAFIE": {"medie": 5.07, "reusita": 61.53846153846154, "cnt": 26}}, "nume": "LICEUL TEHNOLOGIC DE TRANSPORTURI AUTO CALARASI\tC\u0103l\u0103ra\u0219i"}