{"specializari": {"TEHNICIAN IN ACTIVITATI ECONOMICE": 46}, "limba_moderna": {"LIMBA ENGLEZA": 46}, "limba_materna": {"LIMBA ROMANA": 46}, "promotie_anterioara": {"DA": 35, "NU": 11}, "materii": {"LIMBA ROMANA": {"medie": 5.420666666666668, "reusita": 76.08695652173914, "cnt": 46}, "MATEMATICA TEHN": {"medie": 3.447674418604651, "reusita": 36.95652173913043, "cnt": 46}, "GENERAL": {"medie": 5.232170542635658, "reusita": 28.26086956521739, "cnt": 46}, "GEOGRAFIE": {"medie": 6.7340909090909085, "reusita": 84.44444444444444, "cnt": 45}, "PSIHOLOGIE": {"medie": 8.25, "reusita": 100.0, "cnt": 1}}, "nume": "LICEUL \"PROFESIA\"\tBucure\u0219ti"}