{"specializari": {"FILOLOGIE": 119, "STIINTE ALE NATURII": 5, "MATEMATICA-INFORMATICA": 92, "TEHNICIAN ELECTROTEHNIST": 1}, "limba_moderna": {"LIMBA ENGLEZA": 207, "LIMBA FRANCEZA": 10}, "limba_materna": {"LIMBA ROMANA": 217}, "promotie_anterioara": {"NU": 187, "DA": 30}, "materii": {"LIMBA ROMANA": {"medie": 7.652995391705072, "reusita": 96.31336405529954, "cnt": 217}, "MATEMATICA TEHN": {"medie": 6.1, "reusita": 100.0, "cnt": 1}, "BIOLOGIE VEGETALA SI ANIMALA": {"medie": 7.2624999999999975, "reusita": 96.42857142857143, "cnt": 28}, "GENERAL": {"medie": 7.506103286384977, "reusita": 76.95852534562212, "cnt": 217}, "MATEMATICA MATE-INFO": {"medie": 6.229120879120878, "reusita": 86.02150537634408, "cnt": 93}, "ANATOMIE SI FIZIOLOGIE UMANA, GENETICA SI ECOLOGIE UMANA": {"medie": 8.293750000000001, "reusita": 95.83333333333334, "cnt": 24}, "ISTORIE": {"medie": 8.134453781512606, "reusita": 92.43697478991596, "cnt": 119}, "GEOGRAFIE": {"medie": 8.195238095238093, "reusita": 90.47619047619048, "cnt": 42}, "MATEMATICA ST-NAT": {"medie": 1.6166666666666665, "reusita": 0.0, "cnt": 4}, "FIZICA TEO": {"medie": 7.213333333333335, "reusita": 93.33333333333333, "cnt": 15}, "CHIMIE ORGANICA TEO NIVEL I/II": {"medie": 7.533333333333334, "reusita": 66.66666666666666, "cnt": 3}, "LOGICA, ARGUMENTARE SI COMUNICARE": {"medie": 8.289655172413791, "reusita": 96.55172413793103, "cnt": 29}, "INFORMATICA MI C/C++": {"medie": 6.433333333333333, "reusita": 85.71428571428571, "cnt": 28}, "PSIHOLOGIE": {"medie": 7.6388888888888875, "reusita": 100.0, "cnt": 9}, "SOCIOLOGIE": {"medie": 6.6433333333333335, "reusita": 90.0, "cnt": 30}, "ECONOMIE": {"medie": 8.31111111111111, "reusita": 100.0, "cnt": 9}}, "nume": "LICEUL TEORETIC \"GEORGE CALINESCU\"\tBucure\u0219ti"}