{"specializari": {"FILOLOGIE": 15}, "limba_moderna": {"LIMBA FRANCEZA": 2, "LIMBA ENGLEZA": 13}, "limba_materna": {"LIMBA ROMANA": 15}, "promotie_anterioara": {"NU": 9, "DA": 6}, "materii": {"LIMBA ROMANA": {"medie": 5.200000000000001, "reusita": 53.333333333333336, "cnt": 15}, "GENERAL": {"medie": 5.471794871794872, "reusita": 46.666666666666664, "cnt": 15}, "ISTORIE": {"medie": 5.323076923076922, "reusita": 53.333333333333336, "cnt": 15}, "GEOGRAFIE": {"medie": 5.892307692307693, "reusita": 60.0, "cnt": 15}}, "nume": "LICEUL TEORETIC \"GEORGE POP DE BASESTI\" TARGU LAPUS\tMaramure\u0219"}