{"specializari": {"STIINTE SOCIALE": 30, "MATEMATICA-INFORMATICA": 91, "STIINTE ALE NATURII": 33}, "limba_moderna": {"LIMBA ENGLEZA": 148, "LIMBA GERMANA MODERNA": 2, "LIMBA FRANCEZA": 4}, "limba_materna": {"LIMBA ROMANA": 154}, "promotie_anterioara": {"NU": 146, "DA": 8}, "materii": {"LIMBA ROMANA": {"medie": 8.207565789473682, "reusita": 98.7012987012987, "cnt": 154}, "GENERAL": {"medie": 7.93624161073826, "reusita": 88.96103896103897, "cnt": 154}, "MATEMATICA MATE-INFO": {"medie": 7.151136363636363, "reusita": 91.20879120879121, "cnt": 91}, "ANATOMIE SI FIZIOLOGIE UMANA, GENETICA SI ECOLOGIE UMANA": {"medie": 8.15070422535211, "reusita": 91.8918918918919, "cnt": 74}, "ISTORIE": {"medie": 9.324137931034482, "reusita": 96.66666666666667, "cnt": 30}, "GEOGRAFIE": {"medie": 8.483333333333333, "reusita": 100.0, "cnt": 3}, "MATEMATICA ST-NAT": {"medie": 7.215151515151517, "reusita": 96.96969696969697, "cnt": 33}, "FIZICA TEO": {"medie": 6.471428571428572, "reusita": 64.28571428571429, "cnt": 14}, "CHIMIE ORGANICA TEO NIVEL I/II": {"medie": 8.391666666666667, "reusita": 100.0, "cnt": 6}, "LOGICA, ARGUMENTARE SI COMUNICARE": {"medie": 8.639583333333336, "reusita": 92.0, "cnt": 25}, "INFORMATICA MI C/C++": {"medie": 7.577586206896552, "reusita": 93.33333333333333, "cnt": 30}, "PSIHOLOGIE": {"medie": 6.9, "reusita": 100.0, "cnt": 1}, "SOCIOLOGIE": {"medie": 7.1, "reusita": 100.0, "cnt": 1}}, "nume": "LICEUL TEORETIC \"DUNAREA\", LOCALITATEA GALATI\tGala\u021bi"}