{"specializari": {"TEHNICIAN IN GASTRONOMIE": 14}, "limba_moderna": {"LIMBA ENGLEZA": 14}, "limba_materna": {"LIMBA ROMANA": 14}, "promotie_anterioara": {"NU": 12, "DA": 2}, "materii": {"LIMBA ROMANA": {"medie": 5.2821428571428575, "reusita": 42.857142857142854, "cnt": 14}, "MATEMATICA TEHN": {"medie": 3.015384615384615, "reusita": 21.428571428571427, "cnt": 14}, "GENERAL": {"medie": 4.392307692307693, "reusita": 21.428571428571427, "cnt": 14}, "GEOGRAFIE": {"medie": 4.0687500000000005, "reusita": 25.0, "cnt": 8}, "LOGICA, ARGUMENTARE SI COMUNICARE": {"medie": 5.308333333333334, "reusita": 50.0, "cnt": 6}}, "nume": "LICEUL TEHNOLOGIC \"JEAN DINU\" ADAMCLISI\tConstan\u021ba"}