{"specializari": {"LICEU CU PROGRAM SPORTIV": 55, "TEHNICIAN IN ADMINISTRATIE": 43, "TEHNICIAN MECANIC PENTRU INTRETINERE SI REPARATII": 20, "TEHNICIAN MECATRONIST": 6, "TEHNICIAN IN AUTOMATIZARI": 1, "TEHNICIAN IN CONSTRUCTII SI LUCRARI PUBLICE": 4, "TEHNICIAN IN INSTALATII ELECTRICE": 2}, "limba_moderna": {"LIMBA ENGLEZA": 131}, "limba_materna": {"LIMBA ROMANA": 131}, "promotie_anterioara": {"NU": 83, "DA": 48}, "materii": {"LIMBA ROMANA": {"medie": 6.005118110236223, "reusita": 90.83969465648855, "cnt": 131}, "MATEMATICA TEHN": {"medie": 4.563888888888889, "reusita": 51.31578947368421, "cnt": 76}, "BIOLOGIE VEGETALA SI ANIMALA": {"medie": 4.45625, "reusita": 35.0, "cnt": 20}, "GENERAL": {"medie": 5.671038251366123, "reusita": 35.87786259541985, "cnt": 131}, "FIZICA TEH": {"medie": 3.1624999999999996, "reusita": 11.11111111111111, "cnt": 9}, "ISTORIE": {"medie": 5.565740740740741, "reusita": 76.36363636363637, "cnt": 55}, "GEOGRAFIE": {"medie": 6.772435897435898, "reusita": 83.75, "cnt": 80}, "LOGICA, ARGUMENTARE SI COMUNICARE": {"medie": 5.003846153846154, "reusita": 53.84615384615385, "cnt": 13}, "PSIHOLOGIE": {"medie": 7.140000000000001, "reusita": 100.0, "cnt": 5}, "CHIMIE ANORGANICA TEH NIVEL I/II": {"medie": 3.2833333333333337, "reusita": 25.0, "cnt": 4}}, "nume": "LICEUL TEHNOLOGIC \"ELIE RADU\"\tBucure\u0219ti"}