{"specializari": {"STIINTE ALE NATURII": 27, "FILOLOGIE": 27, "STIINTE SOCIALE": 3}, "limba_moderna": {"LIMBA ENGLEZA": 57}, "limba_materna": {"LIMBA MAGHIARA": 48, "LIMBA ROMANA": 9}, "promotie_anterioara": {"DA": 15, "NU": 42}, "materii": {"LIMBA ROMANA": {"medie": 5.216666666666667, "reusita": 70.17543859649122, "cnt": 57}, "GENERAL": {"medie": 6.731845238095237, "reusita": 63.1578947368421, "cnt": 57}, "ANATOMIE SI FIZIOLOGIE UMANA, GENETICA SI ECOLOGIE UMANA": {"medie": 8.548076923076923, "reusita": 100.0, "cnt": 26}, "ISTORIE": {"medie": 6.820000000000001, "reusita": 96.66666666666667, "cnt": 30}, "GEOGRAFIE": {"medie": 7.463333333333334, "reusita": 93.33333333333333, "cnt": 30}, "LIMBA MAGHIARA (REAL)": {"medie": 7.308000000000001, "reusita": 100.0, "cnt": 25}, "MATEMATICA ST-NAT": {"medie": 6.586538461538462, "reusita": 81.48148148148148, "cnt": 27}, "LIMBA MAGHIARA (UMAN)": {"medie": 6.51086956521739, "reusita": 91.30434782608695, "cnt": 23}, "INFORMATICA SN C/C++": {"medie": 6.1, "reusita": 100.0, "cnt": 1}}, "nume": "LICEUL TEORETIC \"PETOFI SANDOR\" SACUENI\tBihor"}