{"specializari": {"MATEMATICA-INFORMATICA": 27, "STIINTE ALE NATURII": 23, "TEHNICIAN OPERATOR PROCESARE TEXT IMAGINE": 29, "TEHNICIAN DE TELECOMUNICATII": 22, "TEHNICIAN OPERATOR TEHNICA DE CALCUL": 2, "TEHNICIAN ELECTRICIAN/ELECTRONIST AUTO": 3, "TEHNICIAN IN AUTOMATIZARI": 1, "TEHNICIAN ELECTROTEHNIST": 1}, "limba_moderna": {"LIMBA ENGLEZA": 101, "LIMBA RUSA": 1, "LIMBA FRANCEZA": 6}, "limba_materna": {"LIMBA ROMANA": 108}, "promotie_anterioara": {"NU": 77, "DA": 31}, "materii": {"LIMBA ROMANA": {"medie": 6.091509433962264, "reusita": 90.74074074074075, "cnt": 108}, "MATEMATICA TEHN": {"medie": 4.239285714285716, "reusita": 46.55172413793103, "cnt": 58}, "BIOLOGIE VEGETALA SI ANIMALA": {"medie": 4.569999999999999, "reusita": 38.297872340425535, "cnt": 47}, "GENERAL": {"medie": 5.020333333333333, "reusita": 22.22222222222222, "cnt": 108}, "MATEMATICA MATE-INFO": {"medie": 4.336538461538461, "reusita": 44.44444444444444, "cnt": 27}, "ANATOMIE SI FIZIOLOGIE UMANA, GENETICA SI ECOLOGIE UMANA": {"medie": 6.508333333333333, "reusita": 88.88888888888889, "cnt": 18}, "FIZICA TEH": {"medie": 3.44, "reusita": 27.27272727272727, "cnt": 11}, "MATEMATICA ST-NAT": {"medie": 3.7785714285714285, "reusita": 21.73913043478261, "cnt": 23}, "FIZICA TEO": {"medie": 3.8541666666666665, "reusita": 23.076923076923077, "cnt": 13}, "INFORMATICA MI C/C++": {"medie": 5.228947368421053, "reusita": 52.63157894736842, "cnt": 19}}, "nume": "LICEUL TEHNOLOGIC DE ELECTRONICA SI TELECOMUNICATII \"GHEORGHE MARZESCU\", IASI\tIa\u0219i"}