{"specializari": {"FILOLOGIE": 17}, "limba_moderna": {"LIMBA ENGLEZA": 17}, "limba_materna": {"LIMBA ROMANA": 17}, "promotie_anterioara": {"DA": 11, "NU": 6}, "materii": {"LIMBA ROMANA": {"medie": 4.802941176470588, "reusita": 52.94117647058824, "cnt": 17}, "GENERAL": {"medie": 5.326041666666666, "reusita": 23.52941176470588, "cnt": 17}, "ISTORIE": {"medie": 4.8374999999999995, "reusita": 64.70588235294117, "cnt": 17}, "GEOGRAFIE": {"medie": 6.235294117647058, "reusita": 82.35294117647058, "cnt": 17}}, "nume": "LICEUL TEORETIC \"HENRI COANDA\" ORADEA\tBihor"}