{"specializari": {"COAFOR STILIST": 36, "TEHNICIAN ELECTRICIAN/ELECTRONIST AUTO": 35, "TEHNICIAN DE TELECOMUNICATII": 1, "TEHNICIAN TRANSPORTURI": 4, "TEHNICIAN MECATRONIST": 1}, "limba_moderna": {"LIMBA ENGLEZA": 76, "LIMBA GERMANA MODERNA": 1}, "limba_materna": {"LIMBA ROMANA": 44, "LIMBA MAGHIARA": 33}, "promotie_anterioara": {"NU": 57, "DA": 20}, "materii": {"LIMBA ROMANA": {"medie": 3.9885135135135132, "reusita": 42.857142857142854, "cnt": 77}, "MATEMATICA TEHN": {"medie": 2.5704225352112675, "reusita": 15.584415584415584, "cnt": 77}, "BIOLOGIE VEGETALA SI ANIMALA": {"medie": 3.683333333333333, "reusita": 33.33333333333333, "cnt": 36}, "GENERAL": {"medie": 3.8616784037558696, "reusita": 9.090909090909092, "cnt": 77}, "FIZICA TEH": {"medie": 2.05, "reusita": 0.0, "cnt": 2}, "GEOGRAFIE": {"medie": 4.871153846153846, "reusita": 55.55555555555556, "cnt": 27}, "LIMBA MAGHIARA (REAL)": {"medie": 5.408064516129032, "reusita": 78.78787878787878, "cnt": 33}, "LOGICA, ARGUMENTARE SI COMUNICARE": {"medie": 2.7, "reusita": 0.0, "cnt": 2}, "PSIHOLOGIE": {"medie": 5.550000000000001, "reusita": 71.42857142857143, "cnt": 7}, "CHIMIE ANORGANICA TEH NIVEL I/II": {"medie": 3.4999999999999996, "reusita": 33.33333333333333, "cnt": 3}}, "nume": "LICEUL TEHNOLOGIC \"TRAIAN VUIA\" TIRGU MURES\tMure\u0219"}