{"specializari": {"STIINTE SOCIALE": 33, "FILOLOGIE": 32}, "limba_moderna": {"LIMBA ENGLEZA": 61, "LIMBA FRANCEZA": 4}, "limba_materna": {"LIMBA ROMANA": 65}, "promotie_anterioara": {"NU": 45, "DA": 20}, "materii": {"LIMBA ROMANA": {"medie": 5.6049180327868875, "reusita": 70.76923076923077, "cnt": 65}, "GENERAL": {"medie": 5.666091954022989, "reusita": 33.84615384615385, "cnt": 65}, "ISTORIE": {"medie": 5.123275862068966, "reusita": 50.76923076923077, "cnt": 65}, "GEOGRAFIE": {"medie": 6.035344827586208, "reusita": 67.74193548387096, "cnt": 62}, "LOGICA, ARGUMENTARE SI COMUNICARE": {"medie": 7.675000000000001, "reusita": 100.0, "cnt": 2}, "PSIHOLOGIE": {"medie": 6.9, "reusita": 100.0, "cnt": 1}}, "nume": "LICEUL TEORETIC \"ALEXANDRU ROSETTI\" VIDRA\tIlfov"}