{"specializari": {"FILOLOGIE": 30, "LICEU CU PROGRAM SPORTIV": 33, "STIINTE ALE NATURII": 28, "MATEMATICA-INFORMATICA": 28}, "limba_moderna": {"LIMBA FRANCEZA": 30, "LIMBA ENGLEZA": 89}, "limba_materna": {"LIMBA ROMANA": 119}, "promotie_anterioara": {"DA": 7, "NU": 112}, "materii": {"LIMBA ROMANA": {"medie": 8.077966101694917, "reusita": 98.31932773109243, "cnt": 119}, "GENERAL": {"medie": 8.075282485875709, "reusita": 88.23529411764706, "cnt": 119}, "MATEMATICA MATE-INFO": {"medie": 9.144642857142857, "reusita": 100.0, "cnt": 28}, "ANATOMIE SI FIZIOLOGIE UMANA, GENETICA SI ECOLOGIE UMANA": {"medie": 9.133333333333335, "reusita": 100.0, "cnt": 39}, "ISTORIE": {"medie": 7.916129032258065, "reusita": 98.4126984126984, "cnt": 63}, "GEOGRAFIE": {"medie": 7.286607142857143, "reusita": 85.96491228070175, "cnt": 57}, "MATEMATICA ST-NAT": {"medie": 6.948214285714285, "reusita": 92.85714285714286, "cnt": 28}, "FIZICA TEO": {"medie": 9.625, "reusita": 100.0, "cnt": 2}, "LOGICA, ARGUMENTARE SI COMUNICARE": {"medie": 8.899999999999999, "reusita": 100.0, "cnt": 2}, "INFORMATICA MI C/C++": {"medie": 8.667857142857143, "reusita": 100.0, "cnt": 14}, "PSIHOLOGIE": {"medie": 8.8, "reusita": 100.0, "cnt": 1}, "CHIMIE ANORGANICA TEO NIVEL I/II": {"medie": 6.95, "reusita": 100.0, "cnt": 1}, "SOCIOLOGIE": {"medie": 8.549999999999999, "reusita": 100.0, "cnt": 3}}, "nume": "LICEUL TEORETIC \"ALEXANDRU PAPIU ILARIAN\" DEJ\tCluj"}