{"specializari": {"MATEMATICA-INFORMATICA": 41, "TEHNICIAN IN TURISM": 16}, "limba_moderna": {"LIMBA ENGLEZA": 47, "LIMBA FRANCEZA": 10}, "limba_materna": {"LIMBA ROMANA": 57}, "promotie_anterioara": {"DA": 23, "NU": 34}, "materii": {"LIMBA ROMANA": {"medie": 5.870000000000003, "reusita": 71.9298245614035, "cnt": 57}, "MATEMATICA TEHN": {"medie": 2.546666666666666, "reusita": 18.75, "cnt": 16}, "GENERAL": {"medie": 5.191666666666667, "reusita": 24.561403508771928, "cnt": 57}, "MATEMATICA MATE-INFO": {"medie": 3.904999999999999, "reusita": 39.02439024390244, "cnt": 41}, "ANATOMIE SI FIZIOLOGIE UMANA, GENETICA SI ECOLOGIE UMANA": {"medie": 6.199999999999999, "reusita": 78.04878048780488, "cnt": 41}, "GEOGRAFIE": {"medie": 6.220000000000001, "reusita": 66.66666666666666, "cnt": 6}, "PSIHOLOGIE": {"medie": 5.955, "reusita": 90.0, "cnt": 10}}, "nume": "LICEUL TEHNOLOGIC \"NICOLAI NANU\" BROSTENI\tSuceava"}