{"specializari": {"FILOLOGIE": 81, "STIINTE ALE NATURII": 70, "MATEMATICA-INFORMATICA": 50, "LICEU CU PROGRAM SPORTIV": 34}, "limba_moderna": {"LIMBA ENGLEZA": 199, "LIMBA FRANCEZA": 28, "LIMBA SPANIOLA": 8}, "limba_materna": {"LIMBA ROMANA": 235}, "promotie_anterioara": {"NU": 185, "DA": 50}, "materii": {"LIMBA ROMANA": {"medie": 7.204845814977976, "reusita": 91.48936170212765, "cnt": 235}, "BIOLOGIE VEGETALA SI ANIMALA": {"medie": 4.6875, "reusita": 33.33333333333333, "cnt": 6}, "GENERAL": {"medie": 7.148139880952384, "reusita": 69.36170212765957, "cnt": 235}, "MATEMATICA MATE-INFO": {"medie": 5.365, "reusita": 74.0, "cnt": 50}, "ANATOMIE SI FIZIOLOGIE UMANA, GENETICA SI ECOLOGIE UMANA": {"medie": 7.909433962264152, "reusita": 96.26168224299066, "cnt": 107}, "ISTORIE": {"medie": 7.400458715596329, "reusita": 88.69565217391305, "cnt": 115}, "GEOGRAFIE": {"medie": 8.134375, "reusita": 90.38461538461539, "cnt": 52}, "FILOSOFIE": {"medie": "-", "reusita": 0.0, "cnt": 1}, "MATEMATICA ST-NAT": {"medie": 5.317164179104479, "reusita": 64.28571428571429, "cnt": 70}, "FIZICA TEO": {"medie": 6.816666666666666, "reusita": 66.66666666666666, "cnt": 3}, "LOGICA, ARGUMENTARE SI COMUNICARE": {"medie": 6.150000000000001, "reusita": 66.66666666666666, "cnt": 12}, "INFORMATICA MI C/C++": {"medie": 7.1499999999999995, "reusita": 100.0, "cnt": 4}, "PSIHOLOGIE": {"medie": 7.687500000000001, "reusita": 100.0, "cnt": 12}, "SOCIOLOGIE": {"medie": 8.22361111111111, "reusita": 94.5945945945946, "cnt": 37}, "ECONOMIE": {"medie": 5.7, "reusita": 100.0, "cnt": 1}}, "nume": "LICEUL TEORETIC \"BENJAMIN FRANKLIN\"\tBucure\u0219ti"}