{"specializari": {"MATEMATICA-INFORMATICA": 27, "TEHNICIAN IN GASTRONOMIE": 23, "FILOLOGIE": 7, "TEHNICIAN IN TURISM": 4, "TEHNICIAN DESIGNER VESTIMENTAR": 1, "COAFOR STILIST": 1}, "limba_moderna": {"LIMBA ENGLEZA": 45, "LIMBA FRANCEZA": 18}, "limba_materna": {"LIMBA ROMANA": 63}, "promotie_anterioara": {"DA": 32, "NU": 31}, "materii": {"LIMBA ROMANA": {"medie": 5.972580645161291, "reusita": 74.60317460317461, "cnt": 63}, "MATEMATICA TEHN": {"medie": 3.2814814814814808, "reusita": 41.37931034482759, "cnt": 29}, "BIOLOGIE VEGETALA SI ANIMALA": {"medie": 1.8, "reusita": 0.0, "cnt": 1}, "GENERAL": {"medie": 5.31783625730994, "reusita": 28.57142857142857, "cnt": 63}, "MATEMATICA MATE-INFO": {"medie": 4.336538461538462, "reusita": 37.03703703703704, "cnt": 27}, "ANATOMIE SI FIZIOLOGIE UMANA, GENETICA SI ECOLOGIE UMANA": {"medie": 6.380000000000001, "reusita": 76.92307692307693, "cnt": 26}, "ISTORIE": {"medie": 5.1499999999999995, "reusita": 71.42857142857143, "cnt": 7}, "GEOGRAFIE": {"medie": 5.564062500000001, "reusita": 65.71428571428571, "cnt": 35}, "INFORMATICA MI C/C++": {"medie": 6.35, "reusita": 100.0, "cnt": 1}}, "nume": "LICEUL \"HERCULES\" BAILE HERCULANE\tCara\u0219-Severin"}