{"specializari": {"ARHITECTURA, ARTE AMBIENTALE SI DESIGN": 24, "ARTE PLASTICE SI DECORATIVE": 28, "MUZICA": 26}, "limba_moderna": {"LIMBA ENGLEZA": 77, "LIMBA FRANCEZA": 1}, "limba_materna": {"LIMBA ROMANA": 78}, "promotie_anterioara": {"NU": 75, "DA": 3}, "materii": {"LIMBA ROMANA": {"medie": 7.044155844155842, "reusita": 94.87179487179486, "cnt": 78}, "GENERAL": {"medie": 7.324891774891773, "reusita": 79.48717948717949, "cnt": 78}, "ISTORIE": {"medie": 7.327272727272726, "reusita": 89.74358974358975, "cnt": 78}, "GEOGRAFIE": {"medie": 7.243548387096776, "reusita": 83.87096774193549, "cnt": 31}, "FILOSOFIE": {"medie": 9.65, "reusita": 100.0, "cnt": 3}, "LOGICA, ARGUMENTARE SI COMUNICARE": {"medie": 7.741666666666666, "reusita": 88.37209302325581, "cnt": 43}, "PSIHOLOGIE": {"medie": 6.8, "reusita": 100.0, "cnt": 1}}, "nume": "LICEUL DE ARTA \"STEFAN LUCHIAN\" BOTOSANI\tBoto\u0219ani"}