{"specializari": {"LICEU CU PROGRAM SPORTIV": 76}, "limba_moderna": {"LIMBA ENGLEZA": 57, "LIMBA FRANCEZA": 19}, "limba_materna": {"LIMBA ROMANA": 76}, "promotie_anterioara": {"DA": 12, "NU": 64}, "materii": {"LIMBA ROMANA": {"medie": 5.993243243243245, "reusita": 76.31578947368422, "cnt": 76}, "GENERAL": {"medie": 6.256981981981981, "reusita": 57.89473684210527, "cnt": 76}, "ISTORIE": {"medie": 6.246666666666667, "reusita": 82.89473684210526, "cnt": 76}, "GEOGRAFIE": {"medie": 7.30625, "reusita": 100.0, "cnt": 8}, "LOGICA, ARGUMENTARE SI COMUNICARE": {"medie": 6.412686567164178, "reusita": 70.58823529411765, "cnt": 68}}, "nume": "LICEUL CU PROGRAM SPORTIV CAMPULUNG\tArge\u0219"}