{"specializari": {"ARTE PLASTICE SI DECORATIVE": 58, "MUZICA": 40, "ARHITECTURA, ARTE AMBIENTALE SI DESIGN": 1}, "limba_moderna": {"LIMBA ENGLEZA": 99}, "limba_materna": {"LIMBA MAGHIARA": 30, "LIMBA ROMANA": 69}, "promotie_anterioara": {"NU": 87, "DA": 12}, "materii": {"LIMBA ROMANA": {"medie": 6.882323232323234, "reusita": 88.88888888888889, "cnt": 99}, "GENERAL": {"medie": 7.263732993197282, "reusita": 75.75757575757575, "cnt": 99}, "ISTORIE": {"medie": 7.0151515151515165, "reusita": 97.97979797979798, "cnt": 99}, "GEOGRAFIE": {"medie": 7.301960784313727, "reusita": 92.15686274509804, "cnt": 51}, "LIMBA MAGHIARA (REAL)": {"medie": 7.216666666666668, "reusita": 96.66666666666667, "cnt": 30}, "LOGICA, ARGUMENTARE SI COMUNICARE": {"medie": 8.081818181818184, "reusita": 91.11111111111111, "cnt": 45}, "PSIHOLOGIE": {"medie": 9.266666666666667, "reusita": 100.0, "cnt": 3}}, "nume": "LICEUL DE ARTE ORADEA\tBihor"}