{"specializari": {"INVATATOR - EDUCATOARE": 59, "FILOLOGIE": 54, "STIINTE ALE NATURII": 27, "MATEMATICA-INFORMATICA": 21}, "limba_moderna": {"LIMBA ENGLEZA": 126, "LIMBA FRANCEZA": 35}, "limba_materna": {"LIMBA ROMANA": 161}, "promotie_anterioara": {"NU": 151, "DA": 10}, "materii": {"LIMBA ROMANA": {"medie": 7.604658385093164, "reusita": 100.0, "cnt": 161}, "BIOLOGIE VEGETALA SI ANIMALA": {"medie": 6.7, "reusita": 100.0, "cnt": 1}, "GENERAL": {"medie": 7.621979166666667, "reusita": 85.09316770186336, "cnt": 161}, "MATEMATICA MATE-INFO": {"medie": 5.702380952380953, "reusita": 80.95238095238095, "cnt": 21}, "ANATOMIE SI FIZIOLOGIE UMANA, GENETICA SI ECOLOGIE UMANA": {"medie": 7.472727272727272, "reusita": 90.9090909090909, "cnt": 44}, "ISTORIE": {"medie": 7.2333333333333325, "reusita": 98.14814814814815, "cnt": 54}, "GEOGRAFIE": {"medie": 8.129999999999999, "reusita": 90.0, "cnt": 10}, "MATEMATICA ST-NAT": {"medie": 6.046153846153844, "reusita": 74.07407407407408, "cnt": 27}, "FIZICA TEO": {"medie": 7.783333333333334, "reusita": 100.0, "cnt": 3}, "LOGICA, ARGUMENTARE SI COMUNICARE": {"medie": 8.2, "reusita": 94.25287356321839, "cnt": 87}, "PSIHOLOGIE": {"medie": 9.2625, "reusita": 100.0, "cnt": 16}, "MATEMATICA PED": {"medie": 8.056779661016948, "reusita": 100.0, "cnt": 59}}, "nume": "LICEUL PEDAGOGIC \"MATEI BASARAB\" SLOBOZIA\tIalomi\u021ba"}