{"specializari": {"LICEU CU PROGRAM SPORTIV": 29}, "limba_moderna": {"LIMBA FRANCEZA": 1, "LIMBA ENGLEZA": 28}, "limba_materna": {"LIMBA ROMANA": 29}, "promotie_anterioara": {"DA": 7, "NU": 22}, "materii": {"LIMBA ROMANA": {"medie": 5.703571428571428, "reusita": 79.3103448275862, "cnt": 29}, "GENERAL": {"medie": 6.433950617283951, "reusita": 55.172413793103445, "cnt": 29}, "ISTORIE": {"medie": 6.3428571428571425, "reusita": 82.75862068965517, "cnt": 29}, "GEOGRAFIE": {"medie": 7.201785714285715, "reusita": 89.65517241379311, "cnt": 29}}, "nume": "LICEUL CU PROGRAM SPORTIV \"AVRAM IANCU\" ZALAU\tS\u0103laj"}