{"specializari": {"TEHNICIAN IN INSTALATII ELECTRICE": 26, "TEHNICIAN TRANSPORTURI": 1}, "limba_moderna": {"LIMBA FRANCEZA": 20, "LIMBA ENGLEZA": 7}, "limba_materna": {"LIMBA ROMANA": 27}, "promotie_anterioara": {"NU": 14, "DA": 13}, "materii": {"LIMBA ROMANA": {"medie": 4.804166666666667, "reusita": 51.85185185185185, "cnt": 27}, "MATEMATICA TEHN": {"medie": 2.8249999999999997, "reusita": 25.925925925925924, "cnt": 27}, "BIOLOGIE VEGETALA SI ANIMALA": {"medie": 3.514583333333333, "reusita": 18.51851851851852, "cnt": 27}, "GENERAL": {"medie": 3.7145833333333336, "reusita": 7.4074074074074066, "cnt": 27}}, "nume": "LICEUL TEHNOLOGIC STOINA\tGorj"}