{"specializari": {"STIINTE ALE NATURII": 49, "MATEMATICA-INFORMATICA": 28, "FILOLOGIE": 32}, "limba_moderna": {"LIMBA ENGLEZA": 105, "LIMBA FRANCEZA": 4}, "limba_materna": {"LIMBA ROMANA": 109}, "promotie_anterioara": {"DA": 29, "NU": 80}, "materii": {"LIMBA ROMANA": {"medie": 6.272222222222225, "reusita": 77.98165137614679, "cnt": 109}, "BIOLOGIE VEGETALA SI ANIMALA": {"medie": 4.716129032258065, "reusita": 39.39393939393939, "cnt": 33}, "GENERAL": {"medie": 5.740776699029128, "reusita": 38.53211009174312, "cnt": 109}, "MATEMATICA MATE-INFO": {"medie": 4.783928571428572, "reusita": 42.857142857142854, "cnt": 28}, "ANATOMIE SI FIZIOLOGIE UMANA, GENETICA SI ECOLOGIE UMANA": {"medie": 6.344444444444445, "reusita": 68.42105263157895, "cnt": 19}, "ISTORIE": {"medie": 7.522580645161289, "reusita": 93.75, "cnt": 32}, "GEOGRAFIE": {"medie": 7.9750000000000005, "reusita": 95.83333333333334, "cnt": 24}, "MATEMATICA ST-NAT": {"medie": 2.794565217391304, "reusita": 20.408163265306122, "cnt": 49}, "FIZICA TEO": {"medie": 3.75, "reusita": 0.0, "cnt": 1}, "CHIMIE ORGANICA TEO NIVEL I/II": {"medie": 7.8999999999999995, "reusita": 100.0, "cnt": 2}, "PSIHOLOGIE": {"medie": 9.1, "reusita": 100.0, "cnt": 1}, "CHIMIE ANORGANICA TEO NIVEL I/II": {"medie": 5.284090909090909, "reusita": 59.09090909090909, "cnt": 22}, "SOCIOLOGIE": {"medie": 7.699999999999999, "reusita": 85.71428571428571, "cnt": 7}}, "nume": "LICEUL TEORETIC \"HORIA HULUBEI\" MAGURELE\tIlfov"}