{"specializari": {"TEHNICIAN IN GASTRONOMIE": 25, "STIINTE ALE NATURII": 29}, "limba_moderna": {"LIMBA ENGLEZA": 52, "LIMBA FRANCEZA": 2}, "limba_materna": {"LIMBA ROMANA": 54}, "promotie_anterioara": {"NU": 32, "DA": 22}, "materii": {"LIMBA ROMANA": {"medie": 5.508333333333332, "reusita": 77.77777777777779, "cnt": 54}, "MATEMATICA TEHN": {"medie": 3.8459999999999996, "reusita": 40.0, "cnt": 25}, "GENERAL": {"medie": 4.948765432098765, "reusita": 20.37037037037037, "cnt": 54}, "ANATOMIE SI FIZIOLOGIE UMANA, GENETICA SI ECOLOGIE UMANA": {"medie": 5.525862068965516, "reusita": 62.06896551724138, "cnt": 29}, "GEOGRAFIE": {"medie": 5.2041666666666675, "reusita": 58.333333333333336, "cnt": 24}, "MATEMATICA ST-NAT": {"medie": 4.051724137931034, "reusita": 27.586206896551722, "cnt": 29}, "ECONOMIE": {"medie": 5.45, "reusita": 100.0, "cnt": 1}}, "nume": "LICEUL TEORETIC \"EMIL RACOVITA\" TECHIRGHIOL\tConstan\u021ba"}