{"specializari": {"MATEMATICA-INFORMATICA": 20, "FILOLOGIE": 34}, "limba_moderna": {"LIMBA ENGLEZA": 50, "LIMBA FRANCEZA": 3, "LIMBA GERMANA MODERNA": 1}, "limba_materna": {"LIMBA ROMANA": 54}, "promotie_anterioara": {"DA": 12, "NU": 42}, "materii": {"LIMBA ROMANA": {"medie": 6.927884615384617, "reusita": 85.18518518518519, "cnt": 54}, "BIOLOGIE VEGETALA SI ANIMALA": {"medie": 6.333333333333333, "reusita": 75.0, "cnt": 4}, "GENERAL": {"medie": 6.514423076923076, "reusita": 53.70370370370371, "cnt": 54}, "MATEMATICA MATE-INFO": {"medie": 4.423684210526315, "reusita": 50.0, "cnt": 20}, "ANATOMIE SI FIZIOLOGIE UMANA, GENETICA SI ECOLOGIE UMANA": {"medie": 7.4156249999999995, "reusita": 81.25, "cnt": 16}, "ISTORIE": {"medie": 6.477941176470589, "reusita": 85.29411764705883, "cnt": 34}, "GEOGRAFIE": {"medie": 6.605882352941176, "reusita": 76.47058823529412, "cnt": 34}}, "nume": "LICEUL TEORETIC PERIAM\tTimi\u0219"}