{"specializari": {"STIINTE SOCIALE": 31, "TEHNICIAN IN ACTIVITATI ECONOMICE": 29, "FILOLOGIE": 31, "MATEMATICA-INFORMATICA": 19, "STIINTE ALE NATURII": 42, "TEHNICIAN IN GASTRONOMIE": 8, "TEHNICIAN IN AGROTURISM": 1, "TEHNICIAN TRANSPORTURI": 2}, "limba_moderna": {"LIMBA ENGLEZA": 153, "LIMBA FRANCEZA": 10}, "limba_materna": {"LIMBA ROMANA": 163}, "promotie_anterioara": {"NU": 108, "DA": 55}, "materii": {"LIMBA ROMANA": {"medie": 6.096178343949046, "reusita": 82.82208588957054, "cnt": 163}, "MATEMATICA TEHN": {"medie": 3.810810810810811, "reusita": 37.5, "cnt": 40}, "BIOLOGIE VEGETALA SI ANIMALA": {"medie": 5.85, "reusita": 100.0, "cnt": 1}, "GENERAL": {"medie": 6.062049549549551, "reusita": 40.49079754601227, "cnt": 163}, "MATEMATICA MATE-INFO": {"medie": 3.9861111111111103, "reusita": 47.368421052631575, "cnt": 19}, "ANATOMIE SI FIZIOLOGIE UMANA, GENETICA SI ECOLOGIE UMANA": {"medie": 6.631132075471698, "reusita": 72.88135593220339, "cnt": 59}, "FIZICA TEH": {"medie": 2.9749999999999996, "reusita": 0.0, "cnt": 2}, "ISTORIE": {"medie": 6.666393442622949, "reusita": 96.7741935483871, "cnt": 62}, "GEOGRAFIE": {"medie": 6.637499999999997, "reusita": 86.51685393258427, "cnt": 89}, "MATEMATICA ST-NAT": {"medie": 4.7529411764705864, "reusita": 42.857142857142854, "cnt": 42}, "CHIMIE ORGANICA TEO NIVEL I/II": {"medie": 4.4, "reusita": 0.0, "cnt": 1}, "INFORMATICA MI C/C++": {"medie": 5.1, "reusita": 100.0, "cnt": 1}, "PSIHOLOGIE": {"medie": 7.577777777777777, "reusita": 100.0, "cnt": 9}, "ECONOMIE": {"medie": 5.55, "reusita": 100.0, "cnt": 1}}, "nume": "LICEUL \"ALEXANDRU ODOBESCU\" LEHLIU GARA\tC\u0103l\u0103ra\u0219i"}