{"specializari": {"TEHNICIAN IN AGRICULTURA": 18, "STIINTE ALE NATURII": 10, "STIINTE SOCIALE": 44}, "limba_moderna": {"LIMBA ENGLEZA": 71, "LIMBA FRANCEZA": 1}, "limba_materna": {"LIMBA ROMANA": 72}, "promotie_anterioara": {"DA": 31, "NU": 41}, "materii": {"LIMBA ROMANA": {"medie": 5.186764705882353, "reusita": 72.22222222222221, "cnt": 72}, "MATEMATICA TEHN": {"medie": 1.4800000000000002, "reusita": 5.555555555555555, "cnt": 18}, "GENERAL": {"medie": 5.2756410256410255, "reusita": 33.33333333333333, "cnt": 72}, "ANATOMIE SI FIZIOLOGIE UMANA, GENETICA SI ECOLOGIE UMANA": {"medie": 3.7295454545454545, "reusita": 28.57142857142857, "cnt": 28}, "ISTORIE": {"medie": 5.3806818181818175, "reusita": 75.0, "cnt": 44}, "GEOGRAFIE": {"medie": 7.280681818181819, "reusita": 88.63636363636364, "cnt": 44}, "MATEMATICA ST-NAT": {"medie": 4.644444444444444, "reusita": 70.0, "cnt": 10}}, "nume": "LICEUL TEORETIC \"GEORGE ST. MARINCU\" POIANA MARE\tDolj"}