{"specializari": {"MATEMATICA-INFORMATICA": 54, "STIINTE ALE NATURII": 48, "STIINTE SOCIALE": 36, "FILOLOGIE": 32}, "limba_moderna": {"LIMBA ENGLEZA": 162, "LIMBA FRANCEZA": 8}, "limba_materna": {"LIMBA ROMANA": 170}, "promotie_anterioara": {"NU": 161, "DA": 9}, "materii": {"LIMBA ROMANA": {"medie": 8.283136094674555, "reusita": 99.41176470588235, "cnt": 170}, "BIOLOGIE VEGETALA SI ANIMALA": {"medie": 8.765384615384615, "reusita": 100.0, "cnt": 13}, "GENERAL": {"medie": 8.25668662674651, "reusita": 92.3529411764706, "cnt": 170}, "MATEMATICA MATE-INFO": {"medie": 7.766037735849059, "reusita": 96.29629629629629, "cnt": 54}, "ANATOMIE SI FIZIOLOGIE UMANA, GENETICA SI ECOLOGIE UMANA": {"medie": 8.757407407407408, "reusita": 96.29629629629629, "cnt": 27}, "ISTORIE": {"medie": 8.427941176470588, "reusita": 100.0, "cnt": 68}, "GEOGRAFIE": {"medie": 8.160714285714286, "reusita": 86.66666666666667, "cnt": 15}, "MATEMATICA ST-NAT": {"medie": 7.713541666666665, "reusita": 100.0, "cnt": 48}, "FIZICA TEO": {"medie": 8.336111111111112, "reusita": 94.44444444444444, "cnt": 18}, "CHIMIE ORGANICA TEO NIVEL I/II": {"medie": 8.179310344827588, "reusita": 100.0, "cnt": 29}, "LOGICA, ARGUMENTARE SI COMUNICARE": {"medie": 8.503225806451614, "reusita": 90.32258064516128, "cnt": 31}, "INFORMATICA MI C/C++": {"medie": 7.975, "reusita": 90.9090909090909, "cnt": 11}, "PSIHOLOGIE": {"medie": 8.65, "reusita": 100.0, "cnt": 12}, "CHIMIE ANORGANICA TEO NIVEL I/II": {"medie": 7.9, "reusita": 100.0, "cnt": 4}, "SOCIOLOGIE": {"medie": 7.766666666666666, "reusita": 100.0, "cnt": 9}, "ECONOMIE": {"medie": 5.8, "reusita": 100.0, "cnt": 1}}, "nume": "LICEUL TEORETIC \"ION BARBU\"\tBucure\u0219ti"}