{"specializari": {"STIINTE SOCIALE": 30, "FILOLOGIE": 62, "STIINTE ALE NATURII": 30, "MATEMATICA-INFORMATICA": 22}, "limba_moderna": {"LIMBA ENGLEZA": 144}, "limba_materna": {"LIMBA ROMANA": 144}, "promotie_anterioara": {"NU": 138, "DA": 6}, "materii": {"LIMBA ROMANA": {"medie": 8.240625000000001, "reusita": 99.30555555555556, "cnt": 144}, "GENERAL": {"medie": 8.158796296296295, "reusita": 88.19444444444444, "cnt": 144}, "MATEMATICA MATE-INFO": {"medie": 6.659090909090909, "reusita": 72.72727272727273, "cnt": 22}, "ANATOMIE SI FIZIOLOGIE UMANA, GENETICA SI ECOLOGIE UMANA": {"medie": 7.866216216216218, "reusita": 94.5945945945946, "cnt": 37}, "ISTORIE": {"medie": 8.650543478260872, "reusita": 98.91304347826086, "cnt": 92}, "GEOGRAFIE": {"medie": 8.837777777777779, "reusita": 100.0, "cnt": 45}, "MATEMATICA ST-NAT": {"medie": 6.486666666666666, "reusita": 80.0, "cnt": 30}, "FIZICA TEO": {"medie": 8.028571428571428, "reusita": 85.71428571428571, "cnt": 7}, "LOGICA, ARGUMENTARE SI COMUNICARE": {"medie": 8.509722222222225, "reusita": 94.44444444444444, "cnt": 36}, "INFORMATICA MI C/C++": {"medie": 7.24375, "reusita": 87.5, "cnt": 8}, "PSIHOLOGIE": {"medie": 8.25, "reusita": 100.0, "cnt": 1}, "SOCIOLOGIE": {"medie": 8.35, "reusita": 100.0, "cnt": 10}}, "nume": "LICEUL TEORETIC \"TUDOR ARGHEZI\" CRAIOVA\tDolj"}