{"specializari": {"TEOLOGIE PENTICOSTALA": 31, "MATEMATICA-INFORMATICA": 28}, "limba_moderna": {"LIMBA ENGLEZA": 59}, "limba_materna": {"LIMBA ROMANA": 59}, "promotie_anterioara": {"NU": 41, "DA": 18}, "materii": {"LIMBA ROMANA": {"medie": 6.219827586206898, "reusita": 91.52542372881356, "cnt": 59}, "BIOLOGIE VEGETALA SI ANIMALA": {"medie": 6.65, "reusita": 100.0, "cnt": 1}, "GENERAL": {"medie": 5.985714285714287, "reusita": 28.8135593220339, "cnt": 59}, "MATEMATICA MATE-INFO": {"medie": 3.0555555555555562, "reusita": 21.428571428571427, "cnt": 28}, "ANATOMIE SI FIZIOLOGIE UMANA, GENETICA SI ECOLOGIE UMANA": {"medie": 7.738888888888888, "reusita": 96.29629629629629, "cnt": 27}, "ISTORIE": {"medie": 5.762903225806453, "reusita": 80.64516129032258, "cnt": 31}, "GEOGRAFIE": {"medie": 6.097727272727273, "reusita": 86.95652173913044, "cnt": 23}, "LOGICA, ARGUMENTARE SI COMUNICARE": {"medie": 8.64375, "reusita": 100.0, "cnt": 8}}, "nume": "LICEUL TEOLOGIC PENTICOSTAL ARAD\tArad"}