{"specializari": {"STIINTE ALE NATURII": 34, "FILOLOGIE": 26, "MATEMATICA-INFORMATICA": 29}, "limba_moderna": {"LIMBA ENGLEZA": 89}, "limba_materna": {"LIMBA ROMANA": 89}, "promotie_anterioara": {"DA": 15, "NU": 74}, "materii": {"LIMBA ROMANA": {"medie": 7.188764044943818, "reusita": 95.50561797752809, "cnt": 89}, "GENERAL": {"medie": 7.3149425287356316, "reusita": 70.78651685393258, "cnt": 89}, "MATEMATICA MATE-INFO": {"medie": 8.33793103448276, "reusita": 96.55172413793103, "cnt": 29}, "ANATOMIE SI FIZIOLOGIE UMANA, GENETICA SI ECOLOGIE UMANA": {"medie": 8.280882352941175, "reusita": 97.14285714285714, "cnt": 35}, "ISTORIE": {"medie": 6.046153846153847, "reusita": 88.46153846153845, "cnt": 26}, "GEOGRAFIE": {"medie": 6.796875, "reusita": 88.23529411764706, "cnt": 17}, "MATEMATICA ST-NAT": {"medie": 5.662121212121214, "reusita": 70.58823529411765, "cnt": 34}, "FIZICA TEO": {"medie": 8.855555555555556, "reusita": 100.0, "cnt": 27}, "CHIMIE ORGANICA TEO NIVEL I/II": {"medie": 9.75, "reusita": 100.0, "cnt": 1}, "PSIHOLOGIE": {"medie": 6.557142857142857, "reusita": 100.0, "cnt": 7}, "SOCIOLOGIE": {"medie": 7.35, "reusita": 100.0, "cnt": 2}}, "nume": "LICEUL TEORETIC \"ANGHEL SALIGNY\" CERNAVODA\tConstan\u021ba"}