{"specializari": {"STIINTE ALE NATURII": 23, "FILOLOGIE": 28, "MATEMATICA-INFORMATICA": 3, "TEHNICIAN IN SILVICULTURA SI EXPLOATARI FORESTIERE": 14, "TEHNICIAN ECOLOG SI PROTECTIA CALITATII MEDIULUI": 10}, "limba_moderna": {"LIMBA ENGLEZA": 67, "LIMBA FRANCEZA": 11}, "limba_materna": {"LIMBA ROMANA": 78}, "promotie_anterioara": {"NU": 55, "DA": 23}, "materii": {"LIMBA ROMANA": {"medie": 6.06168831168831, "reusita": 78.2051282051282, "cnt": 78}, "MATEMATICA TEHN": {"medie": 3.809090909090909, "reusita": 50.0, "cnt": 24}, "BIOLOGIE VEGETALA SI ANIMALA": {"medie": 7.8500000000000005, "reusita": 87.5, "cnt": 8}, "GENERAL": {"medie": 6.022297297297299, "reusita": 51.28205128205128, "cnt": 78}, "MATEMATICA MATE-INFO": {"medie": 4.475, "reusita": 33.33333333333333, "cnt": 3}, "ANATOMIE SI FIZIOLOGIE UMANA, GENETICA SI ECOLOGIE UMANA": {"medie": 6.134146341463415, "reusita": 73.80952380952381, "cnt": 42}, "ISTORIE": {"medie": 6.796428571428572, "reusita": 89.28571428571429, "cnt": 28}, "GEOGRAFIE": {"medie": 7.668181818181819, "reusita": 86.36363636363636, "cnt": 22}, "MATEMATICA ST-NAT": {"medie": 4.261363636363637, "reusita": 43.47826086956522, "cnt": 23}, "PSIHOLOGIE": {"medie": 8.466666666666667, "reusita": 100.0, "cnt": 6}}, "nume": "LICEUL TEORETIC \"EFTIMIE MURGU\" BOZOVICI\tCara\u0219-Severin"}