{"specializari": {"TEHNICIAN IN TURISM": 42, "ORGANIZATOR BANQUETING": 57, "TEHNICIAN IN ACHIZITII SI CONTRACTARI": 29, "TEHNICIAN IN ACTIVITATI ECONOMICE": 52, "TEHNICIAN IN ACTIVITATI DE COMERT": 1}, "limba_moderna": {"LIMBA ENGLEZA": 152, "LIMBA FRANCEZA": 29}, "limba_materna": {"LIMBA ROMANA": 181}, "promotie_anterioara": {"DA": 17, "NU": 164}, "materii": {"LIMBA ROMANA": {"medie": 6.600558659217874, "reusita": 94.47513812154696, "cnt": 181}, "MATEMATICA TEHN": {"medie": 6.031920903954804, "reusita": 75.69060773480662, "cnt": 181}, "GENERAL": {"medie": 6.706403013182667, "reusita": 67.95580110497238, "cnt": 181}, "GEOGRAFIE": {"medie": 7.820522388059702, "reusita": 93.47826086956522, "cnt": 138}, "LOGICA, ARGUMENTARE SI COMUNICARE": {"medie": 6.339473684210527, "reusita": 78.94736842105263, "cnt": 19}, "PSIHOLOGIE": {"medie": 6.55, "reusita": 100.0, "cnt": 6}, "ECONOMIE": {"medie": 6.35, "reusita": 94.44444444444444, "cnt": 18}}, "nume": "LICEUL TEHNOLOGIC ECONOMIC DE TURISM, IASI\tIa\u0219i"}