{"specializari": {"FILOLOGIE": 83}, "limba_moderna": {"LIMBA ENGLEZA": 82, "LIMBA FRANCEZA": 1}, "limba_materna": {"LIMBA ROMANA": 83}, "promotie_anterioara": {"NU": 55, "DA": 28}, "materii": {"LIMBA ROMANA": {"medie": 5.109459459459461, "reusita": 57.831325301204814, "cnt": 83}, "GENERAL": {"medie": 5.378638497652583, "reusita": 36.144578313253014, "cnt": 83}, "ISTORIE": {"medie": 5.1310810810810805, "reusita": 51.80722891566265, "cnt": 83}, "GEOGRAFIE": {"medie": 7.194444444444445, "reusita": 80.0, "cnt": 20}, "FILOSOFIE": {"medie": 6.1, "reusita": 100.0, "cnt": 1}, "LOGICA, ARGUMENTARE SI COMUNICARE": {"medie": 4.541666666666667, "reusita": 42.857142857142854, "cnt": 7}, "SOCIOLOGIE": {"medie": 5.358163265306123, "reusita": 50.90909090909091, "cnt": 55}}, "nume": "LICEUL TEORETIC \"VICTORIA\"\tBucure\u0219ti"}