{"specializari": {"TEHNICIAN IN TURISM": 23}, "limba_moderna": {"LIMBA ENGLEZA": 23}, "limba_materna": {"LIMBA ROMANA": 23}, "promotie_anterioara": {"DA": 5, "NU": 18}, "materii": {"LIMBA ROMANA": {"medie": 5.169047619047619, "reusita": 65.21739130434783, "cnt": 23}, "MATEMATICA TEHN": {"medie": 3.5499999999999994, "reusita": 26.08695652173913, "cnt": 23}, "GENERAL": {"medie": 4.657894736842106, "reusita": 21.73913043478261, "cnt": 23}, "GEOGRAFIE": {"medie": 4.923684210526316, "reusita": 36.36363636363637, "cnt": 22}, "PSIHOLOGIE": {"medie": 6.55, "reusita": 100.0, "cnt": 1}}, "nume": "LICEUL TEHNOLOGIC \"NICOLAE DUMITRESCU\" CUMPANA\tConstan\u021ba"}