{"specializari": {"LICEU CU PROGRAM SPORTIV": 115, "STIINTE ALE NATURII": 19}, "limba_moderna": {"LIMBA ENGLEZA": 116, "LIMBA FRANCEZA": 18}, "limba_materna": {"LIMBA ROMANA": 134}, "promotie_anterioara": {"NU": 101, "DA": 33}, "materii": {"LIMBA ROMANA": {"medie": 5.939097744360902, "reusita": 82.83582089552239, "cnt": 134}, "GENERAL": {"medie": 6.032954545454547, "reusita": 46.26865671641791, "cnt": 134}, "ANATOMIE SI FIZIOLOGIE UMANA, GENETICA SI ECOLOGIE UMANA": {"medie": 6.577777777777777, "reusita": 78.94736842105263, "cnt": 19}, "ISTORIE": {"medie": 5.520614035087718, "reusita": 71.30434782608695, "cnt": 115}, "GEOGRAFIE": {"medie": 6.5409836065573765, "reusita": 85.48387096774194, "cnt": 62}, "MATEMATICA ST-NAT": {"medie": 4.183333333333334, "reusita": 42.10526315789473, "cnt": 19}, "PSIHOLOGIE": {"medie": 7.187735849056604, "reusita": 92.45283018867924, "cnt": 53}}, "nume": "LICEUL CU PROGRAM SPORTIV TG-JIU\tGorj"}