{"specializari": {"LICEU CU PROGRAM SPORTIV": 94, "STIINTE ALE NATURII": 5}, "limba_moderna": {"LIMBA ENGLEZA": 92, "LIMBA FRANCEZA": 7}, "limba_materna": {"LIMBA ROMANA": 99}, "promotie_anterioara": {"NU": 74, "DA": 25}, "materii": {"LIMBA ROMANA": {"medie": 6.105612244897963, "reusita": 91.91919191919192, "cnt": 99}, "GENERAL": {"medie": 6.33298969072165, "reusita": 55.55555555555556, "cnt": 99}, "ANATOMIE SI FIZIOLOGIE UMANA, GENETICA SI ECOLOGIE UMANA": {"medie": 6.516666666666667, "reusita": 100.0, "cnt": 3}, "ISTORIE": {"medie": 6.211413043478261, "reusita": 81.91489361702128, "cnt": 94}, "GEOGRAFIE": {"medie": 6.855000000000001, "reusita": 90.47619047619048, "cnt": 21}, "MATEMATICA ST-NAT": {"medie": 4.709999999999999, "reusita": 80.0, "cnt": 5}, "CHIMIE ORGANICA TEO NIVEL I/II": {"medie": 6.85, "reusita": 100.0, "cnt": 2}, "LOGICA, ARGUMENTARE SI COMUNICARE": {"medie": 6.729166666666668, "reusita": 75.34246575342466, "cnt": 73}}, "nume": "LICEUL CU PROGRAM SPORTIV, LOCALITATEA GALATI\tGala\u021bi"}