{"specializari": {"MATEMATICA-INFORMATICA": 29, "STIINTE ALE NATURII": 33, "FILOLOGIE": 32, "TEHNICIAN IN ACTIVITATI ECONOMICE": 28, "TEHNICIAN IN TURISM": 2, "LICEU CU PROGRAM SPORTIV": 17}, "limba_moderna": {"LIMBA ENGLEZA": 117, "LIMBA FRANCEZA": 22, "LIMBA SPANIOLA": 2}, "limba_materna": {"LIMBA ROMANA": 141}, "promotie_anterioara": {"DA": 41, "NU": 100}, "materii": {"LIMBA ROMANA": {"medie": 6.952536231884057, "reusita": 87.2340425531915, "cnt": 141}, "MATEMATICA TEHN": {"medie": 6.578333333333334, "reusita": 80.0, "cnt": 30}, "GENERAL": {"medie": 6.72856790123457, "reusita": 58.156028368794324, "cnt": 141}, "MATEMATICA MATE-INFO": {"medie": 7.268965517241378, "reusita": 93.10344827586206, "cnt": 29}, "ANATOMIE SI FIZIOLOGIE UMANA, GENETICA SI ECOLOGIE UMANA": {"medie": 6.205555555555556, "reusita": 64.28571428571429, "cnt": 56}, "ISTORIE": {"medie": 6.926595744680851, "reusita": 83.6734693877551, "cnt": 49}, "GEOGRAFIE": {"medie": 7.762179487179487, "reusita": 89.74358974358975, "cnt": 78}, "MATEMATICA ST-NAT": {"medie": 2.812121212121212, "reusita": 12.121212121212121, "cnt": 33}, "FIZICA TEO": {"medie": 7.7675, "reusita": 75.0, "cnt": 4}, "INFORMATICA MI C/C++": {"medie": 7.824999999999999, "reusita": 100.0, "cnt": 2}, "PSIHOLOGIE": {"medie": 8.8, "reusita": 100.0, "cnt": 1}}, "nume": "LICEUL TEORETIC NOVACI\tGorj"}