{"specializari": {"FILOLOGIE": 33, "MATEMATICA-INFORMATICA": 19, "TEHNICIAN IN INSTALATII ELECTRICE": 34, "TEHNICIAN MECATRONIST": 1, "TEHNICIAN MECANIC PENTRU INTRETINERE SI REPARATII": 3, "STIINTE SOCIALE": 2, "TEHNICIAN IN PRELUCRAREA LEMNULUI": 1}, "limba_moderna": {"LIMBA ENGLEZA": 73, "LIMBA FRANCEZA": 17, "LIMBA GERMANA MODERNA": 3}, "limba_materna": {"LIMBA ROMANA": 79, "LIMBA MAGHIARA": 14}, "promotie_anterioara": {"DA": 22, "NU": 71}, "materii": {"LIMBA ROMANA": {"medie": 5.489887640449439, "reusita": 65.59139784946237, "cnt": 93}, "MATEMATICA TEHN": {"medie": 2.094117647058823, "reusita": 12.82051282051282, "cnt": 39}, "BIOLOGIE VEGETALA SI ANIMALA": {"medie": 3.724358974358975, "reusita": 25.0, "cnt": 44}, "GENERAL": {"medie": 5.224503968253969, "reusita": 33.33333333333333, "cnt": 93}, "MATEMATICA MATE-INFO": {"medie": 3.244444444444445, "reusita": 26.31578947368421, "cnt": 19}, "ANATOMIE SI FIZIOLOGIE UMANA, GENETICA SI ECOLOGIE UMANA": {"medie": 6.130000000000001, "reusita": 80.0, "cnt": 10}, "ISTORIE": {"medie": 7.708823529411764, "reusita": 97.14285714285714, "cnt": 35}, "GEOGRAFIE": {"medie": 7.459615384615385, "reusita": 92.3076923076923, "cnt": 26}, "LIMBA MAGHIARA (REAL)": {"medie": 4.758333333333334, "reusita": 35.714285714285715, "cnt": 14}, "FIZICA TEO": {"medie": 4.6499999999999995, "reusita": 66.66666666666666, "cnt": 3}, "LOGICA, ARGUMENTARE SI COMUNICARE": {"medie": 6.661111111111111, "reusita": 66.66666666666666, "cnt": 9}, "CHIMIE ANORGANICA TEH NIVEL I/II": {"medie": "-", "reusita": 0.0, "cnt": 1}}, "nume": "LICEUL \"ST.O.IOSIF\" RUPEA\tBra\u0219ov"}