{"specializari": {"LICEU CU PROGRAM SPORTIV": 67}, "limba_moderna": {"LIMBA ENGLEZA": 67}, "limba_materna": {"LIMBA ROMANA": 67}, "promotie_anterioara": {"NU": 57, "DA": 10}, "materii": {"LIMBA ROMANA": {"medie": 5.632835820895521, "reusita": 74.6268656716418, "cnt": 67}, "GENERAL": {"medie": 5.872636815920399, "reusita": 46.26865671641791, "cnt": 67}, "ISTORIE": {"medie": 5.68507462686567, "reusita": 74.6268656716418, "cnt": 67}, "GEOGRAFIE": {"medie": 6.299999999999999, "reusita": 74.6268656716418, "cnt": 67}}, "nume": "LICEUL CU PROGRAM SPORTIV SATU MARE\tSatu-Mare"}