{"specializari": {"TEHNICIAN IN AGRICULTURA": 14}, "limba_moderna": {"LIMBA ENGLEZA": 14}, "limba_materna": {"LIMBA ROMANA": 14}, "promotie_anterioara": {"DA": 3, "NU": 11}, "materii": {"LIMBA ROMANA": {"medie": 5.295454545454546, "reusita": 50.0, "cnt": 14}, "MATEMATICA TEHN": {"medie": 2.4250000000000003, "reusita": 14.285714285714285, "cnt": 14}, "BIOLOGIE VEGETALA SI ANIMALA": {"medie": 5.007692307692308, "reusita": 42.857142857142854, "cnt": 14}, "GENERAL": {"medie": 4.29, "reusita": 7.142857142857142, "cnt": 14}}, "nume": "LICEUL TEHNOLOGIC NR.1 BORCEA\tC\u0103l\u0103ra\u0219i"}