{"specializari": {"MATEMATICA-INFORMATICA": 34, "STIINTE ALE NATURII": 34, "FILOLOGIE": 29, "STIINTE SOCIALE": 32}, "limba_moderna": {"LIMBA ENGLEZA": 124, "LIMBA FRANCEZA": 5}, "limba_materna": {"LIMBA ROMANA": 129}, "promotie_anterioara": {"DA": 17, "NU": 112}, "materii": {"LIMBA ROMANA": {"medie": 7.394573643410855, "reusita": 97.67441860465115, "cnt": 129}, "BIOLOGIE VEGETALA SI ANIMALA": {"medie": 6.570731707317073, "reusita": 78.04878048780488, "cnt": 41}, "GENERAL": {"medie": 7.275710594315245, "reusita": 71.31782945736434, "cnt": 129}, "MATEMATICA MATE-INFO": {"medie": 7.619117647058821, "reusita": 91.17647058823529, "cnt": 34}, "ANATOMIE SI FIZIOLOGIE UMANA, GENETICA SI ECOLOGIE UMANA": {"medie": 6.4, "reusita": 100.0, "cnt": 1}, "ISTORIE": {"medie": 8.181967213114755, "reusita": 98.36065573770492, "cnt": 61}, "GEOGRAFIE": {"medie": 8.576785714285714, "reusita": 96.42857142857143, "cnt": 28}, "MATEMATICA ST-NAT": {"medie": 3.9426470588235287, "reusita": 38.23529411764706, "cnt": 34}, "FIZICA TEO": {"medie": 8.337499999999999, "reusita": 100.0, "cnt": 8}, "LOGICA, ARGUMENTARE SI COMUNICARE": {"medie": 7.74, "reusita": 80.0, "cnt": 5}, "INFORMATICA MI C/C++": {"medie": 7.530555555555556, "reusita": 100.0, "cnt": 18}, "PSIHOLOGIE": {"medie": 9.4, "reusita": 100.0, "cnt": 1}, "SOCIOLOGIE": {"medie": 7.52962962962963, "reusita": 96.29629629629629, "cnt": 27}}, "nume": "LICEUL TEORETIC \"GRIGORE TOCILESCU\", ORASUL MIZIL\tPrahova"}