{"specializari": {"MATEMATICA-INFORMATICA": 65, "STIINTE ALE NATURII": 64, "FILOLOGIE": 31, "STIINTE SOCIALE": 64}, "limba_moderna": {"LIMBA ENGLEZA": 203, "LIMBA FRANCEZA": 21}, "limba_materna": {"LIMBA ROMANA": 224}, "promotie_anterioara": {"DA": 14, "NU": 210}, "materii": {"LIMBA ROMANA": {"medie": 8.3171875, "reusita": 100.0, "cnt": 224}, "BIOLOGIE VEGETALA SI ANIMALA": {"medie": 8.351204819277108, "reusita": 96.3855421686747, "cnt": 83}, "GENERAL": {"medie": 8.176980568011958, "reusita": 93.30357142857143, "cnt": 224}, "MATEMATICA MATE-INFO": {"medie": 6.029687500000001, "reusita": 83.07692307692308, "cnt": 65}, "ANATOMIE SI FIZIOLOGIE UMANA, GENETICA SI ECOLOGIE UMANA": {"medie": 8.757692307692308, "reusita": 92.3076923076923, "cnt": 13}, "ISTORIE": {"medie": 8.84421052631579, "reusita": 100.0, "cnt": 95}, "GEOGRAFIE": {"medie": 8.928676470588234, "reusita": 98.52941176470588, "cnt": 68}, "MATEMATICA ST-NAT": {"medie": 7.46015625, "reusita": 96.875, "cnt": 64}, "FIZICA TEO": {"medie": 8.50625, "reusita": 100.0, "cnt": 8}, "CHIMIE ORGANICA TEO NIVEL I/II": {"medie": 7.530769230769229, "reusita": 100.0, "cnt": 13}, "LOGICA, ARGUMENTARE SI COMUNICARE": {"medie": 8.464285714285714, "reusita": 100.0, "cnt": 14}, "INFORMATICA MI C/C++": {"medie": 8.154545454545454, "reusita": 100.0, "cnt": 11}, "PSIHOLOGIE": {"medie": 8.775, "reusita": 100.0, "cnt": 6}, "SOCIOLOGIE": {"medie": 9.442857142857141, "reusita": 100.0, "cnt": 7}, "INFORMATICA SN C/C++": {"medie": 9.5, "reusita": 100.0, "cnt": 1}}, "nume": "LICEUL TEORETIC \"TUDOR VLADIMIRESCU\"\tBucure\u0219ti"}