{"specializari": {"TEHNICIAN MECANIC PENTRU INTRETINERE SI REPARATII": 12, "TEHNICIAN IN TURISM": 37}, "limba_moderna": {"LIMBA FRANCEZA": 23, "LIMBA ENGLEZA": 26}, "limba_materna": {"LIMBA ROMANA": 49}, "promotie_anterioara": {"DA": 30, "NU": 19}, "materii": {"LIMBA ROMANA": {"medie": 4.6111111111111125, "reusita": 46.93877551020408, "cnt": 49}, "MATEMATICA TEHN": {"medie": 3.368888888888888, "reusita": 36.734693877551024, "cnt": 49}, "BIOLOGIE VEGETALA SI ANIMALA": {"medie": 5.9750000000000005, "reusita": 50.0, "cnt": 8}, "GENERAL": {"medie": 4.1988095238095235, "reusita": 10.204081632653061, "cnt": 49}, "FIZICA TEH": {"medie": 5.733333333333333, "reusita": 75.0, "cnt": 4}, "GEOGRAFIE": {"medie": 4.102941176470588, "reusita": 32.432432432432435, "cnt": 37}}, "nume": "LICEUL TEHNOLOGIC TISMANA\tGorj"}