{"specializari": {"FILOLOGIE": 99, "MATEMATICA-INFORMATICA": 23}, "limba_moderna": {"LIMBA ENGLEZA": 87, "LIMBA FRANCEZA": 35}, "limba_materna": {"LIMBA ROMANA": 122}, "promotie_anterioara": {"DA": 36, "NU": 86}, "materii": {"LIMBA ROMANA": {"medie": 6.065, "reusita": 77.04918032786885, "cnt": 122}, "GENERAL": {"medie": 6.04039548022599, "reusita": 52.459016393442624, "cnt": 122}, "MATEMATICA MATE-INFO": {"medie": 5.280434782608695, "reusita": 65.21739130434783, "cnt": 23}, "ANATOMIE SI FIZIOLOGIE UMANA, GENETICA SI ECOLOGIE UMANA": {"medie": 6.377777777777776, "reusita": 61.111111111111114, "cnt": 18}, "ISTORIE": {"medie": 6.067187500000004, "reusita": 82.82828282828282, "cnt": 99}, "GEOGRAFIE": {"medie": 6.019718309859155, "reusita": 71.62162162162163, "cnt": 74}, "FILOSOFIE": {"medie": 3.8, "reusita": 0.0, "cnt": 1}, "FIZICA TEO": {"medie": 6.65, "reusita": 100.0, "cnt": 2}, "CHIMIE ORGANICA TEO NIVEL I/II": {"medie": 8.95, "reusita": 100.0, "cnt": 1}, "LOGICA, ARGUMENTARE SI COMUNICARE": {"medie": 7.3, "reusita": 100.0, "cnt": 1}, "INFORMATICA MI C/C++": {"medie": 7.45, "reusita": 100.0, "cnt": 2}, "PSIHOLOGIE": {"medie": 6.2299999999999995, "reusita": 100.0, "cnt": 5}, "SOCIOLOGIE": {"medie": 5.699999999999999, "reusita": 61.111111111111114, "cnt": 18}}, "nume": "LICEUL TEORETIC \"ION GHICA\" RACARI\tD\u00e2mbovi\u021ba"}