{"specializari": {"MATEMATICA-INFORMATICA": 72, "FILOLOGIE": 37, "TEHNICIAN MECATRONIST": 12, "STIINTE SOCIALE": 45, "STIINTE ALE NATURII": 58, "TEHNICIAN IN INSTALATII ELECTRICE": 7, "TEHNICIAN MECANIC PENTRU INTRETINERE SI REPARATII": 17, "TEHNICIAN PROIECTANT CAD": 1}, "limba_moderna": {"LIMBA ENGLEZA": 246, "LIMBA FRANCEZA": 2, "LIMBA SPANIOLA": 1}, "limba_materna": {"LIMBA ROMANA": 249}, "promotie_anterioara": {"NU": 166, "DA": 83}, "materii": {"LIMBA ROMANA": {"medie": 6.4621900826446295, "reusita": 77.10843373493977, "cnt": 249}, "MATEMATICA TEHN": {"medie": 2.5375, "reusita": 21.62162162162162, "cnt": 37}, "BIOLOGIE VEGETALA SI ANIMALA": {"medie": 4.3008771929824565, "reusita": 46.774193548387096, "cnt": 62}, "GENERAL": {"medie": 5.844067796610166, "reusita": 42.971887550200805, "cnt": 249}, "MATEMATICA MATE-INFO": {"medie": 5.742537313432837, "reusita": 65.27777777777779, "cnt": 72}, "ANATOMIE SI FIZIOLOGIE UMANA, GENETICA SI ECOLOGIE UMANA": {"medie": 5.643478260869566, "reusita": 59.57446808510638, "cnt": 94}, "FIZICA TEH": {"medie": 2.96, "reusita": 20.0, "cnt": 5}, "ISTORIE": {"medie": 7.233333333333332, "reusita": 89.02439024390245, "cnt": 82}, "GEOGRAFIE": {"medie": 7.499999999999997, "reusita": 89.13043478260869, "cnt": 46}, "MATEMATICA ST-NAT": {"medie": 2.5401785714285716, "reusita": 17.24137931034483, "cnt": 58}, "FIZICA TEO": {"medie": 8.883333333333333, "reusita": 100.0, "cnt": 3}, "CHIMIE ORGANICA TEO NIVEL I/II": {"medie": 8.549999999999999, "reusita": 100.0, "cnt": 3}, "LOGICA, ARGUMENTARE SI COMUNICARE": {"medie": 7.453448275862069, "reusita": 89.65517241379311, "cnt": 29}, "PSIHOLOGIE": {"medie": 7.375, "reusita": 100.0, "cnt": 6}, "SOCIOLOGIE": {"medie": 6.85, "reusita": 100.0, "cnt": 1}}, "nume": "LICEUL TEORETIC VIDELE\tTeleorman"}