{"specializari": {"MATEMATICA-INFORMATICA": 28, "STIINTE ALE NATURII": 26, "FILOLOGIE": 38}, "limba_moderna": {"LIMBA ENGLEZA": 91, "LIMBA FRANCEZA": 1}, "limba_materna": {"LIMBA ROMANA": 92}, "promotie_anterioara": {"NU": 82, "DA": 10}, "materii": {"LIMBA ROMANA": {"medie": 7.019021739130434, "reusita": 95.65217391304348, "cnt": 92}, "BIOLOGIE VEGETALA SI ANIMALA": {"medie": 6.8, "reusita": 80.0, "cnt": 5}, "GENERAL": {"medie": 7.405797101449271, "reusita": 78.26086956521739, "cnt": 92}, "MATEMATICA MATE-INFO": {"medie": 7.566071428571428, "reusita": 85.71428571428571, "cnt": 28}, "ANATOMIE SI FIZIOLOGIE UMANA, GENETICA SI ECOLOGIE UMANA": {"medie": 8.632608695652175, "reusita": 100.0, "cnt": 46}, "ISTORIE": {"medie": 7.678947368421053, "reusita": 97.36842105263158, "cnt": 38}, "GEOGRAFIE": {"medie": 7.620833333333334, "reusita": 91.66666666666666, "cnt": 12}, "MATEMATICA ST-NAT": {"medie": 5.711538461538462, "reusita": 69.23076923076923, "cnt": 26}, "CHIMIE ORGANICA TEO NIVEL I/II": {"medie": 9.45, "reusita": 100.0, "cnt": 1}, "LOGICA, ARGUMENTARE SI COMUNICARE": {"medie": 7.678571428571429, "reusita": 100.0, "cnt": 14}, "INFORMATICA MI C/C++": {"medie": 8.825, "reusita": 100.0, "cnt": 2}, "PSIHOLOGIE": {"medie": 6.7125, "reusita": 100.0, "cnt": 4}, "SOCIOLOGIE": {"medie": 7.762499999999999, "reusita": 100.0, "cnt": 8}}, "nume": "LICEUL TEORETIC \"PETRU MAIOR\" OCNA MURES\tAlba"}