{"specializari": {"LICEU CU PROGRAM SPORTIV": 22}, "limba_moderna": {"LIMBA ENGLEZA": 20, "LIMBA FRANCEZA": 2}, "limba_materna": {"LIMBA ROMANA": 22}, "promotie_anterioara": {"NU": 16, "DA": 6}, "materii": {"LIMBA ROMANA": {"medie": 6.08409090909091, "reusita": 81.81818181818183, "cnt": 22}, "GENERAL": {"medie": 6.419696969696969, "reusita": 54.54545454545454, "cnt": 22}, "ISTORIE": {"medie": 7.36590909090909, "reusita": 100.0, "cnt": 22}, "GEOGRAFIE": {"medie": 5.703846153846153, "reusita": 69.23076923076923, "cnt": 13}, "LOGICA, ARGUMENTARE SI COMUNICARE": {"medie": 5.961111111111112, "reusita": 66.66666666666666, "cnt": 9}}, "nume": "LICEUL CU PROGRAM SPORTIV \" FLORIN FLESERIU\" SEBES\tAlba"}