{"specializari": {"INVATATOR - EDUCATOARE": 54, "LICEU CU PROGRAM SPORTIV": 31, "MUZICA": 27, "ARTE PLASTICE SI DECORATIVE": 31, "INSTRUCTOR PENTRU ACTIVITATI EXTRASCOLARE": 2, "FILOLOGIE": 24}, "limba_moderna": {"LIMBA ENGLEZA": 154, "LIMBA FRANCEZA": 15}, "limba_materna": {"LIMBA ROMANA": 169}, "promotie_anterioara": {"NU": 138, "DA": 31}, "materii": {"LIMBA ROMANA": {"medie": 6.876380368098162, "reusita": 87.57396449704143, "cnt": 169}, "GENERAL": {"medie": 6.798757763975154, "reusita": 60.35502958579882, "cnt": 169}, "ISTORIE": {"medie": 6.174774774774775, "reusita": 82.6086956521739, "cnt": 115}, "GEOGRAFIE": {"medie": 6.999404761904761, "reusita": 81.60919540229885, "cnt": 87}, "LOGICA, ARGUMENTARE SI COMUNICARE": {"medie": 5.994186046511628, "reusita": 64.44444444444444, "cnt": 45}, "PSIHOLOGIE": {"medie": 8.267567567567568, "reusita": 100.0, "cnt": 37}, "MATEMATICA PED": {"medie": 6.929245283018868, "reusita": 87.03703703703704, "cnt": 54}}, "nume": "LICEUL PEDAGOGIC \"IOAN POPESCU\", MUN. BARLAD\tVaslui"}