{"specializari": {"STIINTE ALE NATURII": 46}, "limba_moderna": {"LIMBA ENGLEZA": 46}, "limba_materna": {"LIMBA ROMANA": 46}, "promotie_anterioara": {"NU": 36, "DA": 10}, "materii": {"LIMBA ROMANA": {"medie": 6.543181818181819, "reusita": 82.6086956521739, "cnt": 46}, "GENERAL": {"medie": 6.117045454545454, "reusita": 34.78260869565217, "cnt": 46}, "ANATOMIE SI FIZIOLOGIE UMANA, GENETICA SI ECOLOGIE UMANA": {"medie": 7.427272727272729, "reusita": 86.95652173913044, "cnt": 46}, "MATEMATICA ST-NAT": {"medie": 4.380681818181819, "reusita": 43.47826086956522, "cnt": 46}}, "nume": "LICEUL TEORETIC PECIU NOU\tTimi\u0219"}