{"specializari": {"MATEMATICA-INFORMATICA": 25, "STIINTE ALE NATURII": 55, "FILOLOGIE": 62}, "limba_moderna": {"LIMBA ENGLEZA": 140, "LIMBA FRANCEZA": 2}, "limba_materna": {"LIMBA ROMANA": 142}, "promotie_anterioara": {"NU": 129, "DA": 13}, "materii": {"LIMBA ROMANA": {"medie": 7.193214285714282, "reusita": 95.77464788732394, "cnt": 142}, "GENERAL": {"medie": 6.985011990407676, "reusita": 64.7887323943662, "cnt": 142}, "MATEMATICA MATE-INFO": {"medie": 6.808000000000001, "reusita": 80.0, "cnt": 25}, "ANATOMIE SI FIZIOLOGIE UMANA, GENETICA SI ECOLOGIE UMANA": {"medie": 7.044166666666667, "reusita": 88.70967741935483, "cnt": 62}, "ISTORIE": {"medie": 6.951612903225806, "reusita": 91.93548387096774, "cnt": 62}, "GEOGRAFIE": {"medie": 7.154000000000002, "reusita": 86.0, "cnt": 50}, "MATEMATICA ST-NAT": {"medie": 5.660185185185185, "reusita": 63.63636363636363, "cnt": 55}, "FIZICA TEO": {"medie": 8.8, "reusita": 100.0, "cnt": 1}, "CHIMIE ORGANICA TEO NIVEL I/II": {"medie": 8.0625, "reusita": 100.0, "cnt": 4}, "INFORMATICA MI C/C++": {"medie": 8.529166666666667, "reusita": 100.0, "cnt": 12}, "SOCIOLOGIE": {"medie": 6.870833333333333, "reusita": 83.33333333333334, "cnt": 12}, "INFORMATICA SN C/C++": {"medie": 9.8, "reusita": 100.0, "cnt": 1}}, "nume": "LICEUL TEORETIC \"AVRAM IANCU\" BRAD\tHunedoara"}