{"specializari": {"MATEMATICA-INFORMATICA": 27, "STIINTE ALE NATURII": 85, "FILOLOGIE": 67, "STIINTE SOCIALE": 33}, "limba_moderna": {"LIMBA ENGLEZA": 203, "LIMBA FRANCEZA": 8, "LIMBA GERMANA MODERNA": 1}, "limba_materna": {"LIMBA ROMANA": 212}, "promotie_anterioara": {"NU": 200, "DA": 12}, "materii": {"LIMBA ROMANA": {"medie": 7.56142857142857, "reusita": 99.05660377358491, "cnt": 212}, "BIOLOGIE VEGETALA SI ANIMALA": {"medie": 6.507142857142858, "reusita": 78.57142857142857, "cnt": 14}, "GENERAL": {"medie": 7.696153846153852, "reusita": 84.43396226415094, "cnt": 212}, "MATEMATICA MATE-INFO": {"medie": 6.440740740740741, "reusita": 92.5925925925926, "cnt": 27}, "ANATOMIE SI FIZIOLOGIE UMANA, GENETICA SI ECOLOGIE UMANA": {"medie": 8.294155844155844, "reusita": 96.1038961038961, "cnt": 77}, "ISTORIE": {"medie": 8.483838383838384, "reusita": 99.0, "cnt": 100}, "GEOGRAFIE": {"medie": 8.89375, "reusita": 100.0, "cnt": 8}, "MATEMATICA ST-NAT": {"medie": 5.870238095238098, "reusita": 72.94117647058823, "cnt": 85}, "FIZICA TEO": {"medie": 8.487499999999999, "reusita": 94.11764705882352, "cnt": 17}, "CHIMIE ORGANICA TEO NIVEL I/II": {"medie": 8.5, "reusita": 100.0, "cnt": 1}, "LOGICA, ARGUMENTARE SI COMUNICARE": {"medie": 8.584615384615384, "reusita": 96.29629629629629, "cnt": 81}, "INFORMATICA MI C/C++": {"medie": 6.575, "reusita": 100.0, "cnt": 2}, "PSIHOLOGIE": {"medie": 8.766666666666667, "reusita": 100.0, "cnt": 9}, "SOCIOLOGIE": {"medie": 7.5, "reusita": 100.0, "cnt": 1}, "ECONOMIE": {"medie": 8.6, "reusita": 100.0, "cnt": 1}, "INFORMATICA SN C/C++": {"medie": 6.9, "reusita": 100.0, "cnt": 1}}, "nume": "LICEUL TEORETIC \"ION CANTACUZINO\" PITESTI\tArge\u0219"}