{"specializari": {"LICEU CU PROGRAM SPORTIV": 130, "TEHNICIAN IN TURISM": 56, "TEHNICIAN ECOLOG SI PROTECTIA CALITATII MEDIULUI": 25}, "limba_moderna": {"LIMBA ENGLEZA": 207, "LIMBA FRANCEZA": 4}, "limba_materna": {"LIMBA ROMANA": 211}, "promotie_anterioara": {"DA": 46, "NU": 165}, "materii": {"LIMBA ROMANA": {"medie": 6.003155339805826, "reusita": 85.30805687203792, "cnt": 211}, "MATEMATICA TEHN": {"medie": 4.865584415584417, "reusita": 55.55555555555556, "cnt": 81}, "BIOLOGIE VEGETALA SI ANIMALA": {"medie": 6.254347826086956, "reusita": 83.33333333333334, "cnt": 24}, "GENERAL": {"medie": 6.091094771241834, "reusita": 47.39336492890995, "cnt": 211}, "ISTORIE": {"medie": 6.0527559055118125, "reusita": 88.46153846153845, "cnt": 130}, "GEOGRAFIE": {"medie": 6.818497109826595, "reusita": 82.58426966292134, "cnt": 178}, "FILOSOFIE": {"medie": 5.45, "reusita": 100.0, "cnt": 2}, "LOGICA, ARGUMENTARE SI COMUNICARE": {"medie": 4.3, "reusita": 50.0, "cnt": 4}, "ECONOMIE": {"medie": 3.0250000000000004, "reusita": 0.0, "cnt": 2}, "CHIMIE ANORGANICA TEH NIVEL I/II": {"medie": 7.2, "reusita": 100.0, "cnt": 1}}, "nume": "LICEUL CU PROGRAM SPORTIV BISTRITA\tBistri\u021ba-N\u0103s\u0103ud"}