{"specializari": {"MATEMATICA-INFORMATICA": 61, "STIINTE ALE NATURII": 34, "FILOLOGIE": 34}, "limba_moderna": {"LIMBA ENGLEZA": 121, "LIMBA FRANCEZA": 8}, "limba_materna": {"LIMBA ROMANA": 129}, "promotie_anterioara": {"NU": 114, "DA": 15}, "materii": {"LIMBA ROMANA": {"medie": 7.737596899224806, "reusita": 98.44961240310077, "cnt": 129}, "BIOLOGIE VEGETALA SI ANIMALA": {"medie": 6.2, "reusita": 100.0, "cnt": 1}, "GENERAL": {"medie": 7.870209973753282, "reusita": 87.59689922480621, "cnt": 129}, "MATEMATICA MATE-INFO": {"medie": 8.081967213114753, "reusita": 96.72131147540983, "cnt": 61}, "ANATOMIE SI FIZIOLOGIE UMANA, GENETICA SI ECOLOGIE UMANA": {"medie": 8.681250000000002, "reusita": 95.38461538461539, "cnt": 65}, "ISTORIE": {"medie": 7.475000000000001, "reusita": 100.0, "cnt": 34}, "GEOGRAFIE": {"medie": 8.420833333333333, "reusita": 100.0, "cnt": 12}, "MATEMATICA ST-NAT": {"medie": 6.366176470588235, "reusita": 82.35294117647058, "cnt": 34}, "FIZICA TEO": {"medie": 7.455000000000001, "reusita": 95.0, "cnt": 20}, "LOGICA, ARGUMENTARE SI COMUNICARE": {"medie": 8.01388888888889, "reusita": 89.47368421052632, "cnt": 19}, "INFORMATICA MI C/C++": {"medie": 8.766666666666666, "reusita": 88.88888888888889, "cnt": 9}, "PSIHOLOGIE": {"medie": 7.625, "reusita": 100.0, "cnt": 2}, "SOCIOLOGIE": {"medie": 7.25, "reusita": 100.0, "cnt": 1}}, "nume": "LICEUL TEORETIC \"NICOLAE BALCESCU\" MEDGIDIA\tConstan\u021ba"}