{"specializari": {"FILOLOGIE": 37, "TEHNICIAN IN ACTIVITATI ECONOMICE": 21, "STIINTE SOCIALE": 30, "MATEMATICA-INFORMATICA": 22, "STIINTE ALE NATURII": 3}, "limba_moderna": {"LIMBA ENGLEZA": 100, "LIMBA FRANCEZA": 13}, "limba_materna": {"LIMBA ROMANA": 113}, "promotie_anterioara": {"NU": 101, "DA": 12}, "materii": {"LIMBA ROMANA": {"medie": 6.8343750000000005, "reusita": 92.03539823008849, "cnt": 113}, "MATEMATICA TEHN": {"medie": 7.438095238095237, "reusita": 95.23809523809523, "cnt": 21}, "BIOLOGIE VEGETALA SI ANIMALA": {"medie": 6.05, "reusita": 50.0, "cnt": 2}, "GENERAL": {"medie": 7.246060606060608, "reusita": 73.45132743362832, "cnt": 113}, "MATEMATICA MATE-INFO": {"medie": 7.371428571428574, "reusita": 90.9090909090909, "cnt": 22}, "ANATOMIE SI FIZIOLOGIE UMANA, GENETICA SI ECOLOGIE UMANA": {"medie": 8.833333333333334, "reusita": 100.0, "cnt": 12}, "ISTORIE": {"medie": 7.163846153846154, "reusita": 91.04477611940298, "cnt": 67}, "GEOGRAFIE": {"medie": 6.417857142857143, "reusita": 71.42857142857143, "cnt": 14}, "MATEMATICA ST-NAT": {"medie": 4.3, "reusita": 33.33333333333333, "cnt": 3}, "INFORMATICA MI PASCAL": {"medie": 8.48, "reusita": 100.0, "cnt": 5}, "FIZICA TEO": {"medie": 7.9799999999999995, "reusita": 100.0, "cnt": 5}, "LOGICA, ARGUMENTARE SI COMUNICARE": {"medie": 7.677777777777774, "reusita": 89.04109589041096, "cnt": 73}, "INFORMATICA MI C/C++": {"medie": 10.0, "reusita": 100.0, "cnt": 1}, "PSIHOLOGIE": {"medie": 8.0, "reusita": 100.0, "cnt": 1}}, "nume": "LICEUL TEORETIC \"IOAN SLAVICI\" PANCIU\tVrancea"}