{"specializari": {"MATEMATICA-INFORMATICA": 44, "FILOLOGIE": 154}, "limba_moderna": {"LIMBA ENGLEZA": 178, "LIMBA FRANCEZA": 20}, "limba_materna": {"LIMBA ROMANA": 198}, "promotie_anterioara": {"NU": 137, "DA": 61}, "materii": {"LIMBA ROMANA": {"medie": 5.69119170984456, "reusita": 75.75757575757575, "cnt": 198}, "BIOLOGIE VEGETALA SI ANIMALA": {"medie": 6.39375, "reusita": 87.5, "cnt": 8}, "GENERAL": {"medie": 5.671774193548384, "reusita": 40.4040404040404, "cnt": 198}, "MATEMATICA MATE-INFO": {"medie": 3.464999999999999, "reusita": 34.090909090909086, "cnt": 44}, "ANATOMIE SI FIZIOLOGIE UMANA, GENETICA SI ECOLOGIE UMANA": {"medie": 6.511666666666667, "reusita": 68.57142857142857, "cnt": 35}, "ISTORIE": {"medie": 5.479333333333333, "reusita": 68.18181818181817, "cnt": 154}, "GEOGRAFIE": {"medie": 6.193396226415094, "reusita": 76.14678899082568, "cnt": 109}, "FILOSOFIE": {"medie": 6.3, "reusita": 100.0, "cnt": 1}, "FIZICA TEO": {"medie": 6.5, "reusita": 100.0, "cnt": 1}, "PSIHOLOGIE": {"medie": 6.549999999999999, "reusita": 85.71428571428571, "cnt": 7}, "SOCIOLOGIE": {"medie": 5.8810810810810805, "reusita": 67.56756756756756, "cnt": 37}}, "nume": "LICEUL TEORETIC \"CONSTANTIN NOICA\" ALEXANDRIA\tTeleorman"}