{"specializari": {"FILOLOGIE": 59, "STIINTE ALE NATURII": 3}, "limba_moderna": {"LIMBA ENGLEZA": 54, "LIMBA FRANCEZA": 8}, "limba_materna": {"LIMBA ROMANA": 62}, "promotie_anterioara": {"NU": 55, "DA": 7}, "materii": {"LIMBA ROMANA": {"medie": 7.195967741935483, "reusita": 96.7741935483871, "cnt": 62}, "BIOLOGIE VEGETALA SI ANIMALA": {"medie": 5.8, "reusita": 100.0, "cnt": 3}, "GENERAL": {"medie": 7.103763440860215, "reusita": 69.35483870967742, "cnt": 62}, "ISTORIE": {"medie": 7.161864406779661, "reusita": 89.83050847457628, "cnt": 59}, "GEOGRAFIE": {"medie": 8.137931034482758, "reusita": 96.55172413793103, "cnt": 29}, "MATEMATICA ST-NAT": {"medie": 3.6999999999999997, "reusita": 66.66666666666666, "cnt": 3}, "LOGICA, ARGUMENTARE SI COMUNICARE": {"medie": 6.198275862068964, "reusita": 68.96551724137932, "cnt": 29}, "PSIHOLOGIE": {"medie": 8.35, "reusita": 100.0, "cnt": 1}}, "nume": "LICEUL TEORETIC \"GHEORGHE LAZAR\" AVRIG\tSibiu"}