{"specializari": {"TEHNICIAN IN TURISM": 7}, "limba_moderna": {"LIMBA ENGLEZA": 7}, "limba_materna": {"LIMBA ROMANA": 7}, "promotie_anterioara": {"DA": 7}, "materii": {"LIMBA ROMANA": {"medie": 4.621428571428572, "reusita": 42.857142857142854, "cnt": 7}, "MATEMATICA TEHN": {"medie": 2.9285714285714284, "reusita": 28.57142857142857, "cnt": 7}, "GENERAL": {"medie": 4.228571428571429, "reusita": 0.0, "cnt": 7}, "GEOGRAFIE": {"medie": 5.135714285714286, "reusita": 57.14285714285714, "cnt": 7}}, "nume": "LICEUL TEHNOLOGIC, ORAS BAILE GOVORA\tV\u00e2lcea"}