{"specializari": {"FILOLOGIE": 64, "MATEMATICA-INFORMATICA": 63, "STIINTE SOCIALE": 28}, "limba_moderna": {"LIMBA ITALIANA": 8, "LIMBA ENGLEZA": 89, "LIMBA FRANCEZA": 34, "LIMBA SPANIOLA": 24}, "limba_materna": {"LIMBA ROMANA": 155}, "promotie_anterioara": {"DA": 11, "NU": 144}, "materii": {"LIMBA ROMANA": {"medie": 8.070645161290324, "reusita": 100.0, "cnt": 155}, "BIOLOGIE VEGETALA SI ANIMALA": {"medie": 7.769999999999999, "reusita": 100.0, "cnt": 5}, "GENERAL": {"medie": 8.052258064516126, "reusita": 90.96774193548387, "cnt": 155}, "MATEMATICA MATE-INFO": {"medie": 7.308730158730158, "reusita": 96.82539682539682, "cnt": 63}, "ANATOMIE SI FIZIOLOGIE UMANA, GENETICA SI ECOLOGIE UMANA": {"medie": 9.005357142857145, "reusita": 100.0, "cnt": 28}, "ISTORIE": {"medie": 8.123369565217393, "reusita": 96.73913043478261, "cnt": 92}, "GEOGRAFIE": {"medie": 8.389444444444443, "reusita": 97.77777777777777, "cnt": 90}, "FIZICA TEO": {"medie": 7.6071428571428585, "reusita": 100.0, "cnt": 14}, "INFORMATICA MI C/C++": {"medie": 7.393333333333333, "reusita": 93.33333333333333, "cnt": 15}, "CHIMIE ANORGANICA TEO NIVEL I/II": {"medie": 9.4, "reusita": 100.0, "cnt": 1}, "SOCIOLOGIE": {"medie": 6.35, "reusita": 100.0, "cnt": 2}}, "nume": "LICEUL TEORETIC \"JEAN LOUIS CALDERON\" TIMISOARA\tTimi\u0219"}