{"specializari": {"LICEU CU PROGRAM SPORTIV": 127, "STIINTE ALE NATURII": 22, "FILOLOGIE": 37, "STIINTE SOCIALE": 36, "MATEMATICA-INFORMATICA": 3}, "limba_moderna": {"LIMBA ENGLEZA": 205, "LIMBA FRANCEZA": 20}, "limba_materna": {"LIMBA ROMANA": 225}, "promotie_anterioara": {"NU": 179, "DA": 46}, "materii": {"LIMBA ROMANA": {"medie": 5.79349775784753, "reusita": 81.77777777777779, "cnt": 225}, "BIOLOGIE VEGETALA SI ANIMALA": {"medie": 6.771428571428572, "reusita": 85.71428571428571, "cnt": 21}, "GENERAL": {"medie": 6.152865761689299, "reusita": 56.888888888888886, "cnt": 225}, "MATEMATICA MATE-INFO": {"medie": 3.2000000000000006, "reusita": 33.33333333333333, "cnt": 3}, "ISTORIE": {"medie": 6.256345177664972, "reusita": 86.5, "cnt": 200}, "GEOGRAFIE": {"medie": 6.341603053435115, "reusita": 77.77777777777779, "cnt": 135}, "FILOSOFIE": {"medie": 6.6, "reusita": 100.0, "cnt": 1}, "MATEMATICA ST-NAT": {"medie": 4.559090909090909, "reusita": 50.0, "cnt": 22}, "FIZICA TEO": {"medie": 6.166666666666667, "reusita": 66.66666666666666, "cnt": 3}, "CHIMIE ORGANICA TEO NIVEL I/II": {"medie": 7.05, "reusita": 100.0, "cnt": 1}, "LOGICA, ARGUMENTARE SI COMUNICARE": {"medie": 7.070491803278689, "reusita": 80.32786885245902, "cnt": 61}, "PSIHOLOGIE": {"medie": 6.066666666666666, "reusita": 100.0, "cnt": 3}}, "nume": "LICEUL CU PROGRAM SPORTIV \"IOLANDA BALAS SOTER\" MUNICIPIUL BUZAU\tBuz\u0103u"}