{"specializari": {"FILOLOGIE": 91}, "limba_moderna": {"LIMBA ENGLEZA": 84, "LIMBA GERMANA MODERNA": 7}, "limba_materna": {"LIMBA ROMANA": 91}, "promotie_anterioara": {"NU": 89, "DA": 2}, "materii": {"LIMBA ROMANA": {"medie": 7.9879120879120835, "reusita": 97.8021978021978, "cnt": 91}, "GENERAL": {"medie": 8.342673992673989, "reusita": 94.5054945054945, "cnt": 91}, "ISTORIE": {"medie": 8.714285714285712, "reusita": 98.9010989010989, "cnt": 91}, "GEOGRAFIE": {"medie": 9.01022727272727, "reusita": 100.0, "cnt": 44}, "LOGICA, ARGUMENTARE SI COMUNICARE": {"medie": 8.023333333333333, "reusita": 93.33333333333333, "cnt": 15}, "PSIHOLOGIE": {"medie": 8.334999999999999, "reusita": 100.0, "cnt": 10}, "SOCIOLOGIE": {"medie": 7.639285714285715, "reusita": 100.0, "cnt": 14}, "ECONOMIE": {"medie": 6.3187500000000005, "reusita": 87.5, "cnt": 8}}, "nume": "LICEUL TEORETIC \"ALEXANDRU VLAHUTA\"\tBucure\u0219ti"}