{"specializari": {"STIINTE ALE NATURII": 55, "MATEMATICA-INFORMATICA": 34, "STIINTE SOCIALE": 66, "FILOLOGIE": 33, "TEHNICIAN IN ACTIVITATI ECONOMICE": 27}, "limba_moderna": {"LIMBA ENGLEZA": 210, "LIMBA FRANCEZA": 5}, "limba_materna": {"LIMBA ROMANA": 215}, "promotie_anterioara": {"DA": 28, "NU": 187}, "materii": {"LIMBA ROMANA": {"medie": 7.104672897196256, "reusita": 95.34883720930233, "cnt": 215}, "MATEMATICA TEHN": {"medie": 7.522222222222223, "reusita": 92.5925925925926, "cnt": 27}, "BIOLOGIE VEGETALA SI ANIMALA": {"medie": 7.2, "reusita": 100.0, "cnt": 1}, "GENERAL": {"medie": 7.040610328638497, "reusita": 67.44186046511628, "cnt": 215}, "MATEMATICA MATE-INFO": {"medie": 6.083333333333332, "reusita": 70.58823529411765, "cnt": 34}, "ANATOMIE SI FIZIOLOGIE UMANA, GENETICA SI ECOLOGIE UMANA": {"medie": 6.848684210526318, "reusita": 84.21052631578947, "cnt": 76}, "ISTORIE": {"medie": 7.530612244897956, "reusita": 94.94949494949495, "cnt": 99}, "GEOGRAFIE": {"medie": 7.773936170212766, "reusita": 91.57894736842105, "cnt": 95}, "MATEMATICA ST-NAT": {"medie": 4.844545454545456, "reusita": 49.09090909090909, "cnt": 55}, "CHIMIE ORGANICA TEO NIVEL I/II": {"medie": 4.1, "reusita": 0.0, "cnt": 1}, "LOGICA, ARGUMENTARE SI COMUNICARE": {"medie": 7.812903225806451, "reusita": 90.32258064516128, "cnt": 31}, "INFORMATICA MI C/C++": {"medie": 6.56, "reusita": 80.0, "cnt": 10}, "CHIMIE ANORGANICA TEO NIVEL I/II": {"medie": 8.0, "reusita": 100.0, "cnt": 1}}, "nume": "LICEUL TEORETIC \"ION NECULCE\", TARGU FRUMOS\tIa\u0219i"}