{"specializari": {"FILOLOGIE": 102}, "limba_moderna": {"LIMBA ENGLEZA": 96, "LIMBA FRANCEZA": 6}, "limba_materna": {"LIMBA ROMANA": 102}, "promotie_anterioara": {"NU": 69, "DA": 33}, "materii": {"LIMBA ROMANA": {"medie": 5.4779569892473114, "reusita": 70.58823529411765, "cnt": 102}, "GENERAL": {"medie": 5.890860215053764, "reusita": 41.17647058823529, "cnt": 102}, "ISTORIE": {"medie": 5.710215053763441, "reusita": 74.50980392156863, "cnt": 102}, "GEOGRAFIE": {"medie": 6.4359550561797745, "reusita": 76.28865979381443, "cnt": 97}, "FILOSOFIE": {"medie": 9.5, "reusita": 100.0, "cnt": 1}, "LOGICA, ARGUMENTARE SI COMUNICARE": {"medie": 5.8999999999999995, "reusita": 66.66666666666666, "cnt": 3}, "PSIHOLOGIE": {"medie": 9.55, "reusita": 100.0, "cnt": 1}}, "nume": "LICEUL TEORETIC \"GEORGE POP DE BASESTI\" SIGHETU MARMATIEI\tMaramure\u0219"}