{"specializari": {"MATEMATICA-INFORMATICA": 81, "STIINTE ALE NATURII": 86, "FILOLOGIE": 34}, "limba_moderna": {"LIMBA ENGLEZA": 199, "LIMBA FRANCEZA": 2}, "limba_materna": {"LIMBA ROMANA": 201}, "promotie_anterioara": {"NU": 193, "DA": 8}, "materii": {"LIMBA ROMANA": {"medie": 7.839552238805971, "reusita": 100.0, "cnt": 201}, "BIOLOGIE VEGETALA SI ANIMALA": {"medie": 4.4125000000000005, "reusita": 50.0, "cnt": 4}, "GENERAL": {"medie": 7.628978224455614, "reusita": 85.57213930348259, "cnt": 201}, "MATEMATICA MATE-INFO": {"medie": 6.857407407407409, "reusita": 88.88888888888889, "cnt": 81}, "ANATOMIE SI FIZIOLOGIE UMANA, GENETICA SI ECOLOGIE UMANA": {"medie": 8.293975903614461, "reusita": 97.61904761904762, "cnt": 84}, "ISTORIE": {"medie": 8.375000000000002, "reusita": 100.0, "cnt": 34}, "GEOGRAFIE": {"medie": 9.375, "reusita": 100.0, "cnt": 4}, "FILOSOFIE": {"medie": 7.5, "reusita": 100.0, "cnt": 1}, "MATEMATICA ST-NAT": {"medie": 7.270930232558141, "reusita": 94.18604651162791, "cnt": 86}, "FIZICA TEO": {"medie": 7.00909090909091, "reusita": 93.93939393939394, "cnt": 33}, "CHIMIE ORGANICA TEO NIVEL I/II": {"medie": 7.978125, "reusita": 93.75, "cnt": 16}, "LOGICA, ARGUMENTARE SI COMUNICARE": {"medie": 8.117857142857144, "reusita": 100.0, "cnt": 14}, "INFORMATICA MI C/C++": {"medie": 7.209090909090909, "reusita": 100.0, "cnt": 22}, "PSIHOLOGIE": {"medie": 7.975, "reusita": 100.0, "cnt": 4}, "CHIMIE ANORGANICA TEO NIVEL I/II": {"medie": 5.3999999999999995, "reusita": 75.0, "cnt": 4}, "SOCIOLOGIE": {"medie": 7.655555555555556, "reusita": 90.0, "cnt": 10}, "ECONOMIE": {"medie": 6.95, "reusita": 100.0, "cnt": 1}, "INFORMATICA SN C/C++": {"medie": 5.324999999999999, "reusita": 25.0, "cnt": 4}}, "nume": "LICEUL TEORETIC \"C.A. ROSETTI\"\tBucure\u0219ti"}