{"specializari": {"STIINTE SOCIALE": 36, "STIINTE ALE NATURII": 21}, "limba_moderna": {"LIMBA ENGLEZA": 48, "LIMBA FRANCEZA": 9}, "limba_materna": {"LIMBA ROMANA": 57}, "promotie_anterioara": {"NU": 49, "DA": 8}, "materii": {"LIMBA ROMANA": {"medie": 7.338392857142856, "reusita": 96.49122807017544, "cnt": 57}, "BIOLOGIE VEGETALA SI ANIMALA": {"medie": 7.805263157894737, "reusita": 89.47368421052632, "cnt": 19}, "GENERAL": {"medie": 7.469345238095238, "reusita": 78.94736842105263, "cnt": 57}, "ANATOMIE SI FIZIOLOGIE UMANA, GENETICA SI ECOLOGIE UMANA": {"medie": 7.8, "reusita": 100.0, "cnt": 2}, "ISTORIE": {"medie": 8.148571428571428, "reusita": 97.22222222222221, "cnt": 36}, "GEOGRAFIE": {"medie": 8.286538461538463, "reusita": 96.29629629629629, "cnt": 27}, "MATEMATICA ST-NAT": {"medie": 5.128571428571429, "reusita": 61.904761904761905, "cnt": 21}, "LOGICA, ARGUMENTARE SI COMUNICARE": {"medie": 8.75, "reusita": 100.0, "cnt": 1}, "PSIHOLOGIE": {"medie": 6.516666666666667, "reusita": 100.0, "cnt": 3}, "SOCIOLOGIE": {"medie": 8.67, "reusita": 100.0, "cnt": 5}}, "nume": "LICEUL TEORETIC \"MITROPOLIT IOAN METIANU\" ZARNESTI\tBra\u0219ov"}