{"specializari": {"STIINTE SOCIALE": 31, "STIINTE ALE NATURII": 30}, "limba_moderna": {"LIMBA ENGLEZA": 61}, "limba_materna": {"LIMBA GERMANA": 61}, "promotie_anterioara": {"DA": 3, "NU": 58}, "materii": {"LIMBA ROMANA": {"medie": 8.24098360655738, "reusita": 100.0, "cnt": 61}, "BIOLOGIE VEGETALA SI ANIMALA": {"medie": 9.0, "reusita": 100.0, "cnt": 2}, "GENERAL": {"medie": 8.552708333333335, "reusita": 95.08196721311475, "cnt": 61}, "ANATOMIE SI FIZIOLOGIE UMANA, GENETICA SI ECOLOGIE UMANA": {"medie": 9.831818181818182, "reusita": 100.0, "cnt": 22}, "ISTORIE": {"medie": 8.51290322580645, "reusita": 100.0, "cnt": 31}, "GEOGRAFIE": {"medie": 8.836111111111112, "reusita": 100.0, "cnt": 18}, "MATEMATICA ST-NAT": {"medie": 9.033333333333333, "reusita": 100.0, "cnt": 30}, "PSIHOLOGIE": {"medie": 8.05, "reusita": 100.0, "cnt": 1}, "LIMBA GERMANA": {"medie": 8.130833333333335, "reusita": 98.36065573770492, "cnt": 61}, "SOCIOLOGIE": {"medie": 7.672727272727273, "reusita": 91.66666666666666, "cnt": 12}, "INFORMATICA SN C/C++": {"medie": 8.608333333333333, "reusita": 100.0, "cnt": 6}}, "nume": "LICEUL TEORETIC \"NIKOLAUS LENAU\" TIMISOARA\tTimi\u0219"}