{"specializari": {"FILOLOGIE": 18}, "limba_moderna": {"LIMBA ENGLEZA": 18}, "limba_materna": {"LIMBA ROMANA": 18}, "promotie_anterioara": {"DA": 7, "NU": 11}, "materii": {"LIMBA ROMANA": {"medie": 6.34, "reusita": 66.66666666666666, "cnt": 18}, "GENERAL": {"medie": 6.730952380952381, "reusita": 55.55555555555556, "cnt": 18}, "ISTORIE": {"medie": 6.403333333333334, "reusita": 66.66666666666666, "cnt": 18}, "GEOGRAFIE": {"medie": 7.110714285714286, "reusita": 66.66666666666666, "cnt": 18}}, "nume": "LICEUL TEORETIC \"GEORGE POP DE BASESTI\" ULMENI\tMaramure\u0219"}