{"specializari": {"MATEMATICA-INFORMATICA": 31, "FILOLOGIE": 1, "LICEU CU PROGRAM SPORTIV": 48, "STIINTE ALE NATURII": 31, "STIINTE SOCIALE": 32}, "limba_moderna": {"LIMBA ENGLEZA": 142, "LIMBA GERMANA MODERNA": 1}, "limba_materna": {"LIMBA ROMANA": 143}, "promotie_anterioara": {"NU": 122, "DA": 21}, "materii": {"LIMBA ROMANA": {"medie": 7.69113475177305, "reusita": 95.8041958041958, "cnt": 143}, "BIOLOGIE VEGETALA SI ANIMALA": {"medie": 8.379411764705882, "reusita": 94.11764705882352, "cnt": 17}, "GENERAL": {"medie": 7.543333333333335, "reusita": 80.41958041958041, "cnt": 143}, "MATEMATICA MATE-INFO": {"medie": 7.3854838709677395, "reusita": 100.0, "cnt": 31}, "ANATOMIE SI FIZIOLOGIE UMANA, GENETICA SI ECOLOGIE UMANA": {"medie": 8.56, "reusita": 100.0, "cnt": 25}, "ISTORIE": {"medie": 7.510759493670887, "reusita": 92.5925925925926, "cnt": 81}, "GEOGRAFIE": {"medie": 7.118461538461536, "reusita": 89.39393939393939, "cnt": 66}, "MATEMATICA ST-NAT": {"medie": 7.120967741935486, "reusita": 93.54838709677419, "cnt": 31}, "FIZICA TEO": {"medie": 6.3, "reusita": 66.66666666666666, "cnt": 6}, "CHIMIE ORGANICA TEO NIVEL I/II": {"medie": 7.625, "reusita": 100.0, "cnt": 2}, "LOGICA, ARGUMENTARE SI COMUNICARE": {"medie": 5.949999999999999, "reusita": 66.66666666666666, "cnt": 6}, "INFORMATICA MI C/C++": {"medie": 7.172727272727272, "reusita": 100.0, "cnt": 11}, "PSIHOLOGIE": {"medie": 8.1, "reusita": 88.88888888888889, "cnt": 9}, "INFORMATICA SN C/C++": {"medie": 5.05, "reusita": 100.0, "cnt": 1}}, "nume": "LICEUL TEORETIC \"TRAIAN VUIA\" RESITA\tCara\u0219-Severin"}