{"specializari": {"FILOLOGIE": 7, "TEHNICIAN MECANIC PENTRU INTRETINERE SI REPARATII": 35, "TEHNICIAN IN PRELUCRAREA LEMNULUI": 2, "MATEMATICA-INFORMATICA": 14}, "limba_moderna": {"LIMBA ENGLEZA": 54, "LIMBA FRANCEZA": 4}, "limba_materna": {"LIMBA ROMANA": 58}, "promotie_anterioara": {"NU": 34, "DA": 24}, "materii": {"LIMBA ROMANA": {"medie": 5.314864864864863, "reusita": 46.55172413793103, "cnt": 58}, "MATEMATICA TEHN": {"medie": 1.7227272727272724, "reusita": 2.7027027027027026, "cnt": 37}, "BIOLOGIE VEGETALA SI ANIMALA": {"medie": 2.3999999999999995, "reusita": 0.0, "cnt": 37}, "GENERAL": {"medie": 4.712643678160919, "reusita": 13.793103448275861, "cnt": 58}, "MATEMATICA MATE-INFO": {"medie": 5.18076923076923, "reusita": 71.42857142857143, "cnt": 14}, "ANATOMIE SI FIZIOLOGIE UMANA, GENETICA SI ECOLOGIE UMANA": {"medie": 6.7821428571428575, "reusita": 92.85714285714286, "cnt": 14}, "ISTORIE": {"medie": 4.908333333333332, "reusita": 42.857142857142854, "cnt": 7}, "GEOGRAFIE": {"medie": 7.7, "reusita": 100.0, "cnt": 1}, "PSIHOLOGIE": {"medie": 7.35, "reusita": 100.0, "cnt": 1}, "SOCIOLOGIE": {"medie": 3.5833333333333335, "reusita": 20.0, "cnt": 5}}, "nume": "LICEUL \"MIRON CRISTEA\" SUBCETATE\tHarghita"}