{"specializari": {"MATEMATICA-INFORMATICA": 33, "STIINTE ALE NATURII": 62, "FILOLOGIE": 35, "STIINTE SOCIALE": 73, "INVATATOR - EDUCATOARE": 56}, "limba_moderna": {"LIMBA ENGLEZA": 188, "LIMBA FRANCEZA": 71}, "limba_materna": {"LIMBA ROMANA": 259}, "promotie_anterioara": {"NU": 244, "DA": 15}, "materii": {"LIMBA ROMANA": {"medie": 8.181712062256809, "reusita": 99.22779922779922, "cnt": 259}, "GENERAL": {"medie": 8.211548556430447, "reusita": 90.34749034749035, "cnt": 259}, "MATEMATICA MATE-INFO": {"medie": 8.05625, "reusita": 90.9090909090909, "cnt": 33}, "ANATOMIE SI FIZIOLOGIE UMANA, GENETICA SI ECOLOGIE UMANA": {"medie": 8.543835616438356, "reusita": 97.2972972972973, "cnt": 74}, "ISTORIE": {"medie": 8.385981308411214, "reusita": 97.22222222222221, "cnt": 108}, "GEOGRAFIE": {"medie": 9.139473684210525, "reusita": 100.0, "cnt": 38}, "FILOSOFIE": {"medie": 8.25, "reusita": 100.0, "cnt": 1}, "MATEMATICA ST-NAT": {"medie": 6.245081967213115, "reusita": 85.48387096774194, "cnt": 62}, "FIZICA TEO": {"medie": 7.45, "reusita": 100.0, "cnt": 1}, "CHIMIE ORGANICA TEO NIVEL I/II": {"medie": 5.1, "reusita": 100.0, "cnt": 1}, "LOGICA, ARGUMENTARE SI COMUNICARE": {"medie": 8.731308411214949, "reusita": 93.57798165137615, "cnt": 109}, "INFORMATICA MI C/C++": {"medie": 7.4526315789473685, "reusita": 94.73684210526315, "cnt": 19}, "PSIHOLOGIE": {"medie": 9.299999999999999, "reusita": 100.0, "cnt": 6}, "SOCIOLOGIE": {"medie": 6.55, "reusita": 100.0, "cnt": 10}, "MATEMATICA PED": {"medie": 8.40267857142857, "reusita": 100.0, "cnt": 56}}, "nume": "LICEUL PEDAGOGIC \"NICOLAE IORGA\" BOTOSANI\tBoto\u0219ani"}