{"specializari": {"STIINTE SOCIALE": 43, "TEHNICIAN IN TURISM": 18, "MATEMATICA-INFORMATICA": 11, "TEHNICIAN ECOLOG SI PROTECTIA CALITATII MEDIULUI": 31}, "limba_moderna": {"LIMBA FRANCEZA": 1, "LIMBA ENGLEZA": 99, "LIMBA GERMANA MODERNA": 3}, "limba_materna": {"LIMBA MAGHIARA": 103}, "promotie_anterioara": {"DA": 27, "NU": 76}, "materii": {"LIMBA ROMANA": {"medie": 4.594444444444443, "reusita": 49.51456310679612, "cnt": 103}, "MATEMATICA TEHN": {"medie": 5.3489130434782615, "reusita": 55.10204081632652, "cnt": 49}, "BIOLOGIE VEGETALA SI ANIMALA": {"medie": 7.5, "reusita": 100.0, "cnt": 1}, "GENERAL": {"medie": 6.304846938775511, "reusita": 38.83495145631068, "cnt": 103}, "MATEMATICA MATE-INFO": {"medie": 7.068181818181817, "reusita": 100.0, "cnt": 11}, "ANATOMIE SI FIZIOLOGIE UMANA, GENETICA SI ECOLOGIE UMANA": {"medie": 8.03823529411765, "reusita": 94.11764705882352, "cnt": 17}, "ISTORIE": {"medie": 6.712790697674418, "reusita": 95.34883720930233, "cnt": 43}, "GEOGRAFIE": {"medie": 7.267499999999998, "reusita": 90.1639344262295, "cnt": 61}, "LIMBA MAGHIARA (REAL)": {"medie": 7.2593220338983055, "reusita": 96.66666666666667, "cnt": 60}, "INFORMATICA MI PASCAL": {"medie": 8.24, "reusita": 100.0, "cnt": 5}, "INFORMATICA MI C/C++": {"medie": 9.3, "reusita": 100.0, "cnt": 1}, "CHIMIE ANORGANICA TEO NIVEL I/II": {"medie": 8.3, "reusita": 100.0, "cnt": 1}, "LIMBA MAGHIARA (UMAN)": {"medie": 6.993023255813953, "reusita": 100.0, "cnt": 43}, "CHIMIE ANORGANICA TEH NIVEL I/II": {"medie": 4.9409090909090905, "reusita": 63.63636363636363, "cnt": 11}, "CHIMIE ORGANICA TEH NIVEL I/II": {"medie": 7.925000000000001, "reusita": 100.0, "cnt": 6}}, "nume": "LICEUL TEHNOLOGIC \"BARALTI SZABAL DAVID\" BARAOLT\tCovasna"}