{"specializari": {"TEHNICIAN IN ACTIVITATI ECONOMICE": 28}, "limba_moderna": {"LIMBA ENGLEZA": 28}, "limba_materna": {"LIMBA ROMANA": 28}, "promotie_anterioara": {"NU": 23, "DA": 5}, "materii": {"LIMBA ROMANA": {"medie": 5.758928571428571, "reusita": 78.57142857142857, "cnt": 28}, "MATEMATICA TEHN": {"medie": 4.353703703703703, "reusita": 53.57142857142857, "cnt": 28}, "GENERAL": {"medie": 5.603086419753088, "reusita": 42.857142857142854, "cnt": 28}, "GEOGRAFIE": {"medie": 6.5888888888888895, "reusita": 71.42857142857143, "cnt": 28}}, "nume": "LICEUL TEHNOLOGIC VINGA\tArad"}