{"specializari": {"TEHNICIAN IN INSTALATII ELECTRICE": 35, "STIINTE ALE NATURII": 35, "TEHNICIAN ANALIZE PRODUSE ALIMENTARE": 2, "TEHNICIAN IN ACTIVITATI DE COMERT": 3}, "limba_moderna": {"LIMBA ENGLEZA": 75}, "limba_materna": {"LIMBA ROMANA": 75}, "promotie_anterioara": {"DA": 18, "NU": 57}, "materii": {"LIMBA ROMANA": {"medie": 6.3353333333333355, "reusita": 81.33333333333333, "cnt": 75}, "MATEMATICA TEHN": {"medie": 4.752631578947368, "reusita": 52.5, "cnt": 40}, "BIOLOGIE VEGETALA SI ANIMALA": {"medie": 5.490277777777777, "reusita": 54.054054054054056, "cnt": 37}, "GENERAL": {"medie": 6.3436073059360725, "reusita": 54.666666666666664, "cnt": 75}, "ANATOMIE SI FIZIOLOGIE UMANA, GENETICA SI ECOLOGIE UMANA": {"medie": 8.457142857142859, "reusita": 97.14285714285714, "cnt": 35}, "GEOGRAFIE": {"medie": 5.566666666666666, "reusita": 66.66666666666666, "cnt": 3}, "MATEMATICA ST-NAT": {"medie": 6.572857142857143, "reusita": 80.0, "cnt": 35}}, "nume": "LICEUL TEHNOLOGIC IERNUT\tMure\u0219"}