{"specializari": {"STIINTE SOCIALE": 35, "STIINTE ALE NATURII": 28, "MATEMATICA-INFORMATICA": 29, "FILOLOGIE": 31}, "limba_moderna": {"LIMBA ENGLEZA": 123}, "limba_materna": {"LIMBA ROMANA": 123}, "promotie_anterioara": {"DA": 10, "NU": 113}, "materii": {"LIMBA ROMANA": {"medie": 7.817622950819673, "reusita": 98.3739837398374, "cnt": 123}, "GENERAL": {"medie": 7.494125683060109, "reusita": 79.67479674796748, "cnt": 123}, "MATEMATICA MATE-INFO": {"medie": 7.5793103448275865, "reusita": 93.10344827586206, "cnt": 29}, "ANATOMIE SI FIZIOLOGIE UMANA, GENETICA SI ECOLOGIE UMANA": {"medie": 8.756603773584905, "reusita": 96.22641509433963, "cnt": 53}, "ISTORIE": {"medie": 6.603030303030303, "reusita": 90.9090909090909, "cnt": 66}, "GEOGRAFIE": {"medie": 7.082608695652173, "reusita": 82.6086956521739, "cnt": 23}, "FILOSOFIE": {"medie": 3.6, "reusita": 0.0, "cnt": 1}, "MATEMATICA ST-NAT": {"medie": 6.358928571428571, "reusita": 89.28571428571429, "cnt": 28}, "INFORMATICA MI PASCAL": {"medie": 7.9, "reusita": 100.0, "cnt": 1}, "CHIMIE ORGANICA TEO NIVEL I/II": {"medie": 9.7, "reusita": 100.0, "cnt": 1}, "INFORMATICA MI C/C++": {"medie": 9.075, "reusita": 100.0, "cnt": 2}, "PSIHOLOGIE": {"medie": 7.975, "reusita": 100.0, "cnt": 4}, "SOCIOLOGIE": {"medie": 6.900000000000001, "reusita": 92.10526315789474, "cnt": 38}}, "nume": "LICEUL TEORETIC \"O.C.TASLAUANU\" TOPLITA\tHarghita"}