{"specializari": {"TEOLOGIE ORTODOXA": 25, "PATRIMONIU CULTURAL": 17}, "limba_moderna": {"LIMBA ENGLEZA": 27, "LIMBA FRANCEZA": 15}, "limba_materna": {"LIMBA ROMANA": 42}, "promotie_anterioara": {"NU": 35, "DA": 7}, "materii": {"LIMBA ROMANA": {"medie": 5.397619047619047, "reusita": 83.33333333333334, "cnt": 42}, "GENERAL": {"medie": 5.962301587301587, "reusita": 54.761904761904766, "cnt": 42}, "ISTORIE": {"medie": 5.551190476190477, "reusita": 80.95238095238095, "cnt": 42}, "GEOGRAFIE": {"medie": 6.887500000000001, "reusita": 89.28571428571429, "cnt": 28}, "LOGICA, ARGUMENTARE SI COMUNICARE": {"medie": 6.32142857142857, "reusita": 71.42857142857143, "cnt": 7}, "PSIHOLOGIE": {"medie": 7.757142857142857, "reusita": 100.0, "cnt": 7}}, "nume": "SEMINARUL TEOLOGIC ORTODOX \"NEAGOE VODA BASARAB\" CURTEA DE ARGES\tArge\u0219"}