{"specializari": {"FILOLOGIE": 59, "TEOLOGIE ORTODOXA": 31}, "limba_moderna": {"LIMBA ENGLEZA": 81, "LIMBA FRANCEZA": 9}, "limba_materna": {"LIMBA ROMANA": 90}, "promotie_anterioara": {"NU": 83, "DA": 7}, "materii": {"LIMBA ROMANA": {"medie": 7.88876404494382, "reusita": 98.88888888888889, "cnt": 90}, "GENERAL": {"medie": 7.965917602996257, "reusita": 91.11111111111111, "cnt": 90}, "ISTORIE": {"medie": 7.923595505617978, "reusita": 98.88888888888889, "cnt": 90}, "GEOGRAFIE": {"medie": 8.423809523809522, "reusita": 97.67441860465115, "cnt": 43}, "LOGICA, ARGUMENTARE SI COMUNICARE": {"medie": 7.533333333333333, "reusita": 94.87179487179486, "cnt": 39}, "SOCIOLOGIE": {"medie": 9.0, "reusita": 100.0, "cnt": 8}}, "nume": "SEMINARUL TEOLOGIC ORTODOX CLUJ-NAPOCA\tCluj"}