{"specializari": {"TEOLOGIE ORTODOXA": 37}, "limba_moderna": {"LIMBA ENGLEZA": 16, "LIMBA FRANCEZA": 21}, "limba_materna": {"LIMBA ROMANA": 37}, "promotie_anterioara": {"DA": 11, "NU": 26}, "materii": {"LIMBA ROMANA": {"medie": 6.305555555555555, "reusita": 78.37837837837837, "cnt": 37}, "GENERAL": {"medie": 6.585648148148149, "reusita": 64.86486486486487, "cnt": 37}, "ISTORIE": {"medie": 6.678378378378378, "reusita": 83.78378378378379, "cnt": 37}, "GEOGRAFIE": {"medie": 6.967499999999999, "reusita": 95.0, "cnt": 20}, "LOGICA, ARGUMENTARE SI COMUNICARE": {"medie": 6.435294117647059, "reusita": 70.58823529411765, "cnt": 17}}, "nume": "SEMINARUL TEOLOGIC ORTODOX \"EPISCOP IOAN POPASU\" CARANSEBES\tCara\u0219-Severin"}