{"specializari": {"STIINTE ALE NATURII": 59, "TEOLOGIE ORTODOXA": 57}, "limba_moderna": {"LIMBA ENGLEZA": 83, "LIMBA FRANCEZA": 33}, "limba_materna": {"LIMBA ROMANA": 116}, "promotie_anterioara": {"DA": 30, "NU": 86}, "materii": {"LIMBA ROMANA": {"medie": 6.320689655172415, "reusita": 90.51724137931035, "cnt": 116}, "BIOLOGIE VEGETALA SI ANIMALA": {"medie": 7.566666666666666, "reusita": 100.0, "cnt": 3}, "GENERAL": {"medie": 5.97295321637427, "reusita": 39.6551724137931, "cnt": 116}, "ANATOMIE SI FIZIOLOGIE UMANA, GENETICA SI ECOLOGIE UMANA": {"medie": 6.659, "reusita": 90.19607843137256, "cnt": 51}, "ISTORIE": {"medie": 6.344736842105264, "reusita": 85.96491228070175, "cnt": 57}, "GEOGRAFIE": {"medie": 6.68723404255319, "reusita": 83.33333333333334, "cnt": 48}, "FILOSOFIE": {"medie": 5.875, "reusita": 100.0, "cnt": 2}, "MATEMATICA ST-NAT": {"medie": 3.7288135593220333, "reusita": 30.508474576271187, "cnt": 59}, "LOGICA, ARGUMENTARE SI COMUNICARE": {"medie": 5.699999999999999, "reusita": 66.66666666666666, "cnt": 6}, "PSIHOLOGIE": {"medie": 6.0, "reusita": 100.0, "cnt": 1}, "CHIMIE ANORGANICA TEO NIVEL I/II": {"medie": 5.2700000000000005, "reusita": 80.0, "cnt": 5}}, "nume": "SEMINARUL TEOLOGIC LICEAL \"SF. IOSIF MARTURISITORUL\" BAIA MARE\tMaramure\u0219"}