{"specializari": {"TEOLOGIE ORTODOXA": 27}, "limba_moderna": {"LIMBA ENGLEZA": 19, "LIMBA FRANCEZA": 8}, "limba_materna": {"LIMBA ROMANA": 27}, "promotie_anterioara": {"DA": 4, "NU": 23}, "materii": {"LIMBA ROMANA": {"medie": 6.275925925925924, "reusita": 92.5925925925926, "cnt": 27}, "GENERAL": {"medie": 6.064814814814814, "reusita": 59.25925925925925, "cnt": 27}, "ISTORIE": {"medie": 5.481481481481482, "reusita": 74.07407407407408, "cnt": 27}, "LOGICA, ARGUMENTARE SI COMUNICARE": {"medie": 6.437037037037038, "reusita": 77.77777777777779, "cnt": 27}}, "nume": "SEMINARUL TEOLOGIC ORTODOX \"IUSTIN PATRIARHUL\" CAMPULUNG\tArge\u0219"}