{"specializari": {"TEOLOGIE ORTODOXA": 27}, "limba_moderna": {"LIMBA ENGLEZA": 27}, "limba_materna": {"LIMBA ROMANA": 27}, "promotie_anterioara": {"DA": 6, "NU": 21}, "materii": {"LIMBA ROMANA": {"medie": 6.042592592592592, "reusita": 85.18518518518519, "cnt": 27}, "GENERAL": {"medie": 6.67283950617284, "reusita": 62.96296296296296, "cnt": 27}, "ISTORIE": {"medie": 6.5388888888888905, "reusita": 85.18518518518519, "cnt": 27}, "GEOGRAFIE": {"medie": 7.373076923076923, "reusita": 96.15384615384616, "cnt": 26}, "FILOSOFIE": {"medie": 9.1, "reusita": 100.0, "cnt": 1}}, "nume": "SEMINARUL TEOLOGIC ORTODOX ARAD\tArad"}