{"specializari": {"PATRIMONIU CULTURAL": 32, "TEOLOGIE ORTODOXA": 26}, "limba_moderna": {"LIMBA ENGLEZA": 49, "LIMBA FRANCEZA": 9}, "limba_materna": {"LIMBA ROMANA": 58}, "promotie_anterioara": {"NU": 51, "DA": 7}, "materii": {"LIMBA ROMANA": {"medie": 6.728448275862068, "reusita": 98.27586206896551, "cnt": 58}, "GENERAL": {"medie": 6.812573099415206, "reusita": 63.793103448275865, "cnt": 58}, "ISTORIE": {"medie": 6.707017543859649, "reusita": 86.20689655172413, "cnt": 58}, "GEOGRAFIE": {"medie": 7.486486486486487, "reusita": 91.8918918918919, "cnt": 37}, "LOGICA, ARGUMENTARE SI COMUNICARE": {"medie": 6.069047619047619, "reusita": 66.66666666666666, "cnt": 21}}, "nume": "SEMINARUL TEOLOGIC LICEAL ORTODOX \"SF.GHEORGHE\" BOTOSANI\tBoto\u0219ani"}