{"specializari": {"TEOLOGIE ORTODOXA": 39}, "limba_moderna": {"LIMBA ENGLEZA": 39}, "limba_materna": {"LIMBA ROMANA": 39}, "promotie_anterioara": {"NU": 24, "DA": 15}, "materii": {"LIMBA ROMANA": {"medie": 5.814473684210527, "reusita": 84.61538461538461, "cnt": 39}, "GENERAL": {"medie": 6.323873873873873, "reusita": 51.28205128205128, "cnt": 39}, "ISTORIE": {"medie": 6.324999999999998, "reusita": 82.05128205128204, "cnt": 39}, "GEOGRAFIE": {"medie": 6.778333333333334, "reusita": 77.41935483870968, "cnt": 31}, "LOGICA, ARGUMENTARE SI COMUNICARE": {"medie": 6.78125, "reusita": 87.5, "cnt": 8}}, "nume": "SEMINARUL TEOLOGIC ORTODOX \"SFANTUL CUVIOS DIONISIE EXIGUUL\" CONSTANTA\tConstan\u021ba"}