{"specializari": {"MATEMATICA-INFORMATICA": 79, "FILOLOGIE": 61, "STIINTE SOCIALE": 62, "STIINTE ALE NATURII": 60}, "limba_moderna": {"LIMBA ENGLEZA": 252, "LIMBA FRANCEZA": 9, "LIMBA GERMANA MODERNA": 1}, "limba_materna": {"LIMBA ROMANA": 262}, "promotie_anterioara": {"NU": 262}, "materii": {"LIMBA ROMANA": {"medie": 8.172413793103447, "reusita": 99.23664122137404, "cnt": 262}, "MATEMATICA MATE-INFO": {"medie": 8.932278481012656, "reusita": 100.0, "cnt": 79}, "INFORMATICA MI C/C++": {"medie": 9.313829787234045, "reusita": 100.0, "cnt": 47}, "GENERAL": {"medie": 8.66462324393359, "reusita": 98.47328244274809, "cnt": 262}, "ISTORIE": {"medie": 8.785655737704918, "reusita": 98.3739837398374, "cnt": 123}, "LOGICA, ARGUMENTARE SI COMUNICARE": {"medie": 9.231914893617022, "reusita": 97.91666666666666, "cnt": 48}, "CHIMIE ORGANICA TEO NIVEL I/II": {"medie": 9.35909090909091, "reusita": 100.0, "cnt": 11}, "MATEMATICA ST-NAT": {"medie": 9.015000000000002, "reusita": 100.0, "cnt": 60}, "FIZICA TEO": {"medie": 8.483333333333333, "reusita": 100.0, "cnt": 18}, "GEOGRAFIE": {"medie": 9.10487804878049, "reusita": 100.0, "cnt": 41}, "PSIHOLOGIE": {"medie": 8.65, "reusita": 100.0, "cnt": 3}, "ANATOMIE SI FIZIOLOGIE UMANA, GENETICA SI ECOLOGIE UMANA": {"medie": 8.854237288135595, "reusita": 100.0, "cnt": 59}, "CHIMIE ANORGANICA TEO NIVEL I/II": {"medie": 9.55, "reusita": 100.0, "cnt": 1}, "SOCIOLOGIE": {"medie": 7.988333333333333, "reusita": 100.0, "cnt": 30}, "INFORMATICA SN C/C++": {"medie": 8.283333333333333, "reusita": 100.0, "cnt": 3}, "FILOSOFIE": {"medie": 10.0, "reusita": 100.0, "cnt": 1}}, "nume": "COLEGIUL NATIONAL \"ROMAN VODA\", MUNICIPIUL ROMAN\tNeam\u021b"}