{"specializari": {"FILOLOGIE": 64, "STIINTE ALE NATURII": 28, "MATEMATICA-INFORMATICA": 60, "LICEU CU PROGRAM SPORTIV": 43}, "limba_moderna": {"LIMBA ENGLEZA": 183, "LIMBA FRANCEZA": 9, "LIMBA GERMANA MODERNA": 3}, "limba_materna": {"LIMBA ROMANA": 195}, "promotie_anterioara": {"NU": 173, "DA": 22}, "materii": {"LIMBA ROMANA": {"medie": 6.801804123711341, "reusita": 94.87179487179486, "cnt": 195}, "MATEMATICA MATE-INFO": {"medie": 6.583035714285711, "reusita": 88.33333333333333, "cnt": 60}, "INFORMATICA MI C/C++": {"medie": 7.081818181818182, "reusita": 100.0, "cnt": 11}, "GENERAL": {"medie": 7.166578947368421, "reusita": 77.43589743589745, "cnt": 195}, "ISTORIE": {"medie": 7.587850467289723, "reusita": 96.26168224299066, "cnt": 107}, "LOGICA, ARGUMENTARE SI COMUNICARE": {"medie": 7.456666666666667, "reusita": 84.44444444444444, "cnt": 45}, "GEOGRAFIE": {"medie": 7.59375, "reusita": 97.5, "cnt": 40}, "FIZICA TEO": {"medie": 5.775, "reusita": 75.0, "cnt": 8}, "CHIMIE ORGANICA TEO NIVEL I/II": {"medie": 9.75, "reusita": 100.0, "cnt": 1}, "MATEMATICA ST-NAT": {"medie": 7.370370370370373, "reusita": 96.42857142857143, "cnt": 28}, "PSIHOLOGIE": {"medie": 7.668181818181818, "reusita": 100.0, "cnt": 11}, "SOCIOLOGIE": {"medie": 8.155, "reusita": 100.0, "cnt": 10}, "ANATOMIE SI FIZIOLOGIE UMANA, GENETICA SI ECOLOGIE UMANA": {"medie": 7.247457627118643, "reusita": 91.80327868852459, "cnt": 61}, "CHIMIE ANORGANICA TEO NIVEL I/II": {"medie": 9.35, "reusita": 100.0, "cnt": 1}, "BIOLOGIE VEGETALA SI ANIMALA": {"medie": 6.7625, "reusita": 66.66666666666666, "cnt": 6}, "ECONOMIE": {"medie": 9.8, "reusita": 100.0, "cnt": 1}}, "nume": "COLEGIUL NATIONAL \"AUREL VLAICU\"\tBucure\u0219ti"}