{"specializari": {"MATEMATICA-INFORMATICA": 59, "STIINTE SOCIALE": 29, "STIINTE ALE NATURII": 86}, "limba_moderna": {"LIMBA ENGLEZA": 144, "LIMBA FRANCEZA": 30}, "limba_materna": {"LIMBA ROMANA": 174}, "promotie_anterioara": {"NU": 174}, "materii": {"LIMBA ROMANA": {"medie": 9.077011494252874, "reusita": 100.0, "cnt": 174}, "MATEMATICA MATE-INFO": {"medie": 9.388983050847456, "reusita": 100.0, "cnt": 59}, "INFORMATICA MI C/C++": {"medie": 9.148611111111112, "reusita": 100.0, "cnt": 36}, "GENERAL": {"medie": 9.22222222222222, "reusita": 99.42528735632183, "cnt": 174}, "ISTORIE": {"medie": 9.420689655172412, "reusita": 96.55172413793103, "cnt": 29}, "LOGICA, ARGUMENTARE SI COMUNICARE": {"medie": 9.505999999999998, "reusita": 100.0, "cnt": 25}, "GEOGRAFIE": {"medie": 7.812499999999999, "reusita": 75.0, "cnt": 4}, "FIZICA TEO": {"medie": 9.357407407407408, "reusita": 100.0, "cnt": 27}, "CHIMIE ORGANICA TEO NIVEL I/II": {"medie": 9.7375, "reusita": 100.0, "cnt": 16}, "MATEMATICA ST-NAT": {"medie": 9.290697674418603, "reusita": 100.0, "cnt": 86}, "ANATOMIE SI FIZIOLOGIE UMANA, GENETICA SI ECOLOGIE UMANA": {"medie": 9.094117647058823, "reusita": 100.0, "cnt": 51}, "CHIMIE ANORGANICA TEO NIVEL I/II": {"medie": 9.344444444444445, "reusita": 100.0, "cnt": 9}, "BIOLOGIE VEGETALA SI ANIMALA": {"medie": 9.333333333333334, "reusita": 100.0, "cnt": 3}, "INFORMATICA SN C/C++": {"medie": 8.616666666666665, "reusita": 100.0, "cnt": 3}}, "nume": "COLEGIUL NATIONAL \"ANDREI SAGUNA\" BRASOV\tBra\u0219ov"}