{"specializari": {"TEHNICIAN IN ACTIVITATI ECONOMICE": 86, "TEHNICIAN IN HOTELARIE": 59, "TEHNICIAN IN ACTIVITATI DE COMERT": 61}, "limba_moderna": {"LIMBA ENGLEZA": 205, "LIMBA FRANCEZA": 1}, "limba_materna": {"LIMBA ROMANA": 206}, "promotie_anterioara": {"NU": 183, "DA": 23}, "materii": {"LIMBA ROMANA": {"medie": 6.598529411764702, "reusita": 96.11650485436894, "cnt": 206}, "GENERAL": {"medie": 7.036898839137643, "reusita": 79.12621359223301, "cnt": 206}, "LOGICA, ARGUMENTARE SI COMUNICARE": {"medie": 7.741803278688526, "reusita": 93.44262295081968, "cnt": 61}, "GEOGRAFIE": {"medie": 7.546153846153842, "reusita": 94.77611940298507, "cnt": 134}, "PSIHOLOGIE": {"medie": 7.234999999999999, "reusita": 100.0, "cnt": 10}, "ECONOMIE": {"medie": 5.0, "reusita": 100.0, "cnt": 1}, "MATEMATICA TEHN": {"medie": 6.892610837438427, "reusita": 89.32038834951457, "cnt": 206}}, "nume": "COLEGIUL ECONOMIC \"HERMES\"\tBucure\u0219ti"}