{"specializari": {"MATEMATICA-INFORMATICA": 40, "STIINTE ALE NATURII": 27, "FILOLOGIE": 62, "STIINTE SOCIALE": 30}, "limba_moderna": {"LIMBA FRANCEZA": 4, "LIMBA ENGLEZA": 155}, "limba_materna": {"LIMBA ROMANA": 159}, "promotie_anterioara": {"NU": 153, "DA": 6}, "materii": {"LIMBA ROMANA": {"medie": 7.291082802547766, "reusita": 96.85534591194968, "cnt": 159}, "MATEMATICA MATE-INFO": {"medie": 7.4975000000000005, "reusita": 97.5, "cnt": 40}, "INFORMATICA MI C/C++": {"medie": 9.3, "reusita": 100.0, "cnt": 3}, "GENERAL": {"medie": 7.604140127388536, "reusita": 83.64779874213836, "cnt": 159}, "ISTORIE": {"medie": 7.102777777777778, "reusita": 91.30434782608695, "cnt": 92}, "LOGICA, ARGUMENTARE SI COMUNICARE": {"medie": 8.671428571428569, "reusita": 95.34883720930233, "cnt": 43}, "MATEMATICA ST-NAT": {"medie": 8.00925925925926, "reusita": 96.29629629629629, "cnt": 27}, "FIZICA TEO": {"medie": 8.4, "reusita": 100.0, "cnt": 1}, "GEOGRAFIE": {"medie": 7.419565217391304, "reusita": 95.74468085106383, "cnt": 47}, "PSIHOLOGIE": {"medie": 6.9, "reusita": 100.0, "cnt": 2}, "ANATOMIE SI FIZIOLOGIE UMANA, GENETICA SI ECOLOGIE UMANA": {"medie": 8.346825396825398, "reusita": 100.0, "cnt": 63}}, "nume": "COLEGIUL NATIONAL \"SAMUIL VULCAN\" BEIUS\tBihor"}