{"specializari": {"TEHNICIAN IN ACTIVITATI ECONOMICE": 179, "TEHNICIAN IN TURISM": 54}, "limba_moderna": {"LIMBA ENGLEZA": 227, "LIMBA SPANIOLA": 5, "LIMBA CHINEZA": 1}, "limba_materna": {"LIMBA ROMANA": 233}, "promotie_anterioara": {"NU": 229, "DA": 4}, "materii": {"LIMBA ROMANA": {"medie": 7.0296137339055775, "reusita": 97.42489270386267, "cnt": 233}, "GENERAL": {"medie": 7.805722460658082, "reusita": 94.84978540772532, "cnt": 233}, "LOGICA, ARGUMENTARE SI COMUNICARE": {"medie": 8.502564102564103, "reusita": 97.43589743589743, "cnt": 39}, "GEOGRAFIE": {"medie": 8.470606060606062, "reusita": 99.39393939393939, "cnt": 165}, "PSIHOLOGIE": {"medie": 7.817391304347824, "reusita": 100.0, "cnt": 23}, "ECONOMIE": {"medie": 5.866666666666666, "reusita": 100.0, "cnt": 6}, "MATEMATICA TEHN": {"medie": 8.043133047210299, "reusita": 99.57081545064378, "cnt": 233}}, "nume": "COLEGIUL ECONOMIC \"A.D.XENOPOL\"\tBucure\u0219ti"}