{"specializari": {"STIINTE ALE NATURII": 57, "FILOLOGIE": 119, "STIINTE SOCIALE": 30, "MATEMATICA-INFORMATICA": 92}, "limba_moderna": {"LIMBA ENGLEZA": 293, "LIMBA FRANCEZA": 3, "LIMBA GERMANA MODERNA": 2}, "limba_materna": {"LIMBA ROMANA": 210, "LIMBA MAGHIARA": 88}, "promotie_anterioara": {"NU": 289, "DA": 9}, "materii": {"LIMBA ROMANA": {"medie": 7.728547297297294, "reusita": 94.96644295302013, "cnt": 298}, "MATEMATICA MATE-INFO": {"medie": 7.576086956521737, "reusita": 95.65217391304348, "cnt": 92}, "INFORMATICA MI C/C++": {"medie": 7.766071428571427, "reusita": 98.21428571428571, "cnt": 56}, "GENERAL": {"medie": 8.194538288288285, "reusita": 91.2751677852349, "cnt": 298}, "ISTORIE": {"medie": 8.776013513513515, "reusita": 98.65771812080537, "cnt": 149}, "LOGICA, ARGUMENTARE SI COMUNICARE": {"medie": 9.17948717948718, "reusita": 97.46835443037975, "cnt": 79}, "GEOGRAFIE": {"medie": 8.417187499999999, "reusita": 100.0, "cnt": 64}, "FIZICA TEO": {"medie": 6.891666666666666, "reusita": 83.33333333333334, "cnt": 6}, "CHIMIE ORGANICA TEO NIVEL I/II": {"medie": 9.65, "reusita": 100.0, "cnt": 1}, "MATEMATICA ST-NAT": {"medie": 7.721929824561403, "reusita": 96.49122807017544, "cnt": 57}, "PSIHOLOGIE": {"medie": 7.725, "reusita": 100.0, "cnt": 2}, "SOCIOLOGIE": {"medie": 8.975, "reusita": 100.0, "cnt": 4}, "ANATOMIE SI FIZIOLOGIE UMANA, GENETICA SI ECOLOGIE UMANA": {"medie": 8.38588235294118, "reusita": 97.6470588235294, "cnt": 85}, "INFORMATICA SN C/C++": {"medie": 7.2, "reusita": 100.0, "cnt": 1}, "LIMBA MAGHIARA (REAL)": {"medie": 7.616393442622952, "reusita": 100.0, "cnt": 61}, "LIMBA MAGHIARA (UMAN)": {"medie": 7.731481481481482, "reusita": 100.0, "cnt": 27}}, "nume": "COLEGIUL NATIONAL \"MIHAI EMINESCU\" ORADEA\tBihor"}