{"specializari": {"FILOLOGIE": 65, "MATEMATICA-INFORMATICA": 79, "STIINTE ALE NATURII": 34, "STIINTE SOCIALE": 33}, "limba_moderna": {"LIMBA ENGLEZA": 208, "LIMBA FRANCEZA": 3}, "limba_materna": {"LIMBA ROMANA": 211}, "promotie_anterioara": {"NU": 210, "DA": 1}, "materii": {"LIMBA ROMANA": {"medie": 8.295734597156397, "reusita": 99.52606635071089, "cnt": 211}, "MATEMATICA MATE-INFO": {"medie": 8.854545454545455, "reusita": 97.46835443037975, "cnt": 79}, "INFORMATICA MI C/C++": {"medie": 8.348275862068965, "reusita": 100.0, "cnt": 29}, "GENERAL": {"medie": 8.771132376395535, "reusita": 97.6303317535545, "cnt": 211}, "ISTORIE": {"medie": 8.976530612244899, "reusita": 100.0, "cnt": 98}, "LOGICA, ARGUMENTARE SI COMUNICARE": {"medie": 9.135714285714284, "reusita": 100.0, "cnt": 14}, "GEOGRAFIE": {"medie": 8.889583333333334, "reusita": 100.0, "cnt": 72}, "FIZICA TEO": {"medie": 9.122222222222222, "reusita": 100.0, "cnt": 27}, "CHIMIE ORGANICA TEO NIVEL I/II": {"medie": 9.485937499999999, "reusita": 100.0, "cnt": 32}, "MATEMATICA ST-NAT": {"medie": 9.357352941176472, "reusita": 100.0, "cnt": 34}, "PSIHOLOGIE": {"medie": 9.55625, "reusita": 100.0, "cnt": 8}, "SOCIOLOGIE": {"medie": 8.466666666666667, "reusita": 100.0, "cnt": 3}, "ANATOMIE SI FIZIOLOGIE UMANA, GENETICA SI ECOLOGIE UMANA": {"medie": 9.067391304347824, "reusita": 95.83333333333334, "cnt": 24}, "CHIMIE ANORGANICA TEO NIVEL I/II": {"medie": 8.25, "reusita": 100.0, "cnt": 1}, "ECONOMIE": {"medie": 8.7, "reusita": 100.0, "cnt": 1}}, "nume": "COLEGIUL NATIONAL \"IENACHITA VACARESCU\" TARGOVISTE\tD\u00e2mbovi\u021ba"}