{"specializari": {"MATEMATICA-INFORMATICA": 13, "STIINTE ALE NATURII": 17, "INVATATOR - EDUCATOARE": 26}, "limba_moderna": {"LIMBA ENGLEZA": 56}, "limba_materna": {"LIMBA MAGHIARA": 56}, "promotie_anterioara": {"NU": 55, "DA": 1}, "materii": {"LIMBA ROMANA": {"medie": 6.845535714285712, "reusita": 94.64285714285714, "cnt": 56}, "MATEMATICA MATE-INFO": {"medie": 8.665384615384614, "reusita": 100.0, "cnt": 13}, "INFORMATICA MI C/C++": {"medie": 8.292307692307691, "reusita": 100.0, "cnt": 13}, "GENERAL": {"medie": 7.705357142857144, "reusita": 89.28571428571429, "cnt": 56}, "GEOGRAFIE": {"medie": 8.217499999999998, "reusita": 100.0, "cnt": 20}, "MATEMATICA ST-NAT": {"medie": 7.247058823529411, "reusita": 88.23529411764706, "cnt": 17}, "PSIHOLOGIE": {"medie": 8.191666666666668, "reusita": 100.0, "cnt": 6}, "ANATOMIE SI FIZIOLOGIE UMANA, GENETICA SI ECOLOGIE UMANA": {"medie": 8.088235294117647, "reusita": 94.11764705882352, "cnt": 17}, "MATEMATICA PED": {"medie": 7.025, "reusita": 88.46153846153845, "cnt": 26}, "LIMBA MAGHIARA (REAL)": {"medie": 8.458333333333334, "reusita": 100.0, "cnt": 30}, "LIMBA MAGHIARA (UMAN)": {"medie": 8.13846153846154, "reusita": 100.0, "cnt": 26}}, "nume": "COLEGIUL NATIONAL \"BETHLEN GABOR\" AIUD\tAlba"}