{"specializari": {"MATEMATICA-INFORMATICA": 85, "FILOLOGIE": 96, "STIINTE ALE NATURII": 25}, "limba_moderna": {"LIMBA ENGLEZA": 205, "LIMBA FRANCEZA": 1}, "limba_materna": {"LIMBA ROMANA": 206}, "promotie_anterioara": {"NU": 193, "DA": 13}, "materii": {"LIMBA ROMANA": {"medie": 7.6036764705882325, "reusita": 96.60194174757282, "cnt": 206}, "MATEMATICA MATE-INFO": {"medie": 7.871764705882354, "reusita": 97.6470588235294, "cnt": 85}, "INFORMATICA MI C/C++": {"medie": 6.888888888888888, "reusita": 88.88888888888889, "cnt": 9}, "GENERAL": {"medie": 7.6281609195402345, "reusita": 83.98058252427184, "cnt": 206}, "ISTORIE": {"medie": 7.217553191489362, "reusita": 92.70833333333334, "cnt": 96}, "LOGICA, ARGUMENTARE SI COMUNICARE": {"medie": 8.27727272727273, "reusita": 91.66666666666666, "cnt": 12}, "GEOGRAFIE": {"medie": 8.11111111111111, "reusita": 96.36363636363636, "cnt": 55}, "FIZICA TEO": {"medie": 8.996428571428572, "reusita": 100.0, "cnt": 14}, "CHIMIE ORGANICA TEO NIVEL I/II": {"medie": 9.65, "reusita": 100.0, "cnt": 3}, "MATEMATICA ST-NAT": {"medie": 5.802, "reusita": 72.0, "cnt": 25}, "PSIHOLOGIE": {"medie": 8.462499999999999, "reusita": 100.0, "cnt": 4}, "SOCIOLOGIE": {"medie": 6.686666666666667, "reusita": 81.25, "cnt": 16}, "ANATOMIE SI FIZIOLOGIE UMANA, GENETICA SI ECOLOGIE UMANA": {"medie": 8.023456790123461, "reusita": 96.29629629629629, "cnt": 81}, "BIOLOGIE VEGETALA SI ANIMALA": {"medie": 6.65, "reusita": 100.0, "cnt": 2}, "INFORMATICA SN C/C++": {"medie": 5.4, "reusita": 100.0, "cnt": 1}, "FILOSOFIE": {"medie": 7.0888888888888895, "reusita": 88.88888888888889, "cnt": 9}}, "nume": "COLEGIUL NATIONAL \"ALEXANDRU IOAN CUZA\" ALEXANDRIA\tTeleorman"}