{"specializari": {"FILOLOGIE": 61, "STIINTE ALE NATURII": 64, "STIINTE SOCIALE": 65, "MATEMATICA-INFORMATICA": 59}, "limba_moderna": {"LIMBA ENGLEZA": 248, "LIMBA FRANCEZA": 1}, "limba_materna": {"LIMBA ROMANA": 249}, "promotie_anterioara": {"NU": 249}, "materii": {"LIMBA ROMANA": {"medie": 8.262851405622486, "reusita": 99.59839357429718, "cnt": 249}, "MATEMATICA MATE-INFO": {"medie": 8.833050847457631, "reusita": 100.0, "cnt": 59}, "INFORMATICA MI C/C++": {"medie": 8.001219512195123, "reusita": 90.2439024390244, "cnt": 41}, "GENERAL": {"medie": 8.528514056224898, "reusita": 95.98393574297188, "cnt": 249}, "ISTORIE": {"medie": 8.481746031746033, "reusita": 98.4126984126984, "cnt": 126}, "LOGICA, ARGUMENTARE SI COMUNICARE": {"medie": 8.987765957446808, "reusita": 97.87234042553192, "cnt": 94}, "CHIMIE ORGANICA TEO NIVEL I/II": {"medie": 8.357142857142858, "reusita": 100.0, "cnt": 7}, "MATEMATICA ST-NAT": {"medie": 8.678124999999998, "reusita": 100.0, "cnt": 64}, "FIZICA TEO": {"medie": 8.325, "reusita": 90.0, "cnt": 10}, "GEOGRAFIE": {"medie": 8.71875, "reusita": 100.0, "cnt": 16}, "PSIHOLOGIE": {"medie": 8.866666666666667, "reusita": 100.0, "cnt": 9}, "ANATOMIE SI FIZIOLOGIE UMANA, GENETICA SI ECOLOGIE UMANA": {"medie": 8.832203389830513, "reusita": 100.0, "cnt": 59}, "BIOLOGIE VEGETALA SI ANIMALA": {"medie": 9.75, "reusita": 100.0, "cnt": 1}, "SOCIOLOGIE": {"medie": 8.407142857142857, "reusita": 100.0, "cnt": 7}, "INFORMATICA SN C/C++": {"medie": 8.89, "reusita": 100.0, "cnt": 5}}, "nume": "COLEGIUL NATIONAL \"VASILE ALECSANDRI\" BACAU\tBac\u0103u"}