{"specializari": {"MUZICA": 34, "ARTE PLASTICE SI DECORATIVE": 34, "ARHITECTURA, ARTE AMBIENTALE SI DESIGN": 33, "ARTA ACTORULUI": 32}, "limba_moderna": {"LIMBA ENGLEZA": 133}, "limba_materna": {"LIMBA ROMANA": 133}, "promotie_anterioara": {"NU": 121, "DA": 12}, "materii": {"LIMBA ROMANA": {"medie": 6.707633587786259, "reusita": 96.99248120300751, "cnt": 133}, "GENERAL": {"medie": 7.0058974358974355, "reusita": 81.95488721804512, "cnt": 133}, "ISTORIE": {"medie": 6.586641221374045, "reusita": 91.72932330827066, "cnt": 133}, "LOGICA, ARGUMENTARE SI COMUNICARE": {"medie": 8.263636363636364, "reusita": 100.0, "cnt": 11}, "GEOGRAFIE": {"medie": 7.738414634146344, "reusita": 98.78048780487805, "cnt": 82}, "PSIHOLOGIE": {"medie": 7.441250000000001, "reusita": 100.0, "cnt": 40}}, "nume": "COLEGIUL DE ARTE \"SABIN DRAGOI\" ARAD\tArad"}