{"specializari": {"STIINTE ALE NATURII": 57, "FILOLOGIE": 59}, "limba_moderna": {"LIMBA ENGLEZA": 116}, "limba_materna": {"LIMBA GERMANA": 116}, "promotie_anterioara": {"NU": 115, "DA": 1}, "materii": {"LIMBA ROMANA": {"medie": 8.465948275862068, "reusita": 100.0, "cnt": 116}, "GENERAL": {"medie": 8.31724137931034, "reusita": 96.55172413793103, "cnt": 116}, "ISTORIE": {"medie": 8.478813559322036, "reusita": 100.0, "cnt": 59}, "LOGICA, ARGUMENTARE SI COMUNICARE": {"medie": 8.401562499999999, "reusita": 100.0, "cnt": 32}, "GEOGRAFIE": {"medie": 8.499999999999998, "reusita": 100.0, "cnt": 23}, "FIZICA TEO": {"medie": 9.45, "reusita": 100.0, "cnt": 2}, "CHIMIE ORGANICA TEO NIVEL I/II": {"medie": 8.77, "reusita": 100.0, "cnt": 5}, "MATEMATICA ST-NAT": {"medie": 9.128947368421054, "reusita": 100.0, "cnt": 57}, "PSIHOLOGIE": {"medie": 8.0375, "reusita": 100.0, "cnt": 4}, "ANATOMIE SI FIZIOLOGIE UMANA, GENETICA SI ECOLOGIE UMANA": {"medie": 8.496052631578946, "reusita": 97.36842105263158, "cnt": 38}, "CHIMIE ANORGANICA TEO NIVEL I/II": {"medie": 7.474999999999999, "reusita": 83.33333333333334, "cnt": 6}, "INFORMATICA SN C/C++": {"medie": 8.075000000000001, "reusita": 100.0, "cnt": 6}, "LIMBA GERMANA": {"medie": 7.596120689655169, "reusita": 98.27586206896551, "cnt": 116}}, "nume": "COLEGIUL NATIONAL \"JOHANNES HONTERUS\" BRASOV\tBra\u0219ov"}