{"specializari": {"MATEMATICA-INFORMATICA": 117, "FILOLOGIE": 102, "STIINTE ALE NATURII": 63}, "limba_moderna": {"LIMBA ENGLEZA": 257, "LIMBA FRANCEZA": 21, "LIMBA SPANIOLA": 4}, "limba_materna": {"LIMBA ROMANA": 282}, "promotie_anterioara": {"NU": 279, "DA": 3}, "materii": {"LIMBA ROMANA": {"medie": 7.800892857142854, "reusita": 98.93617021276596, "cnt": 282}, "MATEMATICA MATE-INFO": {"medie": 8.564224137931037, "reusita": 99.14529914529915, "cnt": 117}, "INFORMATICA MI C/C++": {"medie": 8.879545454545454, "reusita": 100.0, "cnt": 44}, "GENERAL": {"medie": 8.437321428571424, "reusita": 96.80851063829788, "cnt": 282}, "ISTORIE": {"medie": 8.238613861386142, "reusita": 98.0392156862745, "cnt": 102}, "LOGICA, ARGUMENTARE SI COMUNICARE": {"medie": 9.036021505376345, "reusita": 98.93617021276596, "cnt": 94}, "CHIMIE ORGANICA TEO NIVEL I/II": {"medie": 9.545454545454547, "reusita": 100.0, "cnt": 11}, "MATEMATICA ST-NAT": {"medie": 8.968253968253967, "reusita": 98.4126984126984, "cnt": 63}, "FIZICA TEO": {"medie": 9.241176470588234, "reusita": 100.0, "cnt": 17}, "GEOGRAFIE": {"medie": 9.125, "reusita": 100.0, "cnt": 4}, "PSIHOLOGIE": {"medie": 8.8, "reusita": 100.0, "cnt": 4}, "ANATOMIE SI FIZIOLOGIE UMANA, GENETICA SI ECOLOGIE UMANA": {"medie": 8.857009345794392, "reusita": 98.14814814814815, "cnt": 108}}, "nume": "COLEGIUL NATIONAL \"CAROL I\" CRAIOVA\tDolj"}