{"specializari": {"COREGRAFIE": 5, "ARTE PLASTICE SI DECORATIVE": 30, "ARHITECTURA, ARTE AMBIENTALE SI DESIGN": 31, "MUZICA": 43}, "limba_moderna": {"LIMBA ENGLEZA": 107, "LIMBA FRANCEZA": 2}, "limba_materna": {"LIMBA ROMANA": 109}, "promotie_anterioara": {"NU": 107, "DA": 2}, "materii": {"LIMBA ROMANA": {"medie": 6.909813084112151, "reusita": 95.41284403669725, "cnt": 109}, "GENERAL": {"medie": 7.385202492211841, "reusita": 81.65137614678899, "cnt": 109}, "ISTORIE": {"medie": 7.0810185185185155, "reusita": 88.07339449541286, "cnt": 109}, "LOGICA, ARGUMENTARE SI COMUNICARE": {"medie": 8.230172413793104, "reusita": 93.22033898305084, "cnt": 59}, "GEOGRAFIE": {"medie": 7.976595744680851, "reusita": 97.87234042553192, "cnt": 47}, "PSIHOLOGIE": {"medie": 8.225, "reusita": 100.0, "cnt": 2}, "ECONOMIE": {"medie": 5.1, "reusita": 100.0, "cnt": 1}}, "nume": "COLEGIUL NATIONAL DE ARTA \"GEORGE APOSTU\" BACAU\tBac\u0103u"}