{"specializari": {"STIINTE SOCIALE": 32, "FILOLOGIE": 84, "MATEMATICA-INFORMATICA": 83, "STIINTE ALE NATURII": 57}, "limba_moderna": {"LIMBA ENGLEZA": 225, "LIMBA FRANCEZA": 30, "LIMBA GERMANA MODERNA": 1}, "limba_materna": {"LIMBA ROMANA": 256}, "promotie_anterioara": {"NU": 255, "DA": 1}, "materii": {"LIMBA ROMANA": {"medie": 7.7908203125, "reusita": 99.609375, "cnt": 256}, "MATEMATICA MATE-INFO": {"medie": 7.692168674698797, "reusita": 98.79518072289156, "cnt": 83}, "INFORMATICA MI C/C++": {"medie": 7.290540540540539, "reusita": 94.5945945945946, "cnt": 37}, "GENERAL": {"medie": 8.01848958333333, "reusita": 94.53125, "cnt": 256}, "ISTORIE": {"medie": 8.587500000000002, "reusita": 99.13793103448276, "cnt": 116}, "LOGICA, ARGUMENTARE SI COMUNICARE": {"medie": 9.01575342465754, "reusita": 98.63013698630137, "cnt": 73}, "GEOGRAFIE": {"medie": 8.893181818181818, "reusita": 100.0, "cnt": 22}, "FIZICA TEO": {"medie": 7.7749999999999995, "reusita": 94.44444444444444, "cnt": 18}, "CHIMIE ORGANICA TEO NIVEL I/II": {"medie": 9.026923076923078, "reusita": 100.0, "cnt": 13}, "MATEMATICA ST-NAT": {"medie": 7.516666666666668, "reusita": 96.49122807017544, "cnt": 57}, "PSIHOLOGIE": {"medie": 8.552941176470588, "reusita": 100.0, "cnt": 17}, "SOCIOLOGIE": {"medie": 9.1875, "reusita": 100.0, "cnt": 4}, "ANATOMIE SI FIZIOLOGIE UMANA, GENETICA SI ECOLOGIE UMANA": {"medie": 7.477272727272725, "reusita": 98.18181818181819, "cnt": 55}, "BIOLOGIE VEGETALA SI ANIMALA": {"medie": 7.315625, "reusita": 100.0, "cnt": 16}, "INFORMATICA SN C/C++": {"medie": 9.4, "reusita": 100.0, "cnt": 1}}, "nume": "COLEGIUL NATIONAL \"MIHAI EMINESCU\" MUNICIPIUL BUZAU\tBuz\u0103u"}