{"specializari": {"MATEMATICA-INFORMATICA": 187}, "limba_moderna": {"LIMBA ENGLEZA": 185, "LIMBA GERMANA MODERNA": 1, "LIMBA FRANCEZA": 1}, "limba_materna": {"LIMBA ROMANA": 187}, "promotie_anterioara": {"NU": 183, "DA": 4}, "materii": {"LIMBA ROMANA": {"medie": 8.066042780748663, "reusita": 100.0, "cnt": 187}, "MATEMATICA MATE-INFO": {"medie": 8.299465240641704, "reusita": 97.86096256684492, "cnt": 187}, "INFORMATICA MI C/C++": {"medie": 8.368750000000004, "reusita": 97.91666666666666, "cnt": 96}, "GENERAL": {"medie": 8.20490196078431, "reusita": 95.72192513368985, "cnt": 187}, "FIZICA TEO": {"medie": 8.201666666666666, "reusita": 96.66666666666667, "cnt": 30}, "CHIMIE ORGANICA TEO NIVEL I/II": {"medie": 9.233333333333333, "reusita": 100.0, "cnt": 6}, "ANATOMIE SI FIZIOLOGIE UMANA, GENETICA SI ECOLOGIE UMANA": {"medie": 7.959090909090908, "reusita": 96.36363636363636, "cnt": 55}}, "nume": "COLEGIUL NATIONAL DE INFORMATICA, MUNICIPIUL PIATRA-NEAMT\tNeam\u021b"}