{"specializari": {"MATEMATICA-INFORMATICA": 52, "INVATATOR - EDUCATOARE": 28, "STIINTE ALE NATURII": 26, "FILOLOGIE": 68}, "limba_moderna": {"LIMBA ENGLEZA": 163, "LIMBA FRANCEZA": 10, "LIMBA GERMANA MODERNA": 1}, "limba_materna": {"LIMBA ROMANA": 174}, "promotie_anterioara": {"NU": 169, "DA": 5}, "materii": {"LIMBA ROMANA": {"medie": 8.123410404624272, "reusita": 97.12643678160919, "cnt": 174}, "MATEMATICA MATE-INFO": {"medie": 7.517307692307691, "reusita": 98.07692307692307, "cnt": 52}, "INFORMATICA MI C/C++": {"medie": 6.160000000000001, "reusita": 80.0, "cnt": 10}, "GENERAL": {"medie": 7.998554913294797, "reusita": 90.80459770114942, "cnt": 174}, "ISTORIE": {"medie": 7.991176470588235, "reusita": 100.0, "cnt": 68}, "LOGICA, ARGUMENTARE SI COMUNICARE": {"medie": 9.25, "reusita": 100.0, "cnt": 3}, "GEOGRAFIE": {"medie": 8.139062500000001, "reusita": 95.38461538461539, "cnt": 65}, "FIZICA TEO": {"medie": 8.500000000000002, "reusita": 100.0, "cnt": 7}, "CHIMIE ORGANICA TEO NIVEL I/II": {"medie": 9.9, "reusita": 100.0, "cnt": 2}, "MATEMATICA ST-NAT": {"medie": 8.11346153846154, "reusita": 100.0, "cnt": 26}, "PSIHOLOGIE": {"medie": 8.333333333333334, "reusita": 100.0, "cnt": 3}, "SOCIOLOGIE": {"medie": 7.951999999999999, "reusita": 92.0, "cnt": 25}, "ANATOMIE SI FIZIOLOGIE UMANA, GENETICA SI ECOLOGIE UMANA": {"medie": 7.844067796610172, "reusita": 98.30508474576271, "cnt": 59}, "MATEMATICA PED": {"medie": 8.314814814814813, "reusita": 96.42857142857143, "cnt": 28}}, "nume": "COLEGIUL NATIONAL \"GEORGE COSBUC\" NASAUD\tBistri\u021ba-N\u0103s\u0103ud"}