{"specializari": {"FILOLOGIE": 65, "MATEMATICA-INFORMATICA": 86, "STIINTE SOCIALE": 31, "STIINTE ALE NATURII": 30}, "limba_moderna": {"LIMBA ENGLEZA": 196, "LIMBA FRANCEZA": 15, "LIMBA ITALIANA": 1}, "limba_materna": {"LIMBA ROMANA": 212}, "promotie_anterioara": {"NU": 205, "DA": 7}, "materii": {"LIMBA ROMANA": {"medie": 7.71315789473684, "reusita": 97.64150943396226, "cnt": 212}, "MATEMATICA MATE-INFO": {"medie": 7.445882352941176, "reusita": 93.02325581395348, "cnt": 86}, "INFORMATICA MI C/C++": {"medie": 6.6175675675675665, "reusita": 75.67567567567568, "cnt": 37}, "GENERAL": {"medie": 7.8937001594896286, "reusita": 87.26415094339622, "cnt": 212}, "ISTORIE": {"medie": 8.462105263157895, "reusita": 98.95833333333334, "cnt": 96}, "LOGICA, ARGUMENTARE SI COMUNICARE": {"medie": 8.375000000000002, "reusita": 93.75, "cnt": 32}, "GEOGRAFIE": {"medie": 8.516129032258064, "reusita": 96.82539682539682, "cnt": 63}, "FIZICA TEO": {"medie": 7.425000000000002, "reusita": 90.0, "cnt": 10}, "CHIMIE ORGANICA TEO NIVEL I/II": {"medie": 9.268, "reusita": 100.0, "cnt": 25}, "MATEMATICA ST-NAT": {"medie": 7.615000000000001, "reusita": 100.0, "cnt": 30}, "PSIHOLOGIE": {"medie": 9.15, "reusita": 100.0, "cnt": 1}, "ANATOMIE SI FIZIOLOGIE UMANA, GENETICA SI ECOLOGIE UMANA": {"medie": 7.66279069767442, "reusita": 100.0, "cnt": 43}, "INFORMATICA SN C/C++": {"medie": 5.75, "reusita": 100.0, "cnt": 1}}, "nume": "COLEGIUL NATIONAL \"DRAGOS VODA\" SIGHETU MARMATIEI\tMaramure\u0219"}