{"specializari": {"FILOLOGIE": 76, "MATEMATICA-INFORMATICA": 57, "STIINTE ALE NATURII": 36}, "limba_moderna": {"LIMBA FRANCEZA": 4, "LIMBA ENGLEZA": 165}, "limba_materna": {"LIMBA ROMANA": 169}, "promotie_anterioara": {"NU": 155, "DA": 14}, "materii": {"LIMBA ROMANA": {"medie": 6.894674556213016, "reusita": 94.0828402366864, "cnt": 169}, "MATEMATICA MATE-INFO": {"medie": 6.923684210526317, "reusita": 80.7017543859649, "cnt": 57}, "INFORMATICA MI C/C++": {"medie": 7.6375, "reusita": 87.5, "cnt": 8}, "GENERAL": {"medie": 7.190376984126983, "reusita": 76.92307692307693, "cnt": 169}, "ISTORIE": {"medie": 7.459999999999998, "reusita": 96.05263157894737, "cnt": 76}, "LOGICA, ARGUMENTARE SI COMUNICARE": {"medie": 9.459999999999999, "reusita": 100.0, "cnt": 5}, "GEOGRAFIE": {"medie": 8.09, "reusita": 98.48484848484848, "cnt": 66}, "FIZICA TEO": {"medie": 8.38181818181818, "reusita": 100.0, "cnt": 11}, "CHIMIE ORGANICA TEO NIVEL I/II": {"medie": 8.8, "reusita": 100.0, "cnt": 3}, "MATEMATICA ST-NAT": {"medie": 6.2250000000000005, "reusita": 80.55555555555556, "cnt": 36}, "PSIHOLOGIE": {"medie": 8.333333333333334, "reusita": 100.0, "cnt": 3}, "SOCIOLOGIE": {"medie": 8.45, "reusita": 100.0, "cnt": 2}, "ANATOMIE SI FIZIOLOGIE UMANA, GENETICA SI ECOLOGIE UMANA": {"medie": 6.848529411764705, "reusita": 92.64705882352942, "cnt": 68}, "BIOLOGIE VEGETALA SI ANIMALA": {"medie": 6.375, "reusita": 100.0, "cnt": 2}, "INFORMATICA SN C/C++": {"medie": 8.7, "reusita": 100.0, "cnt": 1}}, "nume": "COLEGIUL NATIONAL \"NEAGOE BASARAB\" OLTENITA\tC\u0103l\u0103ra\u0219i"}