{"specializari": {"FILOLOGIE": 125, "MATEMATICA-INFORMATICA": 93}, "limba_moderna": {"LIMBA ENGLEZA": 156, "LIMBA FRANCEZA": 62}, "limba_materna": {"LIMBA ROMANA": 218}, "promotie_anterioara": {"NU": 218}, "materii": {"LIMBA ROMANA": {"medie": 7.592889908256883, "reusita": 98.62385321100918, "cnt": 218}, "MATEMATICA MATE-INFO": {"medie": 7.9994623655913975, "reusita": 97.84946236559139, "cnt": 93}, "INFORMATICA MI C/C++": {"medie": 8.260000000000002, "reusita": 96.0, "cnt": 25}, "GENERAL": {"medie": 8.073929663608567, "reusita": 95.87155963302753, "cnt": 218}, "ISTORIE": {"medie": 8.612000000000002, "reusita": 100.0, "cnt": 125}, "LOGICA, ARGUMENTARE SI COMUNICARE": {"medie": 8.57549019607843, "reusita": 100.0, "cnt": 51}, "CHIMIE ORGANICA TEO NIVEL I/II": {"medie": 8.76923076923077, "reusita": 100.0, "cnt": 13}, "FIZICA TEO": {"medie": 8.557894736842103, "reusita": 100.0, "cnt": 19}, "GEOGRAFIE": {"medie": 8.68939393939394, "reusita": 100.0, "cnt": 33}, "PSIHOLOGIE": {"medie": 8.054545454545455, "reusita": 100.0, "cnt": 11}, "ANATOMIE SI FIZIOLOGIE UMANA, GENETICA SI ECOLOGIE UMANA": {"medie": 7.738888888888886, "reusita": 97.22222222222221, "cnt": 36}, "SOCIOLOGIE": {"medie": 7.752000000000001, "reusita": 100.0, "cnt": 25}, "FILOSOFIE": {"medie": 8.2, "reusita": 100.0, "cnt": 1}, "ECONOMIE": {"medie": 7.0625, "reusita": 100.0, "cnt": 4}}, "nume": "COLEGIUL NATIONAL \"SCOALA CENTRALA\"\tBucure\u0219ti"}