{"specializari": {"MUZICA": 50, "ARTE PLASTICE SI DECORATIVE": 67, "ARTA ACTORULUI": 17, "ARHITECTURA, ARTE AMBIENTALE SI DESIGN": 34, "COREGRAFIE": 17}, "limba_moderna": {"LIMBA ENGLEZA": 178, "LIMBA GERMANA MODERNA": 2, "LIMBA FRANCEZA": 5}, "limba_materna": {"LIMBA ROMANA": 185}, "promotie_anterioara": {"NU": 174, "DA": 11}, "materii": {"LIMBA ROMANA": {"medie": 7.4480874316939865, "reusita": 97.2972972972973, "cnt": 185}, "GENERAL": {"medie": 7.6842490842490845, "reusita": 90.27027027027027, "cnt": 185}, "ISTORIE": {"medie": 7.4883152173913015, "reusita": 96.75675675675676, "cnt": 185}, "LOGICA, ARGUMENTARE SI COMUNICARE": {"medie": 8.551639344262295, "reusita": 96.7741935483871, "cnt": 62}, "GEOGRAFIE": {"medie": 7.794196428571431, "reusita": 98.23008849557522, "cnt": 113}, "PSIHOLOGIE": {"medie": 8.083333333333332, "reusita": 100.0, "cnt": 6}, "FILOSOFIE": {"medie": 9.4, "reusita": 100.0, "cnt": 3}, "ECONOMIE": {"medie": 8.55, "reusita": 100.0, "cnt": 1}}, "nume": "COLEGIUL NATIONAL DE ARTA \"OCTAV BANCILA\", IASI\tIa\u0219i"}