{"specializari": {"MUZICA": 66}, "limba_moderna": {"LIMBA ENGLEZA": 62, "LIMBA FRANCEZA": 4}, "limba_materna": {"LIMBA ROMANA": 48, "LIMBA MAGHIARA": 18}, "promotie_anterioara": {"NU": 63, "DA": 3}, "materii": {"LIMBA ROMANA": {"medie": 7.395454545454544, "reusita": 96.96969696969697, "cnt": 66}, "GENERAL": {"medie": 7.663005050505049, "reusita": 90.9090909090909, "cnt": 66}, "ISTORIE": {"medie": 7.7727272727272725, "reusita": 98.48484848484848, "cnt": 66}, "LOGICA, ARGUMENTARE SI COMUNICARE": {"medie": 8.605555555555556, "reusita": 100.0, "cnt": 9}, "GEOGRAFIE": {"medie": 7.6491228070175445, "reusita": 98.24561403508771, "cnt": 57}, "LIMBA MAGHIARA (REAL)": {"medie": 7.583333333333333, "reusita": 100.0, "cnt": 18}}, "nume": "COLEGIUL DE MUZICA \"SIGISMUND TODUTA\" CLUJ-NAPOCA\tCluj"}