{"specializari": {"STIINTE ALE NATURII": 107, "FILOLOGIE": 31, "STIINTE SOCIALE": 27, "MATEMATICA-INFORMATICA": 26}, "limba_moderna": {"LIMBA ENGLEZA": 190, "LIMBA FRANCEZA": 1}, "limba_materna": {"LIMBA ROMANA": 191}, "promotie_anterioara": {"NU": 183, "DA": 8}, "materii": {"LIMBA ROMANA": {"medie": 7.144736842105261, "reusita": 99.47643979057592, "cnt": 191}, "MATEMATICA MATE-INFO": {"medie": 6.973076923076923, "reusita": 96.15384615384616, "cnt": 26}, "INFORMATICA MI C/C++": {"medie": 6.613636363636363, "reusita": 90.9090909090909, "cnt": 11}, "GENERAL": {"medie": 7.708510638297877, "reusita": 91.62303664921467, "cnt": 191}, "ISTORIE": {"medie": 7.98448275862069, "reusita": 100.0, "cnt": 58}, "LOGICA, ARGUMENTARE SI COMUNICARE": {"medie": 8.219999999999999, "reusita": 100.0, "cnt": 10}, "GEOGRAFIE": {"medie": 8.636585365853659, "reusita": 100.0, "cnt": 41}, "FIZICA TEO": {"medie": 7.788461538461538, "reusita": 100.0, "cnt": 13}, "CHIMIE ORGANICA TEO NIVEL I/II": {"medie": 8.995833333333334, "reusita": 100.0, "cnt": 12}, "MATEMATICA ST-NAT": {"medie": 7.9537735849056626, "reusita": 98.13084112149532, "cnt": 107}, "PSIHOLOGIE": {"medie": 8.375, "reusita": 100.0, "cnt": 2}, "SOCIOLOGIE": {"medie": 7.710000000000001, "reusita": 100.0, "cnt": 5}, "ANATOMIE SI FIZIOLOGIE UMANA, GENETICA SI ECOLOGIE UMANA": {"medie": 8.001764705882355, "reusita": 97.67441860465115, "cnt": 86}, "CHIMIE ANORGANICA TEO NIVEL I/II": {"medie": 8.4, "reusita": 100.0, "cnt": 4}, "BIOLOGIE VEGETALA SI ANIMALA": {"medie": 9.1, "reusita": 100.0, "cnt": 1}, "INFORMATICA SN C/C++": {"medie": 7.3999999999999995, "reusita": 100.0, "cnt": 6}}, "nume": "COLEGIUL NATIONAL \"VICTOR BABES\"\tBucure\u0219ti"}