{"specializari": {"MATEMATICA-INFORMATICA": 29, "STIINTE ALE NATURII": 61, "FILOLOGIE": 62, "STIINTE SOCIALE": 30}, "limba_moderna": {"LIMBA ENGLEZA": 163, "LIMBA FRANCEZA": 15, "LIMBA RUSA": 4}, "limba_materna": {"LIMBA ROMANA": 182}, "promotie_anterioara": {"NU": 181, "DA": 1}, "materii": {"LIMBA ROMANA": {"medie": 8.106318681318681, "reusita": 99.45054945054946, "cnt": 182}, "MATEMATICA MATE-INFO": {"medie": 8.551724137931032, "reusita": 96.55172413793103, "cnt": 29}, "INFORMATICA MI C/C++": {"medie": 8.479166666666664, "reusita": 95.83333333333334, "cnt": 24}, "GENERAL": {"medie": 8.35439560439561, "reusita": 95.05494505494505, "cnt": 182}, "ISTORIE": {"medie": 7.847282608695656, "reusita": 98.91304347826086, "cnt": 92}, "LOGICA, ARGUMENTARE SI COMUNICARE": {"medie": 8.61078431372549, "reusita": 98.0392156862745, "cnt": 51}, "GEOGRAFIE": {"medie": 8.6421875, "reusita": 100.0, "cnt": 32}, "FIZICA TEO": {"medie": 9.077777777777776, "reusita": 100.0, "cnt": 9}, "CHIMIE ORGANICA TEO NIVEL I/II": {"medie": 9.616666666666665, "reusita": 100.0, "cnt": 6}, "MATEMATICA ST-NAT": {"medie": 8.901639344262296, "reusita": 100.0, "cnt": 61}, "PSIHOLOGIE": {"medie": 7.65, "reusita": 100.0, "cnt": 4}, "SOCIOLOGIE": {"medie": 8.63, "reusita": 100.0, "cnt": 5}, "ANATOMIE SI FIZIOLOGIE UMANA, GENETICA SI ECOLOGIE UMANA": {"medie": 8.615306122448978, "reusita": 100.0, "cnt": 49}, "INFORMATICA SN C/C++": {"medie": 9.35, "reusita": 100.0, "cnt": 2}}, "nume": "COLEGIUL NATIONAL \"MIHAIL SADOVEANU\", PASCANI\tIa\u0219i"}