{"specializari": {"FILOLOGIE": 39, "STIINTE ALE NATURII": 88, "MATEMATICA-INFORMATICA": 91}, "limba_moderna": {"LIMBA ENGLEZA": 211, "LIMBA FRANCEZA": 7}, "limba_materna": {"LIMBA ROMANA": 218}, "promotie_anterioara": {"NU": 205, "DA": 13}, "materii": {"LIMBA ROMANA": {"medie": 8.010465116279075, "reusita": 98.62385321100918, "cnt": 218}, "MATEMATICA MATE-INFO": {"medie": 7.988202247191008, "reusita": 95.6043956043956, "cnt": 91}, "INFORMATICA MI C/C++": {"medie": 8.25294117647059, "reusita": 96.15384615384616, "cnt": 52}, "GENERAL": {"medie": 8.088497652582154, "reusita": 93.11926605504587, "cnt": 218}, "ISTORIE": {"medie": 8.716666666666669, "reusita": 100.0, "cnt": 39}, "LOGICA, ARGUMENTARE SI COMUNICARE": {"medie": 8.372222222222224, "reusita": 100.0, "cnt": 9}, "GEOGRAFIE": {"medie": 8.553571428571429, "reusita": 100.0, "cnt": 28}, "FIZICA TEO": {"medie": 7.416666666666667, "reusita": 100.0, "cnt": 3}, "CHIMIE ORGANICA TEO NIVEL I/II": {"medie": 9.325, "reusita": 100.0, "cnt": 2}, "MATEMATICA ST-NAT": {"medie": 7.479885057471268, "reusita": 94.31818181818183, "cnt": 88}, "PSIHOLOGIE": {"medie": 8.95, "reusita": 100.0, "cnt": 2}, "ANATOMIE SI FIZIOLOGIE UMANA, GENETICA SI ECOLOGIE UMANA": {"medie": 8.274152542372882, "reusita": 98.33333333333333, "cnt": 120}, "INFORMATICA SN C/C++": {"medie": 8.024999999999999, "reusita": 100.0, "cnt": 2}}, "nume": "COLEGIUL NATIONAL DE INFORMATICA \"SPIRU HARET\" SUCEAVA\tSuceava"}