{"specializari": {"MATEMATICA-INFORMATICA": 62, "STIINTE ALE NATURII": 23, "FILOLOGIE": 62, "STIINTE SOCIALE": 27}, "limba_moderna": {"LIMBA ENGLEZA": 162, "LIMBA FRANCEZA": 12}, "limba_materna": {"LIMBA ROMANA": 174}, "promotie_anterioara": {"NU": 173, "DA": 1}, "materii": {"LIMBA ROMANA": {"medie": 7.92356321839081, "reusita": 99.42528735632183, "cnt": 174}, "MATEMATICA MATE-INFO": {"medie": 8.416129032258066, "reusita": 98.38709677419355, "cnt": 62}, "INFORMATICA MI C/C++": {"medie": 8.355, "reusita": 100.0, "cnt": 10}, "GENERAL": {"medie": 8.266187739463607, "reusita": 95.97701149425288, "cnt": 174}, "ISTORIE": {"medie": 7.933707865168537, "reusita": 95.50561797752809, "cnt": 89}, "LOGICA, ARGUMENTARE SI COMUNICARE": {"medie": 8.939726027397262, "reusita": 100.0, "cnt": 73}, "CHIMIE ORGANICA TEO NIVEL I/II": {"medie": 9.334999999999999, "reusita": 100.0, "cnt": 10}, "MATEMATICA ST-NAT": {"medie": 8.43695652173913, "reusita": 100.0, "cnt": 23}, "FIZICA TEO": {"medie": 8.640740740740737, "reusita": 100.0, "cnt": 27}, "GEOGRAFIE": {"medie": 8.010000000000002, "reusita": 100.0, "cnt": 5}, "PSIHOLOGIE": {"medie": 8.65, "reusita": 100.0, "cnt": 2}, "ANATOMIE SI FIZIOLOGIE UMANA, GENETICA SI ECOLOGIE UMANA": {"medie": 8.593421052631578, "reusita": 100.0, "cnt": 38}, "SOCIOLOGIE": {"medie": 7.292857142857143, "reusita": 100.0, "cnt": 7}, "FILOSOFIE": {"medie": 8.275, "reusita": 100.0, "cnt": 2}}, "nume": "COLEGIUL NATIONAL \"ALEXANDRU VLAHUTA\" MUNICIPIUL RAMNICU SARAT\tBuz\u0103u"}