{"specializari": {"FILOLOGIE": 61, "STIINTE ALE NATURII": 64, "STIINTE SOCIALE": 65, "MATEMATICA-INFORMATICA": 59}, "limba_moderna": {"LIMBA ENGLEZA": 248, "LIMBA FRANCEZA": 1}, "limba_materna": {"LIMBA ROMANA": 249}, "promotie_anterioara": {"NU": 249}, "materii": {"LIMBA ROMANA": {"medie": 8.431124497991968, "reusita": 99.59839357429718, "cnt": 249}, "MATEMATICA MATE-INFO": {"medie": 8.80847457627119, "reusita": 100.0, "cnt": 59}, "INFORMATICA MI C/C++": {"medie": 8.107317073170732, "reusita": 90.2439024390244, "cnt": 41}, "GENERAL": {"medie": 8.617202141900936, "reusita": 96.78714859437751, "cnt": 249}, "ISTORIE": {"medie": 8.636111111111111, "reusita": 98.4126984126984, "cnt": 126}, "LOGICA, ARGUMENTARE SI COMUNICARE": {"medie": 8.96968085106383, "reusita": 97.87234042553192, "cnt": 94}, "GEOGRAFIE": {"medie": 8.71875, "reusita": 100.0, "cnt": 16}, "FIZICA TEO": {"medie": 8.334999999999999, "reusita": 90.0, "cnt": 10}, "CHIMIE ORGANICA TEO NIVEL I/II": {"medie": 8.37857142857143, "reusita": 100.0, "cnt": 7}, "MATEMATICA ST-NAT": {"medie": 8.694531249999999, "reusita": 100.0, "cnt": 64}, "PSIHOLOGIE": {"medie": 8.86111111111111, "reusita": 100.0, "cnt": 9}, "SOCIOLOGIE": {"medie": 8.77142857142857, "reusita": 100.0, "cnt": 7}, "ANATOMIE SI FIZIOLOGIE UMANA, GENETICA SI ECOLOGIE UMANA": {"medie": 8.830508474576273, "reusita": 100.0, "cnt": 59}, "BIOLOGIE VEGETALA SI ANIMALA": {"medie": 9.75, "reusita": 100.0, "cnt": 1}, "INFORMATICA SN C/C++": {"medie": 8.89, "reusita": 100.0, "cnt": 5}}, "nume": "COLEGIUL NATIONAL \"VASILE ALECSANDRI\" BACAU\tBac\u0103u"}