{"specializari": {"MATEMATICA-INFORMATICA": 120, "FILOLOGIE": 31, "STIINTE SOCIALE": 30, "STIINTE ALE NATURII": 24}, "limba_moderna": {"LIMBA ENGLEZA": 196, "LIMBA FRANCEZA": 9}, "limba_materna": {"LIMBA ROMANA": 205}, "promotie_anterioara": {"NU": 205}, "materii": {"LIMBA ROMANA": {"medie": 7.942195121951223, "reusita": 98.53658536585365, "cnt": 205}, "MATEMATICA MATE-INFO": {"medie": 8.322499999999996, "reusita": 97.5, "cnt": 120}, "INFORMATICA MI C/C++": {"medie": 8.732692307692307, "reusita": 96.15384615384616, "cnt": 26}, "GENERAL": {"medie": 8.255284552845527, "reusita": 94.14634146341463, "cnt": 205}, "ISTORIE": {"medie": 8.03606557377049, "reusita": 98.36065573770492, "cnt": 61}, "LOGICA, ARGUMENTARE SI COMUNICARE": {"medie": 9.008333333333335, "reusita": 100.0, "cnt": 6}, "CHIMIE ORGANICA TEO NIVEL I/II": {"medie": 9.335416666666667, "reusita": 100.0, "cnt": 24}, "MATEMATICA ST-NAT": {"medie": 8.06875, "reusita": 100.0, "cnt": 24}, "FIZICA TEO": {"medie": 8.222641509433963, "reusita": 98.11320754716981, "cnt": 53}, "GEOGRAFIE": {"medie": 8.978378378378377, "reusita": 100.0, "cnt": 37}, "PSIHOLOGIE": {"medie": 8.416666666666666, "reusita": 100.0, "cnt": 15}, "ANATOMIE SI FIZIOLOGIE UMANA, GENETICA SI ECOLOGIE UMANA": {"medie": 8.716666666666667, "reusita": 100.0, "cnt": 12}, "BIOLOGIE VEGETALA SI ANIMALA": {"medie": 8.14655172413793, "reusita": 100.0, "cnt": 29}, "SOCIOLOGIE": {"medie": 8.975, "reusita": 100.0, "cnt": 2}, "ECONOMIE": {"medie": 8.1, "reusita": 100.0, "cnt": 1}}, "nume": "COLEGIUL NATIONAL \"VLAICU VODA\" CURTEA DE ARGES\tArge\u0219"}