{"specializari": {"MUZICA": 66}, "limba_moderna": {"LIMBA ENGLEZA": 62, "LIMBA FRANCEZA": 4}, "limba_materna": {"LIMBA ROMANA": 48, "LIMBA MAGHIARA": 18}, "promotie_anterioara": {"NU": 63, "DA": 3}, "materii": {"LIMBA ROMANA": {"medie": 7.408333333333331, "reusita": 96.96969696969697, "cnt": 66}, "GENERAL": {"medie": 7.635290404040403, "reusita": 89.39393939393939, "cnt": 66}, "ISTORIE": {"medie": 7.747727272727273, "reusita": 98.48484848484848, "cnt": 66}, "LOGICA, ARGUMENTARE SI COMUNICARE": {"medie": 8.622222222222222, "reusita": 100.0, "cnt": 9}, "GEOGRAFIE": {"medie": 7.602631578947369, "reusita": 96.49122807017544, "cnt": 57}, "LIMBA MAGHIARA (REAL)": {"medie": 7.408333333333333, "reusita": 100.0, "cnt": 18}}, "nume": "COLEGIUL DE MUZICA \"SIGISMUND TODUTA\" CLUJ-NAPOCA\tCluj"}