{"specializari": {"STIINTE SOCIALE": 42, "TEHNICIAN ECOLOG SI PROTECTIA CALITATII MEDIULUI": 3}, "limba_moderna": {"LIMBA ENGLEZA": 45}, "limba_materna": {"LIMBA ROMANA": 45}, "promotie_anterioara": {"NU": 33, "DA": 12}, "materii": {"LIMBA ROMANA": {"medie": 4.606410256410257, "reusita": 48.888888888888886, "cnt": 45}, "GENERAL": {"medie": 5.2764957264957255, "reusita": 28.888888888888886, "cnt": 45}, "ISTORIE": {"medie": 5.094736842105261, "reusita": 57.14285714285714, "cnt": 42}, "LOGICA, ARGUMENTARE SI COMUNICARE": {"medie": 6.4818181818181815, "reusita": 63.63636363636363, "cnt": 11}, "GEOGRAFIE": {"medie": 5.872222222222223, "reusita": 72.72727272727273, "cnt": 11}, "PSIHOLOGIE": {"medie": 7.1, "reusita": 100.0, "cnt": 1}, "BIOLOGIE VEGETALA SI ANIMALA": {"medie": 4.75, "reusita": 33.33333333333333, "cnt": 3}, "SOCIOLOGIE": {"medie": 6.311764705882352, "reusita": 84.21052631578947, "cnt": 19}, "MATEMATICA TEHN": {"medie": 3.7, "reusita": 33.33333333333333, "cnt": 3}}, "nume": "COLEGIUL ECOLOGIC \"PROF.UNIV.DR. ALEXANDRU IONESCU\" PITESTI\tArge\u0219"}