{"specializari": {"FILOLOGIE": 94, "STIINTE ALE NATURII": 58, "MATEMATICA-INFORMATICA": 147}, "limba_moderna": {"LIMBA FRANCEZA": 22, "LIMBA ENGLEZA": 274, "LIMBA GERMANA MODERNA": 3}, "limba_materna": {"LIMBA ROMANA": 299}, "promotie_anterioara": {"NU": 298, "DA": 1}, "materii": {"LIMBA ROMANA": {"medie": 8.645484949832781, "reusita": 99.66555183946488, "cnt": 299}, "MATEMATICA MATE-INFO": {"medie": 8.455782312925168, "reusita": 99.31972789115646, "cnt": 147}, "INFORMATICA MI C/C++": {"medie": 8.742222222222221, "reusita": 97.77777777777777, "cnt": 45}, "GENERAL": {"medie": 8.699331103678926, "reusita": 98.32775919732441, "cnt": 299}, "ISTORIE": {"medie": 8.656382978723402, "reusita": 100.0, "cnt": 94}, "LOGICA, ARGUMENTARE SI COMUNICARE": {"medie": 9.011309523809526, "reusita": 100.0, "cnt": 84}, "GEOGRAFIE": {"medie": 9.207142857142857, "reusita": 100.0, "cnt": 7}, "FIZICA TEO": {"medie": 8.76078431372549, "reusita": 96.07843137254902, "cnt": 51}, "CHIMIE ORGANICA TEO NIVEL I/II": {"medie": 9.218367346938777, "reusita": 100.0, "cnt": 49}, "MATEMATICA ST-NAT": {"medie": 8.811206896551726, "reusita": 100.0, "cnt": 58}, "PSIHOLOGIE": {"medie": 8.033333333333333, "reusita": 100.0, "cnt": 3}, "ANATOMIE SI FIZIOLOGIE UMANA, GENETICA SI ECOLOGIE UMANA": {"medie": 8.436666666666666, "reusita": 100.0, "cnt": 30}, "BIOLOGIE VEGETALA SI ANIMALA": {"medie": 8.717307692307696, "reusita": 100.0, "cnt": 26}, "INFORMATICA SN C/C++": {"medie": 8.35, "reusita": 100.0, "cnt": 4}}, "nume": "COLEGIUL NATIONAL \"ION LUCA CARAGIALE\", MUNICIPIUL PLOIESTI\tPrahova"}