{"specializari": {"INVATATOR - EDUCATOARE": 57, "EDUCATOR-PUERICULTOR": 31, "FILOLOGIE": 39, "MATEMATICA-INFORMATICA": 32, "STIINTE SOCIALE": 40, "STIINTE ALE NATURII": 35}, "limba_moderna": {"LIMBA ENGLEZA": 225, "LIMBA FRANCEZA": 9}, "limba_materna": {"LIMBA ROMANA": 234}, "promotie_anterioara": {"NU": 224, "DA": 10}, "materii": {"LIMBA ROMANA": {"medie": 7.429525862068964, "reusita": 97.00854700854701, "cnt": 234}, "MATEMATICA MATE-INFO": {"medie": 6.6859375000000005, "reusita": 93.75, "cnt": 32}, "INFORMATICA MI C/C++": {"medie": 7.1, "reusita": 100.0, "cnt": 5}, "GENERAL": {"medie": 7.517171717171717, "reusita": 83.76068376068376, "cnt": 234}, "ISTORIE": {"medie": 7.3518348623853225, "reusita": 96.36363636363636, "cnt": 110}, "LOGICA, ARGUMENTARE SI COMUNICARE": {"medie": 8.141772151898733, "reusita": 96.25, "cnt": 80}, "MATEMATICA ST-NAT": {"medie": 6.031818181818183, "reusita": 77.14285714285715, "cnt": 35}, "FIZICA TEO": {"medie": 7.342857142857143, "reusita": 100.0, "cnt": 7}, "GEOGRAFIE": {"medie": 8.333333333333334, "reusita": 97.53086419753086, "cnt": 81}, "PSIHOLOGIE": {"medie": 8.250000000000002, "reusita": 100.0, "cnt": 6}, "ANATOMIE SI FIZIOLOGIE UMANA, GENETICA SI ECOLOGIE UMANA": {"medie": 6.8740740740740724, "reusita": 90.9090909090909, "cnt": 55}, "MATEMATICA PED": {"medie": 8.023684210526318, "reusita": 96.49122807017544, "cnt": 57}}, "nume": "COLEGIUL NATIONAL PEDAGOGIC \"STEFAN ODOBLEJA\"\tMehedin\u021bi"}