{"specializari": {"FILOLOGIE": 34, "MATEMATICA-INFORMATICA": 211, "STIINTE ALE NATURII": 29}, "limba_moderna": {"LIMBA ENGLEZA": 255, "LIMBA GERMANA MODERNA": 5, "LIMBA FRANCEZA": 14}, "limba_materna": {"LIMBA ROMANA": 274}, "promotie_anterioara": {"NU": 274}, "materii": {"LIMBA ROMANA": {"medie": 8.786496350364962, "reusita": 99.63503649635037, "cnt": 274}, "MATEMATICA MATE-INFO": {"medie": 9.223933649289101, "reusita": 99.52606635071089, "cnt": 211}, "INFORMATICA MI C/C++": {"medie": 9.307812499999997, "reusita": 96.875, "cnt": 32}, "GENERAL": {"medie": 9.134793187347935, "reusita": 98.54014598540147, "cnt": 274}, "ISTORIE": {"medie": 9.061764705882352, "reusita": 97.05882352941177, "cnt": 34}, "LOGICA, ARGUMENTARE SI COMUNICARE": {"medie": 9.359090909090908, "reusita": 100.0, "cnt": 11}, "CHIMIE ORGANICA TEO NIVEL I/II": {"medie": 9.711538461538462, "reusita": 100.0, "cnt": 65}, "MATEMATICA ST-NAT": {"medie": 9.58448275862069, "reusita": 100.0, "cnt": 29}, "FIZICA TEO": {"medie": 9.372115384615386, "reusita": 100.0, "cnt": 104}, "GEOGRAFIE": {"medie": 9.691666666666666, "reusita": 100.0, "cnt": 6}, "PSIHOLOGIE": {"medie": 9.4, "reusita": 100.0, "cnt": 1}, "ANATOMIE SI FIZIOLOGIE UMANA, GENETICA SI ECOLOGIE UMANA": {"medie": 9.014285714285714, "reusita": 100.0, "cnt": 28}, "CHIMIE ANORGANICA TEO NIVEL I/II": {"medie": 8.5, "reusita": 100.0, "cnt": 2}, "BIOLOGIE VEGETALA SI ANIMALA": {"medie": 8.933333333333332, "reusita": 100.0, "cnt": 6}, "SOCIOLOGIE": {"medie": 8.894444444444444, "reusita": 100.0, "cnt": 9}, "INFORMATICA SN C/C++": {"medie": 9.200000000000001, "reusita": 100.0, "cnt": 3}, "FILOSOFIE": {"medie": 8.3, "reusita": 100.0, "cnt": 1}, "ECONOMIE": {"medie": 9.291666666666666, "reusita": 100.0, "cnt": 6}}, "nume": "COLEGIUL NATIONAL \"SFANTUL SAVA\"\tBucure\u0219ti"}