{"specializari": {"FILOLOGIE": 36, "TEHNICIAN IN ACTIVITATI ECONOMICE": 16}, "limba_moderna": {"LIMBA ENGLEZA": 51, "LIMBA FRANCEZA": 1}, "limba_materna": {"LIMBA ROMANA": 52}, "promotie_anterioara": {"NU": 35, "DA": 17}, "materii": {"LIMBA ROMANA": {"medie": 5.686170212765958, "reusita": 78.84615384615384, "cnt": 52}, "GENERAL": {"medie": 6.448863636363637, "reusita": 57.692307692307686, "cnt": 52}, "ISTORIE": {"medie": 6.820967741935484, "reusita": 77.77777777777779, "cnt": 36}, "GEOGRAFIE": {"medie": 6.796969696969695, "reusita": 81.57894736842105, "cnt": 38}, "SOCIOLOGIE": {"medie": 7.25, "reusita": 100.0, "cnt": 14}, "MATEMATICA TEHN": {"medie": 5.667857142857143, "reusita": 56.25, "cnt": 16}}, "nume": "COLEGIUL PARTICULAR \"VASILE GOLDIS\" ARAD\tArad"}