{"specializari": {"STIINTE ALE NATURII": 41, "FILOLOGIE": 52, "MATEMATICA-INFORMATICA": 36, "LICEU CU PROGRAM SPORTIV": 24}, "limba_moderna": {"LIMBA ENGLEZA": 151, "LIMBA GERMANA MODERNA": 2}, "limba_materna": {"LIMBA ROMANA": 115, "LIMBA MAGHIARA": 38}, "promotie_anterioara": {"NU": 144, "DA": 9}, "materii": {"LIMBA ROMANA": {"medie": 6.667666666666666, "reusita": 89.54248366013073, "cnt": 153}, "MATEMATICA MATE-INFO": {"medie": 8.430555555555555, "reusita": 100.0, "cnt": 36}, "GENERAL": {"medie": 7.2307823129251725, "reusita": 75.81699346405229, "cnt": 153}, "ISTORIE": {"medie": 6.40486111111111, "reusita": 86.8421052631579, "cnt": 76}, "LOGICA, ARGUMENTARE SI COMUNICARE": {"medie": 6.8, "reusita": 66.66666666666666, "cnt": 3}, "CHIMIE ORGANICA TEO NIVEL I/II": {"medie": 8.4, "reusita": 100.0, "cnt": 1}, "MATEMATICA ST-NAT": {"medie": 7.641249999999999, "reusita": 90.2439024390244, "cnt": 41}, "GEOGRAFIE": {"medie": 7.206617647058823, "reusita": 94.36619718309859, "cnt": 71}, "PSIHOLOGIE": {"medie": 7.6, "reusita": 100.0, "cnt": 1}, "ANATOMIE SI FIZIOLOGIE UMANA, GENETICA SI ECOLOGIE UMANA": {"medie": 7.862500000000002, "reusita": 100.0, "cnt": 60}, "FILOSOFIE": {"medie": 5.35, "reusita": 100.0, "cnt": 1}, "LIMBA MAGHIARA (REAL)": {"medie": 7.904999999999999, "reusita": 95.23809523809523, "cnt": 21}, "LIMBA MAGHIARA (UMAN)": {"medie": 6.510714285714285, "reusita": 76.47058823529412, "cnt": 17}, "INFORMATICA MI PASCAL": {"medie": 8.409375, "reusita": 100.0, "cnt": 16}}, "nume": "COLEGIUL NATIONAL \"MIRCEA ELIADE\" SIGHISOARA\tMure\u0219"}