{"specializari": {"INVATATOR - EDUCATOARE": 55, "MATEMATICA-INFORMATICA": 61, "STIINTE SOCIALE": 40, "STIINTE ALE NATURII": 59, "FILOLOGIE": 34}, "limba_moderna": {"LIMBA ENGLEZA": 244, "LIMBA FRANCEZA": 5}, "limba_materna": {"LIMBA ROMANA": 249}, "promotie_anterioara": {"NU": 241, "DA": 8}, "materii": {"LIMBA ROMANA": {"medie": 7.846385542168676, "reusita": 99.19678714859438, "cnt": 249}, "MATEMATICA MATE-INFO": {"medie": 7.517213114754097, "reusita": 98.36065573770492, "cnt": 61}, "INFORMATICA MI C/C++": {"medie": 7.207142857142858, "reusita": 90.47619047619048, "cnt": 21}, "GENERAL": {"medie": 7.883266398929048, "reusita": 90.36144578313254, "cnt": 249}, "ISTORIE": {"medie": 7.401351351351347, "reusita": 94.5945945945946, "cnt": 74}, "LOGICA, ARGUMENTARE SI COMUNICARE": {"medie": 8.925247524752475, "reusita": 98.01980198019803, "cnt": 101}, "GEOGRAFIE": {"medie": 8.059615384615382, "reusita": 100.0, "cnt": 26}, "FIZICA TEO": {"medie": 6.67608695652174, "reusita": 78.26086956521739, "cnt": 23}, "CHIMIE ORGANICA TEO NIVEL I/II": {"medie": 9.6, "reusita": 100.0, "cnt": 1}, "MATEMATICA ST-NAT": {"medie": 7.4025423728813555, "reusita": 94.91525423728814, "cnt": 59}, "PSIHOLOGIE": {"medie": 8.25, "reusita": 100.0, "cnt": 2}, "ANATOMIE SI FIZIOLOGIE UMANA, GENETICA SI ECOLOGIE UMANA": {"medie": 7.785714285714286, "reusita": 100.0, "cnt": 63}, "CHIMIE ANORGANICA TEO NIVEL I/II": {"medie": 7.35, "reusita": 100.0, "cnt": 2}, "BIOLOGIE VEGETALA SI ANIMALA": {"medie": 8.9, "reusita": 100.0, "cnt": 1}, "MATEMATICA PED": {"medie": 8.774545454545454, "reusita": 98.18181818181819, "cnt": 55}, "INFORMATICA SN C/C++": {"medie": 5.927777777777778, "reusita": 88.88888888888889, "cnt": 9}}, "nume": "COLEGIUL NATIONAL PEDAGOGIC \"STEFAN CEL MARE\" BACAU\tBac\u0103u"}