{"specializari": {"STIINTE ALE NATURII": 78, "FILOLOGIE": 64, "MATEMATICA-INFORMATICA": 26, "STIINTE SOCIALE": 31}, "limba_moderna": {"LIMBA ENGLEZA": 194, "LIMBA FRANCEZA": 5}, "limba_materna": {"LIMBA ROMANA": 199}, "promotie_anterioara": {"NU": 199}, "materii": {"LIMBA ROMANA": {"medie": 7.323366834170852, "reusita": 97.98994974874373, "cnt": 199}, "MATEMATICA MATE-INFO": {"medie": 9.034615384615385, "reusita": 100.0, "cnt": 26}, "INFORMATICA MI C/C++": {"medie": 8.807692307692308, "reusita": 100.0, "cnt": 13}, "GENERAL": {"medie": 8.02931323283082, "reusita": 94.9748743718593, "cnt": 199}, "ISTORIE": {"medie": 7.6515789473684235, "reusita": 100.0, "cnt": 95}, "LOGICA, ARGUMENTARE SI COMUNICARE": {"medie": 8.636413043478258, "reusita": 98.91304347826086, "cnt": 92}, "CHIMIE ORGANICA TEO NIVEL I/II": {"medie": 9.280555555555555, "reusita": 100.0, "cnt": 18}, "MATEMATICA ST-NAT": {"medie": 8.557692307692307, "reusita": 98.71794871794873, "cnt": 78}, "FIZICA TEO": {"medie": 8.5875, "reusita": 100.0, "cnt": 8}, "GEOGRAFIE": {"medie": 8.133333333333333, "reusita": 100.0, "cnt": 3}, "ANATOMIE SI FIZIOLOGIE UMANA, GENETICA SI ECOLOGIE UMANA": {"medie": 8.301666666666668, "reusita": 100.0, "cnt": 60}, "INFORMATICA SN C/C++": {"medie": 7.909999999999999, "reusita": 100.0, "cnt": 5}}, "nume": "COLEGIUL NATIONAL \"CUZA VODA\", MUN. HUSI\tVaslui"}