{"specializari": {"TEHNICIAN IN ACTIVITATI ECONOMICE": 83, "TEHNICIAN IN TURISM": 34, "TEHNICIAN IN GASTRONOMIE": 5}, "limba_moderna": {"LIMBA ENGLEZA": 121, "LIMBA GERMANA MODERNA": 1}, "limba_materna": {"LIMBA ROMANA": 122}, "promotie_anterioara": {"NU": 107, "DA": 15}, "materii": {"LIMBA ROMANA": {"medie": 6.740163934426233, "reusita": 96.72131147540983, "cnt": 122}, "GENERAL": {"medie": 7.115840220385674, "reusita": 83.60655737704919, "cnt": 122}, "LOGICA, ARGUMENTARE SI COMUNICARE": {"medie": 8.178125000000001, "reusita": 93.75, "cnt": 16}, "GEOGRAFIE": {"medie": 7.51584158415842, "reusita": 98.01980198019803, "cnt": 101}, "PSIHOLOGIE": {"medie": 8.110000000000001, "reusita": 100.0, "cnt": 5}, "MATEMATICA TEHN": {"medie": 6.9599173553719025, "reusita": 93.44262295081968, "cnt": 122}}, "nume": "COLEGIUL ECONOMIC ARAD\tArad"}