{"specializari": {"MATEMATICA-INFORMATICA": 31, "FILOLOGIE": 63, "STIINTE ALE NATURII": 24}, "limba_moderna": {"LIMBA ENGLEZA": 116, "LIMBA FRANCEZA": 2}, "limba_materna": {"LIMBA ROMANA": 118}, "promotie_anterioara": {"NU": 115, "DA": 3}, "materii": {"LIMBA ROMANA": {"medie": 7.357264957264955, "reusita": 94.91525423728814, "cnt": 118}, "MATEMATICA MATE-INFO": {"medie": 7.564516129032258, "reusita": 96.7741935483871, "cnt": 31}, "INFORMATICA MI C/C++": {"medie": 8.109375, "reusita": 93.75, "cnt": 16}, "GENERAL": {"medie": 7.473646723646727, "reusita": 81.35593220338984, "cnt": 118}, "ISTORIE": {"medie": 7.1185483870967765, "reusita": 87.3015873015873, "cnt": 63}, "LOGICA, ARGUMENTARE SI COMUNICARE": {"medie": 8.875, "reusita": 100.0, "cnt": 4}, "MATEMATICA ST-NAT": {"medie": 6.150000000000001, "reusita": 75.0, "cnt": 24}, "GEOGRAFIE": {"medie": 8.148809523809524, "reusita": 95.34883720930233, "cnt": 43}, "PSIHOLOGIE": {"medie": 7.50625, "reusita": 100.0, "cnt": 16}, "ANATOMIE SI FIZIOLOGIE UMANA, GENETICA SI ECOLOGIE UMANA": {"medie": 8.234285714285717, "reusita": 94.28571428571428, "cnt": 35}, "INFORMATICA SN C/C++": {"medie": 5.8, "reusita": 75.0, "cnt": 4}}, "nume": "COLEGIUL NATIONAL \"AVRAM IANCU\" STEI\tBihor"}