{"specializari": {"FILOLOGIE": 30, "MATEMATICA-INFORMATICA": 59, "STIINTE ALE NATURII": 30, "INVATATOR - EDUCATOARE": 28, "STIINTE SOCIALE": 33}, "limba_moderna": {"LIMBA ENGLEZA": 179, "LIMBA GERMANA MODERNA": 1}, "limba_materna": {"LIMBA ROMANA": 180}, "promotie_anterioara": {"NU": 176, "DA": 4}, "materii": {"LIMBA ROMANA": {"medie": 8.308611111111112, "reusita": 98.88888888888889, "cnt": 180}, "MATEMATICA MATE-INFO": {"medie": 8.388135593220342, "reusita": 98.30508474576271, "cnt": 59}, "INFORMATICA MI C/C++": {"medie": 8.425641025641028, "reusita": 100.0, "cnt": 39}, "GENERAL": {"medie": 8.494074074074083, "reusita": 98.33333333333333, "cnt": 180}, "ISTORIE": {"medie": 8.645238095238097, "reusita": 100.0, "cnt": 63}, "LOGICA, ARGUMENTARE SI COMUNICARE": {"medie": 8.790909090909091, "reusita": 100.0, "cnt": 11}, "GEOGRAFIE": {"medie": 8.953947368421051, "reusita": 100.0, "cnt": 76}, "CHIMIE ORGANICA TEO NIVEL I/II": {"medie": 9.799999999999999, "reusita": 100.0, "cnt": 3}, "MATEMATICA ST-NAT": {"medie": 8.503333333333334, "reusita": 100.0, "cnt": 30}, "PSIHOLOGIE": {"medie": 8.887500000000001, "reusita": 100.0, "cnt": 4}, "ANATOMIE SI FIZIOLOGIE UMANA, GENETICA SI ECOLOGIE UMANA": {"medie": 8.233333333333333, "reusita": 97.77777777777777, "cnt": 45}, "BIOLOGIE VEGETALA SI ANIMALA": {"medie": 7.35, "reusita": 100.0, "cnt": 2}, "MATEMATICA PED": {"medie": 8.594642857142857, "reusita": 100.0, "cnt": 28}}, "nume": "COLEGIUL NATIONAL \"IOAN SLAVICI\" SATU MARE\tSatu-Mare"}