{"specializari": {"TEHNICIAN IN ACTIVITATI ECONOMICE": 33, "MATEMATICA-INFORMATICA": 51, "TEHNICIAN IN AUTOMATIZARI": 19, "TEHNICIAN IN INSTALATII ELECTRICE": 28, "TEHNICIAN DE TELECOMUNICATII": 23, "TEHNICIAN TRANSPORTURI": 1}, "limba_moderna": {"LIMBA ENGLEZA": 148, "LIMBA GERMANA MODERNA": 2, "LIMBA FRANCEZA": 5}, "limba_materna": {"LIMBA ROMANA": 155}, "promotie_anterioara": {"NU": 135, "DA": 20}, "materii": {"LIMBA ROMANA": {"medie": 6.730519480519482, "reusita": 94.19354838709677, "cnt": 155}, "MATEMATICA MATE-INFO": {"medie": 7.3509803921568615, "reusita": 96.07843137254902, "cnt": 51}, "INFORMATICA MI C/C++": {"medie": 7.987931034482757, "reusita": 93.10344827586206, "cnt": 29}, "GENERAL": {"medie": 6.967538126361657, "reusita": 77.41935483870968, "cnt": 155}, "LOGICA, ARGUMENTARE SI COMUNICARE": {"medie": 7.640000000000001, "reusita": 100.0, "cnt": 10}, "GEOGRAFIE": {"medie": 8.356521739130436, "reusita": 100.0, "cnt": 23}, "FIZICA TEO": {"medie": 6.25, "reusita": 100.0, "cnt": 1}, "ANATOMIE SI FIZIOLOGIE UMANA, GENETICA SI ECOLOGIE UMANA": {"medie": 7.157500000000001, "reusita": 100.0, "cnt": 20}, "BIOLOGIE VEGETALA SI ANIMALA": {"medie": 6.072857142857143, "reusita": 77.77777777777779, "cnt": 72}, "MATEMATICA TEHN": {"medie": 7.036057692307693, "reusita": 96.15384615384616, "cnt": 104}}, "nume": "COLEGIUL TEHNIC \"INFOEL\" BISTRITA\tBistri\u021ba-N\u0103s\u0103ud"}