{"specializari": {"STIINTE ALE NATURII": 69, "STIINTE SOCIALE": 49, "FILOLOGIE": 34, "TEHNICIAN IN ACTIVITATI ECONOMICE": 27, "MATEMATICA-INFORMATICA": 31}, "limba_moderna": {"LIMBA FRANCEZA": 5, "LIMBA ENGLEZA": 204, "LIMBA GERMANA MODERNA": 1}, "limba_materna": {"LIMBA ROMANA": 183, "LIMBA MAGHIARA": 27}, "promotie_anterioara": {"NU": 206, "DA": 4}, "materii": {"LIMBA ROMANA": {"medie": 8.20023923444976, "reusita": 98.57142857142858, "cnt": 210}, "MATEMATICA MATE-INFO": {"medie": 8.464516129032257, "reusita": 100.0, "cnt": 31}, "INFORMATICA MI C/C++": {"medie": 9.116666666666667, "reusita": 100.0, "cnt": 12}, "GENERAL": {"medie": 8.388058213716107, "reusita": 97.14285714285714, "cnt": 210}, "ISTORIE": {"medie": 8.031927710843373, "reusita": 97.59036144578313, "cnt": 83}, "LOGICA, ARGUMENTARE SI COMUNICARE": {"medie": 8.683783783783785, "reusita": 97.2972972972973, "cnt": 37}, "GEOGRAFIE": {"medie": 8.606349206349206, "reusita": 98.4126984126984, "cnt": 63}, "FIZICA TEO": {"medie": 9.025, "reusita": 100.0, "cnt": 2}, "CHIMIE ORGANICA TEO NIVEL I/II": {"medie": 9.370000000000003, "reusita": 100.0, "cnt": 15}, "MATEMATICA ST-NAT": {"medie": 8.514705882352942, "reusita": 98.55072463768117, "cnt": 69}, "SOCIOLOGIE": {"medie": 8.149999999999999, "reusita": 100.0, "cnt": 9}, "ANATOMIE SI FIZIOLOGIE UMANA, GENETICA SI ECOLOGIE UMANA": {"medie": 8.35223880597015, "reusita": 98.52941176470588, "cnt": 68}, "CHIMIE ANORGANICA TEO NIVEL I/II": {"medie": 6.725, "reusita": 100.0, "cnt": 2}, "INFORMATICA SN C/C++": {"medie": 9.5, "reusita": 100.0, "cnt": 1}, "ECONOMIE": {"medie": 8.3, "reusita": 100.0, "cnt": 1}, "MATEMATICA TEHN": {"medie": 8.907407407407408, "reusita": 100.0, "cnt": 27}, "LIMBA MAGHIARA (REAL)": {"medie": 7.923076923076923, "reusita": 100.0, "cnt": 13}, "LIMBA MAGHIARA (UMAN)": {"medie": 6.792857142857144, "reusita": 100.0, "cnt": 14}}, "nume": "COLEGIUL NATIONAL \"ANDREI MURESANU\" BISTRITA\tBistri\u021ba-N\u0103s\u0103ud"}