{"specializari": {"FILOLOGIE": 27, "INVATATOR - EDUCATOARE": 56, "MATEMATICA-INFORMATICA": 27}, "limba_moderna": {"LIMBA ENGLEZA": 100, "LIMBA RUSA": 5, "LIMBA FRANCEZA": 5}, "limba_materna": {"LIMBA ROMANA": 110}, "promotie_anterioara": {"NU": 107, "DA": 3}, "materii": {"LIMBA ROMANA": {"medie": 7.324999999999999, "reusita": 99.0909090909091, "cnt": 110}, "MATEMATICA MATE-INFO": {"medie": 5.746296296296294, "reusita": 70.37037037037037, "cnt": 27}, "INFORMATICA MI C/C++": {"medie": 7.541666666666667, "reusita": 83.33333333333334, "cnt": 6}, "GENERAL": {"medie": 7.631212121212122, "reusita": 88.18181818181819, "cnt": 110}, "ISTORIE": {"medie": 8.685185185185185, "reusita": 100.0, "cnt": 27}, "LOGICA, ARGUMENTARE SI COMUNICARE": {"medie": 8.741346153846154, "reusita": 100.0, "cnt": 52}, "GEOGRAFIE": {"medie": 8.144444444444446, "reusita": 100.0, "cnt": 27}, "FIZICA TEO": {"medie": 2.6, "reusita": 0.0, "cnt": 1}, "PSIHOLOGIE": {"medie": 7.783333333333334, "reusita": 100.0, "cnt": 3}, "ANATOMIE SI FIZIOLOGIE UMANA, GENETICA SI ECOLOGIE UMANA": {"medie": 7.092500000000001, "reusita": 100.0, "cnt": 20}, "MATEMATICA PED": {"medie": 7.65892857142857, "reusita": 96.42857142857143, "cnt": 56}, "ECONOMIE": {"medie": 6.5, "reusita": 100.0, "cnt": 1}}, "nume": "COLEGIUL NATIONAL PEDAGOGIC \"REGELE FERDINAND\" SIGHETU MARMATIEI\tMaramure\u0219"}