{"specializari": {"STIINTE ALE NATURII": 62, "MATEMATICA-INFORMATICA": 63, "FILOLOGIE": 61}, "limba_moderna": {"LIMBA ENGLEZA": 183, "LIMBA FRANCEZA": 3}, "limba_materna": {"LIMBA ROMANA": 186}, "promotie_anterioara": {"NU": 178, "DA": 8}, "materii": {"LIMBA ROMANA": {"medie": 7.482526881720431, "reusita": 97.31182795698925, "cnt": 186}, "MATEMATICA MATE-INFO": {"medie": 7.576984126984127, "reusita": 98.4126984126984, "cnt": 63}, "INFORMATICA MI C/C++": {"medie": 8.5375, "reusita": 100.0, "cnt": 20}, "GENERAL": {"medie": 7.7682971014492725, "reusita": 92.47311827956989, "cnt": 186}, "ISTORIE": {"medie": 7.67704918032787, "reusita": 95.08196721311475, "cnt": 61}, "LOGICA, ARGUMENTARE SI COMUNICARE": {"medie": 8.649999999999999, "reusita": 100.0, "cnt": 2}, "CHIMIE ORGANICA TEO NIVEL I/II": {"medie": 9.078571428571427, "reusita": 100.0, "cnt": 7}, "MATEMATICA ST-NAT": {"medie": 8.090833333333334, "reusita": 93.54838709677419, "cnt": 62}, "FIZICA TEO": {"medie": 8.46875, "reusita": 100.0, "cnt": 8}, "GEOGRAFIE": {"medie": 8.346296296296295, "reusita": 98.14814814814815, "cnt": 54}, "PSIHOLOGIE": {"medie": 8.816666666666668, "reusita": 100.0, "cnt": 3}, "ANATOMIE SI FIZIOLOGIE UMANA, GENETICA SI ECOLOGIE UMANA": {"medie": 7.429411764705883, "reusita": 96.51162790697676, "cnt": 86}, "BIOLOGIE VEGETALA SI ANIMALA": {"medie": 9.2, "reusita": 100.0, "cnt": 1}, "INFORMATICA SN C/C++": {"medie": 8.85, "reusita": 100.0, "cnt": 3}, "FILOSOFIE": {"medie": 9.45, "reusita": 100.0, "cnt": 2}}, "nume": "COLEGIUL NATIONAL \"CALISTRAT HOGAS\", LOCALITATEA TECUCI\tGala\u021bi"}