{"specializari": {"STIINTE ALE NATURII": 57, "FILOLOGIE": 68, "MATEMATICA-INFORMATICA": 39}, "limba_moderna": {"LIMBA ENGLEZA": 161, "LIMBA SPANIOLA": 2, "LIMBA FRANCEZA": 1}, "limba_materna": {"LIMBA ROMANA": 164}, "promotie_anterioara": {"NU": 159, "DA": 5}, "materii": {"LIMBA ROMANA": {"medie": 7.425914634146345, "reusita": 98.78048780487805, "cnt": 164}, "MATEMATICA MATE-INFO": {"medie": 6.92948717948718, "reusita": 87.17948717948718, "cnt": 39}, "INFORMATICA MI C/C++": {"medie": 7.144642857142857, "reusita": 92.85714285714286, "cnt": 28}, "GENERAL": {"medie": 7.595731707317072, "reusita": 91.46341463414635, "cnt": 164}, "ISTORIE": {"medie": 8.065441176470591, "reusita": 100.0, "cnt": 68}, "LOGICA, ARGUMENTARE SI COMUNICARE": {"medie": 7.913461538461537, "reusita": 96.15384615384616, "cnt": 26}, "CHIMIE ORGANICA TEO NIVEL I/II": {"medie": 8.091666666666667, "reusita": 100.0, "cnt": 12}, "MATEMATICA ST-NAT": {"medie": 7.2464912280701785, "reusita": 96.49122807017544, "cnt": 57}, "FIZICA TEO": {"medie": 9.725, "reusita": 100.0, "cnt": 2}, "GEOGRAFIE": {"medie": 8.714516129032257, "reusita": 100.0, "cnt": 31}, "PSIHOLOGIE": {"medie": 8.04375, "reusita": 100.0, "cnt": 8}, "ANATOMIE SI FIZIOLOGIE UMANA, GENETICA SI ECOLOGIE UMANA": {"medie": 7.418749999999998, "reusita": 97.91666666666666, "cnt": 48}, "CHIMIE ANORGANICA TEO NIVEL I/II": {"medie": 7.875000000000001, "reusita": 100.0, "cnt": 4}, "SOCIOLOGIE": {"medie": 9.166666666666666, "reusita": 100.0, "cnt": 3}, "INFORMATICA SN C/C++": {"medie": 7.775, "reusita": 100.0, "cnt": 2}}, "nume": "COLEGIUL NATIONAL \"ELENA GHIBA BIRTA\" ARAD\tArad"}