{"specializari": {"FILOLOGIE": 65, "STIINTE ALE NATURII": 34, "MATEMATICA-INFORMATICA": 79, "STIINTE SOCIALE": 33}, "limba_moderna": {"LIMBA ENGLEZA": 208, "LIMBA FRANCEZA": 3}, "limba_materna": {"LIMBA ROMANA": 211}, "promotie_anterioara": {"NU": 210, "DA": 1}, "materii": {"LIMBA ROMANA": {"medie": 8.130568720379143, "reusita": 100.0, "cnt": 211}, "MATEMATICA MATE-INFO": {"medie": 8.808441558441556, "reusita": 97.46835443037975, "cnt": 79}, "INFORMATICA MI C/C++": {"medie": 8.308620689655173, "reusita": 96.55172413793103, "cnt": 29}, "GENERAL": {"medie": 8.688357256778302, "reusita": 97.1563981042654, "cnt": 211}, "ISTORIE": {"medie": 8.920918367346937, "reusita": 100.0, "cnt": 98}, "LOGICA, ARGUMENTARE SI COMUNICARE": {"medie": 9.042857142857143, "reusita": 100.0, "cnt": 14}, "CHIMIE ORGANICA TEO NIVEL I/II": {"medie": 9.482812499999998, "reusita": 100.0, "cnt": 32}, "MATEMATICA ST-NAT": {"medie": 9.329411764705881, "reusita": 100.0, "cnt": 34}, "FIZICA TEO": {"medie": 9.11111111111111, "reusita": 100.0, "cnt": 27}, "GEOGRAFIE": {"medie": 8.873611111111114, "reusita": 100.0, "cnt": 72}, "PSIHOLOGIE": {"medie": 9.481250000000001, "reusita": 100.0, "cnt": 8}, "ANATOMIE SI FIZIOLOGIE UMANA, GENETICA SI ECOLOGIE UMANA": {"medie": 8.958695652173912, "reusita": 95.83333333333334, "cnt": 24}, "CHIMIE ANORGANICA TEO NIVEL I/II": {"medie": 8.25, "reusita": 100.0, "cnt": 1}, "SOCIOLOGIE": {"medie": 8.466666666666667, "reusita": 100.0, "cnt": 3}, "ECONOMIE": {"medie": 8.7, "reusita": 100.0, "cnt": 1}}, "nume": "COLEGIUL NATIONAL \"IENACHITA VACARESCU\" TARGOVISTE\tD\u00e2mbovi\u021ba"}