{"specializari": {"INVATATOR - EDUCATOARE": 30, "FILOLOGIE": 105, "STIINTE SOCIALE": 38, "STIINTE ALE NATURII": 32, "MATEMATICA-INFORMATICA": 58}, "limba_moderna": {"LIMBA ENGLEZA": 220, "LIMBA FRANCEZA": 43}, "limba_materna": {"LIMBA ROMANA": 263}, "promotie_anterioara": {"NU": 259, "DA": 4}, "materii": {"LIMBA ROMANA": {"medie": 7.761832061068704, "reusita": 98.85931558935361, "cnt": 263}, "MATEMATICA MATE-INFO": {"medie": 6.9603448275862085, "reusita": 93.10344827586206, "cnt": 58}, "INFORMATICA MI C/C++": {"medie": 7.43076923076923, "reusita": 100.0, "cnt": 13}, "GENERAL": {"medie": 8.060727969348662, "reusita": 93.5361216730038, "cnt": 263}, "ISTORIE": {"medie": 8.229020979020978, "reusita": 98.6013986013986, "cnt": 143}, "LOGICA, ARGUMENTARE SI COMUNICARE": {"medie": 9.312499999999998, "reusita": 95.23809523809523, "cnt": 21}, "MATEMATICA ST-NAT": {"medie": 7.290625000000001, "reusita": 96.875, "cnt": 32}, "FIZICA TEO": {"medie": 9.1, "reusita": 100.0, "cnt": 2}, "GEOGRAFIE": {"medie": 8.885925925925925, "reusita": 100.0, "cnt": 135}, "PSIHOLOGIE": {"medie": 8.764285714285714, "reusita": 100.0, "cnt": 7}, "ANATOMIE SI FIZIOLOGIE UMANA, GENETICA SI ECOLOGIE UMANA": {"medie": 7.491216216216216, "reusita": 100.0, "cnt": 74}, "SOCIOLOGIE": {"medie": 9.18, "reusita": 100.0, "cnt": 10}, "INFORMATICA SN C/C++": {"medie": 9.0, "reusita": 100.0, "cnt": 1}, "MATEMATICA PED": {"medie": 9.081666666666667, "reusita": 100.0, "cnt": 30}}, "nume": "COLEGIUL NATIONAL \"SPIRU HARET\" TARGU JIU\tGorj"}