{"specializari": {"ARHITECTURA, ARTE AMBIENTALE SI DESIGN": 32, "MUZICA": 24, "ARTE PLASTICE SI DECORATIVE": 29, "ARTA ACTORULUI": 15, "COREGRAFIE": 10}, "limba_moderna": {"LIMBA ENGLEZA": 109, "LIMBA ITALIANA": 1}, "limba_materna": {"LIMBA ROMANA": 110}, "promotie_anterioara": {"NU": 105, "DA": 5}, "materii": {"LIMBA ROMANA": {"medie": 7.3168181818181806, "reusita": 93.63636363636364, "cnt": 110}, "GENERAL": {"medie": 7.596788990825691, "reusita": 80.9090909090909, "cnt": 110}, "ISTORIE": {"medie": 7.3605504587155925, "reusita": 90.0, "cnt": 110}, "LOGICA, ARGUMENTARE SI COMUNICARE": {"medie": 8.358474576271188, "reusita": 96.61016949152543, "cnt": 59}, "GEOGRAFIE": {"medie": 8.001470588235293, "reusita": 94.11764705882352, "cnt": 34}, "PSIHOLOGIE": {"medie": 7.002941176470588, "reusita": 94.11764705882352, "cnt": 17}}, "nume": "COLEGIUL NATIONAL DE ARTE \"REGINA MARIA\" CONSTANTA\tConstan\u021ba"}