{"specializari": {"STIINTE SOCIALE": 32, "TEHNICIAN IN HOTELARIE": 25, "TEHNICIAN IN ACTIVITATI ECONOMICE": 52, "MATEMATICA-INFORMATICA": 30, "STIINTE ALE NATURII": 25, "TEHNICIAN IN ADMINISTRATIE": 24, "TEHNICIAN IN TURISM": 2, "TEHNICIAN IN ACTIVITATI DE COMERT": 1}, "limba_moderna": {"LIMBA ENGLEZA": 183, "LIMBA FRANCEZA": 3, "LIMBA ITALIANA": 5}, "limba_materna": {"LIMBA ROMANA": 191}, "promotie_anterioara": {"NU": 174, "DA": 17}, "materii": {"LIMBA ROMANA": {"medie": 6.8149999999999995, "reusita": 94.76439790575915, "cnt": 191}, "MATEMATICA MATE-INFO": {"medie": 6.2683333333333335, "reusita": 93.33333333333333, "cnt": 30}, "INFORMATICA MI C/C++": {"medie": 6.303571428571429, "reusita": 85.71428571428571, "cnt": 14}, "GENERAL": {"medie": 7.100881834215167, "reusita": 76.96335078534031, "cnt": 191}, "ISTORIE": {"medie": 8.012903225806452, "reusita": 96.875, "cnt": 32}, "LOGICA, ARGUMENTARE SI COMUNICARE": {"medie": 8.415714285714287, "reusita": 94.28571428571428, "cnt": 35}, "CHIMIE ORGANICA TEO NIVEL I/II": {"medie": 6.8999999999999995, "reusita": 100.0, "cnt": 3}, "MATEMATICA ST-NAT": {"medie": 7.014000000000001, "reusita": 92.0, "cnt": 25}, "FIZICA TEO": {"medie": 6.6000000000000005, "reusita": 100.0, "cnt": 3}, "GEOGRAFIE": {"medie": 7.876562500000001, "reusita": 98.96907216494846, "cnt": 97}, "PSIHOLOGIE": {"medie": 6.799999999999999, "reusita": 75.0, "cnt": 4}, "ANATOMIE SI FIZIOLOGIE UMANA, GENETICA SI ECOLOGIE UMANA": {"medie": 6.333333333333333, "reusita": 85.18518518518519, "cnt": 27}, "CHIMIE ANORGANICA TEO NIVEL I/II": {"medie": 6.725, "reusita": 100.0, "cnt": 8}, "MATEMATICA TEHN": {"medie": 6.800485436893201, "reusita": 93.26923076923077, "cnt": 104}}, "nume": "COLEGIUL ECONOMIC \"ANGHEL RUGINA\", MUN. VASLUI\tVaslui"}