{"specializari": {"MATEMATICA-INFORMATICA": 48, "FILOLOGIE": 35, "STIINTE ALE NATURII": 27}, "limba_moderna": {"LIMBA FRANCEZA": 9, "LIMBA ENGLEZA": 94, "LIMBA GERMANA MODERNA": 7}, "limba_materna": {"LIMBA ROMANA": 110}, "promotie_anterioara": {"NU": 104, "DA": 6}, "materii": {"LIMBA ROMANA": {"medie": 7.077064220183486, "reusita": 93.63636363636364, "cnt": 110}, "MATEMATICA MATE-INFO": {"medie": 7.581250000000002, "reusita": 91.66666666666666, "cnt": 48}, "INFORMATICA MI C/C++": {"medie": 8.527272727272726, "reusita": 100.0, "cnt": 11}, "GENERAL": {"medie": 7.511009174311924, "reusita": 82.72727272727273, "cnt": 110}, "ISTORIE": {"medie": 7.369117647058826, "reusita": 97.14285714285714, "cnt": 35}, "LOGICA, ARGUMENTARE SI COMUNICARE": {"medie": 8.935483870967742, "reusita": 93.75, "cnt": 32}, "CHIMIE ORGANICA TEO NIVEL I/II": {"medie": 9.1, "reusita": 100.0, "cnt": 1}, "MATEMATICA ST-NAT": {"medie": 6.416666666666668, "reusita": 88.88888888888889, "cnt": 27}, "FIZICA TEO": {"medie": 8.466666666666667, "reusita": 100.0, "cnt": 3}, "GEOGRAFIE": {"medie": 7.133333333333333, "reusita": 100.0, "cnt": 3}, "ANATOMIE SI FIZIOLOGIE UMANA, GENETICA SI ECOLOGIE UMANA": {"medie": 7.882203389830508, "reusita": 98.30508474576271, "cnt": 59}, "BIOLOGIE VEGETALA SI ANIMALA": {"medie": 5.25, "reusita": 100.0, "cnt": 1}}, "nume": "COLEGIUL NATIONAL \"TRAIAN DODA\" CARANSEBES\tCara\u0219-Severin"}