{"specializari": {"MATEMATICA-INFORMATICA": 57, "FILOLOGIE": 34, "STIINTE SOCIALE": 35, "STIINTE ALE NATURII": 28}, "limba_moderna": {"LIMBA ENGLEZA": 148, "LIMBA FRANCEZA": 6}, "limba_materna": {"LIMBA ROMANA": 154}, "promotie_anterioara": {"NU": 150, "DA": 4}, "materii": {"LIMBA ROMANA": {"medie": 7.842207792207794, "reusita": 99.35064935064936, "cnt": 154}, "MATEMATICA MATE-INFO": {"medie": 7.387719298245614, "reusita": 98.24561403508771, "cnt": 57}, "INFORMATICA MI C/C++": {"medie": 8.672222222222222, "reusita": 100.0, "cnt": 9}, "GENERAL": {"medie": 7.79588744588745, "reusita": 90.25974025974025, "cnt": 154}, "ISTORIE": {"medie": 7.976086956521738, "reusita": 100.0, "cnt": 69}, "LOGICA, ARGUMENTARE SI COMUNICARE": {"medie": 7.634375, "reusita": 93.75, "cnt": 16}, "CHIMIE ORGANICA TEO NIVEL I/II": {"medie": 9.325, "reusita": 100.0, "cnt": 2}, "MATEMATICA ST-NAT": {"medie": 7.167857142857142, "reusita": 96.42857142857143, "cnt": 28}, "GEOGRAFIE": {"medie": 8.236842105263158, "reusita": 100.0, "cnt": 38}, "ANATOMIE SI FIZIOLOGIE UMANA, GENETICA SI ECOLOGIE UMANA": {"medie": 7.834285714285715, "reusita": 95.71428571428572, "cnt": 70}, "CHIMIE ANORGANICA TEO NIVEL I/II": {"medie": 7.512500000000001, "reusita": 100.0, "cnt": 4}, "SOCIOLOGIE": {"medie": 7.4366666666666665, "reusita": 100.0, "cnt": 15}}, "nume": "COLEGIUL NATIONAL \"DRAGOS VODA\" CAMPULUNG MOLDOVENESC\tSuceava"}