{"specializari": {"FILOLOGIE": 31, "STIINTE ALE NATURII": 60, "MATEMATICA-INFORMATICA": 59, "STIINTE SOCIALE": 30}, "limba_moderna": {"LIMBA ENGLEZA": 164, "LIMBA FRANCEZA": 16}, "limba_materna": {"LIMBA ROMANA": 180}, "promotie_anterioara": {"NU": 176, "DA": 4}, "materii": {"LIMBA ROMANA": {"medie": 8.23777777777778, "reusita": 99.44444444444444, "cnt": 180}, "MATEMATICA MATE-INFO": {"medie": 8.100847457627122, "reusita": 94.91525423728814, "cnt": 59}, "INFORMATICA MI C/C++": {"medie": 9.288888888888888, "reusita": 100.0, "cnt": 9}, "GENERAL": {"medie": 8.447299813780257, "reusita": 95.0, "cnt": 180}, "ISTORIE": {"medie": 9.109836065573768, "reusita": 100.0, "cnt": 61}, "LOGICA, ARGUMENTARE SI COMUNICARE": {"medie": 9.197777777777777, "reusita": 100.0, "cnt": 45}, "CHIMIE ORGANICA TEO NIVEL I/II": {"medie": 9.473529411764707, "reusita": 100.0, "cnt": 17}, "MATEMATICA ST-NAT": {"medie": 8.214999999999998, "reusita": 96.66666666666667, "cnt": 60}, "FIZICA TEO": {"medie": 8.185416666666667, "reusita": 100.0, "cnt": 24}, "GEOGRAFIE": {"medie": 8.92142857142857, "reusita": 100.0, "cnt": 7}, "PSIHOLOGIE": {"medie": 9.3, "reusita": 100.0, "cnt": 2}, "ANATOMIE SI FIZIOLOGIE UMANA, GENETICA SI ECOLOGIE UMANA": {"medie": 7.9270491803278675, "reusita": 98.38709677419355, "cnt": 62}, "BIOLOGIE VEGETALA SI ANIMALA": {"medie": 8.335714285714285, "reusita": 100.0, "cnt": 7}, "SOCIOLOGIE": {"medie": 8.919999999999998, "reusita": 100.0, "cnt": 5}, "FILOSOFIE": {"medie": 9.7, "reusita": 100.0, "cnt": 1}, "ECONOMIE": {"medie": 8.3, "reusita": 100.0, "cnt": 1}}, "nume": "COLEGIUL NATIONAL \"NICOLAE IORGA\", ORASUL VALENII DE MUNTE\tPrahova"}