{"specializari": {"FILOLOGIE": 61, "STIINTE ALE NATURII": 54, "MATEMATICA-INFORMATICA": 109, "STIINTE SOCIALE": 30, "LICEU CU PROGRAM SPORTIV": 27}, "limba_moderna": {"LIMBA ENGLEZA": 248, "LIMBA FRANCEZA": 14, "LIMBA GERMANA MODERNA": 19}, "limba_materna": {"LIMBA ROMANA": 281}, "promotie_anterioara": {"NU": 278, "DA": 3}, "materii": {"LIMBA ROMANA": {"medie": 8.639323843416372, "reusita": 99.644128113879, "cnt": 281}, "MATEMATICA MATE-INFO": {"medie": 9.085779816513762, "reusita": 100.0, "cnt": 109}, "INFORMATICA MI C/C++": {"medie": 9.14166666666667, "reusita": 100.0, "cnt": 42}, "GENERAL": {"medie": 8.943690476190476, "reusita": 97.50889679715303, "cnt": 281}, "ISTORIE": {"medie": 8.617796610169492, "reusita": 99.15254237288136, "cnt": 118}, "LOGICA, ARGUMENTARE SI COMUNICARE": {"medie": 8.904807692307696, "reusita": 97.14285714285714, "cnt": 105}, "GEOGRAFIE": {"medie": 9.249999999999998, "reusita": 100.0, "cnt": 6}, "FIZICA TEO": {"medie": 9.372500000000002, "reusita": 100.0, "cnt": 40}, "CHIMIE ORGANICA TEO NIVEL I/II": {"medie": 9.562500000000002, "reusita": 100.0, "cnt": 56}, "MATEMATICA ST-NAT": {"medie": 9.52685185185185, "reusita": 100.0, "cnt": 54}, "PSIHOLOGIE": {"medie": 8.183333333333334, "reusita": 83.33333333333334, "cnt": 6}, "ANATOMIE SI FIZIOLOGIE UMANA, GENETICA SI ECOLOGIE UMANA": {"medie": 9.162500000000001, "reusita": 100.0, "cnt": 4}, "CHIMIE ANORGANICA TEO NIVEL I/II": {"medie": 9.8, "reusita": 100.0, "cnt": 5}, "BIOLOGIE VEGETALA SI ANIMALA": {"medie": 9.692307692307692, "reusita": 100.0, "cnt": 13}, "INFORMATICA SN C/C++": {"medie": 8.716666666666667, "reusita": 100.0, "cnt": 3}, "ECONOMIE": {"medie": 8.8, "reusita": 100.0, "cnt": 1}}, "nume": "COLEGIUL NATIONAL \"MIHAI VITEAZUL\", MUNICIPIUL PLOIESTI\tPrahova"}