{"specializari": {"COAFOR STILIST": 29, "TEHNICIAN IN GASTRONOMIE": 26, "TEHNICIAN IN ACTIVITATI ECONOMICE": 22}, "limba_moderna": {"LIMBA ENGLEZA": 74, "LIMBA FRANCEZA": 3}, "limba_materna": {"LIMBA ROMANA": 77}, "promotie_anterioara": {"NU": 67, "DA": 10}, "materii": {"LIMBA ROMANA": {"medie": 5.669736842105264, "reusita": 84.4155844155844, "cnt": 77}, "GENERAL": {"medie": 6.211111111111112, "reusita": 49.35064935064935, "cnt": 77}, "GEOGRAFIE": {"medie": 7.197972972972972, "reusita": 87.01298701298701, "cnt": 77}, "MATEMATICA TEHN": {"medie": 5.553378378378378, "reusita": 68.83116883116884, "cnt": 77}}, "nume": "COLEGIUL TEHNIC \"ION HOLBAN\", IASI\tIa\u0219i"}