{"specializari": {"INVATATOR - EDUCATOARE": 57, "EDUCATOR-PUERICULTOR": 31, "FILOLOGIE": 39, "MATEMATICA-INFORMATICA": 32, "STIINTE ALE NATURII": 35, "STIINTE SOCIALE": 40}, "limba_moderna": {"LIMBA ENGLEZA": 225, "LIMBA FRANCEZA": 9}, "limba_materna": {"LIMBA ROMANA": 234}, "promotie_anterioara": {"NU": 224, "DA": 10}, "materii": {"LIMBA ROMANA": {"medie": 7.4655172413793105, "reusita": 97.43589743589743, "cnt": 234}, "MATEMATICA MATE-INFO": {"medie": 6.7078125, "reusita": 93.75, "cnt": 32}, "INFORMATICA MI C/C++": {"medie": 7.15, "reusita": 100.0, "cnt": 5}, "GENERAL": {"medie": 7.543145743145743, "reusita": 84.61538461538461, "cnt": 234}, "ISTORIE": {"medie": 7.437155963302753, "reusita": 97.27272727272728, "cnt": 110}, "LOGICA, ARGUMENTARE SI COMUNICARE": {"medie": 8.120886075949365, "reusita": 96.25, "cnt": 80}, "GEOGRAFIE": {"medie": 8.330864197530863, "reusita": 97.53086419753086, "cnt": 81}, "FIZICA TEO": {"medie": 7.342857142857143, "reusita": 100.0, "cnt": 7}, "MATEMATICA ST-NAT": {"medie": 6.086363636363638, "reusita": 77.14285714285715, "cnt": 35}, "PSIHOLOGIE": {"medie": 8.183333333333334, "reusita": 100.0, "cnt": 6}, "ANATOMIE SI FIZIOLOGIE UMANA, GENETICA SI ECOLOGIE UMANA": {"medie": 6.835185185185185, "reusita": 89.0909090909091, "cnt": 55}, "MATEMATICA PED": {"medie": 8.057894736842108, "reusita": 96.49122807017544, "cnt": 57}}, "nume": "COLEGIUL NATIONAL PEDAGOGIC \"STEFAN ODOBLEJA\"\tMehedin\u021bi"}