{"specializari": {"INVATATOR - EDUCATOARE": 23, "FILOLOGIE": 28, "TEOLOGIE MUSULMANA": 10}, "limba_moderna": {"LIMBA ENGLEZA": 61}, "limba_materna": {"LIMBA ROMANA": 51, "LIMBA TURCA": 10}, "promotie_anterioara": {"NU": 55, "DA": 6}, "materii": {"LIMBA ROMANA": {"medie": 5.5683333333333325, "reusita": 70.49180327868852, "cnt": 61}, "GENERAL": {"medie": 5.711016949152543, "reusita": 37.704918032786885, "cnt": 61}, "ISTORIE": {"medie": 5.1378378378378375, "reusita": 65.78947368421053, "cnt": 38}, "LOGICA, ARGUMENTARE SI COMUNICARE": {"medie": 6.021875000000001, "reusita": 56.25, "cnt": 16}, "GEOGRAFIE": {"medie": 6.841666666666666, "reusita": 91.66666666666666, "cnt": 12}, "PSIHOLOGIE": {"medie": 5.757812499999998, "reusita": 69.6969696969697, "cnt": 33}, "MATEMATICA PED": {"medie": 5.308695652173913, "reusita": 56.52173913043478, "cnt": 23}, "LIMBA TURCA": {"medie": 5.400000000000001, "reusita": 50.0, "cnt": 10}}, "nume": "COLEGIUL NATIONAL \"KEMAL ATATURK\" MEDGIDIA\tConstan\u021ba"}