{"specializari": {"FILOLOGIE": 62, "MATEMATICA-INFORMATICA": 86, "STIINTE ALE NATURII": 30}, "limba_moderna": {"LIMBA ENGLEZA": 172, "LIMBA FRANCEZA": 6}, "limba_materna": {"LIMBA ROMANA": 178}, "promotie_anterioara": {"NU": 167, "DA": 11}, "materii": {"LIMBA ROMANA": {"medie": 7.443502824858754, "reusita": 94.9438202247191, "cnt": 178}, "MATEMATICA MATE-INFO": {"medie": 6.82705882352941, "reusita": 82.55813953488372, "cnt": 86}, "INFORMATICA MI C/C++": {"medie": 7.177777777777779, "reusita": 100.0, "cnt": 9}, "GENERAL": {"medie": 7.339678030303029, "reusita": 79.7752808988764, "cnt": 178}, "ISTORIE": {"medie": 7.893548387096775, "reusita": 100.0, "cnt": 62}, "LOGICA, ARGUMENTARE SI COMUNICARE": {"medie": 8.6890625, "reusita": 96.875, "cnt": 32}, "CHIMIE ORGANICA TEO NIVEL I/II": {"medie": 9.033333333333333, "reusita": 100.0, "cnt": 3}, "MATEMATICA ST-NAT": {"medie": 5.2793103448275875, "reusita": 66.66666666666666, "cnt": 30}, "FIZICA TEO": {"medie": 9.217857142857143, "reusita": 100.0, "cnt": 14}, "GEOGRAFIE": {"medie": 8.528571428571428, "reusita": 100.0, "cnt": 21}, "PSIHOLOGIE": {"medie": 8.8, "reusita": 100.0, "cnt": 5}, "ANATOMIE SI FIZIOLOGIE UMANA, GENETICA SI ECOLOGIE UMANA": {"medie": 6.62134831460674, "reusita": 85.55555555555556, "cnt": 90}, "SOCIOLOGIE": {"medie": 7.225, "reusita": 100.0, "cnt": 2}, "FILOSOFIE": {"medie": 8.15, "reusita": 100.0, "cnt": 1}, "ECONOMIE": {"medie": 7.7, "reusita": 100.0, "cnt": 1}}, "nume": "COLEGIUL NATIONAL \"ANASTASESCU\" ROSIORI DE VEDE\tTeleorman"}