{"specializari": {"STIINTE SOCIALE": 35, "FILOLOGIE": 35, "MATEMATICA-INFORMATICA": 29, "STIINTE ALE NATURII": 30, "TEHNICIAN IN TURISM": 51, "TEHNICIAN IN GASTRONOMIE": 30, "TEHNICIAN DESIGNER VESTIMENTAR": 30, "TEHNICIAN OPERATOR TEHNICA DE CALCUL": 26, "TEHNICIAN IN INSTALATII ELECTRICE": 9, "TEHNICIAN ELECTROMECANIC": 2, "TEHNICIAN IN INDUSTRIA TEXTILA": 3}, "limba_moderna": {"LIMBA ENGLEZA": 260, "LIMBA FRANCEZA": 20}, "limba_materna": {"LIMBA ROMANA": 280}, "promotie_anterioara": {"NU": 260, "DA": 20}, "materii": {"LIMBA ROMANA": {"medie": 6.424818840579711, "reusita": 92.85714285714286, "cnt": 280}, "MATEMATICA MATE-INFO": {"medie": 7.096551724137933, "reusita": 96.55172413793103, "cnt": 29}, "INFORMATICA MI C/C++": {"medie": 6.866666666666667, "reusita": 100.0, "cnt": 3}, "GENERAL": {"medie": 6.319012345679014, "reusita": 61.07142857142858, "cnt": 280}, "ISTORIE": {"medie": 7.332608695652174, "reusita": 95.71428571428572, "cnt": 70}, "LOGICA, ARGUMENTARE SI COMUNICARE": {"medie": 7.008878504672896, "reusita": 86.36363636363636, "cnt": 110}, "GEOGRAFIE": {"medie": 7.51951219512195, "reusita": 97.5609756097561, "cnt": 41}, "FIZICA TEO": {"medie": 6.45, "reusita": 100.0, "cnt": 2}, "MATEMATICA ST-NAT": {"medie": 7.136666666666666, "reusita": 90.0, "cnt": 30}, "ANATOMIE SI FIZIOLOGIE UMANA, GENETICA SI ECOLOGIE UMANA": {"medie": 7.121698113207547, "reusita": 92.45283018867924, "cnt": 53}, "CHIMIE ANORGANICA TEO NIVEL I/II": {"medie": 5.45, "reusita": 100.0, "cnt": 1}, "BIOLOGIE VEGETALA SI ANIMALA": {"medie": 4.1362903225806456, "reusita": 38.095238095238095, "cnt": 63}, "MATEMATICA TEHN": {"medie": 5.173611111111111, "reusita": 62.913907284768214, "cnt": 151}, "FIZICA TEH": {"medie": 4.15, "reusita": 42.857142857142854, "cnt": 7}}, "nume": "COLEGIUL TEHNIC \"MIHAI BACESCU\" FALTICENI\tSuceava"}