{"specializari": {"MATEMATICA-INFORMATICA": 93, "STIINTE SOCIALE": 30, "STIINTE ALE NATURII": 30, "FILOLOGIE": 31}, "limba_moderna": {"LIMBA ENGLEZA": 184}, "limba_materna": {"LIMBA ROMANA": 184}, "promotie_anterioara": {"NU": 180, "DA": 4}, "materii": {"LIMBA ROMANA": {"medie": 8.13559782608696, "reusita": 100.0, "cnt": 184}, "MATEMATICA MATE-INFO": {"medie": 8.274999999999995, "reusita": 98.9247311827957, "cnt": 93}, "INFORMATICA MI C/C++": {"medie": 8.713333333333338, "reusita": 100.0, "cnt": 45}, "GENERAL": {"medie": 8.338069216757741, "reusita": 95.65217391304348, "cnt": 184}, "ISTORIE": {"medie": 8.099180327868856, "reusita": 96.72131147540983, "cnt": 61}, "LOGICA, ARGUMENTARE SI COMUNICARE": {"medie": 8.363888888888887, "reusita": 94.44444444444444, "cnt": 18}, "GEOGRAFIE": {"medie": 8.612195121951222, "reusita": 100.0, "cnt": 41}, "FIZICA TEO": {"medie": 9.145833333333334, "reusita": 100.0, "cnt": 12}, "CHIMIE ORGANICA TEO NIVEL I/II": {"medie": 9.559999999999999, "reusita": 100.0, "cnt": 5}, "MATEMATICA ST-NAT": {"medie": 8.620000000000001, "reusita": 100.0, "cnt": 30}, "PSIHOLOGIE": {"medie": 7.3, "reusita": 100.0, "cnt": 1}, "SOCIOLOGIE": {"medie": 7.75, "reusita": 100.0, "cnt": 1}, "ANATOMIE SI FIZIOLOGIE UMANA, GENETICA SI ECOLOGIE UMANA": {"medie": 8.4425, "reusita": 98.36065573770492, "cnt": 61}}, "nume": "COLEGIUL NATIONAL \"SPIRU HARET\", LOCALITATEA TECUCI\tGala\u021bi"}