{"specializari": {"FILOLOGIE": 36, "TEHNICIAN IN ACTIVITATI ECONOMICE": 16}, "limba_moderna": {"LIMBA ENGLEZA": 51, "LIMBA FRANCEZA": 1}, "limba_materna": {"LIMBA ROMANA": 52}, "promotie_anterioara": {"NU": 35, "DA": 17}, "materii": {"LIMBA ROMANA": {"medie": 5.63404255319149, "reusita": 76.92307692307693, "cnt": 52}, "GENERAL": {"medie": 6.413257575757576, "reusita": 51.92307692307693, "cnt": 52}, "ISTORIE": {"medie": 6.783870967741935, "reusita": 77.77777777777779, "cnt": 36}, "GEOGRAFIE": {"medie": 6.778787878787877, "reusita": 81.57894736842105, "cnt": 38}, "SOCIOLOGIE": {"medie": 7.25, "reusita": 100.0, "cnt": 14}, "MATEMATICA TEHN": {"medie": 5.632142857142857, "reusita": 56.25, "cnt": 16}}, "nume": "COLEGIUL PARTICULAR \"VASILE GOLDIS\" ARAD\tArad"}