{"specializari": {"MATEMATICA-INFORMATICA": 56, "STIINTE ALE NATURII": 55, "STIINTE SOCIALE": 30, "FILOLOGIE": 64}, "limba_moderna": {"LIMBA ENGLEZA": 193, "LIMBA FRANCEZA": 12}, "limba_materna": {"LIMBA ROMANA": 205}, "promotie_anterioara": {"NU": 200, "DA": 5}, "materii": {"LIMBA ROMANA": {"medie": 8.315121951219513, "reusita": 99.02439024390245, "cnt": 205}, "MATEMATICA MATE-INFO": {"medie": 8.441071428571428, "reusita": 98.21428571428571, "cnt": 56}, "INFORMATICA MI C/C++": {"medie": 7.696428571428571, "reusita": 85.71428571428571, "cnt": 14}, "GENERAL": {"medie": 8.157154471544718, "reusita": 91.70731707317074, "cnt": 205}, "ISTORIE": {"medie": 8.005319148936168, "reusita": 97.87234042553192, "cnt": 94}, "LOGICA, ARGUMENTARE SI COMUNICARE": {"medie": 9.05, "reusita": 100.0, "cnt": 9}, "GEOGRAFIE": {"medie": 8.245238095238093, "reusita": 100.0, "cnt": 21}, "FIZICA TEO": {"medie": 9.054761904761904, "reusita": 100.0, "cnt": 21}, "CHIMIE ORGANICA TEO NIVEL I/II": {"medie": 9.516666666666667, "reusita": 100.0, "cnt": 6}, "MATEMATICA ST-NAT": {"medie": 7.729999999999999, "reusita": 92.72727272727272, "cnt": 55}, "PSIHOLOGIE": {"medie": 8.966666666666667, "reusita": 100.0, "cnt": 3}, "SOCIOLOGIE": {"medie": 7.830327868852458, "reusita": 100.0, "cnt": 61}, "ANATOMIE SI FIZIOLOGIE UMANA, GENETICA SI ECOLOGIE UMANA": {"medie": 7.954237288135594, "reusita": 94.91525423728814, "cnt": 59}, "BIOLOGIE VEGETALA SI ANIMALA": {"medie": 6.975, "reusita": 90.0, "cnt": 10}, "INFORMATICA SN C/C++": {"medie": 8.5, "reusita": 100.0, "cnt": 1}}, "nume": "COLEGIUL NATIONAL \"GIB MIHAESCU\" DRAGASANI\tV\u00e2lcea"}