{"specializari": {"TEHNICIAN IN ACTIVITATI ECONOMICE": 33, "MATEMATICA-INFORMATICA": 51, "TEHNICIAN IN AUTOMATIZARI": 19, "TEHNICIAN IN INSTALATII ELECTRICE": 28, "TEHNICIAN DE TELECOMUNICATII": 23, "TEHNICIAN TRANSPORTURI": 1}, "limba_moderna": {"LIMBA ENGLEZA": 148, "LIMBA GERMANA MODERNA": 2, "LIMBA FRANCEZA": 5}, "limba_materna": {"LIMBA ROMANA": 155}, "promotie_anterioara": {"NU": 135, "DA": 20}, "materii": {"LIMBA ROMANA": {"medie": 6.680194805194805, "reusita": 92.25806451612904, "cnt": 155}, "MATEMATICA MATE-INFO": {"medie": 7.336274509803921, "reusita": 96.07843137254902, "cnt": 51}, "INFORMATICA MI C/C++": {"medie": 7.979310344827585, "reusita": 93.10344827586206, "cnt": 29}, "GENERAL": {"medie": 6.943681917211328, "reusita": 76.12903225806451, "cnt": 155}, "LOGICA, ARGUMENTARE SI COMUNICARE": {"medie": 7.640000000000001, "reusita": 100.0, "cnt": 10}, "FIZICA TEO": {"medie": 6.25, "reusita": 100.0, "cnt": 1}, "GEOGRAFIE": {"medie": 8.356521739130436, "reusita": 100.0, "cnt": 23}, "ANATOMIE SI FIZIOLOGIE UMANA, GENETICA SI ECOLOGIE UMANA": {"medie": 7.105000000000001, "reusita": 100.0, "cnt": 20}, "BIOLOGIE VEGETALA SI ANIMALA": {"medie": 6.070000000000001, "reusita": 77.77777777777779, "cnt": 72}, "MATEMATICA TEHN": {"medie": 7.026923076923078, "reusita": 96.15384615384616, "cnt": 104}}, "nume": "COLEGIUL TEHNIC \"INFOEL\" BISTRITA\tBistri\u021ba-N\u0103s\u0103ud"}