{"specializari": {"MATEMATICA-INFORMATICA": 54, "FILOLOGIE": 67, "STIINTE ALE NATURII": 28, "STIINTE SOCIALE": 68}, "limba_moderna": {"LIMBA ENGLEZA": 206, "LIMBA FRANCEZA": 11}, "limba_materna": {"LIMBA ROMANA": 217}, "promotie_anterioara": {"NU": 201, "DA": 16}, "materii": {"LIMBA ROMANA": {"medie": 6.924654377880183, "reusita": 91.24423963133641, "cnt": 217}, "MATEMATICA MATE-INFO": {"medie": 8.815740740740736, "reusita": 98.14814814814815, "cnt": 54}, "INFORMATICA MI C/C++": {"medie": 8.9625, "reusita": 100.0, "cnt": 12}, "GENERAL": {"medie": 7.310436137071643, "reusita": 74.65437788018433, "cnt": 217}, "ISTORIE": {"medie": 6.59812030075188, "reusita": 78.51851851851852, "cnt": 135}, "LOGICA, ARGUMENTARE SI COMUNICARE": {"medie": 6.590000000000001, "reusita": 80.0, "cnt": 5}, "MATEMATICA ST-NAT": {"medie": 7.303571428571428, "reusita": 96.42857142857143, "cnt": 28}, "FIZICA TEO": {"medie": 8.716666666666667, "reusita": 88.88888888888889, "cnt": 9}, "GEOGRAFIE": {"medie": 7.314423076923076, "reusita": 94.33962264150944, "cnt": 106}, "PSIHOLOGIE": {"medie": 7.367647058823529, "reusita": 100.0, "cnt": 17}, "ANATOMIE SI FIZIOLOGIE UMANA, GENETICA SI ECOLOGIE UMANA": {"medie": 8.148245614035089, "reusita": 98.24561403508771, "cnt": 57}, "CHIMIE ANORGANICA TEO NIVEL I/II": {"medie": 9.237499999999999, "reusita": 100.0, "cnt": 4}, "SOCIOLOGIE": {"medie": 8.57, "reusita": 100.0, "cnt": 5}, "FILOSOFIE": {"medie": 7.2, "reusita": 50.0, "cnt": 2}}, "nume": "COLEGIUL NATIONAL \"EMIL BOTTA\" ADJUD\tVrancea"}