{"specializari": {"STIINTE SOCIALE": 33, "FILOLOGIE": 31, "TEHNICIAN IN AUTOMATIZARI": 27, "STIINTE ALE NATURII": 32, "TEHNICIAN MECATRONIST": 21, "TEHNICIAN MECANIC PENTRU INTRETINERE SI REPARATII": 16, "TEHNICIAN IN INSTALATII ELECTRICE": 32, "MATEMATICA-INFORMATICA": 44, "TEHNICIAN OPERATOR TEHNICA DE CALCUL": 28, "TEHNICIAN ELECTRONIST": 5, "TEHNICIAN PROIECTANT CAD": 4}, "limba_moderna": {"LIMBA ENGLEZA": 271, "LIMBA FRANCEZA": 2}, "limba_materna": {"LIMBA ROMANA": 273}, "promotie_anterioara": {"NU": 230, "DA": 43}, "materii": {"LIMBA ROMANA": {"medie": 6.408768656716415, "reusita": 91.94139194139194, "cnt": 273}, "MATEMATICA MATE-INFO": {"medie": 5.230681818181816, "reusita": 65.9090909090909, "cnt": 44}, "INFORMATICA MI C/C++": {"medie": 5.516666666666667, "reusita": 75.0, "cnt": 12}, "GENERAL": {"medie": 6.353612167300379, "reusita": 56.776556776556774, "cnt": 273}, "ISTORIE": {"medie": 7.402380952380952, "reusita": 95.3125, "cnt": 64}, "LOGICA, ARGUMENTARE SI COMUNICARE": {"medie": 7.544791666666668, "reusita": 95.83333333333334, "cnt": 48}, "MATEMATICA ST-NAT": {"medie": 7.288709677419353, "reusita": 96.875, "cnt": 32}, "FIZICA TEO": {"medie": 5.987500000000001, "reusita": 75.0, "cnt": 4}, "GEOGRAFIE": {"medie": 8.083333333333334, "reusita": 92.3076923076923, "cnt": 13}, "PSIHOLOGIE": {"medie": 8.35, "reusita": 100.0, "cnt": 2}, "ANATOMIE SI FIZIOLOGIE UMANA, GENETICA SI ECOLOGIE UMANA": {"medie": 7.2266666666666675, "reusita": 91.66666666666666, "cnt": 60}, "BIOLOGIE VEGETALA SI ANIMALA": {"medie": 5.074561403508775, "reusita": 56.19834710743802, "cnt": 121}, "SOCIOLOGIE": {"medie": 7.3, "reusita": 100.0, "cnt": 1}, "MATEMATICA TEHN": {"medie": 5.890551181102364, "reusita": 72.93233082706767, "cnt": 133}, "FIZICA TEH": {"medie": 6.864999999999999, "reusita": 70.0, "cnt": 10}, "CHIMIE ANORGANICA TEH NIVEL I/II": {"medie": 6.425, "reusita": 100.0, "cnt": 2}}, "nume": "COLEGIUL TEHNIC \"GHEORGHE ASACHI\" BOTOSANI\tBoto\u0219ani"}