{"specializari": {"STIINTE ALE NATURII": 60, "MATEMATICA-INFORMATICA": 34, "FILOLOGIE": 33, "TEHNICIAN IN ADMINISTRATIE": 23, "TEHNICIAN OPERATOR TEHNICA DE CALCUL": 15, "TEHNICIAN MECANIC PENTRU INTRETINERE SI REPARATII": 1}, "limba_moderna": {"LIMBA ENGLEZA": 165, "LIMBA FRANCEZA": 1}, "limba_materna": {"LIMBA ROMANA": 146, "LIMBA MAGHIARA": 20}, "promotie_anterioara": {"NU": 150, "DA": 16}, "materii": {"LIMBA ROMANA": {"medie": 6.2109756097560975, "reusita": 87.34939759036145, "cnt": 166}, "MATEMATICA MATE-INFO": {"medie": 6.127941176470587, "reusita": 88.23529411764706, "cnt": 34}, "INFORMATICA MI C/C++": {"medie": 7.15769230769231, "reusita": 100.0, "cnt": 13}, "GENERAL": {"medie": 6.629473415132924, "reusita": 68.07228915662651, "cnt": 166}, "ISTORIE": {"medie": 6.327272727272725, "reusita": 90.9090909090909, "cnt": 33}, "LOGICA, ARGUMENTARE SI COMUNICARE": {"medie": 7.733333333333334, "reusita": 100.0, "cnt": 6}, "GEOGRAFIE": {"medie": 7.265624999999999, "reusita": 93.87755102040816, "cnt": 49}, "FIZICA TEO": {"medie": 6.1, "reusita": 100.0, "cnt": 1}, "CHIMIE ORGANICA TEO NIVEL I/II": {"medie": 7.921428571428572, "reusita": 100.0, "cnt": 7}, "MATEMATICA ST-NAT": {"medie": 6.9799999999999995, "reusita": 91.66666666666666, "cnt": 60}, "PSIHOLOGIE": {"medie": 7.3, "reusita": 100.0, "cnt": 1}, "ANATOMIE SI FIZIOLOGIE UMANA, GENETICA SI ECOLOGIE UMANA": {"medie": 7.145714285714286, "reusita": 95.71428571428572, "cnt": 70}, "BIOLOGIE VEGETALA SI ANIMALA": {"medie": 4.8088235294117645, "reusita": 36.84210526315789, "cnt": 19}, "MATEMATICA TEHN": {"medie": 6.377027027027029, "reusita": 87.17948717948718, "cnt": 39}, "LIMBA MAGHIARA (REAL)": {"medie": 8.009999999999998, "reusita": 100.0, "cnt": 20}}, "nume": "COLEGIUL \"PETRU MAIOR\" REGHIN\tMure\u0219"}