{"specializari": {"FILOLOGIE": 17, "TEHNICIAN ELECTRICIAN/ELECTRONIST AUTO": 16, "TEHNICIAN DESENATOR PENTRU CONSTRUCTII SI INSTALATII": 11, "TEHNICIAN MECATRONIST": 12, "STIINTE SOCIALE": 1, "TEHNICIAN IN AUTOMATIZARI": 5}, "limba_moderna": {"LIMBA ENGLEZA": 61, "LIMBA FRANCEZA": 1}, "limba_materna": {"LIMBA ROMANA": 62}, "promotie_anterioara": {"NU": 51, "DA": 11}, "materii": {"LIMBA ROMANA": {"medie": 5.300819672131149, "reusita": 70.96774193548387, "cnt": 62}, "GENERAL": {"medie": 4.907777777777778, "reusita": 17.741935483870968, "cnt": 62}, "ISTORIE": {"medie": 6.008333333333335, "reusita": 83.33333333333334, "cnt": 18}, "LOGICA, ARGUMENTARE SI COMUNICARE": {"medie": 6.749999999999999, "reusita": 66.66666666666666, "cnt": 6}, "GEOGRAFIE": {"medie": 6.629166666666669, "reusita": 83.33333333333334, "cnt": 12}, "BIOLOGIE VEGETALA SI ANIMALA": {"medie": 3.524324324324324, "reusita": 26.31578947368421, "cnt": 38}, "MATEMATICA TEHN": {"medie": 4.5897727272727264, "reusita": 59.09090909090909, "cnt": 44}, "FIZICA TEH": {"medie": 2.4124999999999996, "reusita": 0.0, "cnt": 4}, "CHIMIE ANORGANICA TEH NIVEL I/II": {"medie": 4.475, "reusita": 50.0, "cnt": 2}}, "nume": "COLEGIUL TEHNIC \"SAMUIL ISOPESCU\" SUCEAVA\tSuceava"}