{"specializari": {"STIINTE ALE NATURII": 58, "FILOLOGIE": 94, "MATEMATICA-INFORMATICA": 147}, "limba_moderna": {"LIMBA ENGLEZA": 274, "LIMBA FRANCEZA": 22, "LIMBA GERMANA MODERNA": 3}, "limba_materna": {"LIMBA ROMANA": 299}, "promotie_anterioara": {"NU": 298, "DA": 1}, "materii": {"LIMBA ROMANA": {"medie": 8.640802675585286, "reusita": 99.66555183946488, "cnt": 299}, "MATEMATICA MATE-INFO": {"medie": 8.4204081632653, "reusita": 99.31972789115646, "cnt": 147}, "INFORMATICA MI C/C++": {"medie": 8.716666666666667, "reusita": 97.77777777777777, "cnt": 45}, "GENERAL": {"medie": 8.681995540691192, "reusita": 97.9933110367893, "cnt": 299}, "ISTORIE": {"medie": 8.664361702127657, "reusita": 100.0, "cnt": 94}, "LOGICA, ARGUMENTARE SI COMUNICARE": {"medie": 8.914285714285715, "reusita": 98.80952380952381, "cnt": 84}, "CHIMIE ORGANICA TEO NIVEL I/II": {"medie": 9.218367346938779, "reusita": 100.0, "cnt": 49}, "MATEMATICA ST-NAT": {"medie": 8.790517241379312, "reusita": 100.0, "cnt": 58}, "FIZICA TEO": {"medie": 8.783333333333333, "reusita": 96.07843137254902, "cnt": 51}, "GEOGRAFIE": {"medie": 9.214285714285714, "reusita": 100.0, "cnt": 7}, "PSIHOLOGIE": {"medie": 8.033333333333333, "reusita": 100.0, "cnt": 3}, "ANATOMIE SI FIZIOLOGIE UMANA, GENETICA SI ECOLOGIE UMANA": {"medie": 8.436666666666666, "reusita": 100.0, "cnt": 30}, "BIOLOGIE VEGETALA SI ANIMALA": {"medie": 8.701923076923078, "reusita": 100.0, "cnt": 26}, "INFORMATICA SN C/C++": {"medie": 8.35, "reusita": 100.0, "cnt": 4}}, "nume": "COLEGIUL NATIONAL \"ION LUCA CARAGIALE\", MUNICIPIUL PLOIESTI\tPrahova"}