{"specializari": {"STIINTE ALE NATURII": 30, "FILOLOGIE": 35, "MATEMATICA-INFORMATICA": 82, "STIINTE SOCIALE": 39}, "limba_moderna": {"LIMBA ENGLEZA": 175, "LIMBA FRANCEZA": 11}, "limba_materna": {"LIMBA ROMANA": 186}, "promotie_anterioara": {"NU": 178, "DA": 8}, "materii": {"LIMBA ROMANA": {"medie": 6.96048387096774, "reusita": 98.38709677419355, "cnt": 186}, "MATEMATICA MATE-INFO": {"medie": 6.743827160493828, "reusita": 95.1219512195122, "cnt": 82}, "INFORMATICA MI C/C++": {"medie": 8.16, "reusita": 100.0, "cnt": 5}, "GENERAL": {"medie": 7.580540540540539, "reusita": 89.78494623655914, "cnt": 186}, "ISTORIE": {"medie": 7.836486486486487, "reusita": 100.0, "cnt": 74}, "LOGICA, ARGUMENTARE SI COMUNICARE": {"medie": 9.003846153846153, "reusita": 100.0, "cnt": 13}, "GEOGRAFIE": {"medie": 8.73448275862069, "reusita": 100.0, "cnt": 58}, "FIZICA TEO": {"medie": 8.51607142857143, "reusita": 100.0, "cnt": 28}, "CHIMIE ORGANICA TEO NIVEL I/II": {"medie": 9.046, "reusita": 100.0, "cnt": 25}, "MATEMATICA ST-NAT": {"medie": 8.396666666666668, "reusita": 96.66666666666667, "cnt": 30}, "PSIHOLOGIE": {"medie": 9.3, "reusita": 100.0, "cnt": 1}, "SOCIOLOGIE": {"medie": 8.8, "reusita": 100.0, "cnt": 1}, "ANATOMIE SI FIZIOLOGIE UMANA, GENETICA SI ECOLOGIE UMANA": {"medie": 6.094444444444444, "reusita": 88.88888888888889, "cnt": 9}, "BIOLOGIE VEGETALA SI ANIMALA": {"medie": 7.456818181818182, "reusita": 93.33333333333333, "cnt": 45}, "FILOSOFIE": {"medie": 10.0, "reusita": 100.0, "cnt": 1}}, "nume": "COLEGIUL NATIONAL \"GEORGE COSBUC\" MOTRU\tGorj"}