{"specializari": {"INVATATOR - EDUCATOARE": 86, "FILOLOGIE": 55, "EDUCATOR-PUERICULTOR": 27}, "limba_moderna": {"LIMBA ENGLEZA": 167, "LIMBA FRANCEZA": 1}, "limba_materna": {"LIMBA ROMANA": 111, "LIMBA GERMANA": 57}, "promotie_anterioara": {"NU": 167, "DA": 1}, "materii": {"LIMBA ROMANA": {"medie": 7.694879518072293, "reusita": 97.61904761904762, "cnt": 168}, "GENERAL": {"medie": 7.899523092369479, "reusita": 91.66666666666666, "cnt": 168}, "ISTORIE": {"medie": 7.516249999999999, "reusita": 95.1219512195122, "cnt": 82}, "LOGICA, ARGUMENTARE SI COMUNICARE": {"medie": 8.503571428571426, "reusita": 96.09375, "cnt": 128}, "GEOGRAFIE": {"medie": 8.08, "reusita": 100.0, "cnt": 30}, "PSIHOLOGIE": {"medie": 8.177777777777777, "reusita": 100.0, "cnt": 9}, "SOCIOLOGIE": {"medie": 6.9, "reusita": 100.0, "cnt": 1}, "MATEMATICA PED": {"medie": 8.040697674418603, "reusita": 96.51162790697676, "cnt": 86}, "LIMBA GERMANA": {"medie": 6.701754385964914, "reusita": 92.98245614035088, "cnt": 57}}, "nume": "COLEGIUL NATIONAL PEDAGOGIC \"ANDREI SAGUNA\" SIBIU\tSibiu"}