{"specializari": {"FILOLOGIE": 29, "MATEMATICA-INFORMATICA": 60, "TEHNICIAN IN TURISM": 25, "TEHNICIAN MECANIC PENTRU INTRETINERE SI REPARATII": 1, "ORGANIZATOR BANQUETING": 2}, "limba_moderna": {"LIMBA FRANCEZA": 23, "LIMBA ENGLEZA": 94}, "limba_materna": {"LIMBA ROMANA": 117}, "promotie_anterioara": {"NU": 107, "DA": 10}, "materii": {"LIMBA ROMANA": {"medie": 7.503478260869563, "reusita": 96.58119658119658, "cnt": 117}, "MATEMATICA MATE-INFO": {"medie": 6.003448275862069, "reusita": 73.33333333333333, "cnt": 60}, "INFORMATICA MI C/C++": {"medie": 8.037500000000001, "reusita": 91.66666666666666, "cnt": 12}, "GENERAL": {"medie": 7.382291666666667, "reusita": 74.35897435897436, "cnt": 117}, "ISTORIE": {"medie": 8.39310344827586, "reusita": 100.0, "cnt": 29}, "LOGICA, ARGUMENTARE SI COMUNICARE": {"medie": 9.016666666666666, "reusita": 100.0, "cnt": 9}, "CHIMIE ORGANICA TEO NIVEL I/II": {"medie": 7.1125, "reusita": 75.0, "cnt": 4}, "FIZICA TEO": {"medie": 8.483333333333333, "reusita": 100.0, "cnt": 3}, "GEOGRAFIE": {"medie": 8.188709677419354, "reusita": 96.875, "cnt": 32}, "PSIHOLOGIE": {"medie": 6.6, "reusita": 100.0, "cnt": 2}, "ANATOMIE SI FIZIOLOGIE UMANA, GENETICA SI ECOLOGIE UMANA": {"medie": 6.885135135135137, "reusita": 86.48648648648648, "cnt": 37}, "CHIMIE ANORGANICA TEO NIVEL I/II": {"medie": 6.425, "reusita": 100.0, "cnt": 2}, "BIOLOGIE VEGETALA SI ANIMALA": {"medie": 8.5, "reusita": 33.33333333333333, "cnt": 3}, "SOCIOLOGIE": {"medie": 8.71153846153846, "reusita": 100.0, "cnt": 13}, "MATEMATICA TEHN": {"medie": 6.632692307692309, "reusita": 78.57142857142857, "cnt": 28}}, "nume": "COLEGIUL \"MIHAIL CANTACUZINO\", ORASUL SINAIA\tPrahova"}