{"specializari": {"INVATATOR - EDUCATOARE": 56, "STIINTE SOCIALE": 37, "FILOLOGIE": 37, "STIINTE ALE NATURII": 29}, "limba_moderna": {"LIMBA ENGLEZA": 159}, "limba_materna": {"LIMBA ROMANA": 159}, "promotie_anterioara": {"NU": 154, "DA": 5}, "materii": {"LIMBA ROMANA": {"medie": 7.343396226415097, "reusita": 97.48427672955975, "cnt": 159}, "GENERAL": {"medie": 7.919620253164555, "reusita": 89.30817610062893, "cnt": 159}, "ISTORIE": {"medie": 8.435616438356163, "reusita": 97.2972972972973, "cnt": 74}, "LOGICA, ARGUMENTARE SI COMUNICARE": {"medie": 8.469999999999997, "reusita": 94.78260869565217, "cnt": 115}, "GEOGRAFIE": {"medie": 7.757142857142858, "reusita": 100.0, "cnt": 14}, "FIZICA TEO": {"medie": 5.716666666666668, "reusita": 66.66666666666666, "cnt": 3}, "MATEMATICA ST-NAT": {"medie": 8.017241379310345, "reusita": 100.0, "cnt": 29}, "SOCIOLOGIE": {"medie": 5.85, "reusita": 100.0, "cnt": 1}, "ANATOMIE SI FIZIOLOGIE UMANA, GENETICA SI ECOLOGIE UMANA": {"medie": 7.776923076923077, "reusita": 100.0, "cnt": 26}, "MATEMATICA PED": {"medie": 7.872321428571432, "reusita": 94.64285714285714, "cnt": 56}}, "nume": "COLEGIUL NATIONAL \"GHEORGHE ASACHI\", MUNICIPIUL PIATRA-NEAMT\tNeam\u021b"}