{"specializari": {"MATEMATICA-INFORMATICA": 79, "FILOLOGIE": 61, "STIINTE SOCIALE": 62, "STIINTE ALE NATURII": 60}, "limba_moderna": {"LIMBA ENGLEZA": 252, "LIMBA FRANCEZA": 9, "LIMBA GERMANA MODERNA": 1}, "limba_materna": {"LIMBA ROMANA": 262}, "promotie_anterioara": {"NU": 262}, "materii": {"LIMBA ROMANA": {"medie": 8.258045977011488, "reusita": 99.61832061068702, "cnt": 262}, "MATEMATICA MATE-INFO": {"medie": 8.980379746835439, "reusita": 100.0, "cnt": 79}, "INFORMATICA MI C/C++": {"medie": 9.32021276595745, "reusita": 100.0, "cnt": 47}, "GENERAL": {"medie": 8.70632183908046, "reusita": 98.47328244274809, "cnt": 262}, "ISTORIE": {"medie": 8.78565573770492, "reusita": 98.3739837398374, "cnt": 123}, "LOGICA, ARGUMENTARE SI COMUNICARE": {"medie": 9.235106382978724, "reusita": 97.91666666666666, "cnt": 48}, "GEOGRAFIE": {"medie": 9.113414634146343, "reusita": 100.0, "cnt": 41}, "FIZICA TEO": {"medie": 8.483333333333333, "reusita": 100.0, "cnt": 18}, "CHIMIE ORGANICA TEO NIVEL I/II": {"medie": 9.413636363636364, "reusita": 100.0, "cnt": 11}, "MATEMATICA ST-NAT": {"medie": 9.015000000000002, "reusita": 100.0, "cnt": 60}, "PSIHOLOGIE": {"medie": 8.65, "reusita": 100.0, "cnt": 3}, "SOCIOLOGIE": {"medie": 8.033333333333333, "reusita": 100.0, "cnt": 30}, "ANATOMIE SI FIZIOLOGIE UMANA, GENETICA SI ECOLOGIE UMANA": {"medie": 8.917796610169491, "reusita": 100.0, "cnt": 59}, "CHIMIE ANORGANICA TEO NIVEL I/II": {"medie": 9.55, "reusita": 100.0, "cnt": 1}, "INFORMATICA SN C/C++": {"medie": 8.283333333333333, "reusita": 100.0, "cnt": 3}, "FILOSOFIE": {"medie": 10.0, "reusita": 100.0, "cnt": 1}}, "nume": "COLEGIUL NATIONAL \"ROMAN VODA\", MUNICIPIUL ROMAN\tNeam\u021b"}