{"specializari": {"STIINTE ALE NATURII": 28, "MATEMATICA-INFORMATICA": 28, "FILOLOGIE": 33}, "limba_moderna": {"LIMBA ENGLEZA": 89}, "limba_materna": {"LIMBA ROMANA": 89}, "promotie_anterioara": {"NU": 87, "DA": 2}, "materii": {"LIMBA ROMANA": {"medie": 8.307865168539324, "reusita": 100.0, "cnt": 89}, "MATEMATICA MATE-INFO": {"medie": 8.776785714285714, "reusita": 100.0, "cnt": 28}, "INFORMATICA MI C/C++": {"medie": 8.881818181818181, "reusita": 100.0, "cnt": 11}, "GENERAL": {"medie": 8.158988764044945, "reusita": 94.3820224719101, "cnt": 89}, "ISTORIE": {"medie": 7.115151515151516, "reusita": 96.96969696969697, "cnt": 33}, "LOGICA, ARGUMENTARE SI COMUNICARE": {"medie": 8.507692307692308, "reusita": 92.3076923076923, "cnt": 26}, "CHIMIE ORGANICA TEO NIVEL I/II": {"medie": 9.75, "reusita": 100.0, "cnt": 1}, "MATEMATICA ST-NAT": {"medie": 7.644642857142856, "reusita": 92.85714285714286, "cnt": 28}, "FIZICA TEO": {"medie": 9.566666666666666, "reusita": 100.0, "cnt": 3}, "PSIHOLOGIE": {"medie": 7.0, "reusita": 100.0, "cnt": 1}, "ANATOMIE SI FIZIOLOGIE UMANA, GENETICA SI ECOLOGIE UMANA": {"medie": 8.204878048780488, "reusita": 100.0, "cnt": 41}, "SOCIOLOGIE": {"medie": 7.283333333333334, "reusita": 100.0, "cnt": 6}}, "nume": "COLEGIUL NATIONAL \"TITU MAIORESCU\" AIUD\tAlba"}