{"specializari": {"TEHNICIAN IN TURISM": 13, "TEHNICIAN IN HOTELARIE": 1}, "limba_moderna": {"LIMBA FRANCEZA": 6, "LIMBA ENGLEZA": 8}, "limba_materna": {"LIMBA ROMANA": 14}, "promotie_anterioara": {"NU": 13, "DA": 1}, "materii": {"LIMBA ROMANA": {"medie": 5.507142857142855, "reusita": 64.28571428571429, "cnt": 14}, "GENERAL": {"medie": 6.057142857142857, "reusita": 35.714285714285715, "cnt": 14}, "GEOGRAFIE": {"medie": 7.742857142857142, "reusita": 92.85714285714286, "cnt": 14}, "MATEMATICA TEHN": {"medie": 4.921428571428572, "reusita": 57.14285714285714, "cnt": 14}}, "nume": "COLEGIUL ECONOMIC \"PINTEA VITEAZUL\" CAVNIC\tMaramure\u0219"}