{"specializari": {"MUZICA": 25, "ARHITECTURA, ARTE AMBIENTALE SI DESIGN": 33, "ARTE PLASTICE SI DECORATIVE": 28}, "limba_moderna": {"LIMBA ENGLEZA": 84, "LIMBA GERMANA MODERNA": 1, "LIMBA FRANCEZA": 1}, "limba_materna": {"LIMBA ROMANA": 86}, "promotie_anterioara": {"NU": 82, "DA": 4}, "materii": {"LIMBA ROMANA": {"medie": 7.077906976744188, "reusita": 97.67441860465115, "cnt": 86}, "GENERAL": {"medie": 7.796705426356588, "reusita": 86.04651162790698, "cnt": 86}, "ISTORIE": {"medie": 8.281395348837208, "reusita": 98.83720930232558, "cnt": 86}, "LOGICA, ARGUMENTARE SI COMUNICARE": {"medie": 8.185869565217393, "reusita": 95.65217391304348, "cnt": 46}, "GEOGRAFIE": {"medie": 7.71896551724138, "reusita": 100.0, "cnt": 29}, "FILOSOFIE": {"medie": 8.204545454545455, "reusita": 100.0, "cnt": 11}}, "nume": "COLEGIUL DE ARTE BAIA MARE\tMaramure\u0219"}