{"specializari": {"COREGRAFIE": 5, "ARHITECTURA, ARTE AMBIENTALE SI DESIGN": 31, "ARTE PLASTICE SI DECORATIVE": 30, "MUZICA": 43}, "limba_moderna": {"LIMBA ENGLEZA": 107, "LIMBA FRANCEZA": 2}, "limba_materna": {"LIMBA ROMANA": 109}, "promotie_anterioara": {"NU": 107, "DA": 2}, "materii": {"LIMBA ROMANA": {"medie": 6.997663551401868, "reusita": 97.24770642201835, "cnt": 109}, "GENERAL": {"medie": 7.467601246105919, "reusita": 84.40366972477065, "cnt": 109}, "ISTORIE": {"medie": 7.249074074074072, "reusita": 91.74311926605505, "cnt": 109}, "LOGICA, ARGUMENTARE SI COMUNICARE": {"medie": 8.21810344827586, "reusita": 93.22033898305084, "cnt": 59}, "GEOGRAFIE": {"medie": 7.982978723404254, "reusita": 97.87234042553192, "cnt": 47}, "PSIHOLOGIE": {"medie": 8.225, "reusita": 100.0, "cnt": 2}, "ECONOMIE": {"medie": 4.4, "reusita": 0.0, "cnt": 1}}, "nume": "COLEGIUL NATIONAL DE ARTA \"GEORGE APOSTU\" BACAU\tBac\u0103u"}