{"specializari": {"TEHNICIAN IN TURISM": 67, "TEHNICIAN IN ACTIVITATI ECONOMICE": 132}, "limba_moderna": {"LIMBA ENGLEZA": 196, "LIMBA FRANCEZA": 3}, "limba_materna": {"LIMBA ROMANA": 199}, "promotie_anterioara": {"NU": 187, "DA": 12}, "materii": {"LIMBA ROMANA": {"medie": 7.407397959183675, "reusita": 96.98492462311557, "cnt": 199}, "GENERAL": {"medie": 7.659153713298785, "reusita": 88.44221105527639, "cnt": 199}, "LOGICA, ARGUMENTARE SI COMUNICARE": {"medie": 7.58780487804878, "reusita": 92.85714285714286, "cnt": 42}, "GEOGRAFIE": {"medie": 7.977343750000002, "reusita": 96.89922480620154, "cnt": 129}, "PSIHOLOGIE": {"medie": 7.2523809523809515, "reusita": 95.23809523809523, "cnt": 21}, "MATEMATICA TEHN": {"medie": 7.787113402061857, "reusita": 94.47236180904522, "cnt": 199}, "ECONOMIE": {"medie": 5.571428571428571, "reusita": 71.42857142857143, "cnt": 7}}, "nume": "COLEGIUL ECONOMIC \"COSTIN C. KIRITESCU\"\tBucure\u0219ti"}