{"specializari": {"MUZICA": 65}, "limba_moderna": {"LIMBA ENGLEZA": 64, "LIMBA FRANCEZA": 1}, "limba_materna": {"LIMBA ROMANA": 65}, "promotie_anterioara": {"NU": 61, "DA": 4}, "materii": {"LIMBA ROMANA": {"medie": 6.95076923076923, "reusita": 95.38461538461539, "cnt": 65}, "GENERAL": {"medie": 7.5207692307692255, "reusita": 84.61538461538461, "cnt": 65}, "ISTORIE": {"medie": 7.642307692307691, "reusita": 95.38461538461539, "cnt": 65}, "LOGICA, ARGUMENTARE SI COMUNICARE": {"medie": 7.1343749999999995, "reusita": 87.5, "cnt": 16}, "GEOGRAFIE": {"medie": 8.300000000000002, "reusita": 100.0, "cnt": 42}, "PSIHOLOGIE": {"medie": 7.591666666666666, "reusita": 100.0, "cnt": 6}, "FILOSOFIE": {"medie": 9.7, "reusita": 100.0, "cnt": 1}}, "nume": "COLEGIUL NATIONAL DE MUZICA \"GEORGE ENESCU\"\tBucure\u0219ti"}