{"specializari": {"MATEMATICA-INFORMATICA": 90, "STIINTE SOCIALE": 63, "STIINTE ALE NATURII": 61, "FILOLOGIE": 32}, "limba_moderna": {"LIMBA ENGLEZA": 224, "LIMBA FRANCEZA": 21, "LIMBA GERMANA MODERNA": 1}, "limba_materna": {"LIMBA ROMANA": 246}, "promotie_anterioara": {"NU": 246}, "materii": {"LIMBA ROMANA": {"medie": 8.566666666666665, "reusita": 99.59349593495935, "cnt": 246}, "MATEMATICA MATE-INFO": {"medie": 9.067777777777778, "reusita": 97.77777777777777, "cnt": 90}, "INFORMATICA MI C/C++": {"medie": 9.16551724137931, "reusita": 100.0, "cnt": 29}, "GENERAL": {"medie": 9.027732240437162, "reusita": 98.3739837398374, "cnt": 246}, "ISTORIE": {"medie": 9.446276595744683, "reusita": 98.94736842105263, "cnt": 95}, "LOGICA, ARGUMENTARE SI COMUNICARE": {"medie": 9.450943396226418, "reusita": 100.0, "cnt": 53}, "GEOGRAFIE": {"medie": 9.392307692307693, "reusita": 92.85714285714286, "cnt": 14}, "FIZICA TEO": {"medie": 9.136842105263158, "reusita": 100.0, "cnt": 38}, "CHIMIE ORGANICA TEO NIVEL I/II": {"medie": 9.336764705882352, "reusita": 100.0, "cnt": 34}, "MATEMATICA ST-NAT": {"medie": 9.374590163934428, "reusita": 100.0, "cnt": 61}, "PSIHOLOGIE": {"medie": 9.150000000000002, "reusita": 100.0, "cnt": 10}, "SOCIOLOGIE": {"medie": 8.931818181818182, "reusita": 100.0, "cnt": 11}, "ANATOMIE SI FIZIOLOGIE UMANA, GENETICA SI ECOLOGIE UMANA": {"medie": 8.659090909090908, "reusita": 100.0, "cnt": 33}, "CHIMIE ANORGANICA TEO NIVEL I/II": {"medie": 9.9, "reusita": 100.0, "cnt": 1}, "BIOLOGIE VEGETALA SI ANIMALA": {"medie": 9.424999999999999, "reusita": 93.33333333333333, "cnt": 15}, "INFORMATICA SN C/C++": {"medie": 10.0, "reusita": 100.0, "cnt": 1}, "FILOSOFIE": {"medie": 9.6, "reusita": 100.0, "cnt": 1}, "ECONOMIE": {"medie": 8.775, "reusita": 100.0, "cnt": 6}}, "nume": "COLEGIUL NATIONAL \"SPIRU HARET\"\tBucure\u0219ti"}