{"specializari": {"MATEMATICA-INFORMATICA": 120, "FILOLOGIE": 31, "STIINTE SOCIALE": 30, "STIINTE ALE NATURII": 24}, "limba_moderna": {"LIMBA ENGLEZA": 196, "LIMBA FRANCEZA": 9}, "limba_materna": {"LIMBA ROMANA": 205}, "promotie_anterioara": {"NU": 205}, "materii": {"LIMBA ROMANA": {"medie": 8.04512195121952, "reusita": 99.51219512195122, "cnt": 205}, "MATEMATICA MATE-INFO": {"medie": 8.342083333333331, "reusita": 97.5, "cnt": 120}, "INFORMATICA MI C/C++": {"medie": 8.73846153846154, "reusita": 96.15384615384616, "cnt": 26}, "GENERAL": {"medie": 8.321544715447146, "reusita": 96.58536585365853, "cnt": 205}, "ISTORIE": {"medie": 8.263934426229506, "reusita": 100.0, "cnt": 61}, "LOGICA, ARGUMENTARE SI COMUNICARE": {"medie": 9.041666666666666, "reusita": 100.0, "cnt": 6}, "GEOGRAFIE": {"medie": 8.968918918918918, "reusita": 100.0, "cnt": 37}, "FIZICA TEO": {"medie": 8.241509433962264, "reusita": 98.11320754716981, "cnt": 53}, "CHIMIE ORGANICA TEO NIVEL I/II": {"medie": 9.331249999999999, "reusita": 100.0, "cnt": 24}, "MATEMATICA ST-NAT": {"medie": 8.097916666666665, "reusita": 100.0, "cnt": 24}, "PSIHOLOGIE": {"medie": 8.456666666666665, "reusita": 100.0, "cnt": 15}, "SOCIOLOGIE": {"medie": 8.975, "reusita": 100.0, "cnt": 2}, "ANATOMIE SI FIZIOLOGIE UMANA, GENETICA SI ECOLOGIE UMANA": {"medie": 8.75, "reusita": 100.0, "cnt": 12}, "BIOLOGIE VEGETALA SI ANIMALA": {"medie": 8.174137931034481, "reusita": 100.0, "cnt": 29}, "ECONOMIE": {"medie": 8.1, "reusita": 100.0, "cnt": 1}}, "nume": "COLEGIUL NATIONAL \"VLAICU VODA\" CURTEA DE ARGES\tArge\u0219"}