{"specializari": {"MATEMATICA-INFORMATICA": 46, "STIINTE SOCIALE": 57, "FILOLOGIE": 28, "TEOLOGIE ORTODOXA": 2}, "limba_moderna": {"LIMBA ENGLEZA": 127, "LIMBA FRANCEZA": 6}, "limba_materna": {"LIMBA ROMANA": 133}, "promotie_anterioara": {"NU": 124, "DA": 9}, "materii": {"LIMBA ROMANA": {"medie": 6.920992366412215, "reusita": 93.23308270676691, "cnt": 133}, "MATEMATICA MATE-INFO": {"medie": 7.007777777777777, "reusita": 84.78260869565217, "cnt": 46}, "INFORMATICA MI C/C++": {"medie": 6.636363636363637, "reusita": 81.81818181818183, "cnt": 11}, "GENERAL": {"medie": 7.398205128205128, "reusita": 75.93984962406014, "cnt": 133}, "ISTORIE": {"medie": 7.269411764705886, "reusita": 93.10344827586206, "cnt": 87}, "LOGICA, ARGUMENTARE SI COMUNICARE": {"medie": 8.192857142857145, "reusita": 95.77464788732394, "cnt": 71}, "CHIMIE ORGANICA TEO NIVEL I/II": {"medie": 9.483333333333333, "reusita": 100.0, "cnt": 6}, "FIZICA TEO": {"medie": 9.060714285714285, "reusita": 93.33333333333333, "cnt": 15}, "GEOGRAFIE": {"medie": 8.42, "reusita": 100.0, "cnt": 15}, "PSIHOLOGIE": {"medie": 8.6, "reusita": 100.0, "cnt": 1}, "ANATOMIE SI FIZIOLOGIE UMANA, GENETICA SI ECOLOGIE UMANA": {"medie": 6.108333333333333, "reusita": 50.0, "cnt": 12}, "BIOLOGIE VEGETALA SI ANIMALA": {"medie": 6.800000000000001, "reusita": 100.0, "cnt": 2}}, "nume": "COLEGIUL NATIONAL \"UNIREA\" TURNU MAGURELE\tTeleorman"}