{"specializari": {"FILOLOGIE": 151, "STIINTE SOCIALE": 64, "EDUCATOR-PUERICULTOR": 31}, "limba_moderna": {"LIMBA ENGLEZA": 202, "LIMBA FRANCEZA": 23, "LIMBA GERMANA MODERNA": 4, "LIMBA ITALIANA": 12, "LIMBA SPANIOLA": 5}, "limba_materna": {"LIMBA ROMANA": 246}, "promotie_anterioara": {"NU": 244, "DA": 2}, "materii": {"LIMBA ROMANA": {"medie": 7.496530612244896, "reusita": 97.96747967479675, "cnt": 246}, "GENERAL": {"medie": 7.975034013605438, "reusita": 94.71544715447155, "cnt": 246}, "ISTORIE": {"medie": 8.25955284552845, "reusita": 97.96747967479675, "cnt": 246}, "LOGICA, ARGUMENTARE SI COMUNICARE": {"medie": 8.45039682539682, "reusita": 97.61904761904762, "cnt": 126}, "GEOGRAFIE": {"medie": 7.939705882352942, "reusita": 99.01960784313727, "cnt": 102}, "PSIHOLOGIE": {"medie": 6.683333333333334, "reusita": 77.77777777777779, "cnt": 9}, "SOCIOLOGIE": {"medie": 7.928571428571428, "reusita": 85.71428571428571, "cnt": 7}, "FILOSOFIE": {"medie": 7.05, "reusita": 100.0, "cnt": 2}}, "nume": "COLEGIUL NATIONAL \"MIHAI EMINESCU\" BAIA MARE\tMaramure\u0219"}