{"specializari": {"ARHITECTURA, ARTE AMBIENTALE SI DESIGN": 32, "ARTE PLASTICE SI DECORATIVE": 29, "MUZICA": 24, "ARTA ACTORULUI": 15, "COREGRAFIE": 10}, "limba_moderna": {"LIMBA ENGLEZA": 109, "LIMBA ITALIANA": 1}, "limba_materna": {"LIMBA ROMANA": 110}, "promotie_anterioara": {"NU": 105, "DA": 5}, "materii": {"LIMBA ROMANA": {"medie": 7.455909090909094, "reusita": 95.45454545454545, "cnt": 110}, "GENERAL": {"medie": 7.642966360856271, "reusita": 83.63636363636363, "cnt": 110}, "ISTORIE": {"medie": 7.3357798165137575, "reusita": 88.18181818181819, "cnt": 110}, "LOGICA, ARGUMENTARE SI COMUNICARE": {"medie": 8.35847457627119, "reusita": 96.61016949152543, "cnt": 59}, "GEOGRAFIE": {"medie": 8.005882352941175, "reusita": 94.11764705882352, "cnt": 34}, "PSIHOLOGIE": {"medie": 7.141176470588235, "reusita": 94.11764705882352, "cnt": 17}}, "nume": "COLEGIUL NATIONAL DE ARTE \"REGINA MARIA\" CONSTANTA\tConstan\u021ba"}