{"specializari": {"ARHITECTURA, ARTE AMBIENTALE SI DESIGN": 33, "ARTE PLASTICE SI DECORATIVE": 34, "MUZICA": 29, "ARTA ACTORULUI": 30}, "limba_moderna": {"LIMBA ENGLEZA": 87, "LIMBA ITALIANA": 39}, "limba_materna": {"LIMBA ROMANA": 126}, "promotie_anterioara": {"NU": 118, "DA": 8}, "materii": {"LIMBA ROMANA": {"medie": 7.338492063492067, "reusita": 96.03174603174604, "cnt": 126}, "GENERAL": {"medie": 7.24506666666666, "reusita": 80.95238095238095, "cnt": 126}, "ISTORIE": {"medie": 6.494047619047619, "reusita": 88.09523809523809, "cnt": 126}, "LOGICA, ARGUMENTARE SI COMUNICARE": {"medie": 7.93632075471698, "reusita": 94.33962264150944, "cnt": 106}, "GEOGRAFIE": {"medie": 7.850000000000001, "reusita": 93.75, "cnt": 16}, "PSIHOLOGIE": {"medie": 7.233333333333334, "reusita": 75.0, "cnt": 4}}, "nume": "LICEUL DE ARTE \"DINU LIPATTI\" PITESTI\tArge\u0219"}