{"specializari": {"FILOLOGIE": 34, "MATEMATICA-INFORMATICA": 29, "STIINTE ALE NATURII": 34}, "limba_moderna": {"LIMBA ENGLEZA": 97}, "limba_materna": {"LIMBA ROMANA": 97}, "promotie_anterioara": {"NU": 85, "DA": 12}, "materii": {"LIMBA ROMANA": {"medie": 7.1489583333333355, "reusita": 96.90721649484536, "cnt": 97}, "MATEMATICA MATE-INFO": {"medie": 6.66551724137931, "reusita": 96.55172413793103, "cnt": 29}, "INFORMATICA MI C/C++": {"medie": 8.1875, "reusita": 100.0, "cnt": 4}, "GENERAL": {"medie": 7.082465277777774, "reusita": 80.41237113402062, "cnt": 97}, "ISTORIE": {"medie": 7.838235294117645, "reusita": 100.0, "cnt": 34}, "GEOGRAFIE": {"medie": 8.354411764705885, "reusita": 100.0, "cnt": 34}, "MATEMATICA ST-NAT": {"medie": 5.220588235294119, "reusita": 70.58823529411765, "cnt": 34}, "ANATOMIE SI FIZIOLOGIE UMANA, GENETICA SI ECOLOGIE UMANA": {"medie": 6.980508474576272, "reusita": 91.52542372881356, "cnt": 59}}, "nume": "LICEUL TEORETIC \"MIHAI VELICIU\" CHISINEU-CRIS\tArad"}