{"specializari": {"STIINTE SOCIALE": 28, "STIINTE ALE NATURII": 26, "MATEMATICA-INFORMATICA": 20, "TEHNICIAN IN INDUSTRIA ALIMENTARA": 29, "TEHNICIAN MECANIC PENTRU INTRETINERE SI REPARATII": 30, "TEHNICIAN DESIGNER VESTIMENTAR": 4, "FILOLOGIE": 1}, "limba_moderna": {"LIMBA ENGLEZA": 128, "LIMBA FRANCEZA": 10}, "limba_materna": {"LIMBA ROMANA": 138}, "promotie_anterioara": {"NU": 116, "DA": 22}, "materii": {"LIMBA ROMANA": {"medie": 6.927272727272728, "reusita": 89.85507246376811, "cnt": 138}, "MATEMATICA MATE-INFO": {"medie": 6.989473684210527, "reusita": 75.0, "cnt": 20}, "INFORMATICA MI C/C++": {"medie": 9.1375, "reusita": 100.0, "cnt": 4}, "GENERAL": {"medie": 7.028215223097114, "reusita": 65.94202898550725, "cnt": 138}, "ISTORIE": {"medie": 8.535714285714285, "reusita": 96.55172413793103, "cnt": 29}, "LOGICA, ARGUMENTARE SI COMUNICARE": {"medie": 8.926470588235295, "reusita": 100.0, "cnt": 17}, "CHIMIE ORGANICA TEO NIVEL I/II": {"medie": 9.966666666666667, "reusita": 100.0, "cnt": 6}, "MATEMATICA ST-NAT": {"medie": 7.680769230769231, "reusita": 96.15384615384616, "cnt": 26}, "GEOGRAFIE": {"medie": 9.086363636363636, "reusita": 100.0, "cnt": 11}, "ANATOMIE SI FIZIOLOGIE UMANA, GENETICA SI ECOLOGIE UMANA": {"medie": 7.251639344262294, "reusita": 91.93548387096774, "cnt": 62}, "CHIMIE ANORGANICA TEO NIVEL I/II": {"medie": 8.166666666666666, "reusita": 100.0, "cnt": 3}, "BIOLOGIE VEGETALA SI ANIMALA": {"medie": 4.6739999999999995, "reusita": 35.294117647058826, "cnt": 34}, "SOCIOLOGIE": {"medie": 8.9, "reusita": 100.0, "cnt": 1}, "MATEMATICA TEHN": {"medie": 5.196491228070174, "reusita": 58.730158730158735, "cnt": 63}}, "nume": "LICEUL \"DIMITRIE CANTEMIR\" DARABANI\tBoto\u0219ani"}