{"specializari": {"STIINTE SOCIALE": 66, "INVATATOR - EDUCATOARE": 55, "MATEMATICA-INFORMATICA": 30, "FILOLOGIE": 31, "STIINTE ALE NATURII": 52}, "limba_moderna": {"LIMBA FRANCEZA": 26, "LIMBA ENGLEZA": 208}, "limba_materna": {"LIMBA ROMANA": 234}, "promotie_anterioara": {"NU": 227, "DA": 7}, "materii": {"LIMBA ROMANA": {"medie": 7.8935622317596605, "reusita": 98.29059829059828, "cnt": 234}, "MATEMATICA MATE-INFO": {"medie": 7.550000000000001, "reusita": 96.66666666666667, "cnt": 30}, "INFORMATICA MI C/C++": {"medie": 6.679545454545454, "reusita": 86.36363636363636, "cnt": 22}, "GENERAL": {"medie": 7.947413793103452, "reusita": 87.6068376068376, "cnt": 234}, "ISTORIE": {"medie": 7.667368421052633, "reusita": 96.90721649484536, "cnt": 97}, "LOGICA, ARGUMENTARE SI COMUNICARE": {"medie": 8.762083333333335, "reusita": 97.52066115702479, "cnt": 121}, "MATEMATICA ST-NAT": {"medie": 6.456730769230767, "reusita": 86.53846153846155, "cnt": 52}, "FIZICA TEO": {"medie": 6.887499999999999, "reusita": 75.0, "cnt": 4}, "GEOGRAFIE": {"medie": 9.404347826086958, "reusita": 100.0, "cnt": 23}, "PSIHOLOGIE": {"medie": 9.116666666666665, "reusita": 100.0, "cnt": 6}, "ANATOMIE SI FIZIOLOGIE UMANA, GENETICA SI ECOLOGIE UMANA": {"medie": 7.273214285714287, "reusita": 92.85714285714286, "cnt": 56}, "MATEMATICA PED": {"medie": 9.068181818181817, "reusita": 100.0, "cnt": 55}, "FILOSOFIE": {"medie": 9.2, "reusita": 100.0, "cnt": 1}, "ECONOMIE": {"medie": 6.3, "reusita": 100.0, "cnt": 1}}, "nume": "LICEUL PEDAGOGIC \"NICOLAE IORGA\" BOTOSANI\tBoto\u0219ani"}