{"specializari": {"LICEU CU PROGRAM SPORTIV": 113}, "limba_moderna": {"LIMBA ENGLEZA": 112, "LIMBA FRANCEZA": 1}, "limba_materna": {"LIMBA ROMANA": 113}, "promotie_anterioara": {"NU": 87, "DA": 26}, "materii": {"LIMBA ROMANA": {"medie": 5.762616822429907, "reusita": 81.41592920353983, "cnt": 113}, "GENERAL": {"medie": 6.104672897196261, "reusita": 50.442477876106196, "cnt": 113}, "ISTORIE": {"medie": 5.730454545454545, "reusita": 79.64601769911505, "cnt": 113}, "LOGICA, ARGUMENTARE SI COMUNICARE": {"medie": 7.076923076923077, "reusita": 84.61538461538461, "cnt": 13}, "GEOGRAFIE": {"medie": 6.722631578947365, "reusita": 87.0, "cnt": 100}}, "nume": "LICEUL CU PROGRAM SPORTIV, IASI\tIa\u0219i"}