{"specializari": {"STIINTE SOCIALE": 61, "FILOLOGIE": 36, "MATEMATICA-INFORMATICA": 30, "STIINTE ALE NATURII": 29}, "limba_moderna": {"LIMBA ENGLEZA": 154, "LIMBA FRANCEZA": 2}, "limba_materna": {"LIMBA ROMANA": 156}, "promotie_anterioara": {"NU": 143, "DA": 13}, "materii": {"LIMBA ROMANA": {"medie": 7.458653846153845, "reusita": 98.07692307692307, "cnt": 156}, "MATEMATICA MATE-INFO": {"medie": 6.883333333333334, "reusita": 90.0, "cnt": 30}, "INFORMATICA MI C/C++": {"medie": 7.800000000000001, "reusita": 100.0, "cnt": 9}, "GENERAL": {"medie": 7.636431623931628, "reusita": 89.74358974358975, "cnt": 156}, "ISTORIE": {"medie": 7.890721649484537, "reusita": 100.0, "cnt": 97}, "LOGICA, ARGUMENTARE SI COMUNICARE": {"medie": 8.109166666666665, "reusita": 96.66666666666667, "cnt": 60}, "GEOGRAFIE": {"medie": 8.148000000000001, "reusita": 100.0, "cnt": 25}, "FIZICA TEO": {"medie": 8.1, "reusita": 100.0, "cnt": 6}, "CHIMIE ORGANICA TEO NIVEL I/II": {"medie": 7.5, "reusita": 100.0, "cnt": 2}, "MATEMATICA ST-NAT": {"medie": 6.9896551724137925, "reusita": 96.55172413793103, "cnt": 29}, "PSIHOLOGIE": {"medie": 8.583333333333334, "reusita": 100.0, "cnt": 3}, "SOCIOLOGIE": {"medie": 8.183333333333334, "reusita": 100.0, "cnt": 9}, "ANATOMIE SI FIZIOLOGIE UMANA, GENETICA SI ECOLOGIE UMANA": {"medie": 7.592499999999999, "reusita": 97.5, "cnt": 40}, "BIOLOGIE VEGETALA SI ANIMALA": {"medie": 4.275, "reusita": 50.0, "cnt": 2}}, "nume": "LICEUL TEORETIC \"MARIN PREDA\"\tBucure\u0219ti"}