{"specializari": {"MATEMATICA-INFORMATICA": 57, "STIINTE ALE NATURII": 35, "FILOLOGIE": 60, "STIINTE SOCIALE": 35}, "limba_moderna": {"LIMBA ENGLEZA": 184, "LIMBA FRANCEZA": 3}, "limba_materna": {"LIMBA ROMANA": 187}, "promotie_anterioara": {"NU": 163, "DA": 24}, "materii": {"LIMBA ROMANA": {"medie": 6.955945945945946, "reusita": 96.79144385026738, "cnt": 187}, "MATEMATICA MATE-INFO": {"medie": 7.042857142857144, "reusita": 85.96491228070175, "cnt": 57}, "INFORMATICA MI C/C++": {"medie": 8.21111111111111, "reusita": 100.0, "cnt": 9}, "GENERAL": {"medie": 7.140437158469944, "reusita": 79.14438502673798, "cnt": 187}, "ISTORIE": {"medie": 6.801052631578949, "reusita": 94.73684210526315, "cnt": 95}, "LOGICA, ARGUMENTARE SI COMUNICARE": {"medie": 7.075, "reusita": 100.0, "cnt": 4}, "GEOGRAFIE": {"medie": 7.632291666666667, "reusita": 95.91836734693877, "cnt": 49}, "FIZICA TEO": {"medie": 8.741666666666665, "reusita": 85.71428571428571, "cnt": 7}, "CHIMIE ORGANICA TEO NIVEL I/II": {"medie": 9.525, "reusita": 100.0, "cnt": 2}, "MATEMATICA ST-NAT": {"medie": 6.848571428571428, "reusita": 94.28571428571428, "cnt": 35}, "PSIHOLOGIE": {"medie": 6.696000000000002, "reusita": 92.0, "cnt": 25}, "SOCIOLOGIE": {"medie": 7.261764705882353, "reusita": 100.0, "cnt": 17}, "ANATOMIE SI FIZIOLOGIE UMANA, GENETICA SI ECOLOGIE UMANA": {"medie": 7.5581081081081045, "reusita": 94.5945945945946, "cnt": 74}}, "nume": "LICEUL TEORETIC \"ION LUCA\" VATRA DORNEI\tSuceava"}