{"specializari": {"TEHNICIAN IN ACTIVITATI ECONOMICE": 157, "TEHNICIAN IN TURISM": 67, "TEHNICIAN MECANIC PENTRU INTRETINERE SI REPARATII": 1}, "limba_moderna": {"LIMBA ENGLEZA": 221, "LIMBA FRANCEZA": 4}, "limba_materna": {"LIMBA ROMANA": 225}, "promotie_anterioara": {"NU": 200, "DA": 25}, "materii": {"LIMBA ROMANA": {"medie": 5.972374429223743, "reusita": 83.55555555555556, "cnt": 225}, "GENERAL": {"medie": 6.622553516819574, "reusita": 66.22222222222223, "cnt": 225}, "LOGICA, ARGUMENTARE SI COMUNICARE": {"medie": 7.371551724137928, "reusita": 86.66666666666667, "cnt": 60}, "GEOGRAFIE": {"medie": 7.480000000000002, "reusita": 94.9367088607595, "cnt": 158}, "PSIHOLOGIE": {"medie": 4.6000000000000005, "reusita": 33.33333333333333, "cnt": 3}, "BIOLOGIE VEGETALA SI ANIMALA": {"medie": 8.8, "reusita": 100.0, "cnt": 1}, "MATEMATICA TEHN": {"medie": 6.473972602739724, "reusita": 85.33333333333334, "cnt": 225}, "ECONOMIE": {"medie": 5.116666666666666, "reusita": 66.66666666666666, "cnt": 3}}, "nume": "LICEUL TEHNOLOGIC \"MIRCEA VULCANESCU\"\tBucure\u0219ti"}