{"specializari": {"STIINTE SOCIALE": 30, "STIINTE ALE NATURII": 27}, "limba_moderna": {"LIMBA ENGLEZA": 55, "LIMBA FRANCEZA": 2}, "limba_materna": {"LIMBA ROMANA": 57}, "promotie_anterioara": {"NU": 52, "DA": 5}, "materii": {"LIMBA ROMANA": {"medie": 7.185087719298245, "reusita": 98.24561403508771, "cnt": 57}, "GENERAL": {"medie": 7.446491228070178, "reusita": 91.22807017543859, "cnt": 57}, "ISTORIE": {"medie": 7.701666666666665, "reusita": 100.0, "cnt": 30}, "GEOGRAFIE": {"medie": 8.060714285714285, "reusita": 100.0, "cnt": 28}, "MATEMATICA ST-NAT": {"medie": 6.718518518518518, "reusita": 96.29629629629629, "cnt": 27}, "PSIHOLOGIE": {"medie": 6.9, "reusita": 100.0, "cnt": 2}, "ANATOMIE SI FIZIOLOGIE UMANA, GENETICA SI ECOLOGIE UMANA": {"medie": 8.274999999999999, "reusita": 100.0, "cnt": 4}, "BIOLOGIE VEGETALA SI ANIMALA": {"medie": 7.771739130434782, "reusita": 95.65217391304348, "cnt": 23}}, "nume": "LICEUL TEORETIC \"MITROPOLIT IOAN METIANU\" ZARNESTI\tBra\u0219ov"}