{"specializari": {"STIINTE SOCIALE": 33, "MATEMATICA-INFORMATICA": 30, "STIINTE ALE NATURII": 29, "FILOLOGIE": 29}, "limba_moderna": {"LIMBA ENGLEZA": 121}, "limba_materna": {"LIMBA ROMANA": 121}, "promotie_anterioara": {"NU": 118, "DA": 3}, "materii": {"LIMBA ROMANA": {"medie": 7.200420168067227, "reusita": 93.38842975206612, "cnt": 121}, "MATEMATICA MATE-INFO": {"medie": 7.3149999999999995, "reusita": 93.33333333333333, "cnt": 30}, "INFORMATICA MI C/C++": {"medie": 7.636363636363638, "reusita": 90.9090909090909, "cnt": 11}, "GENERAL": {"medie": 7.5885593220338965, "reusita": 88.42975206611571, "cnt": 121}, "ISTORIE": {"medie": 7.552419354838711, "reusita": 98.38709677419355, "cnt": 62}, "LOGICA, ARGUMENTARE SI COMUNICARE": {"medie": 8.748863636363632, "reusita": 97.72727272727273, "cnt": 44}, "MATEMATICA ST-NAT": {"medie": 6.964285714285715, "reusita": 93.10344827586206, "cnt": 29}, "FIZICA TEO": {"medie": 8.916666666666666, "reusita": 100.0, "cnt": 3}, "GEOGRAFIE": {"medie": 8.044444444444444, "reusita": 100.0, "cnt": 18}, "ANATOMIE SI FIZIOLOGIE UMANA, GENETICA SI ECOLOGIE UMANA": {"medie": 7.540697674418604, "reusita": 93.33333333333333, "cnt": 45}}, "nume": "LICEUL TEORETIC \"TUDOR ARGHEZI\" CRAIOVA\tDolj"}