{"specializari": {"STIINTE ALE NATURII": 35, "FILOLOGIE": 36, "MATEMATICA-INFORMATICA": 28}, "limba_moderna": {"LIMBA ENGLEZA": 95, "LIMBA FRANCEZA": 4}, "limba_materna": {"LIMBA ROMANA": 99}, "promotie_anterioara": {"NU": 83, "DA": 16}, "materii": {"LIMBA ROMANA": {"medie": 6.628061224489798, "reusita": 91.91919191919192, "cnt": 99}, "MATEMATICA MATE-INFO": {"medie": 4.086, "reusita": 35.714285714285715, "cnt": 28}, "INFORMATICA MI C/C++": {"medie": 10.0, "reusita": 100.0, "cnt": 1}, "GENERAL": {"medie": 6.544802867383516, "reusita": 54.54545454545454, "cnt": 99}, "ISTORIE": {"medie": 7.117142857142857, "reusita": 91.66666666666666, "cnt": 36}, "LOGICA, ARGUMENTARE SI COMUNICARE": {"medie": 7.225, "reusita": 72.72727272727273, "cnt": 11}, "GEOGRAFIE": {"medie": 7.7555555555555555, "reusita": 100.0, "cnt": 18}, "MATEMATICA ST-NAT": {"medie": 6.042647058823527, "reusita": 74.28571428571429, "cnt": 35}, "SOCIOLOGIE": {"medie": 6.541666666666667, "reusita": 85.71428571428571, "cnt": 7}, "ANATOMIE SI FIZIOLOGIE UMANA, GENETICA SI ECOLOGIE UMANA": {"medie": 6.673684210526316, "reusita": 84.7457627118644, "cnt": 59}, "BIOLOGIE VEGETALA SI ANIMALA": {"medie": 6.583333333333333, "reusita": 100.0, "cnt": 3}}, "nume": "LICEUL TEORETIC \"GENERAL DRAGALINA\" ORAVITA\tCara\u0219-Severin"}