{"specializari": {"MUZICA": 34, "ARTA ACTORULUI": 5, "ARTE PLASTICE SI DECORATIVE": 35}, "limba_moderna": {"LIMBA ENGLEZA": 74}, "limba_materna": {"LIMBA ROMANA": 18, "LIMBA MAGHIARA": 56}, "promotie_anterioara": {"NU": 58, "DA": 16}, "materii": {"LIMBA ROMANA": {"medie": 4.759722222222224, "reusita": 55.4054054054054, "cnt": 74}, "GENERAL": {"medie": 6.544190140845072, "reusita": 48.64864864864865, "cnt": 74}, "ISTORIE": {"medie": 6.662162162162162, "reusita": 95.94594594594594, "cnt": 74}, "GEOGRAFIE": {"medie": 7.611971830985914, "reusita": 97.22222222222221, "cnt": 72}, "FILOSOFIE": {"medie": 8.625, "reusita": 100.0, "cnt": 2}, "LIMBA MAGHIARA (REAL)": {"medie": 6.8669642857142845, "reusita": 94.64285714285714, "cnt": 56}}, "nume": "LICEUL DE ARTE \"PLUGOR SANDOR\" SFANTU GHEORGHE\tCovasna"}