{"specializari": {"MATEMATICA-INFORMATICA": 58, "FILOLOGIE": 35, "STIINTE ALE NATURII": 58}, "limba_moderna": {"LIMBA ENGLEZA": 141, "LIMBA GERMANA MODERNA": 9, "LIMBA SPANIOLA": 1}, "limba_materna": {"LIMBA ROMANA": 94, "LIMBA MAGHIARA": 57}, "promotie_anterioara": {"NU": 147, "DA": 4}, "materii": {"LIMBA ROMANA": {"medie": 6.825827814569537, "reusita": 90.06622516556291, "cnt": 151}, "MATEMATICA MATE-INFO": {"medie": 7.834482758620692, "reusita": 96.55172413793103, "cnt": 58}, "INFORMATICA MI C/C++": {"medie": 8.205263157894738, "reusita": 100.0, "cnt": 19}, "GENERAL": {"medie": 7.57497240618101, "reusita": 82.78145695364239, "cnt": 151}, "ISTORIE": {"medie": 7.565714285714286, "reusita": 97.14285714285714, "cnt": 35}, "CHIMIE ORGANICA TEO NIVEL I/II": {"medie": 8.23076923076923, "reusita": 100.0, "cnt": 13}, "MATEMATICA ST-NAT": {"medie": 7.38448275862069, "reusita": 96.55172413793103, "cnt": 58}, "FIZICA TEO": {"medie": 6.425, "reusita": 100.0, "cnt": 2}, "GEOGRAFIE": {"medie": 7.9195652173913045, "reusita": 100.0, "cnt": 23}, "PSIHOLOGIE": {"medie": 8.466666666666665, "reusita": 100.0, "cnt": 9}, "ANATOMIE SI FIZIOLOGIE UMANA, GENETICA SI ECOLOGIE UMANA": {"medie": 7.785975609756097, "reusita": 97.5609756097561, "cnt": 82}, "FILOSOFIE": {"medie": 6.916666666666667, "reusita": 100.0, "cnt": 3}, "LIMBA MAGHIARA (REAL)": {"medie": 8.617543859649123, "reusita": 100.0, "cnt": 57}}, "nume": "LICEUL TEORETIC CAREI\tSatu-Mare"}