{"specializari": {"FILOLOGIE": 56}, "limba_moderna": {"LIMBA ENGLEZA": 56}, "limba_materna": {"LIMBA ROMANA": 56}, "promotie_anterioara": {"NU": 49, "DA": 7}, "materii": {"LIMBA ROMANA": {"medie": 6.504545454545457, "reusita": 91.07142857142857, "cnt": 56}, "GENERAL": {"medie": 6.5830303030302995, "reusita": 71.42857142857143, "cnt": 56}, "ISTORIE": {"medie": 6.069999999999999, "reusita": 87.5, "cnt": 56}, "LOGICA, ARGUMENTARE SI COMUNICARE": {"medie": 6.941666666666666, "reusita": 83.33333333333334, "cnt": 18}, "GEOGRAFIE": {"medie": 7.584615384615384, "reusita": 96.29629629629629, "cnt": 27}, "PSIHOLOGIE": {"medie": 7.074999999999999, "reusita": 100.0, "cnt": 4}, "SOCIOLOGIE": {"medie": 6.008333333333334, "reusita": 83.33333333333334, "cnt": 6}, "FILOSOFIE": {"medie": 8.1, "reusita": 100.0, "cnt": 1}}, "nume": "LICEUL TEORETIC \"GHEORGHE LAZAR\" AVRIG\tSibiu"}