{"specializari": {"FILOLOGIE": 39, "STIINTE SOCIALE": 34, "MATEMATICA-INFORMATICA": 23, "STIINTE ALE NATURII": 95}, "limba_moderna": {"LIMBA ENGLEZA": 183, "LIMBA FRANCEZA": 8}, "limba_materna": {"LIMBA ROMANA": 191}, "promotie_anterioara": {"NU": 176, "DA": 15}, "materii": {"LIMBA ROMANA": {"medie": 7.024869109947646, "reusita": 96.8586387434555, "cnt": 191}, "MATEMATICA MATE-INFO": {"medie": 6.943181818181818, "reusita": 82.6086956521739, "cnt": 23}, "INFORMATICA MI C/C++": {"medie": 7.0892857142857135, "reusita": 92.85714285714286, "cnt": 14}, "GENERAL": {"medie": 7.278157894736847, "reusita": 82.72251308900523, "cnt": 191}, "ISTORIE": {"medie": 7.395890410958902, "reusita": 100.0, "cnt": 73}, "LOGICA, ARGUMENTARE SI COMUNICARE": {"medie": 8.470535714285715, "reusita": 98.21428571428571, "cnt": 56}, "GEOGRAFIE": {"medie": 7.769999999999999, "reusita": 100.0, "cnt": 5}, "FIZICA TEO": {"medie": 6.68, "reusita": 100.0, "cnt": 5}, "CHIMIE ORGANICA TEO NIVEL I/II": {"medie": 8.899999999999999, "reusita": 100.0, "cnt": 2}, "MATEMATICA ST-NAT": {"medie": 6.69526315789474, "reusita": 86.31578947368422, "cnt": 95}, "PSIHOLOGIE": {"medie": 8.174999999999999, "reusita": 100.0, "cnt": 6}, "SOCIOLOGIE": {"medie": 8.583333333333332, "reusita": 100.0, "cnt": 6}, "ANATOMIE SI FIZIOLOGIE UMANA, GENETICA SI ECOLOGIE UMANA": {"medie": 7.458620689655174, "reusita": 90.80459770114942, "cnt": 87}, "BIOLOGIE VEGETALA SI ANIMALA": {"medie": 7.292857142857144, "reusita": 100.0, "cnt": 7}, "INFORMATICA SN C/C++": {"medie": 8.25, "reusita": 100.0, "cnt": 3}}, "nume": "LICEUL TEORETIC \"ION CANTACUZINO\" PITESTI\tArge\u0219"}