{"specializari": {"FILOLOGIE": 28}, "limba_moderna": {"LIMBA ENGLEZA": 28}, "limba_materna": {"LIMBA ROMANA": 28}, "promotie_anterioara": {"NU": 28}, "materii": {"LIMBA ROMANA": {"medie": 6.573214285714285, "reusita": 92.85714285714286, "cnt": 28}, "GENERAL": {"medie": 7.39642857142857, "reusita": 89.28571428571429, "cnt": 28}, "ISTORIE": {"medie": 8.014285714285716, "reusita": 100.0, "cnt": 28}, "GEOGRAFIE": {"medie": 7.1499999999999995, "reusita": 92.85714285714286, "cnt": 14}, "SOCIOLOGIE": {"medie": 8.053571428571429, "reusita": 100.0, "cnt": 14}}, "nume": "LICEUL TEORETIC WALDORF\tBucure\u0219ti"}