{"specializari": {"STIINTE ALE NATURII": 31, "FILOLOGIE": 68, "MATEMATICA-INFORMATICA": 33}, "limba_moderna": {"LIMBA ENGLEZA": 129, "LIMBA FRANCEZA": 3}, "limba_materna": {"LIMBA ROMANA": 132}, "promotie_anterioara": {"NU": 119, "DA": 13}, "materii": {"LIMBA ROMANA": {"medie": 7.993461538461541, "reusita": 98.48484848484848, "cnt": 132}, "MATEMATICA MATE-INFO": {"medie": 4.2727272727272725, "reusita": 48.484848484848484, "cnt": 33}, "INFORMATICA MI C/C++": {"medie": 6.1, "reusita": 100.0, "cnt": 1}, "GENERAL": {"medie": 7.559043927648578, "reusita": 78.78787878787878, "cnt": 132}, "ISTORIE": {"medie": 7.532089552238805, "reusita": 97.05882352941177, "cnt": 68}, "LOGICA, ARGUMENTARE SI COMUNICARE": {"medie": 8.307575757575757, "reusita": 91.17647058823529, "cnt": 34}, "GEOGRAFIE": {"medie": 8.490625, "reusita": 100.0, "cnt": 32}, "FIZICA TEO": {"medie": 5.75, "reusita": 100.0, "cnt": 1}, "CHIMIE ORGANICA TEO NIVEL I/II": {"medie": 9.266666666666666, "reusita": 100.0, "cnt": 3}, "MATEMATICA ST-NAT": {"medie": 8.166666666666666, "reusita": 90.32258064516128, "cnt": 31}, "PSIHOLOGIE": {"medie": 6.5, "reusita": 100.0, "cnt": 2}, "ANATOMIE SI FIZIOLOGIE UMANA, GENETICA SI ECOLOGIE UMANA": {"medie": 6.958163265306122, "reusita": 89.79591836734694, "cnt": 49}, "CHIMIE ANORGANICA TEO NIVEL I/II": {"medie": 9.533333333333333, "reusita": 100.0, "cnt": 3}, "BIOLOGIE VEGETALA SI ANIMALA": {"medie": 6.119999999999999, "reusita": 66.66666666666666, "cnt": 6}, "INFORMATICA SN C/C++": {"medie": 9.4, "reusita": 100.0, "cnt": 1}}, "nume": "LICEUL TEORETIC \"BRANCOVEANU VODA\", ORASUL URLATI\tPrahova"}