{"specializari": {"MATEMATICA-INFORMATICA": 69, "FILOLOGIE": 98}, "limba_moderna": {"LIMBA ENGLEZA": 156, "LIMBA FRANCEZA": 10, "LIMBA RUSA": 1}, "limba_materna": {"LIMBA ROMANA": 167}, "promotie_anterioara": {"NU": 143, "DA": 24}, "materii": {"LIMBA ROMANA": {"medie": 6.666564417177912, "reusita": 88.02395209580838, "cnt": 167}, "MATEMATICA MATE-INFO": {"medie": 6.308333333333331, "reusita": 68.11594202898551, "cnt": 69}, "INFORMATICA MI C/C++": {"medie": 7.330769230769231, "reusita": 100.0, "cnt": 13}, "GENERAL": {"medie": 6.839490445859877, "reusita": 63.47305389221557, "cnt": 167}, "ISTORIE": {"medie": 6.378191489361704, "reusita": 83.6734693877551, "cnt": 98}, "LOGICA, ARGUMENTARE SI COMUNICARE": {"medie": 8.5, "reusita": 100.0, "cnt": 1}, "CHIMIE ORGANICA TEO NIVEL I/II": {"medie": 9.600000000000001, "reusita": 100.0, "cnt": 4}, "FIZICA TEO": {"medie": 7.3999999999999995, "reusita": 83.33333333333334, "cnt": 6}, "GEOGRAFIE": {"medie": 7.553488372093022, "reusita": 90.0, "cnt": 90}, "PSIHOLOGIE": {"medie": "-", "reusita": 0.0, "cnt": 1}, "ANATOMIE SI FIZIOLOGIE UMANA, GENETICA SI ECOLOGIE UMANA": {"medie": 6.854054054054053, "reusita": 82.5, "cnt": 40}, "BIOLOGIE VEGETALA SI ANIMALA": {"medie": 6.3999999999999995, "reusita": 83.33333333333334, "cnt": 6}, "SOCIOLOGIE": {"medie": 7.241666666666667, "reusita": 100.0, "cnt": 6}}, "nume": "LICEUL TEORETIC \"ALEXANDRU GHICA\" ALEXANDRIA\tTeleorman"}