{"specializari": {"ARHITECTURA, ARTE AMBIENTALE SI DESIGN": 29, "ARTE PLASTICE SI DECORATIVE": 32}, "limba_moderna": {"LIMBA ENGLEZA": 58, "LIMBA ITALIANA": 3}, "limba_materna": {"LIMBA ROMANA": 61}, "promotie_anterioara": {"NU": 59, "DA": 2}, "materii": {"LIMBA ROMANA": {"medie": 6.944166666666666, "reusita": 96.72131147540983, "cnt": 61}, "GENERAL": {"medie": 7.387222222222223, "reusita": 81.9672131147541, "cnt": 61}, "ISTORIE": {"medie": 7.443333333333334, "reusita": 96.72131147540983, "cnt": 61}, "LOGICA, ARGUMENTARE SI COMUNICARE": {"medie": 7.456521739130435, "reusita": 78.26086956521739, "cnt": 23}, "GEOGRAFIE": {"medie": 8.116129032258064, "reusita": 100.0, "cnt": 31}, "PSIHOLOGIE": {"medie": 6.883333333333333, "reusita": 75.0, "cnt": 4}, "FILOSOFIE": {"medie": 7.566666666666666, "reusita": 100.0, "cnt": 3}}, "nume": "LICEUL DE ARTE \"CORNELIU BABA\" BISTRITA\tBistri\u021ba-N\u0103s\u0103ud"}