{"specializari": {"STIINTE ALE NATURII": 22, "FILOLOGIE": 31}, "limba_moderna": {"LIMBA FRANCEZA": 6, "LIMBA ENGLEZA": 47}, "limba_materna": {"LIMBA ROMANA": 53}, "promotie_anterioara": {"NU": 51, "DA": 2}, "materii": {"LIMBA ROMANA": {"medie": 6.414423076923076, "reusita": 90.56603773584906, "cnt": 53}, "GENERAL": {"medie": 7.143197278911565, "reusita": 69.81132075471697, "cnt": 53}, "ISTORIE": {"medie": 6.923333333333335, "reusita": 87.09677419354838, "cnt": 31}, "LOGICA, ARGUMENTARE SI COMUNICARE": {"medie": 9.0, "reusita": 100.0, "cnt": 1}, "GEOGRAFIE": {"medie": 7.731666666666667, "reusita": 93.33333333333333, "cnt": 30}, "MATEMATICA ST-NAT": {"medie": 6.68157894736842, "reusita": 68.18181818181817, "cnt": 22}, "ANATOMIE SI FIZIOLOGIE UMANA, GENETICA SI ECOLOGIE UMANA": {"medie": 8.214285714285714, "reusita": 90.9090909090909, "cnt": 22}}, "nume": "LICEUL TEORETIC \"SAMUIL MICU\" SARMASU\tMure\u0219"}