{"specializari": {"FILOLOGIE": 67, "STIINTE ALE NATURII": 62, "MATEMATICA-INFORMATICA": 66}, "limba_moderna": {"LIMBA ENGLEZA": 159, "LIMBA FRANCEZA": 3, "LIMBA ITALIANA": 33}, "limba_materna": {"LIMBA ROMANA": 169, "LIMBA ITALIANA": 26}, "promotie_anterioara": {"NU": 185, "DA": 10}, "materii": {"LIMBA ROMANA": {"medie": 7.161794871794872, "reusita": 97.94871794871794, "cnt": 195}, "MATEMATICA MATE-INFO": {"medie": 7.4015625, "reusita": 95.45454545454545, "cnt": 66}, "INFORMATICA MI C/C++": {"medie": 7.488, "reusita": 96.0, "cnt": 25}, "GENERAL": {"medie": 7.399652777777781, "reusita": 82.05128205128204, "cnt": 195}, "ISTORIE": {"medie": 7.428358208955225, "reusita": 95.52238805970148, "cnt": 67}, "LOGICA, ARGUMENTARE SI COMUNICARE": {"medie": 7.794444444444445, "reusita": 88.88888888888889, "cnt": 18}, "CHIMIE ORGANICA TEO NIVEL I/II": {"medie": 7.5249999999999995, "reusita": 75.0, "cnt": 4}, "MATEMATICA ST-NAT": {"medie": 7.269354838709676, "reusita": 93.54838709677419, "cnt": 62}, "FIZICA TEO": {"medie": 8.09, "reusita": 80.0, "cnt": 10}, "GEOGRAFIE": {"medie": 8.575000000000001, "reusita": 100.0, "cnt": 18}, "PSIHOLOGIE": {"medie": 8.23, "reusita": 100.0, "cnt": 15}, "ANATOMIE SI FIZIOLOGIE UMANA, GENETICA SI ECOLOGIE UMANA": {"medie": 7.250595238095237, "reusita": 91.76470588235294, "cnt": 85}, "BIOLOGIE VEGETALA SI ANIMALA": {"medie": 7.6375, "reusita": 100.0, "cnt": 4}, "SOCIOLOGIE": {"medie": 7.328571428571429, "reusita": 92.85714285714286, "cnt": 14}, "FILOSOFIE": {"medie": 9.6, "reusita": 100.0, "cnt": 1}, "ECONOMIE": {"medie": 7.8, "reusita": 100.0, "cnt": 1}, "LIMBA ITALIANA": {"medie": 6.3442307692307685, "reusita": 73.07692307692307, "cnt": 26}}, "nume": "LICEUL TEORETIC \"DANTE ALIGHIERI\"\tBucure\u0219ti"}