{"specializari": {"TEHNICIAN IN TURISM": 28}, "limba_moderna": {"LIMBA ENGLEZA": 28}, "limba_materna": {"LIMBA ROMANA": 28}, "promotie_anterioara": {"NU": 27, "DA": 1}, "materii": {"LIMBA ROMANA": {"medie": 6.683928571428572, "reusita": 96.42857142857143, "cnt": 28}, "GENERAL": {"medie": 7.380128205128205, "reusita": 85.71428571428571, "cnt": 28}, "GEOGRAFIE": {"medie": 8.571428571428571, "reusita": 100.0, "cnt": 28}, "MATEMATICA TEHN": {"medie": 6.732692307692307, "reusita": 85.71428571428571, "cnt": 28}}, "nume": "LICEUL TEHNOLOGIC \"NICANOR MOROSAN\" PARTESTII DE JOS\tSuceava"}