{"specializari": {"TEHNICIAN IN ACTIVITATI ECONOMICE": 15}, "limba_moderna": {"LIMBA ENGLEZA": 15}, "limba_materna": {"LIMBA ROMANA": 15}, "promotie_anterioara": {"NU": 12, "DA": 3}, "materii": {"LIMBA ROMANA": {"medie": 5.665384615384616, "reusita": 73.33333333333333, "cnt": 15}, "GENERAL": {"medie": 6.2205128205128215, "reusita": 40.0, "cnt": 15}, "GEOGRAFIE": {"medie": 6.739285714285714, "reusita": 86.66666666666667, "cnt": 15}, "MATEMATICA TEHN": {"medie": 5.93846153846154, "reusita": 53.333333333333336, "cnt": 15}}, "nume": "LICEUL TEHNOLOGIC VINGA\tArad"}