{"specializari": {"STIINTE ALE NATURII": 16, "STIINTE SOCIALE": 35}, "limba_moderna": {"LIMBA ENGLEZA": 49, "LIMBA FRANCEZA": 1, "LIMBA GERMANA MODERNA": 1}, "limba_materna": {"LIMBA ROMANA": 51}, "promotie_anterioara": {"NU": 46, "DA": 5}, "materii": {"LIMBA ROMANA": {"medie": 6.72450980392157, "reusita": 90.19607843137256, "cnt": 51}, "GENERAL": {"medie": 6.95392156862745, "reusita": 80.3921568627451, "cnt": 51}, "ISTORIE": {"medie": 7.254285714285714, "reusita": 97.14285714285714, "cnt": 35}, "LOGICA, ARGUMENTARE SI COMUNICARE": {"medie": 9.133333333333335, "reusita": 100.0, "cnt": 3}, "GEOGRAFIE": {"medie": 7.713636363636365, "reusita": 100.0, "cnt": 11}, "FIZICA TEO": {"medie": 5.05, "reusita": 100.0, "cnt": 1}, "MATEMATICA ST-NAT": {"medie": 6.671874999999998, "reusita": 100.0, "cnt": 16}, "SOCIOLOGIE": {"medie": 5.966666666666667, "reusita": 80.95238095238095, "cnt": 21}, "ANATOMIE SI FIZIOLOGIE UMANA, GENETICA SI ECOLOGIE UMANA": {"medie": 7.849999999999998, "reusita": 100.0, "cnt": 15}}, "nume": "LICEUL TEORETIC \"TATA OANCEA\" BOCSA\tCara\u0219-Severin"}