{"specializari": {"STIINTE SOCIALE": 33, "MATEMATICA-INFORMATICA": 30, "FILOLOGIE": 29, "STIINTE ALE NATURII": 29}, "limba_moderna": {"LIMBA ENGLEZA": 121}, "limba_materna": {"LIMBA ROMANA": 121}, "promotie_anterioara": {"NU": 118, "DA": 3}, "materii": {"LIMBA ROMANA": {"medie": 7.349159663865548, "reusita": 96.69421487603306, "cnt": 121}, "MATEMATICA MATE-INFO": {"medie": 7.381666666666666, "reusita": 96.66666666666667, "cnt": 30}, "INFORMATICA MI C/C++": {"medie": 7.727272727272728, "reusita": 90.9090909090909, "cnt": 11}, "GENERAL": {"medie": 7.67090395480226, "reusita": 90.9090909090909, "cnt": 121}, "ISTORIE": {"medie": 7.675, "reusita": 98.38709677419355, "cnt": 62}, "LOGICA, ARGUMENTARE SI COMUNICARE": {"medie": 8.757954545454544, "reusita": 97.72727272727273, "cnt": 44}, "GEOGRAFIE": {"medie": 8.058333333333332, "reusita": 100.0, "cnt": 18}, "FIZICA TEO": {"medie": 8.916666666666666, "reusita": 100.0, "cnt": 3}, "MATEMATICA ST-NAT": {"medie": 6.966071428571431, "reusita": 93.10344827586206, "cnt": 29}, "ANATOMIE SI FIZIOLOGIE UMANA, GENETICA SI ECOLOGIE UMANA": {"medie": 7.554651162790697, "reusita": 93.33333333333333, "cnt": 45}}, "nume": "LICEUL TEORETIC \"TUDOR ARGHEZI\" CRAIOVA\tDolj"}