{"specializari": {"FILOLOGIE": 117, "MATEMATICA-INFORMATICA": 17, "TEHNICIAN IN ACTIVITATI ECONOMICE": 22, "STIINTE ALE NATURII": 8}, "limba_moderna": {"LIMBA ENGLEZA": 163, "LIMBA FRANCEZA": 1}, "limba_materna": {"LIMBA ROMANA": 164}, "promotie_anterioara": {"NU": 122, "DA": 42}, "materii": {"LIMBA ROMANA": {"medie": 5.788216560509548, "reusita": 81.70731707317073, "cnt": 164}, "MATEMATICA MATE-INFO": {"medie": 5.2676470588235285, "reusita": 70.58823529411765, "cnt": 17}, "INFORMATICA MI C/C++": {"medie": 5.21, "reusita": 60.0, "cnt": 5}, "GENERAL": {"medie": 6.043548387096773, "reusita": 43.292682926829265, "cnt": 164}, "ISTORIE": {"medie": 6.06261261261261, "reusita": 76.06837606837607, "cnt": 117}, "LOGICA, ARGUMENTARE SI COMUNICARE": {"medie": 6.598529411764708, "reusita": 77.77777777777779, "cnt": 36}, "MATEMATICA ST-NAT": {"medie": 5.085714285714286, "reusita": 62.5, "cnt": 8}, "FIZICA TEO": {"medie": 5.016666666666667, "reusita": 66.66666666666666, "cnt": 3}, "GEOGRAFIE": {"medie": 6.336666666666666, "reusita": 86.95652173913044, "cnt": 46}, "PSIHOLOGIE": {"medie": 6.91875, "reusita": 96.0, "cnt": 25}, "ANATOMIE SI FIZIOLOGIE UMANA, GENETICA SI ECOLOGIE UMANA": {"medie": 6.340909090909091, "reusita": 90.9090909090909, "cnt": 11}, "BIOLOGIE VEGETALA SI ANIMALA": {"medie": 5.599999999999999, "reusita": 50.0, "cnt": 6}, "SOCIOLOGIE": {"medie": 6.401666666666669, "reusita": 93.33333333333333, "cnt": 30}, "FILOSOFIE": {"medie": 8.05, "reusita": 50.0, "cnt": 2}, "MATEMATICA TEHN": {"medie": 5.631818181818182, "reusita": 63.63636363636363, "cnt": 22}}, "nume": "LICEUL TEORETIC \"HYPERION\"\tBucure\u0219ti"}