{"specializari": {"TEHNICIAN IN TURISM": 28}, "limba_moderna": {"LIMBA ENGLEZA": 28}, "limba_materna": {"LIMBA ROMANA": 28}, "promotie_anterioara": {"NU": 27, "DA": 1}, "materii": {"LIMBA ROMANA": {"medie": 6.6553571428571425, "reusita": 92.85714285714286, "cnt": 28}, "GENERAL": {"medie": 7.360897435897436, "reusita": 82.14285714285714, "cnt": 28}, "GEOGRAFIE": {"medie": 8.539285714285715, "reusita": 100.0, "cnt": 28}, "MATEMATICA TEHN": {"medie": 6.740384615384614, "reusita": 85.71428571428571, "cnt": 28}}, "nume": "LICEUL TEHNOLOGIC \"NICANOR MOROSAN\" PARTESTII DE JOS\tSuceava"}