{"specializari": {"LICEU CU PROGRAM SPORTIV": 68}, "limba_moderna": {"LIMBA ENGLEZA": 63, "LIMBA FRANCEZA": 5}, "limba_materna": {"LIMBA ROMANA": 68}, "promotie_anterioara": {"NU": 57, "DA": 11}, "materii": {"LIMBA ROMANA": {"medie": 6.083333333333333, "reusita": 92.64705882352942, "cnt": 68}, "GENERAL": {"medie": 6.091414141414142, "reusita": 44.11764705882353, "cnt": 68}, "ISTORIE": {"medie": 5.3507575757575765, "reusita": 67.64705882352942, "cnt": 68}, "LOGICA, ARGUMENTARE SI COMUNICARE": {"medie": 7.081818181818181, "reusita": 90.9090909090909, "cnt": 11}, "GEOGRAFIE": {"medie": 6.797222222222223, "reusita": 85.71428571428571, "cnt": 56}, "PSIHOLOGIE": {"medie": 6.5, "reusita": 100.0, "cnt": 1}}, "nume": "LICEUL CU PROGRAM SPORTIV BACAU\tBac\u0103u"}