{"specializari": {"STIINTE SOCIALE": 25, "TEHNICIAN IN AGRICULTURA": 3, "STIINTE ALE NATURII": 6, "TEHNICIAN IN INSTALATII ELECTRICE": 3, "TEHNICIAN PENTRU ANIMALE DE COMPANIE": 1}, "limba_moderna": {"LIMBA ENGLEZA": 32, "LIMBA FRANCEZA": 6}, "limba_materna": {"LIMBA ROMANA": 38}, "promotie_anterioara": {"NU": 25, "DA": 13}, "materii": {"LIMBA ROMANA": {"medie": 6.243055555555556, "reusita": 86.8421052631579, "cnt": 38}, "GENERAL": {"medie": 6.628921568627452, "reusita": 63.1578947368421, "cnt": 38}, "ISTORIE": {"medie": 7.234000000000001, "reusita": 84.0, "cnt": 25}, "LOGICA, ARGUMENTARE SI COMUNICARE": {"medie": 7.233333333333333, "reusita": 83.33333333333334, "cnt": 6}, "MATEMATICA ST-NAT": {"medie": 3.4250000000000003, "reusita": 33.33333333333333, "cnt": 6}, "GEOGRAFIE": {"medie": 8.030555555555557, "reusita": 94.44444444444444, "cnt": 18}, "PSIHOLOGIE": {"medie": 8.0, "reusita": 100.0, "cnt": 1}, "ANATOMIE SI FIZIOLOGIE UMANA, GENETICA SI ECOLOGIE UMANA": {"medie": 4.825, "reusita": 33.33333333333333, "cnt": 6}, "BIOLOGIE VEGETALA SI ANIMALA": {"medie": 6.39, "reusita": 57.14285714285714, "cnt": 7}, "MATEMATICA TEHN": {"medie": 4.069999999999999, "reusita": 28.57142857142857, "cnt": 7}}, "nume": "LICEUL TEORETIC BANEASA\tConstan\u021ba"}