{"specializari": {"INVATATOR - EDUCATOARE": 33, "STIINTE SOCIALE": 85, "FILOLOGIE": 53, "STIINTE ALE NATURII": 9, "MATEMATICA-INFORMATICA": 4}, "limba_moderna": {"LIMBA ENGLEZA": 173, "LIMBA FRANCEZA": 11}, "limba_materna": {"LIMBA ROMANA": 184}, "promotie_anterioara": {"NU": 127, "DA": 57}, "materii": {"LIMBA ROMANA": {"medie": 5.813687150837991, "reusita": 76.63043478260869, "cnt": 184}, "MATEMATICA MATE-INFO": {"medie": 4.975, "reusita": 75.0, "cnt": 4}, "GENERAL": {"medie": 5.823449612403099, "reusita": 38.04347826086957, "cnt": 184}, "ISTORIE": {"medie": 5.080303030303031, "reusita": 56.52173913043478, "cnt": 138}, "LOGICA, ARGUMENTARE SI COMUNICARE": {"medie": 7.609090909090909, "reusita": 86.36363636363636, "cnt": 22}, "GEOGRAFIE": {"medie": 6.445121951219512, "reusita": 80.23255813953489, "cnt": 86}, "MATEMATICA ST-NAT": {"medie": 3.7937499999999997, "reusita": 33.33333333333333, "cnt": 9}, "PSIHOLOGIE": {"medie": 8.058333333333334, "reusita": 100.0, "cnt": 6}, "SOCIOLOGIE": {"medie": 5.112962962962962, "reusita": 57.14285714285714, "cnt": 56}, "ANATOMIE SI FIZIOLOGIE UMANA, GENETICA SI ECOLOGIE UMANA": {"medie": 4.240909090909091, "reusita": 50.0, "cnt": 12}, "BIOLOGIE VEGETALA SI ANIMALA": {"medie": 4.2, "reusita": 0.0, "cnt": 1}, "MATEMATICA PED": {"medie": 7.510606060606062, "reusita": 90.9090909090909, "cnt": 33}, "FILOSOFIE": {"medie": 5.2, "reusita": 100.0, "cnt": 1}}, "nume": "LICEUL TEORETIC \"NICOLAE CARTOJAN\" GIURGIU\tGiurgiu"}