{"specializari": {"FILOLOGIE": 28}, "limba_moderna": {"LIMBA ENGLEZA": 23, "LIMBA FRANCEZA": 5}, "limba_materna": {"LIMBA ROMANA": 28}, "promotie_anterioara": {"NU": 26, "DA": 2}, "materii": {"LIMBA ROMANA": {"medie": 6.97608695652174, "reusita": 82.14285714285714, "cnt": 28}, "GENERAL": {"medie": 7.1775362318840585, "reusita": 78.57142857142857, "cnt": 28}, "ISTORIE": {"medie": 6.745652173913045, "reusita": 78.57142857142857, "cnt": 28}, "LOGICA, ARGUMENTARE SI COMUNICARE": {"medie": 8.19, "reusita": 100.0, "cnt": 10}, "GEOGRAFIE": {"medie": 7.519230769230767, "reusita": 72.22222222222221, "cnt": 18}}, "nume": "LICEUL TEHNOLOGIC \"TOMSA VODA\" SOLCA\tSuceava"}