{"specializari": {"ARTE PLASTICE SI DECORATIVE": 188}, "limba_moderna": {"LIMBA ENGLEZA": 187, "LIMBA FRANCEZA": 1}, "limba_materna": {"LIMBA ROMANA": 188}, "promotie_anterioara": {"NU": 183, "DA": 5}, "materii": {"LIMBA ROMANA": {"medie": 7.205945945945941, "reusita": 93.61702127659575, "cnt": 188}, "GENERAL": {"medie": 7.57540983606557, "reusita": 85.1063829787234, "cnt": 188}, "ISTORIE": {"medie": 7.511621621621621, "reusita": 95.2127659574468, "cnt": 188}, "LOGICA, ARGUMENTARE SI COMUNICARE": {"medie": 8.43763440860215, "reusita": 93.6842105263158, "cnt": 95}, "GEOGRAFIE": {"medie": 7.47622950819672, "reusita": 95.16129032258065, "cnt": 62}, "PSIHOLOGIE": {"medie": 7.437500000000001, "reusita": 93.33333333333333, "cnt": 30}, "FILOSOFIE": {"medie": 8.1, "reusita": 100.0, "cnt": 1}}, "nume": "LICEUL DE ARTE PLASTICE \"NICOLAE TONITZA\"\tBucure\u0219ti"}