{"specializari": {"STIINTE SOCIALE": 45, "FILOLOGIE": 31, "MATEMATICA-INFORMATICA": 13, "STIINTE ALE NATURII": 7}, "limba_moderna": {"LIMBA ENGLEZA": 93, "LIMBA FRANCEZA": 3}, "limba_materna": {"LIMBA ROMANA": 96}, "promotie_anterioara": {"NU": 75, "DA": 21}, "materii": {"LIMBA ROMANA": {"medie": 6.529891304347829, "reusita": 89.58333333333334, "cnt": 96}, "MATEMATICA MATE-INFO": {"medie": 4.616666666666666, "reusita": 53.84615384615385, "cnt": 13}, "GENERAL": {"medie": 6.748717948717949, "reusita": 65.625, "cnt": 96}, "ISTORIE": {"medie": 6.680555555555559, "reusita": 84.21052631578947, "cnt": 76}, "LOGICA, ARGUMENTARE SI COMUNICARE": {"medie": 8.916666666666666, "reusita": 100.0, "cnt": 3}, "GEOGRAFIE": {"medie": 7.641228070175437, "reusita": 93.33333333333333, "cnt": 60}, "MATEMATICA ST-NAT": {"medie": 5.121428571428572, "reusita": 85.71428571428571, "cnt": 7}, "PSIHOLOGIE": {"medie": 8.45, "reusita": 100.0, "cnt": 1}, "SOCIOLOGIE": {"medie": 7.229166666666668, "reusita": 91.66666666666666, "cnt": 12}, "ANATOMIE SI FIZIOLOGIE UMANA, GENETICA SI ECOLOGIE UMANA": {"medie": 7.316666666666666, "reusita": 83.33333333333334, "cnt": 6}, "BIOLOGIE VEGETALA SI ANIMALA": {"medie": 6.180769230769231, "reusita": 78.57142857142857, "cnt": 14}}, "nume": "LICEUL TEORETIC COSTESTI\tArge\u0219"}