{"specializari": {"FILOLOGIE": 22, "STIINTE ALE NATURII": 7}, "limba_moderna": {"LIMBA ENGLEZA": 29}, "limba_materna": {"LIMBA ROMANA": 29}, "promotie_anterioara": {"NU": 25, "DA": 4}, "materii": {"LIMBA ROMANA": {"medie": 6.194642857142858, "reusita": 93.10344827586206, "cnt": 29}, "GENERAL": {"medie": 6.826543209876542, "reusita": 68.96551724137932, "cnt": 29}, "ISTORIE": {"medie": 6.173809523809524, "reusita": 90.9090909090909, "cnt": 22}, "MATEMATICA ST-NAT": {"medie": 6.999999999999999, "reusita": 85.71428571428571, "cnt": 7}, "GEOGRAFIE": {"medie": 7.654999999999999, "reusita": 90.9090909090909, "cnt": 22}, "ANATOMIE SI FIZIOLOGIE UMANA, GENETICA SI ECOLOGIE UMANA": {"medie": 7.950000000000001, "reusita": 100.0, "cnt": 7}}, "nume": "LICEUL TEORETIC \"GRIGORE GHEBA\" DUMITRESTI\tVrancea"}