{"specializari": {"STIINTE SOCIALE": 35, "STIINTE ALE NATURII": 16}, "limba_moderna": {"LIMBA ENGLEZA": 49, "LIMBA FRANCEZA": 1, "LIMBA GERMANA MODERNA": 1}, "limba_materna": {"LIMBA ROMANA": 51}, "promotie_anterioara": {"NU": 46, "DA": 5}, "materii": {"LIMBA ROMANA": {"medie": 6.465686274509804, "reusita": 86.27450980392157, "cnt": 51}, "GENERAL": {"medie": 6.854575163398695, "reusita": 74.50980392156863, "cnt": 51}, "ISTORIE": {"medie": 7.2057142857142855, "reusita": 97.14285714285714, "cnt": 35}, "LOGICA, ARGUMENTARE SI COMUNICARE": {"medie": 9.133333333333335, "reusita": 100.0, "cnt": 3}, "MATEMATICA ST-NAT": {"medie": 6.671874999999998, "reusita": 100.0, "cnt": 16}, "FIZICA TEO": {"medie": 5.05, "reusita": 100.0, "cnt": 1}, "GEOGRAFIE": {"medie": 7.686363636363637, "reusita": 100.0, "cnt": 11}, "ANATOMIE SI FIZIOLOGIE UMANA, GENETICA SI ECOLOGIE UMANA": {"medie": 7.849999999999998, "reusita": 100.0, "cnt": 15}, "SOCIOLOGIE": {"medie": 5.966666666666667, "reusita": 80.95238095238095, "cnt": 21}}, "nume": "LICEUL TEORETIC \"TATA OANCEA\" BOCSA\tCara\u0219-Severin"}