{"specializari": {"LICEU CU PROGRAM SPORTIV": 61}, "limba_moderna": {"LIMBA ENGLEZA": 45, "LIMBA FRANCEZA": 16}, "limba_materna": {"LIMBA ROMANA": 61}, "promotie_anterioara": {"NU": 56, "DA": 5}, "materii": {"LIMBA ROMANA": {"medie": 5.554098360655737, "reusita": 68.85245901639344, "cnt": 61}, "GENERAL": {"medie": 6.2077777777777765, "reusita": 50.81967213114754, "cnt": 61}, "ISTORIE": {"medie": 6.255833333333333, "reusita": 75.40983606557377, "cnt": 61}, "LOGICA, ARGUMENTARE SI COMUNICARE": {"medie": 6.7703389830508485, "reusita": 79.66101694915254, "cnt": 59}, "GEOGRAFIE": {"medie": 7.625, "reusita": 100.0, "cnt": 2}}, "nume": "LICEUL CU PROGRAM SPORTIV CAMPULUNG\tArge\u0219"}