{"specializari": {"TEHNICIAN IN ACTIVITATI ECONOMICE": 33, "TEHNICIAN ELECTRICIAN/ELECTRONIST AUTO": 26, "TEHNICIAN IN INSTALATII ELECTRICE": 2, "TEHNICIAN IN AUTOMATIZARI": 1, "STIINTE ALE NATURII": 8, "TEHNICIAN ELECTRONIST": 2, "TEHNICIAN ELECTROTEHNIST": 1, "TEHNICIAN OPERATOR TEHNICA DE CALCUL": 1}, "limba_moderna": {"LIMBA ENGLEZA": 73, "LIMBA FRANCEZA": 1}, "limba_materna": {"LIMBA ROMANA": 74}, "promotie_anterioara": {"NU": 58, "DA": 16}, "materii": {"LIMBA ROMANA": {"medie": 4.400000000000001, "reusita": 39.189189189189186, "cnt": 74}, "GENERAL": {"medie": 4.239215686274509, "reusita": 14.864864864864865, "cnt": 74}, "MATEMATICA ST-NAT": {"medie": 2.3714285714285714, "reusita": 12.5, "cnt": 8}, "GEOGRAFIE": {"medie": 6.479166666666665, "reusita": 84.61538461538461, "cnt": 13}, "PSIHOLOGIE": {"medie": 4.199999999999999, "reusita": 50.0, "cnt": 2}, "ANATOMIE SI FIZIOLOGIE UMANA, GENETICA SI ECOLOGIE UMANA": {"medie": 3.4799999999999995, "reusita": 20.0, "cnt": 5}, "BIOLOGIE VEGETALA SI ANIMALA": {"medie": 3.417857142857143, "reusita": 16.666666666666664, "cnt": 30}, "MATEMATICA TEHN": {"medie": 4.134920634920635, "reusita": 42.42424242424242, "cnt": 66}, "FIZICA TEH": {"medie": 3.991666666666667, "reusita": 33.33333333333333, "cnt": 6}, "ECONOMIE": {"medie": 4.802777777777777, "reusita": 61.111111111111114, "cnt": 18}}, "nume": "LICEUL TEHNOLOGIC \"NIKOLA TESLA\"\tBucure\u0219ti"}