{"specializari": {"MUZICA": 34, "ARTE PLASTICE SI DECORATIVE": 33}, "limba_moderna": {"LIMBA ENGLEZA": 67}, "limba_materna": {"LIMBA ROMANA": 67}, "promotie_anterioara": {"NU": 59, "DA": 8}, "materii": {"LIMBA ROMANA": {"medie": 6.367424242424243, "reusita": 86.56716417910447, "cnt": 67}, "GENERAL": {"medie": 6.692820512820514, "reusita": 59.70149253731343, "cnt": 67}, "ISTORIE": {"medie": 6.244615384615386, "reusita": 76.11940298507463, "cnt": 67}, "LOGICA, ARGUMENTARE SI COMUNICARE": {"medie": 7.5145454545454555, "reusita": 85.45454545454545, "cnt": 55}, "GEOGRAFIE": {"medie": 6.486363636363637, "reusita": 72.72727272727273, "cnt": 11}, "PSIHOLOGIE": {"medie": 6.65, "reusita": 100.0, "cnt": 1}}, "nume": "LICEUL DE ARTE \"VICTOR BRAUNER\", MUNICIPIUL PIATRA-NEAMT\tNeam\u021b"}