{"specializari": {"ARHITECTURA, ARTE AMBIENTALE SI DESIGN": 29, "ARTE PLASTICE SI DECORATIVE": 31, "ARTA ACTORULUI": 29, "MUZICA": 24}, "limba_moderna": {"LIMBA FRANCEZA": 5, "LIMBA ENGLEZA": 108}, "limba_materna": {"LIMBA ROMANA": 113}, "promotie_anterioara": {"NU": 110, "DA": 3}, "materii": {"LIMBA ROMANA": {"medie": 7.708482142857144, "reusita": 97.34513274336283, "cnt": 113}, "GENERAL": {"medie": 7.6446428571428555, "reusita": 85.84070796460178, "cnt": 113}, "ISTORIE": {"medie": 7.316517857142861, "reusita": 89.38053097345133, "cnt": 113}, "LOGICA, ARGUMENTARE SI COMUNICARE": {"medie": 8.147222222222224, "reusita": 94.54545454545455, "cnt": 55}, "GEOGRAFIE": {"medie": 7.686842105263158, "reusita": 92.98245614035088, "cnt": 57}, "PSIHOLOGIE": {"medie": 7.7, "reusita": 100.0, "cnt": 1}}, "nume": "LICEUL DE ARTE \"MARGARETA STERIAN\" MUNICIPIUL BUZAU\tBuz\u0103u"}