{"specializari": {"INVATATOR - EDUCATOARE": 53, "MUZICA": 17, "INSTRUCTOR PENTRU ACTIVITATI EXTRASCOLARE": 21, "ARTE PLASTICE SI DECORATIVE": 28, "LICEU CU PROGRAM SPORTIV": 22}, "limba_moderna": {"LIMBA ENGLEZA": 131, "LIMBA FRANCEZA": 10}, "limba_materna": {"LIMBA ROMANA": 141}, "promotie_anterioara": {"NU": 129, "DA": 12}, "materii": {"LIMBA ROMANA": {"medie": 6.723529411764706, "reusita": 92.19858156028369, "cnt": 141}, "GENERAL": {"medie": 6.9712345679012335, "reusita": 70.2127659574468, "cnt": 141}, "ISTORIE": {"medie": 6.171686746987954, "reusita": 87.5, "cnt": 88}, "LOGICA, ARGUMENTARE SI COMUNICARE": {"medie": 7.531372549019609, "reusita": 88.23529411764706, "cnt": 51}, "GEOGRAFIE": {"medie": 7.362500000000001, "reusita": 93.42105263157895, "cnt": 76}, "PSIHOLOGIE": {"medie": 8.084615384615384, "reusita": 92.85714285714286, "cnt": 14}, "MATEMATICA PED": {"medie": 7.45096153846154, "reusita": 92.45283018867924, "cnt": 53}}, "nume": "LICEUL PEDAGOGIC \"IOAN POPESCU\", MUN. BARLAD\tVaslui"}