{"specializari": {"FILOLOGIE": 64, "STIINTE ALE NATURII": 30, "MATEMATICA-INFORMATICA": 31}, "limba_moderna": {"LIMBA ENGLEZA": 116, "LIMBA FRANCEZA": 9}, "limba_materna": {"LIMBA ROMANA": 125}, "promotie_anterioara": {"NU": 117, "DA": 8}, "materii": {"LIMBA ROMANA": {"medie": 7.956048387096774, "reusita": 99.2, "cnt": 125}, "MATEMATICA MATE-INFO": {"medie": 8.546774193548387, "reusita": 96.7741935483871, "cnt": 31}, "INFORMATICA MI C/C++": {"medie": 8.377272727272727, "reusita": 100.0, "cnt": 11}, "GENERAL": {"medie": 8.19918699186992, "reusita": 93.60000000000001, "cnt": 125}, "ISTORIE": {"medie": 7.6929687499999995, "reusita": 96.875, "cnt": 64}, "LOGICA, ARGUMENTARE SI COMUNICARE": {"medie": 8.473809523809523, "reusita": 97.61904761904762, "cnt": 42}, "CHIMIE ORGANICA TEO NIVEL I/II": {"medie": 9.16, "reusita": 100.0, "cnt": 5}, "MATEMATICA ST-NAT": {"medie": 8.716666666666667, "reusita": 100.0, "cnt": 30}, "FIZICA TEO": {"medie": 8.446428571428571, "reusita": 92.85714285714286, "cnt": 14}, "GEOGRAFIE": {"medie": 8.26764705882353, "reusita": 94.44444444444444, "cnt": 18}, "PSIHOLOGIE": {"medie": 8.5, "reusita": 100.0, "cnt": 4}, "ANATOMIE SI FIZIOLOGIE UMANA, GENETICA SI ECOLOGIE UMANA": {"medie": 8.256896551724138, "reusita": 96.55172413793103, "cnt": 29}, "INFORMATICA SN C/C++": {"medie": 8.325, "reusita": 100.0, "cnt": 2}}, "nume": "LICEUL TEORETIC \"NICOLAE BALCESCU\" MEDGIDIA\tConstan\u021ba"}