{"specializari": {"MATEMATICA-INFORMATICA": 11, "FILOLOGIE": 7, "TEHNICIAN MECANIC PENTRU INTRETINERE SI REPARATII": 3}, "limba_moderna": {"LIMBA ENGLEZA": 19, "LIMBA FRANCEZA": 2}, "limba_materna": {"LIMBA ROMANA": 21}, "promotie_anterioara": {"NU": 15, "DA": 6}, "materii": {"LIMBA ROMANA": {"medie": 5.945, "reusita": 76.19047619047619, "cnt": 21}, "MATEMATICA MATE-INFO": {"medie": 6.654999999999999, "reusita": 81.81818181818183, "cnt": 11}, "GENERAL": {"medie": 5.742982456140351, "reusita": 52.38095238095239, "cnt": 21}, "ISTORIE": {"medie": 4.964285714285714, "reusita": 57.14285714285714, "cnt": 7}, "SOCIOLOGIE": {"medie": 5.950000000000001, "reusita": 71.42857142857143, "cnt": 7}, "ANATOMIE SI FIZIOLOGIE UMANA, GENETICA SI ECOLOGIE UMANA": {"medie": 5.418181818181818, "reusita": 72.72727272727273, "cnt": 11}, "BIOLOGIE VEGETALA SI ANIMALA": {"medie": 4.975, "reusita": 33.33333333333333, "cnt": 3}, "MATEMATICA TEHN": {"medie": 3.425, "reusita": 33.33333333333333, "cnt": 3}}, "nume": "LICEUL \"MIRON CRISTEA\" SUBCETATE\tHarghita"}