{"specializari": {"MUZICA": 23, "ARTE PLASTICE SI DECORATIVE": 29}, "limba_moderna": {"LIMBA ENGLEZA": 49, "LIMBA GERMANA MODERNA": 3}, "limba_materna": {"LIMBA ROMANA": 52}, "promotie_anterioara": {"NU": 51, "DA": 1}, "materii": {"LIMBA ROMANA": {"medie": 6.172115384615385, "reusita": 78.84615384615384, "cnt": 52}, "GENERAL": {"medie": 6.847115384615384, "reusita": 67.3076923076923, "cnt": 52}, "ISTORIE": {"medie": 6.603846153846154, "reusita": 84.61538461538461, "cnt": 52}, "LOGICA, ARGUMENTARE SI COMUNICARE": {"medie": 7.313157894736843, "reusita": 89.47368421052632, "cnt": 19}, "GEOGRAFIE": {"medie": 7.982258064516128, "reusita": 96.7741935483871, "cnt": 31}, "PSIHOLOGIE": {"medie": 8.8, "reusita": 100.0, "cnt": 1}, "FILOSOFIE": {"medie": 8.6, "reusita": 100.0, "cnt": 1}}, "nume": "LICEUL DE ARTA SIBIU\tSibiu"}