{"specializari": {"MATEMATICA-INFORMATICA": 21, "STIINTE SOCIALE": 30, "STIINTE ALE NATURII": 27, "FILOLOGIE": 32, "LICEU CU PROGRAM SPORTIV": 13}, "limba_moderna": {"LIMBA ENGLEZA": 122, "LIMBA FRANCEZA": 1}, "limba_materna": {"LIMBA ROMANA": 123}, "promotie_anterioara": {"NU": 117, "DA": 6}, "materii": {"LIMBA ROMANA": {"medie": 7.597950819672129, "reusita": 98.3739837398374, "cnt": 123}, "MATEMATICA MATE-INFO": {"medie": 7.385714285714285, "reusita": 100.0, "cnt": 21}, "INFORMATICA MI C/C++": {"medie": 6.929411764705881, "reusita": 100.0, "cnt": 17}, "GENERAL": {"medie": 7.899724517906338, "reusita": 91.869918699187, "cnt": 123}, "ISTORIE": {"medie": 7.814864864864868, "reusita": 97.33333333333334, "cnt": 75}, "GEOGRAFIE": {"medie": 8.632786885245903, "reusita": 96.82539682539682, "cnt": 63}, "FIZICA TEO": {"medie": 7.05, "reusita": 100.0, "cnt": 1}, "MATEMATICA ST-NAT": {"medie": 7.68888888888889, "reusita": 96.29629629629629, "cnt": 27}, "SOCIOLOGIE": {"medie": 8.631818181818181, "reusita": 100.0, "cnt": 11}, "ANATOMIE SI FIZIOLOGIE UMANA, GENETICA SI ECOLOGIE UMANA": {"medie": 8.580000000000002, "reusita": 100.0, "cnt": 30}, "ECONOMIE": {"medie": 6.35, "reusita": 100.0, "cnt": 1}}, "nume": "LICEUL TEORETIC \"AXENTE SEVER\" MEDIAS\tSibiu"}