{"specializari": {"FILOLOGIE": 41, "MATEMATICA-INFORMATICA": 29, "STIINTE SOCIALE": 4}, "limba_moderna": {"LIMBA ENGLEZA": 74}, "limba_materna": {"LIMBA ROMANA": 74}, "promotie_anterioara": {"NU": 64, "DA": 10}, "materii": {"LIMBA ROMANA": {"medie": 6.357534246575343, "reusita": 82.43243243243244, "cnt": 74}, "MATEMATICA MATE-INFO": {"medie": 5.356896551724137, "reusita": 72.41379310344827, "cnt": 29}, "GENERAL": {"medie": 6.30821917808219, "reusita": 52.702702702702695, "cnt": 74}, "ISTORIE": {"medie": 5.989772727272725, "reusita": 75.55555555555556, "cnt": 45}, "LOGICA, ARGUMENTARE SI COMUNICARE": {"medie": 8.8, "reusita": 100.0, "cnt": 1}, "GEOGRAFIE": {"medie": 7.050000000000001, "reusita": 82.35294117647058, "cnt": 34}, "ANATOMIE SI FIZIOLOGIE UMANA, GENETICA SI ECOLOGIE UMANA": {"medie": 5.893103448275863, "reusita": 75.86206896551724, "cnt": 29}, "SOCIOLOGIE": {"medie": 8.614999999999998, "reusita": 100.0, "cnt": 10}}, "nume": "LICEUL TEORETIC \"CONSTANTIN BRANCOVEANU\" DABULENI\tDolj"}