{"specializari": {"LICEU CU PROGRAM SPORTIV": 175}, "limba_moderna": {"LIMBA ENGLEZA": 138, "LIMBA FRANCEZA": 37}, "limba_materna": {"LIMBA ROMANA": 175}, "promotie_anterioara": {"NU": 139, "DA": 36}, "materii": {"LIMBA ROMANA": {"medie": 5.847633136094674, "reusita": 77.14285714285715, "cnt": 175}, "GENERAL": {"medie": 6.266356107660457, "reusita": 54.85714285714286, "cnt": 175}, "ISTORIE": {"medie": 5.818902439024392, "reusita": 69.14285714285714, "cnt": 175}, "LOGICA, ARGUMENTARE SI COMUNICARE": {"medie": 6.878865979381438, "reusita": 76.47058823529412, "cnt": 102}, "GEOGRAFIE": {"medie": 7.183823529411765, "reusita": 84.50704225352112, "cnt": 71}, "PSIHOLOGIE": {"medie": 6.6, "reusita": 100.0, "cnt": 2}}, "nume": "LICEUL CU PROGRAM SPORTIV \"VIITORUL\" PITESTI\tArge\u0219"}