{"specializari": {"STIINTE ALE NATURII": 23, "FILOLOGIE": 32, "MATEMATICA-INFORMATICA": 4}, "limba_moderna": {"LIMBA ENGLEZA": 58, "LIMBA FRANCEZA": 1}, "limba_materna": {"LIMBA ROMANA": 59}, "promotie_anterioara": {"NU": 50, "DA": 9}, "materii": {"LIMBA ROMANA": {"medie": 6.134482758620693, "reusita": 91.52542372881356, "cnt": 59}, "MATEMATICA MATE-INFO": {"medie": 3.1333333333333333, "reusita": 25.0, "cnt": 4}, "GENERAL": {"medie": 6.736011904761903, "reusita": 71.1864406779661, "cnt": 59}, "ISTORIE": {"medie": 7.1937500000000005, "reusita": 96.875, "cnt": 32}, "LOGICA, ARGUMENTARE SI COMUNICARE": {"medie": 9.05, "reusita": 100.0, "cnt": 1}, "GEOGRAFIE": {"medie": 7.376923076923077, "reusita": 92.3076923076923, "cnt": 26}, "MATEMATICA ST-NAT": {"medie": 6.195238095238096, "reusita": 69.56521739130434, "cnt": 23}, "PSIHOLOGIE": {"medie": 8.7, "reusita": 100.0, "cnt": 1}, "SOCIOLOGIE": {"medie": 7.4750000000000005, "reusita": 100.0, "cnt": 4}, "ANATOMIE SI FIZIOLOGIE UMANA, GENETICA SI ECOLOGIE UMANA": {"medie": 7.161363636363635, "reusita": 82.6086956521739, "cnt": 23}, "BIOLOGIE VEGETALA SI ANIMALA": {"medie": 7.925000000000001, "reusita": 75.0, "cnt": 4}}, "nume": "LICEUL TEORETIC GATAIA\tTimi\u0219"}