{"specializari": {"FILOLOGIE": 30, "ARTE PLASTICE SI DECORATIVE": 57, "PATRIMONIU CULTURAL": 24, "TEHNICIAN METROLOG": 1}, "limba_moderna": {"LIMBA ENGLEZA": 112}, "limba_materna": {"LIMBA ROMANA": 112}, "promotie_anterioara": {"NU": 102, "DA": 10}, "materii": {"LIMBA ROMANA": {"medie": 5.919545454545457, "reusita": 86.60714285714286, "cnt": 112}, "GENERAL": {"medie": 6.253516819571869, "reusita": 61.60714285714286, "cnt": 112}, "ISTORIE": {"medie": 6.150000000000004, "reusita": 84.68468468468468, "cnt": 111}, "LOGICA, ARGUMENTARE SI COMUNICARE": {"medie": 6.393243243243244, "reusita": 72.97297297297297, "cnt": 37}, "GEOGRAFIE": {"medie": 6.690816326530611, "reusita": 80.76923076923077, "cnt": 52}, "PSIHOLOGIE": {"medie": 6.825, "reusita": 100.0, "cnt": 12}, "SOCIOLOGIE": {"medie": 6.25, "reusita": 100.0, "cnt": 3}, "FILOSOFIE": {"medie": 7.8999999999999995, "reusita": 100.0, "cnt": 7}, "MATEMATICA TEHN": {"medie": 5.05, "reusita": 100.0, "cnt": 1}, "FIZICA TEH": {"medie": 5.55, "reusita": 100.0, "cnt": 1}}, "nume": "LICEUL \"DIMITRIE PACIUREA\"\tBucure\u0219ti"}