{"specializari": {"TEOLOGIE ORTODOXA": 18}, "limba_moderna": {"LIMBA ENGLEZA": 17, "LIMBA FRANCEZA": 1}, "limba_materna": {"LIMBA ROMANA": 18}, "promotie_anterioara": {"NU": 15, "DA": 3}, "materii": {"LIMBA ROMANA": {"medie": 5.547058823529412, "reusita": 77.77777777777779, "cnt": 18}, "GENERAL": {"medie": 6.108823529411765, "reusita": 44.44444444444444, "cnt": 18}, "ISTORIE": {"medie": 6.082352941176469, "reusita": 72.22222222222221, "cnt": 18}, "GEOGRAFIE": {"medie": 6.697058823529413, "reusita": 83.33333333333334, "cnt": 18}}, "nume": "LICEUL ORTODOX \"SF. NICOLAE\" ZALAU\tS\u0103laj"}