{"specializari": {"LICEU CU PROGRAM SPORTIV": 56}, "limba_moderna": {"LIMBA ENGLEZA": 56}, "limba_materna": {"LIMBA ROMANA": 56}, "promotie_anterioara": {"NU": 42, "DA": 14}, "materii": {"LIMBA ROMANA": {"medie": 5.598181818181818, "reusita": 82.14285714285714, "cnt": 56}, "GENERAL": {"medie": 6.068553459119497, "reusita": 41.07142857142857, "cnt": 56}, "ISTORIE": {"medie": 5.747272727272728, "reusita": 82.14285714285714, "cnt": 56}, "GEOGRAFIE": {"medie": 6.825925925925925, "reusita": 96.36363636363636, "cnt": 55}, "FILOSOFIE": {"medie": 5.25, "reusita": 100.0, "cnt": 1}}, "nume": "LICEUL CU PROGRAM SPORTIV SATU MARE\tSatu-Mare"}