{"specializari": {"FILOLOGIE": 41, "MATEMATICA-INFORMATICA": 23}, "limba_moderna": {"LIMBA ENGLEZA": 48, "LIMBA GERMANA MODERNA": 16}, "limba_materna": {"LIMBA MAGHIARA": 64}, "promotie_anterioara": {"NU": 50, "DA": 14}, "materii": {"LIMBA ROMANA": {"medie": 4.780158730158732, "reusita": 53.125, "cnt": 64}, "MATEMATICA MATE-INFO": {"medie": 6.186956521739131, "reusita": 95.65217391304348, "cnt": 23}, "GENERAL": {"medie": 6.732341269841268, "reusita": 53.125, "cnt": 64}, "ISTORIE": {"medie": 6.897500000000001, "reusita": 95.1219512195122, "cnt": 41}, "GEOGRAFIE": {"medie": 7.453750000000002, "reusita": 95.1219512195122, "cnt": 41}, "ANATOMIE SI FIZIOLOGIE UMANA, GENETICA SI ECOLOGIE UMANA": {"medie": 8.125, "reusita": 100.0, "cnt": 6}, "BIOLOGIE VEGETALA SI ANIMALA": {"medie": 7.4833333333333325, "reusita": 93.33333333333333, "cnt": 15}, "LIMBA MAGHIARA (REAL)": {"medie": 8.11086956521739, "reusita": 100.0, "cnt": 23}, "LIMBA MAGHIARA (UMAN)": {"medie": 7.871249999999999, "reusita": 97.5609756097561, "cnt": 41}, "INFORMATICA MI PASCAL": {"medie": 8.325, "reusita": 100.0, "cnt": 2}}, "nume": "LICEUL TEORETIC \"ORBAN BALAZS\" CRISTURU SECUIESC\tHarghita"}