{"specializari": {"TEHNICIAN IN ADMINISTRATIE": 28, "TEHNICIAN ECOLOG SI PROTECTIA CALITATII MEDIULUI": 11}, "limba_moderna": {"LIMBA ENGLEZA": 37, "LIMBA FRANCEZA": 2}, "limba_materna": {"LIMBA ROMANA": 39}, "promotie_anterioara": {"NU": 31, "DA": 8}, "materii": {"LIMBA ROMANA": {"medie": 5.588571428571428, "reusita": 69.23076923076923, "cnt": 39}, "GENERAL": {"medie": 5.510952380952381, "reusita": 28.205128205128204, "cnt": 39}, "GEOGRAFIE": {"medie": 7.15892857142857, "reusita": 96.42857142857143, "cnt": 28}, "ANATOMIE SI FIZIOLOGIE UMANA, GENETICA SI ECOLOGIE UMANA": {"medie": 4.807142857142857, "reusita": 27.27272727272727, "cnt": 11}, "MATEMATICA TEHN": {"medie": 4.2557142857142845, "reusita": 43.58974358974359, "cnt": 39}}, "nume": "LICEUL TEHNOLOGIC ROSIA JIU, FARCASESTI\tGorj"}