{"specializari": {"FILOLOGIE": 91, "MATEMATICA-INFORMATICA": 57}, "limba_moderna": {"LIMBA ENGLEZA": 142, "LIMBA PORTUGHEZA": 5, "LIMBA FRANCEZA": 1}, "limba_materna": {"LIMBA ROMANA": 148}, "promotie_anterioara": {"NU": 140, "DA": 8}, "materii": {"LIMBA ROMANA": {"medie": 7.957094594594594, "reusita": 99.32432432432432, "cnt": 148}, "MATEMATICA MATE-INFO": {"medie": 6.678070175438598, "reusita": 92.98245614035088, "cnt": 57}, "INFORMATICA MI C/C++": {"medie": 8.237500000000002, "reusita": 100.0, "cnt": 24}, "GENERAL": {"medie": 7.791441441441444, "reusita": 92.56756756756756, "cnt": 148}, "ISTORIE": {"medie": 8.151098901098903, "reusita": 98.9010989010989, "cnt": 91}, "LOGICA, ARGUMENTARE SI COMUNICARE": {"medie": 8.177777777777779, "reusita": 100.0, "cnt": 18}, "CHIMIE ORGANICA TEO NIVEL I/II": {"medie": 7.7, "reusita": 100.0, "cnt": 1}, "FIZICA TEO": {"medie": 5.2, "reusita": 100.0, "cnt": 1}, "GEOGRAFIE": {"medie": 8.527586206896553, "reusita": 100.0, "cnt": 29}, "PSIHOLOGIE": {"medie": 8.45, "reusita": 100.0, "cnt": 8}, "ANATOMIE SI FIZIOLOGIE UMANA, GENETICA SI ECOLOGIE UMANA": {"medie": 6.783928571428571, "reusita": 96.42857142857143, "cnt": 28}, "BIOLOGIE VEGETALA SI ANIMALA": {"medie": 5.483333333333333, "reusita": 66.66666666666666, "cnt": 3}, "SOCIOLOGIE": {"medie": 7.8515625, "reusita": 96.875, "cnt": 32}, "FILOSOFIE": {"medie": 5.9, "reusita": 100.0, "cnt": 1}, "ECONOMIE": {"medie": 7.7, "reusita": 100.0, "cnt": 3}}, "nume": "LICEUL TEORETIC \"EUGEN LOVINESCU\"\tBucure\u0219ti"}