{"specializari": {"FILOLOGIE": 56, "STIINTE ALE NATURII": 33, "MATEMATICA-INFORMATICA": 22}, "limba_moderna": {"LIMBA FRANCEZA": 7, "LIMBA ENGLEZA": 104}, "limba_materna": {"LIMBA ROMANA": 111}, "promotie_anterioara": {"NU": 91, "DA": 20}, "materii": {"LIMBA ROMANA": {"medie": 6.671171171171169, "reusita": 88.28828828828829, "cnt": 111}, "MATEMATICA MATE-INFO": {"medie": 6.0659090909090905, "reusita": 72.72727272727273, "cnt": 22}, "INFORMATICA MI C/C++": {"medie": 8.45, "reusita": 100.0, "cnt": 1}, "GENERAL": {"medie": 6.74560606060606, "reusita": 64.86486486486487, "cnt": 111}, "ISTORIE": {"medie": 6.366964285714287, "reusita": 78.57142857142857, "cnt": 56}, "LOGICA, ARGUMENTARE SI COMUNICARE": {"medie": 7.733333333333334, "reusita": 100.0, "cnt": 3}, "MATEMATICA ST-NAT": {"medie": 5.240909090909089, "reusita": 66.66666666666666, "cnt": 33}, "GEOGRAFIE": {"medie": 7.791489361702129, "reusita": 91.66666666666666, "cnt": 48}, "ANATOMIE SI FIZIOLOGIE UMANA, GENETICA SI ECOLOGIE UMANA": {"medie": 7.25648148148148, "reusita": 92.5925925925926, "cnt": 54}, "SOCIOLOGIE": {"medie": 8.61, "reusita": 100.0, "cnt": 5}}, "nume": "LICEUL TEORETIC \"ION AGARBICEANU\" JIBOU\tS\u0103laj"}