{"specializari": {"FILOLOGIE": 69, "TEHNICIAN IN TURISM": 17, "LICEU CU PROGRAM SPORTIV": 14, "STIINTE ALE NATURII": 25, "MATEMATICA-INFORMATICA": 1}, "limba_moderna": {"LIMBA ENGLEZA": 122, "LIMBA FRANCEZA": 4}, "limba_materna": {"LIMBA ROMANA": 126}, "promotie_anterioara": {"NU": 95, "DA": 31}, "materii": {"LIMBA ROMANA": {"medie": 5.4212500000000015, "reusita": 69.84126984126983, "cnt": 126}, "MATEMATICA MATE-INFO": {"medie": 3.0, "reusita": 0.0, "cnt": 1}, "GENERAL": {"medie": 5.2844827586206895, "reusita": 34.92063492063492, "cnt": 126}, "ISTORIE": {"medie": 5.660240963855426, "reusita": 74.69879518072288, "cnt": 83}, "LOGICA, ARGUMENTARE SI COMUNICARE": {"medie": 7.9, "reusita": 100.0, "cnt": 4}, "GEOGRAFIE": {"medie": 6.001282051282054, "reusita": 82.05128205128204, "cnt": 78}, "MATEMATICA ST-NAT": {"medie": 1.5250000000000001, "reusita": 4.0, "cnt": 25}, "SOCIOLOGIE": {"medie": 6.023076923076923, "reusita": 84.61538461538461, "cnt": 13}, "ANATOMIE SI FIZIOLOGIE UMANA, GENETICA SI ECOLOGIE UMANA": {"medie": 3.3406249999999997, "reusita": 16.666666666666664, "cnt": 24}, "BIOLOGIE VEGETALA SI ANIMALA": {"medie": 5.65, "reusita": 50.0, "cnt": 2}, "ECONOMIE": {"medie": 2.95, "reusita": 0.0, "cnt": 5}, "MATEMATICA TEHN": {"medie": 4.102941176470588, "reusita": 47.05882352941176, "cnt": 17}}, "nume": "LICEUL TEORETIC \"MIHAIL KOGALNICEANU\" SNAGOV\tIlfov"}