{"specializari": {"TEHNICIAN IN AGRICULTURA": 14, "TEHNICIAN IN INDUSTRIA TEXTILA": 4}, "limba_moderna": {"LIMBA ENGLEZA": 17, "LIMBA FRANCEZA": 1}, "limba_materna": {"LIMBA ROMANA": 18}, "promotie_anterioara": {"NU": 14, "DA": 4}, "materii": {"LIMBA ROMANA": {"medie": 7.040909090909091, "reusita": 61.111111111111114, "cnt": 18}, "GENERAL": {"medie": 6.968333333333332, "reusita": 38.88888888888889, "cnt": 18}, "BIOLOGIE VEGETALA SI ANIMALA": {"medie": 5.958333333333333, "reusita": 38.88888888888889, "cnt": 18}, "MATEMATICA TEHN": {"medie": 6.323076923076922, "reusita": 55.55555555555556, "cnt": 18}}, "nume": "LICEUL TEHNOLOGIC TUFENI\tOlt"}