{"specializari": {"STIINTE ALE NATURII": 27, "GHID TURISM RELIGIOS": 23, "TEOLOGIE ROMANO-CATOLICA": 5}, "limba_moderna": {"LIMBA ENGLEZA": 53, "LIMBA GERMANA MODERNA": 2}, "limba_materna": {"LIMBA MAGHIARA": 55}, "promotie_anterioara": {"NU": 49, "DA": 6}, "materii": {"LIMBA ROMANA": {"medie": 6.172727272727273, "reusita": 85.45454545454545, "cnt": 55}, "GENERAL": {"medie": 7.536590909090912, "reusita": 78.18181818181819, "cnt": 55}, "ISTORIE": {"medie": 7.105357142857144, "reusita": 96.42857142857143, "cnt": 28}, "MATEMATICA ST-NAT": {"medie": 8.148148148148147, "reusita": 96.29629629629629, "cnt": 27}, "GEOGRAFIE": {"medie": 7.484090909090909, "reusita": 95.45454545454545, "cnt": 22}, "ANATOMIE SI FIZIOLOGIE UMANA, GENETICA SI ECOLOGIE UMANA": {"medie": 8.76923076923077, "reusita": 100.0, "cnt": 26}, "INFORMATICA SN C/C++": {"medie": 5.1, "reusita": 100.0, "cnt": 1}, "FILOSOFIE": {"medie": 9.066666666666666, "reusita": 100.0, "cnt": 6}, "LIMBA MAGHIARA (REAL)": {"medie": 8.135454545454545, "reusita": 100.0, "cnt": 55}}, "nume": "LICEUL TEOLOGIC ROMANO-CATOLIC \"HAM JANOS\" SATU MARE\tSatu-Mare"}