{"specializari": {"LICEU CU PROGRAM SPORTIV": 126}, "limba_moderna": {"LIMBA ENGLEZA": 126}, "limba_materna": {"LIMBA MAGHIARA": 62, "LIMBA ROMANA": 64}, "promotie_anterioara": {"NU": 101, "DA": 25}, "materii": {"LIMBA ROMANA": {"medie": 4.721825396825395, "reusita": 57.936507936507944, "cnt": 126}, "GENERAL": {"medie": 5.802633333333333, "reusita": 40.476190476190474, "cnt": 126}, "ISTORIE": {"medie": 5.670238095238096, "reusita": 78.57142857142857, "cnt": 126}, "LOGICA, ARGUMENTARE SI COMUNICARE": {"medie": 7.866666666666667, "reusita": 100.0, "cnt": 6}, "GEOGRAFIE": {"medie": 6.639912280701755, "reusita": 86.08695652173914, "cnt": 115}, "PSIHOLOGIE": {"medie": 7.15, "reusita": 100.0, "cnt": 5}, "LIMBA MAGHIARA (REAL)": {"medie": 6.57016129032258, "reusita": 96.7741935483871, "cnt": 62}}, "nume": "LICEUL CU PROGRAM SPORTIV \"SZASZ ADALBERT\" TIRGU MURES\tMure\u0219"}