{"specializari": {"FILOLOGIE": 62, "STIINTE SOCIALE": 58, "MATEMATICA-INFORMATICA": 64}, "limba_moderna": {"LIMBA ENGLEZA": 179, "LIMBA CHINEZA": 2, "LIMBA FRANCEZA": 3}, "limba_materna": {"LIMBA ROMANA": 184}, "promotie_anterioara": {"NU": 175, "DA": 9}, "materii": {"LIMBA ROMANA": {"medie": 6.6641304347826065, "reusita": 94.56521739130434, "cnt": 184}, "MATEMATICA MATE-INFO": {"medie": 6.699218749999998, "reusita": 84.375, "cnt": 64}, "INFORMATICA MI C/C++": {"medie": 6.795833333333334, "reusita": 83.33333333333334, "cnt": 12}, "GENERAL": {"medie": 7.149637681159414, "reusita": 78.26086956521739, "cnt": 184}, "ISTORIE": {"medie": 7.764583333333336, "reusita": 96.66666666666667, "cnt": 120}, "LOGICA, ARGUMENTARE SI COMUNICARE": {"medie": 8.764, "reusita": 100.0, "cnt": 25}, "CHIMIE ORGANICA TEO NIVEL I/II": {"medie": 7.2, "reusita": 100.0, "cnt": 1}, "FIZICA TEO": {"medie": 6.540000000000001, "reusita": 80.0, "cnt": 10}, "GEOGRAFIE": {"medie": 8.299999999999999, "reusita": 100.0, "cnt": 26}, "PSIHOLOGIE": {"medie": 8.005263157894737, "reusita": 100.0, "cnt": 19}, "ANATOMIE SI FIZIOLOGIE UMANA, GENETICA SI ECOLOGIE UMANA": {"medie": 6.6961538461538455, "reusita": 92.3076923076923, "cnt": 39}, "BIOLOGIE VEGETALA SI ANIMALA": {"medie": 5.65, "reusita": 100.0, "cnt": 2}, "SOCIOLOGIE": {"medie": 6.868888888888888, "reusita": 93.33333333333333, "cnt": 45}, "FILOSOFIE": {"medie": 7.5, "reusita": 100.0, "cnt": 1}, "ECONOMIE": {"medie": 7.425000000000001, "reusita": 100.0, "cnt": 4}}, "nume": "LICEUL TEORETIC \"MIHAIL SADOVEANU\"\tBucure\u0219ti"}