{"specializari": {"MATEMATICA-INFORMATICA": 33, "FILOLOGIE": 59, "STIINTE ALE NATURII": 57}, "limba_moderna": {"LIMBA FRANCEZA": 41, "LIMBA ENGLEZA": 104, "LIMBA ITALIANA": 4}, "limba_materna": {"LIMBA ROMANA": 122, "LIMBA UCRAINEANA": 27}, "promotie_anterioara": {"NU": 129, "DA": 20}, "materii": {"LIMBA ROMANA": {"medie": 6.970608108108104, "reusita": 91.94630872483222, "cnt": 149}, "MATEMATICA MATE-INFO": {"medie": 6.453030303030303, "reusita": 81.81818181818183, "cnt": 33}, "INFORMATICA MI C/C++": {"medie": 7.858333333333333, "reusita": 100.0, "cnt": 12}, "GENERAL": {"medie": 7.050595238095238, "reusita": 69.79865771812081, "cnt": 149}, "ISTORIE": {"medie": 6.525000000000002, "reusita": 79.66101694915254, "cnt": 59}, "MATEMATICA ST-NAT": {"medie": 6.140350877192983, "reusita": 82.45614035087719, "cnt": 57}, "FIZICA TEO": {"medie": 8.533333333333333, "reusita": 100.0, "cnt": 3}, "GEOGRAFIE": {"medie": 8.149122807017545, "reusita": 98.27586206896551, "cnt": 58}, "PSIHOLOGIE": {"medie": 6.3, "reusita": 100.0, "cnt": 1}, "ANATOMIE SI FIZIOLOGIE UMANA, GENETICA SI ECOLOGIE UMANA": {"medie": 6.7763636363636355, "reusita": 89.0909090909091, "cnt": 55}, "BIOLOGIE VEGETALA SI ANIMALA": {"medie": 6.605555555555554, "reusita": 73.68421052631578, "cnt": 19}, "INFORMATICA SN C/C++": {"medie": 7.3, "reusita": 100.0, "cnt": 1}, "LIMBA UCRAINEANA": {"medie": 9.014814814814812, "reusita": 100.0, "cnt": 27}}, "nume": "LICEUL TEORETIC \"IULIA HASDEU\" LUGOJ\tTimi\u0219"}