{"specializari": {"MATEMATICA-INFORMATICA": 29, "FILOLOGIE": 33, "TEHNICIAN TRANSPORTURI": 21, "TEHNICIAN IN INSTALATII ELECTRICE": 13, "TEHNICIAN MECATRONIST": 7}, "limba_moderna": {"LIMBA ENGLEZA": 61, "LIMBA FRANCEZA": 42}, "limba_materna": {"LIMBA ROMANA": 103}, "promotie_anterioara": {"NU": 86, "DA": 17}, "materii": {"LIMBA ROMANA": {"medie": 6.978350515463918, "reusita": 85.43689320388349, "cnt": 103}, "MATEMATICA MATE-INFO": {"medie": 7.005172413793105, "reusita": 86.20689655172413, "cnt": 29}, "GENERAL": {"medie": 6.903684210526315, "reusita": 65.0485436893204, "cnt": 103}, "ISTORIE": {"medie": 6.7953125000000005, "reusita": 93.93939393939394, "cnt": 33}, "GEOGRAFIE": {"medie": 7.895312499999999, "reusita": 90.9090909090909, "cnt": 33}, "FIZICA TEO": {"medie": 8.7, "reusita": 100.0, "cnt": 1}, "ANATOMIE SI FIZIOLOGIE UMANA, GENETICA SI ECOLOGIE UMANA": {"medie": 8.064285714285713, "reusita": 96.42857142857143, "cnt": 28}, "BIOLOGIE VEGETALA SI ANIMALA": {"medie": 5.985294117647061, "reusita": 65.85365853658537, "cnt": 41}, "MATEMATICA TEHN": {"medie": 5.5685714285714285, "reusita": 65.85365853658537, "cnt": 41}}, "nume": "LICEUL PREDA BUZESCU, ORAS BERBESTI\tV\u00e2lcea"}