{"specializari": {"FILOLOGIE": 38, "MATEMATICA-INFORMATICA": 28, "TEHNICIAN IN ACTIVITATI ECONOMICE": 10, "TEHNICIAN IN INDUSTRIA PIELARIEI": 4, "TEHNICIAN IN PRELUCRAREA LEMNULUI": 1}, "limba_moderna": {"LIMBA ENGLEZA": 81}, "limba_materna": {"LIMBA ROMANA": 81}, "promotie_anterioara": {"NU": 56, "DA": 25}, "materii": {"LIMBA ROMANA": {"medie": 6.745569620253164, "reusita": 95.06172839506173, "cnt": 81}, "MATEMATICA MATE-INFO": {"medie": 5.248214285714285, "reusita": 67.85714285714286, "cnt": 28}, "GENERAL": {"medie": 6.621271929824561, "reusita": 62.96296296296296, "cnt": 81}, "ISTORIE": {"medie": 7.1783783783783806, "reusita": 94.73684210526315, "cnt": 38}, "GEOGRAFIE": {"medie": 7.671621621621621, "reusita": 92.3076923076923, "cnt": 39}, "SOCIOLOGIE": {"medie": 6.6000000000000005, "reusita": 100.0, "cnt": 9}, "ANATOMIE SI FIZIOLOGIE UMANA, GENETICA SI ECOLOGIE UMANA": {"medie": 6.73888888888889, "reusita": 81.48148148148148, "cnt": 27}, "BIOLOGIE VEGETALA SI ANIMALA": {"medie": 4.2125, "reusita": 50.0, "cnt": 4}, "MATEMATICA TEHN": {"medie": 4.007692307692308, "reusita": 46.666666666666664, "cnt": 15}, "CHIMIE ANORGANICA TEH NIVEL I/II": {"medie": 4.225, "reusita": 50.0, "cnt": 2}}, "nume": "LICEUL TEHNOLOGIC \"SFANTU NICOLAE\" DETA\tTimi\u0219"}