{"specializari": {"STIINTE ALE NATURII": 85}, "limba_moderna": {"LIMBA ENGLEZA": 80, "LIMBA FRANCEZA": 4, "LIMBA GERMANA MODERNA": 1}, "limba_materna": {"LIMBA ROMANA": 85}, "promotie_anterioara": {"NU": 81, "DA": 4}, "materii": {"LIMBA ROMANA": {"medie": 7.549411764705882, "reusita": 100.0, "cnt": 85}, "GENERAL": {"medie": 7.563529411764706, "reusita": 92.94117647058823, "cnt": 85}, "FIZICA TEO": {"medie": 6.425000000000001, "reusita": 83.33333333333334, "cnt": 6}, "MATEMATICA ST-NAT": {"medie": 7.915882352941176, "reusita": 95.29411764705881, "cnt": 85}, "ANATOMIE SI FIZIOLOGIE UMANA, GENETICA SI ECOLOGIE UMANA": {"medie": 7.342982456140349, "reusita": 98.24561403508771, "cnt": 57}, "CHIMIE ANORGANICA TEO NIVEL I/II": {"medie": 7.699999999999998, "reusita": 100.0, "cnt": 14}, "BIOLOGIE VEGETALA SI ANIMALA": {"medie": 6.0, "reusita": 100.0, "cnt": 1}, "INFORMATICA SN C/C++": {"medie": 6.178571428571429, "reusita": 85.71428571428571, "cnt": 7}}, "nume": "LICEUL TEORETIC \"GEORGE EMIL PALADE\" CONSTANTA\tConstan\u021ba"}