{"specializari": {"STIINTE ALE NATURII": 32, "INVATATOR - EDUCATOARE": 25, "INSTRUCTOR PENTRU ACTIVITATI EXTRASCOLARE": 18}, "limba_moderna": {"LIMBA ENGLEZA": 74, "LIMBA FRANCEZA": 1}, "limba_materna": {"LIMBA ROMANA": 75}, "promotie_anterioara": {"NU": 66, "DA": 9}, "materii": {"LIMBA ROMANA": {"medie": 6.454166666666667, "reusita": 78.66666666666666, "cnt": 75}, "GENERAL": {"medie": 6.547619047619048, "reusita": 53.333333333333336, "cnt": 75}, "ISTORIE": {"medie": 5.173529411764706, "reusita": 38.88888888888889, "cnt": 18}, "MATEMATICA ST-NAT": {"medie": 5.6466666666666665, "reusita": 65.625, "cnt": 32}, "GEOGRAFIE": {"medie": 8.052564102564103, "reusita": 90.2439024390244, "cnt": 41}, "PSIHOLOGIE": {"medie": 5.15, "reusita": 100.0, "cnt": 2}, "ANATOMIE SI FIZIOLOGIE UMANA, GENETICA SI ECOLOGIE UMANA": {"medie": 5.617857142857142, "reusita": 55.172413793103445, "cnt": 29}, "BIOLOGIE VEGETALA SI ANIMALA": {"medie": 8.1, "reusita": 100.0, "cnt": 1}, "INFORMATICA SN C/C++": {"medie": 9.725000000000001, "reusita": 100.0, "cnt": 2}, "MATEMATICA PED": {"medie": 7.108333333333332, "reusita": 80.0, "cnt": 25}}, "nume": "LICEUL \"MARIN PREDA\" ODORHEIU SECUIESC\tHarghita"}