{"specializari": {"LICEU CU PROGRAM SPORTIV": 176}, "limba_moderna": {"LIMBA ENGLEZA": 175, "LIMBA FRANCEZA": 1}, "limba_materna": {"LIMBA ROMANA": 176}, "promotie_anterioara": {"NU": 161, "DA": 15}, "materii": {"LIMBA ROMANA": {"medie": 5.891428571428572, "reusita": 76.13636363636364, "cnt": 176}, "GENERAL": {"medie": 6.326841085271321, "reusita": 55.68181818181818, "cnt": 176}, "ISTORIE": {"medie": 6.14885714285714, "reusita": 85.79545454545455, "cnt": 176}, "LOGICA, ARGUMENTARE SI COMUNICARE": {"medie": 7.018000000000003, "reusita": 76.92307692307693, "cnt": 52}, "GEOGRAFIE": {"medie": 6.815217391304346, "reusita": 89.65517241379311, "cnt": 116}, "PSIHOLOGIE": {"medie": 7.8625, "reusita": 100.0, "cnt": 8}}, "nume": "LICEUL CU PROGRAM SPORTIV CLUJ-NAPOCA\tCluj"}