{"specializari": {"FILOLOGIE": 66, "STIINTE SOCIALE": 35, "STIINTE ALE NATURII": 65, "MATEMATICA-INFORMATICA": 60}, "limba_moderna": {"LIMBA ENGLEZA": 225, "LIMBA FRANCEZA": 1}, "limba_materna": {"LIMBA ROMANA": 226}, "promotie_anterioara": {"NU": 202, "DA": 24}, "materii": {"LIMBA ROMANA": {"medie": 7.459292035398222, "reusita": 96.90265486725663, "cnt": 226}, "MATEMATICA MATE-INFO": {"medie": 6.347500000000001, "reusita": 90.0, "cnt": 60}, "INFORMATICA MI C/C++": {"medie": 7.17, "reusita": 100.0, "cnt": 20}, "GENERAL": {"medie": 7.373958333333333, "reusita": 85.39823008849558, "cnt": 226}, "ISTORIE": {"medie": 7.764500000000001, "reusita": 98.01980198019803, "cnt": 101}, "LOGICA, ARGUMENTARE SI COMUNICARE": {"medie": 8.476190476190474, "reusita": 95.23809523809523, "cnt": 21}, "CHIMIE ORGANICA TEO NIVEL I/II": {"medie": 6.55, "reusita": 66.66666666666666, "cnt": 3}, "MATEMATICA ST-NAT": {"medie": 6.755384615384615, "reusita": 93.84615384615384, "cnt": 65}, "FIZICA TEO": {"medie": 6.333333333333333, "reusita": 83.33333333333334, "cnt": 6}, "GEOGRAFIE": {"medie": 8.247169811320756, "reusita": 98.14814814814815, "cnt": 54}, "PSIHOLOGIE": {"medie": 7.377272727272726, "reusita": 100.0, "cnt": 11}, "ANATOMIE SI FIZIOLOGIE UMANA, GENETICA SI ECOLOGIE UMANA": {"medie": 7.143820224719102, "reusita": 91.11111111111111, "cnt": 90}, "BIOLOGIE VEGETALA SI ANIMALA": {"medie": 7.2124999999999995, "reusita": 75.0, "cnt": 4}, "SOCIOLOGIE": {"medie": 7.303333333333333, "reusita": 100.0, "cnt": 15}, "INFORMATICA SN C/C++": {"medie": 8.2, "reusita": 100.0, "cnt": 2}}, "nume": "LICEUL TEORETIC \"DIMITRIE BOLINTINEANU\"\tBucure\u0219ti"}