{"specializari": {"TEHNICIAN MECATRONIST": 17}, "limba_moderna": {"LIMBA ENGLEZA": 17}, "limba_materna": {"LIMBA ROMANA": 17}, "promotie_anterioara": {"NU": 17}, "materii": {"LIMBA ROMANA": {"medie": 6.5588235294117645, "reusita": 94.11764705882352, "cnt": 17}, "GENERAL": {"medie": 6.634313725490196, "reusita": 52.94117647058824, "cnt": 17}, "BIOLOGIE VEGETALA SI ANIMALA": {"medie": 6.208823529411764, "reusita": 70.58823529411765, "cnt": 17}, "MATEMATICA TEHN": {"medie": 7.1352941176470575, "reusita": 88.23529411764706, "cnt": 17}}, "nume": "LICEUL TEHNOLOGIC \"DR. FLORIAN ULMEANU\" ULMENI\tMaramure\u0219"}