{"specializari": {"STIINTE SOCIALE": 33, "MATEMATICA-INFORMATICA": 57, "FILOLOGIE": 35, "STIINTE ALE NATURII": 66, "TEHNICIAN MECANIC PENTRU INTRETINERE SI REPARATII": 22, "TEHNICIAN IN INSTALATII ELECTRICE": 3, "TEHNICIAN MECATRONIST": 13}, "limba_moderna": {"LIMBA ENGLEZA": 228, "LIMBA FRANCEZA": 1}, "limba_materna": {"LIMBA ROMANA": 229}, "promotie_anterioara": {"NU": 172, "DA": 57}, "materii": {"LIMBA ROMANA": {"medie": 5.878703703703707, "reusita": 69.43231441048034, "cnt": 229}, "MATEMATICA MATE-INFO": {"medie": 5.407142857142858, "reusita": 61.40350877192983, "cnt": 57}, "INFORMATICA MI C/C++": {"medie": 7.65, "reusita": 100.0, "cnt": 1}, "GENERAL": {"medie": 5.703712871287133, "reusita": 43.66812227074236, "cnt": 229}, "ISTORIE": {"medie": 6.6325757575757605, "reusita": 95.58823529411765, "cnt": 68}, "LOGICA, ARGUMENTARE SI COMUNICARE": {"medie": 7.032142857142857, "reusita": 82.75862068965517, "cnt": 29}, "CHIMIE ORGANICA TEO NIVEL I/II": {"medie": 10.0, "reusita": 100.0, "cnt": 1}, "MATEMATICA ST-NAT": {"medie": 3.725892857142857, "reusita": 34.84848484848485, "cnt": 66}, "FIZICA TEO": {"medie": 9.425, "reusita": 100.0, "cnt": 6}, "GEOGRAFIE": {"medie": 8.271052631578948, "reusita": 97.43589743589743, "cnt": 39}, "ANATOMIE SI FIZIOLOGIE UMANA, GENETICA SI ECOLOGIE UMANA": {"medie": 5.34578947368421, "reusita": 61.165048543689316, "cnt": 103}, "BIOLOGIE VEGETALA SI ANIMALA": {"medie": 4.452499999999999, "reusita": 38.0, "cnt": 50}, "MATEMATICA TEHN": {"medie": 2.5517857142857143, "reusita": 15.789473684210526, "cnt": 38}}, "nume": "LICEUL TEORETIC VIDELE\tTeleorman"}