{"specializari": {"LICEU CU PROGRAM SPORTIV": 83}, "limba_moderna": {"LIMBA ENGLEZA": 81, "LIMBA FRANCEZA": 2}, "limba_materna": {"LIMBA ROMANA": 83}, "promotie_anterioara": {"NU": 67, "DA": 16}, "materii": {"LIMBA ROMANA": {"medie": 5.579268292682928, "reusita": 72.28915662650603, "cnt": 83}, "GENERAL": {"medie": 6.031687242798353, "reusita": 55.42168674698795, "cnt": 83}, "ISTORIE": {"medie": 6.23780487804878, "reusita": 87.95180722891565, "cnt": 83}, "LOGICA, ARGUMENTARE SI COMUNICARE": {"medie": 5.867073170731707, "reusita": 65.85365853658537, "cnt": 41}, "GEOGRAFIE": {"medie": 6.623529411764705, "reusita": 80.55555555555556, "cnt": 36}, "PSIHOLOGIE": {"medie": 6.624999999999999, "reusita": 100.0, "cnt": 6}}, "nume": "LICEUL CU PROGRAM SPORTIV BAIA MARE\tMaramure\u0219"}