{"specializari": {"STIINTE ALE NATURII": 31, "STIINTE SOCIALE": 66, "FILOLOGIE": 33, "MATEMATICA-INFORMATICA": 54}, "limba_moderna": {"LIMBA ENGLEZA": 177, "LIMBA SPANIOLA": 3, "LIMBA FRANCEZA": 3, "LIMBA GERMANA MODERNA": 1}, "limba_materna": {"LIMBA ROMANA": 184}, "promotie_anterioara": {"NU": 182, "DA": 2}, "materii": {"LIMBA ROMANA": {"medie": 8.113661202185787, "reusita": 99.45652173913044, "cnt": 184}, "MATEMATICA MATE-INFO": {"medie": 8.127777777777776, "reusita": 98.14814814814815, "cnt": 54}, "INFORMATICA MI C/C++": {"medie": 8.8530303030303, "reusita": 100.0, "cnt": 33}, "GENERAL": {"medie": 8.636156648451726, "reusita": 98.36956521739131, "cnt": 184}, "ISTORIE": {"medie": 8.891836734693873, "reusita": 98.98989898989899, "cnt": 99}, "LOGICA, ARGUMENTARE SI COMUNICARE": {"medie": 9.348888888888888, "reusita": 100.0, "cnt": 45}, "CHIMIE ORGANICA TEO NIVEL I/II": {"medie": 9.440000000000001, "reusita": 100.0, "cnt": 5}, "MATEMATICA ST-NAT": {"medie": 9.288709677419359, "reusita": 100.0, "cnt": 31}, "FIZICA TEO": {"medie": 6.8, "reusita": 100.0, "cnt": 1}, "GEOGRAFIE": {"medie": 9.057547169811318, "reusita": 98.14814814814815, "cnt": 54}, "ANATOMIE SI FIZIOLOGIE UMANA, GENETICA SI ECOLOGIE UMANA": {"medie": 8.866666666666665, "reusita": 97.61904761904762, "cnt": 42}, "CHIMIE ANORGANICA TEO NIVEL I/II": {"medie": 9.683333333333334, "reusita": 100.0, "cnt": 3}, "INFORMATICA SN C/C++": {"medie": 9.85, "reusita": 100.0, "cnt": 1}}, "nume": "LICEUL TEORETIC \"DIMITRIE CANTEMIR\", IASI\tIa\u0219i"}