{"specializari": {"MATEMATICA-INFORMATICA": 57, "STIINTE ALE NATURII": 35, "FILOLOGIE": 60, "STIINTE SOCIALE": 35}, "limba_moderna": {"LIMBA ENGLEZA": 184, "LIMBA FRANCEZA": 3}, "limba_materna": {"LIMBA ROMANA": 187}, "promotie_anterioara": {"NU": 163, "DA": 24}, "materii": {"LIMBA ROMANA": {"medie": 6.9145945945945915, "reusita": 97.32620320855615, "cnt": 187}, "MATEMATICA MATE-INFO": {"medie": 7.0428571428571445, "reusita": 85.96491228070175, "cnt": 57}, "INFORMATICA MI C/C++": {"medie": 8.16111111111111, "reusita": 100.0, "cnt": 9}, "GENERAL": {"medie": 7.104098360655739, "reusita": 75.93582887700535, "cnt": 187}, "ISTORIE": {"medie": 6.832105263157894, "reusita": 96.84210526315789, "cnt": 95}, "LOGICA, ARGUMENTARE SI COMUNICARE": {"medie": 7.0249999999999995, "reusita": 100.0, "cnt": 4}, "CHIMIE ORGANICA TEO NIVEL I/II": {"medie": 9.525, "reusita": 100.0, "cnt": 2}, "MATEMATICA ST-NAT": {"medie": 6.828571428571427, "reusita": 94.28571428571428, "cnt": 35}, "FIZICA TEO": {"medie": 8.741666666666665, "reusita": 85.71428571428571, "cnt": 7}, "GEOGRAFIE": {"medie": 7.6291666666666655, "reusita": 97.95918367346938, "cnt": 49}, "PSIHOLOGIE": {"medie": 6.628000000000001, "reusita": 92.0, "cnt": 25}, "ANATOMIE SI FIZIOLOGIE UMANA, GENETICA SI ECOLOGIE UMANA": {"medie": 7.424999999999996, "reusita": 93.24324324324324, "cnt": 74}, "SOCIOLOGIE": {"medie": 7.13235294117647, "reusita": 100.0, "cnt": 17}}, "nume": "LICEUL TEORETIC \"ION LUCA\" VATRA DORNEI\tSuceava"}