{"specializari": {"MATEMATICA-INFORMATICA": 75, "STIINTE ALE NATURII": 21, "FILOLOGIE": 74, "STIINTE SOCIALE": 40}, "limba_moderna": {"LIMBA ENGLEZA": 210}, "limba_materna": {"LIMBA ROMANA": 210}, "promotie_anterioara": {"NU": 200, "DA": 10}, "materii": {"LIMBA ROMANA": {"medie": 8.301923076923076, "reusita": 99.04761904761905, "cnt": 210}, "MATEMATICA MATE-INFO": {"medie": 8.13133333333333, "reusita": 96.0, "cnt": 75}, "INFORMATICA MI C/C++": {"medie": 8.21923076923077, "reusita": 100.0, "cnt": 13}, "GENERAL": {"medie": 8.272996794871796, "reusita": 91.42857142857143, "cnt": 210}, "ISTORIE": {"medie": 7.966071428571428, "reusita": 95.6140350877193, "cnt": 114}, "LOGICA, ARGUMENTARE SI COMUNICARE": {"medie": 8.750000000000002, "reusita": 96.42857142857143, "cnt": 28}, "GEOGRAFIE": {"medie": 8.636363636363637, "reusita": 100.0, "cnt": 77}, "FIZICA TEO": {"medie": 8.839130434782609, "reusita": 95.65217391304348, "cnt": 23}, "CHIMIE ORGANICA TEO NIVEL I/II": {"medie": 9.540000000000001, "reusita": 100.0, "cnt": 5}, "MATEMATICA ST-NAT": {"medie": 8.014285714285714, "reusita": 95.23809523809523, "cnt": 21}, "PSIHOLOGIE": {"medie": 8.0, "reusita": 100.0, "cnt": 1}, "SOCIOLOGIE": {"medie": 6.37, "reusita": 66.66666666666666, "cnt": 6}, "ANATOMIE SI FIZIOLOGIE UMANA, GENETICA SI ECOLOGIE UMANA": {"medie": 8.20818181818182, "reusita": 98.18181818181819, "cnt": 55}, "ECONOMIE": {"medie": 7.4, "reusita": 100.0, "cnt": 2}}, "nume": "LICEUL TEORETIC \"MIHAI VITEAZUL\" CARACAL\tOlt"}