{"specializari": {"TEHNICIAN IN ACTIVITATI ECONOMICE": 26, "STIINTE SOCIALE": 3, "TEHNICIAN MECANIC PENTRU INTRETINERE SI REPARATII": 14, "TEHNICIAN OPERATOR TEHNICA DE CALCUL": 1}, "limba_moderna": {"LIMBA ENGLEZA": 44}, "limba_materna": {"LIMBA ROMANA": 44}, "promotie_anterioara": {"NU": 35, "DA": 9}, "materii": {"LIMBA ROMANA": {"medie": 5.784523809523808, "reusita": 65.9090909090909, "cnt": 44}, "GENERAL": {"medie": 5.415853658536585, "reusita": 40.909090909090914, "cnt": 44}, "ISTORIE": {"medie": 3.4499999999999997, "reusita": 33.33333333333333, "cnt": 3}, "GEOGRAFIE": {"medie": 6.938888888888889, "reusita": 92.5925925925926, "cnt": 27}, "PSIHOLOGIE": {"medie": 7.15, "reusita": 100.0, "cnt": 2}, "BIOLOGIE VEGETALA SI ANIMALA": {"medie": 2.980769230769231, "reusita": 6.666666666666667, "cnt": 15}, "MATEMATICA TEHN": {"medie": 4.665789473684211, "reusita": 46.34146341463415, "cnt": 41}}, "nume": "LICEUL TEHNOLOGIC \"STEFAN HELL\" SANTANA\tArad"}