{"specializari": {"FILOLOGIE": 56, "STIINTE ALE NATURII": 33, "MATEMATICA-INFORMATICA": 22}, "limba_moderna": {"LIMBA FRANCEZA": 7, "LIMBA ENGLEZA": 104}, "limba_materna": {"LIMBA ROMANA": 111}, "promotie_anterioara": {"NU": 91, "DA": 20}, "materii": {"LIMBA ROMANA": {"medie": 6.731981981981979, "reusita": 92.7927927927928, "cnt": 111}, "MATEMATICA MATE-INFO": {"medie": 6.0659090909090905, "reusita": 72.72727272727273, "cnt": 22}, "INFORMATICA MI C/C++": {"medie": 8.45, "reusita": 100.0, "cnt": 1}, "GENERAL": {"medie": 6.757424242424244, "reusita": 65.76576576576578, "cnt": 111}, "ISTORIE": {"medie": 6.3428571428571425, "reusita": 80.35714285714286, "cnt": 56}, "LOGICA, ARGUMENTARE SI COMUNICARE": {"medie": 8.1, "reusita": 100.0, "cnt": 3}, "GEOGRAFIE": {"medie": 7.796808510638299, "reusita": 91.66666666666666, "cnt": 48}, "MATEMATICA ST-NAT": {"medie": 5.189393939393939, "reusita": 63.63636363636363, "cnt": 33}, "SOCIOLOGIE": {"medie": 8.61, "reusita": 100.0, "cnt": 5}, "ANATOMIE SI FIZIOLOGIE UMANA, GENETICA SI ECOLOGIE UMANA": {"medie": 7.235185185185185, "reusita": 90.74074074074075, "cnt": 54}}, "nume": "LICEUL TEORETIC \"ION AGARBICEANU\" JIBOU\tS\u0103laj"}