{"specializari": {"LICEU CU PROGRAM SPORTIV": 92}, "limba_moderna": {"LIMBA ENGLEZA": 77, "LIMBA FRANCEZA": 15}, "limba_materna": {"LIMBA ROMANA": 92}, "promotie_anterioara": {"NU": 85, "DA": 7}, "materii": {"LIMBA ROMANA": {"medie": 5.715697674418602, "reusita": 76.08695652173914, "cnt": 92}, "GENERAL": {"medie": 6.162790697674419, "reusita": 52.17391304347826, "cnt": 92}, "ISTORIE": {"medie": 5.85344827586207, "reusita": 77.17391304347827, "cnt": 92}, "LOGICA, ARGUMENTARE SI COMUNICARE": {"medie": 9.133333333333335, "reusita": 100.0, "cnt": 3}, "GEOGRAFIE": {"medie": 6.870779220779217, "reusita": 85.36585365853658, "cnt": 82}, "PSIHOLOGIE": {"medie": 6.421428571428571, "reusita": 100.0, "cnt": 7}}, "nume": "LICEUL CU PROGRAM SPORTIV, MUNICIPIUL ROMAN\tNeam\u021b"}