{"specializari": {"TEHNICIAN IN TURISM": 24}, "limba_moderna": {"LIMBA ENGLEZA": 24}, "limba_materna": {"LIMBA MAGHIARA": 24}, "promotie_anterioara": {"NU": 17, "DA": 7}, "materii": {"LIMBA ROMANA": {"medie": 3.510416666666666, "reusita": 25.0, "cnt": 24}, "GENERAL": {"medie": 5.388586956521738, "reusita": 20.833333333333336, "cnt": 24}, "GEOGRAFIE": {"medie": 6.4312499999999995, "reusita": 87.5, "cnt": 24}, "MATEMATICA TEHN": {"medie": 4.795652173913043, "reusita": 54.166666666666664, "cnt": 24}, "LIMBA MAGHIARA (REAL)": {"medie": 6.704166666666666, "reusita": 95.83333333333334, "cnt": 24}}, "nume": "LICEUL TEHNOLOGIC CORUND\tHarghita"}