{"specializari": {"STIINTE SOCIALE": 14, "STIINTE ALE NATURII": 14, "TEHNICIAN IN SILVICULTURA SI EXPLOATARI FORESTIERE": 2}, "limba_moderna": {"LIMBA ENGLEZA": 25, "LIMBA FRANCEZA": 5}, "limba_materna": {"LIMBA ROMANA": 30}, "promotie_anterioara": {"NU": 26, "DA": 4}, "materii": {"LIMBA ROMANA": {"medie": 6.288333333333333, "reusita": 86.66666666666667, "cnt": 30}, "GENERAL": {"medie": 6.617222222222223, "reusita": 73.33333333333333, "cnt": 30}, "ISTORIE": {"medie": 7.017857142857143, "reusita": 85.71428571428571, "cnt": 14}, "LOGICA, ARGUMENTARE SI COMUNICARE": {"medie": 9.066666666666668, "reusita": 100.0, "cnt": 3}, "MATEMATICA ST-NAT": {"medie": 5.728571428571428, "reusita": 71.42857142857143, "cnt": 14}, "GEOGRAFIE": {"medie": 6.872727272727272, "reusita": 90.9090909090909, "cnt": 11}, "ANATOMIE SI FIZIOLOGIE UMANA, GENETICA SI ECOLOGIE UMANA": {"medie": 7.173333333333333, "reusita": 93.33333333333333, "cnt": 15}, "BIOLOGIE VEGETALA SI ANIMALA": {"medie": 8.25, "reusita": 100.0, "cnt": 1}, "MATEMATICA TEHN": {"medie": 4.9, "reusita": 50.0, "cnt": 2}}, "nume": "LICEUL TEHNOLOGIC CORBU\tHarghita"}