{"specializari": {"FILOLOGIE": 36, "STIINTE ALE NATURII": 19}, "limba_moderna": {"LIMBA ENGLEZA": 55}, "limba_materna": {"LIMBA ROMANA": 55}, "promotie_anterioara": {"NU": 49, "DA": 6}, "materii": {"LIMBA ROMANA": {"medie": 7.399074074074075, "reusita": 94.54545454545455, "cnt": 55}, "GENERAL": {"medie": 7.367924528301888, "reusita": 78.18181818181819, "cnt": 55}, "ISTORIE": {"medie": 7.674285714285715, "reusita": 94.44444444444444, "cnt": 36}, "GEOGRAFIE": {"medie": 7.994285714285711, "reusita": 97.22222222222221, "cnt": 36}, "MATEMATICA ST-NAT": {"medie": 6.122222222222224, "reusita": 73.68421052631578, "cnt": 19}, "ANATOMIE SI FIZIOLOGIE UMANA, GENETICA SI ECOLOGIE UMANA": {"medie": 6.4875, "reusita": 88.23529411764706, "cnt": 17}, "BIOLOGIE VEGETALA SI ANIMALA": {"medie": 7.2, "reusita": 100.0, "cnt": 2}}, "nume": "LICEUL TEORETIC \"DUILIU ZAMFIRESCU\" ODOBESTI\tVrancea"}