{"specializari": {"TEHNICIAN IN TURISM": 12, "TEHNICIAN AGROMONTAN": 9}, "limba_moderna": {"LIMBA ENGLEZA": 19, "LIMBA GERMANA MODERNA": 2}, "limba_materna": {"LIMBA MAGHIARA": 21}, "promotie_anterioara": {"NU": 17, "DA": 4}, "materii": {"LIMBA ROMANA": {"medie": 3.539473684210526, "reusita": 28.57142857142857, "cnt": 21}, "GENERAL": {"medie": 4.925694444444445, "reusita": 19.047619047619047, "cnt": 21}, "GEOGRAFIE": {"medie": 7.4363636363636365, "reusita": 91.66666666666666, "cnt": 12}, "BIOLOGIE VEGETALA SI ANIMALA": {"medie": 5.078571428571428, "reusita": 44.44444444444444, "cnt": 9}, "MATEMATICA TEHN": {"medie": 3.533333333333334, "reusita": 28.57142857142857, "cnt": 21}, "LIMBA MAGHIARA (REAL)": {"medie": 6.152631578947367, "reusita": 76.19047619047619, "cnt": 21}}, "nume": "LICEUL TEHNOLOGIC \"TIVAI NAGY IMRE\" SANMARTIN\tHarghita"}