{"specializari": {"TEHNICIAN IN GASTRONOMIE": 33}, "limba_moderna": {"LIMBA ENGLEZA": 32, "LIMBA FRANCEZA": 1}, "limba_materna": {"LIMBA ROMANA": 33}, "promotie_anterioara": {"NU": 28, "DA": 5}, "materii": {"LIMBA ROMANA": {"medie": 6.453030303030302, "reusita": 93.93939393939394, "cnt": 33}, "GENERAL": {"medie": 7.029292929292929, "reusita": 78.78787878787878, "cnt": 33}, "GEOGRAFIE": {"medie": 7.534848484848484, "reusita": 96.96969696969697, "cnt": 33}, "MATEMATICA TEHN": {"medie": 7.100000000000002, "reusita": 93.93939393939394, "cnt": 33}}, "nume": "LICEUL TEHNOLOGIC NR. 1 CLUJ-NAPOCA\tCluj"}