{"specializari": {"LICEU CU PROGRAM SPORTIV": 98}, "limba_moderna": {"LIMBA ENGLEZA": 98}, "limba_materna": {"LIMBA ROMANA": 98}, "promotie_anterioara": {"NU": 88, "DA": 10}, "materii": {"LIMBA ROMANA": {"medie": 5.509473684210527, "reusita": 67.3469387755102, "cnt": 98}, "GENERAL": {"medie": 5.811775362318842, "reusita": 40.816326530612244, "cnt": 98}, "ISTORIE": {"medie": 5.527956989247312, "reusita": 65.3061224489796, "cnt": 98}, "LOGICA, ARGUMENTARE SI COMUNICARE": {"medie": 6.738095238095239, "reusita": 73.91304347826086, "cnt": 23}, "GEOGRAFIE": {"medie": 6.19652777777778, "reusita": 74.66666666666667, "cnt": 75}}, "nume": "LICEUL CU PROGRAM SPORTIV SLATINA\tOlt"}