{"specializari": {"TEHNICIAN IN ACTIVITATI ECONOMICE": 34, "FILOLOGIE": 64, "STIINTE SOCIALE": 35, "STIINTE ALE NATURII": 34, "MATEMATICA-INFORMATICA": 24}, "limba_moderna": {"LIMBA ENGLEZA": 188, "LIMBA FRANCEZA": 3}, "limba_materna": {"LIMBA ROMANA": 191}, "promotie_anterioara": {"NU": 171, "DA": 20}, "materii": {"LIMBA ROMANA": {"medie": 6.735863874345546, "reusita": 96.8586387434555, "cnt": 191}, "MATEMATICA MATE-INFO": {"medie": 4.302083333333334, "reusita": 54.166666666666664, "cnt": 24}, "GENERAL": {"medie": 7.1775132275132245, "reusita": 75.91623036649214, "cnt": 191}, "ISTORIE": {"medie": 7.599494949494944, "reusita": 96.96969696969697, "cnt": 99}, "LOGICA, ARGUMENTARE SI COMUNICARE": {"medie": 8.811111111111115, "reusita": 100.0, "cnt": 27}, "CHIMIE ORGANICA TEO NIVEL I/II": {"medie": 8.3875, "reusita": 100.0, "cnt": 4}, "MATEMATICA ST-NAT": {"medie": 5.876562500000001, "reusita": 79.41176470588235, "cnt": 34}, "FIZICA TEO": {"medie": 4.5, "reusita": 50.0, "cnt": 2}, "GEOGRAFIE": {"medie": 7.964150943396229, "reusita": 94.33962264150944, "cnt": 106}, "ANATOMIE SI FIZIOLOGIE UMANA, GENETICA SI ECOLOGIE UMANA": {"medie": 6.76304347826087, "reusita": 89.13043478260869, "cnt": 46}, "CHIMIE ANORGANICA TEO NIVEL I/II": {"medie": 5.875, "reusita": 100.0, "cnt": 2}, "BIOLOGIE VEGETALA SI ANIMALA": {"medie": 6.55, "reusita": 100.0, "cnt": 4}, "MATEMATICA TEHN": {"medie": 8.48529411764706, "reusita": 97.05882352941177, "cnt": 34}}, "nume": "LICEUL TEORETIC \"ION NECULCE\", TARGU FRUMOS\tIa\u0219i"}