{"specializari": {"FILOLOGIE": 13}, "limba_moderna": {"LIMBA ENGLEZA": 12, "LIMBA FRANCEZA": 1}, "limba_materna": {"LIMBA ROMANA": 13}, "promotie_anterioara": {"DA": 3, "NU": 10}, "materii": {"LIMBA ROMANA": {"medie": 4.918749999999999, "reusita": 30.76923076923077, "cnt": 13}, "GENERAL": {"medie": 5.607142857142857, "reusita": 7.6923076923076925, "cnt": 13}, "ISTORIE": {"medie": 5.678571428571429, "reusita": 38.46153846153847, "cnt": 13}, "GEOGRAFIE": {"medie": 6.21875, "reusita": 61.53846153846154, "cnt": 13}}, "nume": "LICEUL TEORETIC \"GEORGE POP DE BASESTI\" TARGU LAPUS\tMaramure\u0219"}