{"specializari": {"TEHNICIAN IN TURISM": 22, "FILOLOGIE": 30, "MATEMATICA-INFORMATICA": 30}, "limba_moderna": {"LIMBA ENGLEZA": 82}, "limba_materna": {"LIMBA ROMANA": 82}, "promotie_anterioara": {"NU": 71, "DA": 11}, "materii": {"LIMBA ROMANA": {"medie": 6.541874999999999, "reusita": 87.8048780487805, "cnt": 82}, "MATEMATICA MATE-INFO": {"medie": 4.400000000000001, "reusita": 40.0, "cnt": 30}, "INFORMATICA MI C/C++": {"medie": 4.1899999999999995, "reusita": 20.0, "cnt": 5}, "GENERAL": {"medie": 6.447679324894517, "reusita": 65.85365853658537, "cnt": 82}, "ISTORIE": {"medie": 7.0699999999999985, "reusita": 96.66666666666667, "cnt": 30}, "LOGICA, ARGUMENTARE SI COMUNICARE": {"medie": 7.859999999999999, "reusita": 100.0, "cnt": 5}, "GEOGRAFIE": {"medie": 7.670000000000001, "reusita": 97.82608695652173, "cnt": 46}, "PSIHOLOGIE": {"medie": 8.0, "reusita": 100.0, "cnt": 1}, "ANATOMIE SI FIZIOLOGIE UMANA, GENETICA SI ECOLOGIE UMANA": {"medie": 5.778260869565217, "reusita": 62.5, "cnt": 24}, "BIOLOGIE VEGETALA SI ANIMALA": {"medie": 5.4, "reusita": 100.0, "cnt": 1}, "MATEMATICA TEHN": {"medie": 6.2285714285714295, "reusita": 86.36363636363636, "cnt": 22}}, "nume": "LICEUL TEORETIC \"CARMEN SYLVA\" EFORIE\tConstan\u021ba"}