{"specializari": {"FILOLOGIE": 75, "MATEMATICA-INFORMATICA": 19, "STIINTE ALE NATURII": 3}, "limba_moderna": {"LIMBA ENGLEZA": 97}, "limba_materna": {"LIMBA ROMANA": 97}, "promotie_anterioara": {"NU": 86, "DA": 11}, "materii": {"LIMBA ROMANA": {"medie": 6.497311827956994, "reusita": 78.35051546391753, "cnt": 97}, "MATEMATICA MATE-INFO": {"medie": 8.005263157894737, "reusita": 100.0, "cnt": 19}, "INFORMATICA MI C/C++": {"medie": 8.0625, "reusita": 100.0, "cnt": 8}, "GENERAL": {"medie": 6.78297101449275, "reusita": 63.91752577319587, "cnt": 97}, "ISTORIE": {"medie": 6.063380281690144, "reusita": 69.33333333333334, "cnt": 75}, "LOGICA, ARGUMENTARE SI COMUNICARE": {"medie": 7.844791666666667, "reusita": 82.6923076923077, "cnt": 52}, "GEOGRAFIE": {"medie": 6.0590909090909095, "reusita": 72.72727272727273, "cnt": 11}, "CHIMIE ORGANICA TEO NIVEL I/II": {"medie": 6.5, "reusita": 50.0, "cnt": 2}, "MATEMATICA ST-NAT": {"medie": 2.9166666666666665, "reusita": 0.0, "cnt": 3}, "SOCIOLOGIE": {"medie": 6.4772727272727275, "reusita": 66.66666666666666, "cnt": 12}, "ANATOMIE SI FIZIOLOGIE UMANA, GENETICA SI ECOLOGIE UMANA": {"medie": 7.931818181818183, "reusita": 100.0, "cnt": 11}, "BIOLOGIE VEGETALA SI ANIMALA": {"medie": 3.5, "reusita": 0.0, "cnt": 1}}, "nume": "LICEUL TEORETIC \"TUDOR VLADIMIRESCU\" DRAGANESTI-OLT\tOlt"}