{"specializari": {"LICEU CU PROGRAM SPORTIV": 115}, "limba_moderna": {"LIMBA ENGLEZA": 113, "LIMBA FRANCEZA": 2}, "limba_materna": {"LIMBA ROMANA": 115}, "promotie_anterioara": {"NU": 106, "DA": 9}, "materii": {"LIMBA ROMANA": {"medie": 5.391150442477877, "reusita": 72.17391304347827, "cnt": 115}, "GENERAL": {"medie": 5.586725663716814, "reusita": 36.52173913043478, "cnt": 115}, "ISTORIE": {"medie": 5.2553097345132755, "reusita": 69.56521739130434, "cnt": 115}, "LOGICA, ARGUMENTARE SI COMUNICARE": {"medie": 6.154285714285715, "reusita": 69.44444444444444, "cnt": 72}, "GEOGRAFIE": {"medie": 6.059756097560976, "reusita": 85.36585365853658, "cnt": 41}, "PSIHOLOGIE": {"medie": 5.8, "reusita": 100.0, "cnt": 2}}, "nume": "LICEUL CU PROGRAM SPORTIV BOTOSANI\tBoto\u0219ani"}