{"specializari": {"FILOLOGIE": 120, "MATEMATICA-INFORMATICA": 90, "TEHNICIAN PRELUCRARI MECANICE": 2, "STIINTE ALE NATURII": 4}, "limba_moderna": {"LIMBA ENGLEZA": 216}, "limba_materna": {"LIMBA ROMANA": 216}, "promotie_anterioara": {"NU": 193, "DA": 23}, "materii": {"LIMBA ROMANA": {"medie": 7.2966824644549755, "reusita": 93.05555555555556, "cnt": 216}, "MATEMATICA MATE-INFO": {"medie": 7.102222222222223, "reusita": 93.33333333333333, "cnt": 90}, "INFORMATICA MI C/C++": {"medie": 7.18448275862069, "reusita": 93.10344827586206, "cnt": 29}, "GENERAL": {"medie": 7.387719298245615, "reusita": 78.70370370370371, "cnt": 216}, "ISTORIE": {"medie": 7.76637931034483, "reusita": 90.83333333333333, "cnt": 120}, "LOGICA, ARGUMENTARE SI COMUNICARE": {"medie": 8.623529411764707, "reusita": 100.0, "cnt": 34}, "GEOGRAFIE": {"medie": 8.01935483870968, "reusita": 90.625, "cnt": 32}, "FIZICA TEO": {"medie": 8.229166666666666, "reusita": 91.66666666666666, "cnt": 12}, "CHIMIE ORGANICA TEO NIVEL I/II": {"medie": 7.425, "reusita": 100.0, "cnt": 6}, "MATEMATICA ST-NAT": {"medie": 2.375, "reusita": 0.0, "cnt": 4}, "PSIHOLOGIE": {"medie": 8.407142857142857, "reusita": 100.0, "cnt": 7}, "SOCIOLOGIE": {"medie": 6.771794871794873, "reusita": 80.95238095238095, "cnt": 42}, "ANATOMIE SI FIZIOLOGIE UMANA, GENETICA SI ECOLOGIE UMANA": {"medie": 6.901351351351352, "reusita": 91.8918918918919, "cnt": 37}, "BIOLOGIE VEGETALA SI ANIMALA": {"medie": 5.9, "reusita": 80.0, "cnt": 10}, "INFORMATICA SN C/C++": {"medie": "-", "reusita": 0.0, "cnt": 1}, "FILOSOFIE": {"medie": 8.2, "reusita": 100.0, "cnt": 2}, "ECONOMIE": {"medie": 7.483333333333334, "reusita": 100.0, "cnt": 3}, "MATEMATICA TEHN": {"medie": 1.575, "reusita": 0.0, "cnt": 2}, "CHIMIE ORGANICA TEH NIVEL I/II": {"medie": 2.7, "reusita": 0.0, "cnt": 1}}, "nume": "LICEUL TEORETIC \"GEORGE CALINESCU\"\tBucure\u0219ti"}