{"specializari": {"ARHITECTURA, ARTE AMBIENTALE SI DESIGN": 29, "ARTE PLASTICE SI DECORATIVE": 32}, "limba_moderna": {"LIMBA ENGLEZA": 58, "LIMBA ITALIANA": 3}, "limba_materna": {"LIMBA ROMANA": 61}, "promotie_anterioara": {"NU": 59, "DA": 2}, "materii": {"LIMBA ROMANA": {"medie": 6.879166666666666, "reusita": 93.44262295081968, "cnt": 61}, "GENERAL": {"medie": 7.331111111111113, "reusita": 81.9672131147541, "cnt": 61}, "ISTORIE": {"medie": 7.3875, "reusita": 96.72131147540983, "cnt": 61}, "LOGICA, ARGUMENTARE SI COMUNICARE": {"medie": 7.408695652173911, "reusita": 78.26086956521739, "cnt": 23}, "GEOGRAFIE": {"medie": 8.059677419354838, "reusita": 100.0, "cnt": 31}, "PSIHOLOGIE": {"medie": 6.883333333333333, "reusita": 75.0, "cnt": 4}, "FILOSOFIE": {"medie": 7.566666666666666, "reusita": 100.0, "cnt": 3}}, "nume": "LICEUL DE ARTE \"CORNELIU BABA\" BISTRITA\tBistri\u021ba-N\u0103s\u0103ud"}