{"specializari": {"MATEMATICA-INFORMATICA": 27, "FILOLOGIE": 59, "STIINTE ALE NATURII": 18}, "limba_moderna": {"LIMBA ENGLEZA": 104}, "limba_materna": {"LIMBA GERMANA": 45, "LIMBA ROMANA": 59}, "promotie_anterioara": {"NU": 91, "DA": 13}, "materii": {"LIMBA ROMANA": {"medie": 6.554807692307694, "reusita": 88.46153846153845, "cnt": 104}, "MATEMATICA MATE-INFO": {"medie": 6.555555555555555, "reusita": 85.18518518518519, "cnt": 27}, "INFORMATICA MI C/C++": {"medie": 5.18125, "reusita": 62.5, "cnt": 8}, "GENERAL": {"medie": 6.491019417475727, "reusita": 60.57692307692307, "cnt": 104}, "ISTORIE": {"medie": 6.397457627118648, "reusita": 89.83050847457628, "cnt": 59}, "LOGICA, ARGUMENTARE SI COMUNICARE": {"medie": 8.966666666666667, "reusita": 100.0, "cnt": 3}, "CHIMIE ORGANICA TEO NIVEL I/II": {"medie": 8.883333333333335, "reusita": 100.0, "cnt": 3}, "MATEMATICA ST-NAT": {"medie": 5.063888888888889, "reusita": 50.0, "cnt": 18}, "GEOGRAFIE": {"medie": 7.5857142857142845, "reusita": 95.91836734693877, "cnt": 49}, "PSIHOLOGIE": {"medie": 8.95, "reusita": 100.0, "cnt": 2}, "ANATOMIE SI FIZIOLOGIE UMANA, GENETICA SI ECOLOGIE UMANA": {"medie": 6.04090909090909, "reusita": 83.33333333333334, "cnt": 12}, "BIOLOGIE VEGETALA SI ANIMALA": {"medie": 5.221875, "reusita": 62.5, "cnt": 16}, "SOCIOLOGIE": {"medie": 6.275, "reusita": 100.0, "cnt": 4}, "FILOSOFIE": {"medie": 4.85, "reusita": 0.0, "cnt": 1}, "LIMBA GERMANA": {"medie": 6.680000000000001, "reusita": 91.11111111111111, "cnt": 45}, "INFORMATICA MI PASCAL": {"medie": 8.958333333333332, "reusita": 100.0, "cnt": 6}}, "nume": "LICEUL TEORETIC \"JOSEPH HALTRICH\" SIGHISOARA\tMure\u0219"}