{"specializari": {"STIINTE SOCIALE": 37}, "limba_moderna": {"LIMBA ENGLEZA": 37}, "limba_materna": {"LIMBA ROMANA": 37}, "promotie_anterioara": {"DA": 7, "NU": 30}, "materii": {"LIMBA ROMANA": {"medie": 5.373611111111112, "reusita": 67.56756756756756, "cnt": 37}, "GENERAL": {"medie": 5.97619047619048, "reusita": 45.94594594594595, "cnt": 37}, "ISTORIE": {"medie": 6.209459459459459, "reusita": 78.37837837837837, "cnt": 37}, "LOGICA, ARGUMENTARE SI COMUNICARE": {"medie": 6.010869565217392, "reusita": 70.83333333333334, "cnt": 24}, "GEOGRAFIE": {"medie": 6.68076923076923, "reusita": 84.61538461538461, "cnt": 13}}, "nume": "LICEUL TEORETIC \"PONTUS EUXINUS\" LUMINA\tConstan\u021ba"}