{"specializari": {"STIINTE ALE NATURII": 29, "STIINTE SOCIALE": 35, "FILOLOGIE": 1}, "limba_moderna": {"LIMBA ENGLEZA": 65}, "limba_materna": {"LIMBA ROMANA": 65}, "promotie_anterioara": {"NU": 58, "DA": 7}, "materii": {"LIMBA ROMANA": {"medie": 6.907936507936507, "reusita": 89.23076923076924, "cnt": 65}, "GENERAL": {"medie": 6.990211640211638, "reusita": 78.46153846153847, "cnt": 65}, "ISTORIE": {"medie": 7.052777777777779, "reusita": 97.22222222222221, "cnt": 36}, "LOGICA, ARGUMENTARE SI COMUNICARE": {"medie": 8.71, "reusita": 96.0, "cnt": 25}, "MATEMATICA ST-NAT": {"medie": 5.464285714285715, "reusita": 62.06896551724138, "cnt": 29}, "GEOGRAFIE": {"medie": 7.777272727272727, "reusita": 100.0, "cnt": 11}, "ANATOMIE SI FIZIOLOGIE UMANA, GENETICA SI ECOLOGIE UMANA": {"medie": 6.683928571428573, "reusita": 79.3103448275862, "cnt": 29}}, "nume": "LICEUL TEORETIC \"LASCAR ROSETTI\", RADUCANENI\tIa\u0219i"}