{"specializari": {"LICEU CU PROGRAM SPORTIV": 62}, "limba_moderna": {"LIMBA ENGLEZA": 62}, "limba_materna": {"LIMBA ROMANA": 62}, "promotie_anterioara": {"NU": 58, "DA": 4}, "materii": {"LIMBA ROMANA": {"medie": 5.6516666666666655, "reusita": 70.96774193548387, "cnt": 62}, "GENERAL": {"medie": 6.379096045197739, "reusita": 51.61290322580645, "cnt": 62}, "ISTORIE": {"medie": 6.046666666666665, "reusita": 82.25806451612904, "cnt": 62}, "LOGICA, ARGUMENTARE SI COMUNICARE": {"medie": 7.691666666666666, "reusita": 90.32258064516128, "cnt": 31}, "GEOGRAFIE": {"medie": 7.146551724137931, "reusita": 83.87096774193549, "cnt": 31}}, "nume": "LICEUL CU PROGRAM SPORTIV ALBA IULIA\tAlba"}