{"specializari": {"INVATATOR - EDUCATOARE": 43, "MUZICA": 5, "TEHNICIAN IN TURISM": 6, "ARTE PLASTICE SI DECORATIVE": 7, "TEHNICIAN IN GASTRONOMIE": 3}, "limba_moderna": {"LIMBA ENGLEZA": 64}, "limba_materna": {"LIMBA ROMANA": 64}, "promotie_anterioara": {"NU": 57, "DA": 7}, "materii": {"LIMBA ROMANA": {"medie": 5.594354838709678, "reusita": 70.3125, "cnt": 64}, "GENERAL": {"medie": 6.247267759562839, "reusita": 51.5625, "cnt": 64}, "ISTORIE": {"medie": 5.409090909090909, "reusita": 41.66666666666667, "cnt": 12}, "GEOGRAFIE": {"medie": 7.053333333333332, "reusita": 87.5, "cnt": 32}, "PSIHOLOGIE": {"medie": 6.7532258064516135, "reusita": 90.625, "cnt": 32}, "MATEMATICA PED": {"medie": 6.847619047619046, "reusita": 81.3953488372093, "cnt": 43}, "MATEMATICA TEHN": {"medie": 4.527777777777778, "reusita": 55.55555555555556, "cnt": 9}}, "nume": "LICEUL PEDAGOGIC \"STEFAN BANULESCU\" CALARASI\tC\u0103l\u0103ra\u0219i"}