{"specializari": {"STIINTE ALE NATURII": 56, "FILOLOGIE": 48, "STIINTE SOCIALE": 32}, "limba_moderna": {"LIMBA ENGLEZA": 129, "LIMBA GERMANA MODERNA": 1, "LIMBA FRANCEZA": 6}, "limba_materna": {"LIMBA ROMANA": 105, "LIMBA MAGHIARA": 31}, "promotie_anterioara": {"NU": 131, "DA": 5}, "materii": {"LIMBA ROMANA": {"medie": 6.151851851851848, "reusita": 80.88235294117648, "cnt": 136}, "GENERAL": {"medie": 7.074036069651743, "reusita": 72.05882352941177, "cnt": 136}, "ISTORIE": {"medie": 6.980624999999996, "reusita": 96.25, "cnt": 80}, "LOGICA, ARGUMENTARE SI COMUNICARE": {"medie": 8.627777777777778, "reusita": 100.0, "cnt": 18}, "GEOGRAFIE": {"medie": 7.548809523809524, "reusita": 95.34883720930233, "cnt": 43}, "MATEMATICA ST-NAT": {"medie": 7.199090909090911, "reusita": 83.92857142857143, "cnt": 56}, "PSIHOLOGIE": {"medie": 5.25, "reusita": 100.0, "cnt": 1}, "SOCIOLOGIE": {"medie": 7.036111111111112, "reusita": 94.44444444444444, "cnt": 18}, "ANATOMIE SI FIZIOLOGIE UMANA, GENETICA SI ECOLOGIE UMANA": {"medie": 7.732558139534884, "reusita": 93.18181818181817, "cnt": 44}, "BIOLOGIE VEGETALA SI ANIMALA": {"medie": 7.25, "reusita": 100.0, "cnt": 1}, "INFORMATICA SN C/C++": {"medie": 8.968181818181819, "reusita": 100.0, "cnt": 11}, "LIMBA MAGHIARA (REAL)": {"medie": 6.658333333333334, "reusita": 84.61538461538461, "cnt": 13}, "LIMBA MAGHIARA (UMAN)": {"medie": 7.333333333333333, "reusita": 100.0, "cnt": 18}}, "nume": "LICEUL TEORETIC \"ANDREI BARSEANU\" TARNAVENI\tMure\u0219"}