{"specializari": {"MATEMATICA-INFORMATICA": 55, "STIINTE ALE NATURII": 51, "FILOLOGIE": 30, "STIINTE SOCIALE": 1}, "limba_moderna": {"LIMBA GERMANA MODERNA": 7, "LIMBA ENGLEZA": 130}, "limba_materna": {"LIMBA MAGHIARA": 137}, "promotie_anterioara": {"NU": 132, "DA": 5}, "materii": {"LIMBA ROMANA": {"medie": 5.940740740740742, "reusita": 83.21167883211679, "cnt": 137}, "MATEMATICA MATE-INFO": {"medie": 6.78545454545455, "reusita": 80.0, "cnt": 55}, "INFORMATICA MI C/C++": {"medie": 6.680952380952381, "reusita": 90.47619047619048, "cnt": 21}, "GENERAL": {"medie": 7.33175925925926, "reusita": 71.53284671532847, "cnt": 137}, "ISTORIE": {"medie": 8.079032258064515, "reusita": 100.0, "cnt": 31}, "CHIMIE ORGANICA TEO NIVEL I/II": {"medie": 8.45, "reusita": 100.0, "cnt": 1}, "MATEMATICA ST-NAT": {"medie": 7.663725490196078, "reusita": 94.11764705882352, "cnt": 51}, "FIZICA TEO": {"medie": 7.831818181818181, "reusita": 90.9090909090909, "cnt": 11}, "GEOGRAFIE": {"medie": 7.7940000000000005, "reusita": 100.0, "cnt": 25}, "PSIHOLOGIE": {"medie": 7.19, "reusita": 100.0, "cnt": 5}, "ANATOMIE SI FIZIOLOGIE UMANA, GENETICA SI ECOLOGIE UMANA": {"medie": 8.191780821917805, "reusita": 100.0, "cnt": 73}, "SOCIOLOGIE": {"medie": 8.7, "reusita": 100.0, "cnt": 1}, "LIMBA MAGHIARA (REAL)": {"medie": 8.112735849056602, "reusita": 100.0, "cnt": 106}, "LIMBA MAGHIARA (UMAN)": {"medie": 7.922580645161289, "reusita": 100.0, "cnt": 31}}, "nume": "LICEUL TEORETIC \"ADY ENDRE\" ORADEA\tBihor"}