{"specializari": {"MATEMATICA-INFORMATICA": 109, "FILOLOGIE": 35, "STIINTE ALE NATURII": 37}, "limba_moderna": {"LIMBA ENGLEZA": 166, "LIMBA FRANCEZA": 15}, "limba_materna": {"LIMBA ROMANA": 181}, "promotie_anterioara": {"NU": 148, "DA": 33}, "materii": {"LIMBA ROMANA": {"medie": 6.665921787709495, "reusita": 89.50276243093923, "cnt": 181}, "MATEMATICA MATE-INFO": {"medie": 5.179439252336451, "reusita": 62.38532110091744, "cnt": 109}, "INFORMATICA MI C/C++": {"medie": 2.85, "reusita": 0.0, "cnt": 2}, "GENERAL": {"medie": 6.538476190476191, "reusita": 56.9060773480663, "cnt": 181}, "ISTORIE": {"medie": 7.269117647058822, "reusita": 88.57142857142857, "cnt": 35}, "LOGICA, ARGUMENTARE SI COMUNICARE": {"medie": 7.94, "reusita": 83.33333333333334, "cnt": 6}, "CHIMIE ORGANICA TEO NIVEL I/II": {"medie": 9.05, "reusita": 100.0, "cnt": 2}, "MATEMATICA ST-NAT": {"medie": 6.3805555555555555, "reusita": 81.08108108108108, "cnt": 37}, "FIZICA TEO": {"medie": 7.852777777777779, "reusita": 100.0, "cnt": 18}, "GEOGRAFIE": {"medie": 8.139285714285716, "reusita": 96.55172413793103, "cnt": 29}, "ANATOMIE SI FIZIOLOGIE UMANA, GENETICA SI ECOLOGIE UMANA": {"medie": 6.723966942148762, "reusita": 87.8048780487805, "cnt": 123}, "BIOLOGIE VEGETALA SI ANIMALA": {"medie": "-", "reusita": 0.0, "cnt": 1}}, "nume": "LICEUL TEORETIC \"IANCU C VISSARION\" TITU\tD\u00e2mbovi\u021ba"}