{"specializari": {"ARHITECTURA, ARTE AMBIENTALE SI DESIGN": 103, "ARTE PLASTICE SI DECORATIVE": 33}, "limba_moderna": {"LIMBA ENGLEZA": 136}, "limba_materna": {"LIMBA ROMANA": 136}, "promotie_anterioara": {"NU": 112, "DA": 24}, "materii": {"LIMBA ROMANA": {"medie": 6.233846153846154, "reusita": 83.08823529411765, "cnt": 136}, "GENERAL": {"medie": 6.460498687664042, "reusita": 53.67647058823529, "cnt": 136}, "ISTORIE": {"medie": 5.888257575757578, "reusita": 75.0, "cnt": 136}, "LOGICA, ARGUMENTARE SI COMUNICARE": {"medie": 7.067777777777778, "reusita": 77.08333333333334, "cnt": 48}, "GEOGRAFIE": {"medie": 7.285064935064939, "reusita": 92.5, "cnt": 80}, "PSIHOLOGIE": {"medie": 4.025, "reusita": 33.33333333333333, "cnt": 3}, "FILOSOFIE": {"medie": 8.775, "reusita": 100.0, "cnt": 4}, "ECONOMIE": {"medie": 5.3, "reusita": 100.0, "cnt": 1}}, "nume": "LICEUL DE ARTE PLASTICE TIMISOARA\tTimi\u0219"}