{"specializari": {"TEHNICIAN IN TURISM": 15}, "limba_moderna": {"LIMBA ENGLEZA": 15}, "limba_materna": {"LIMBA MAGHIARA": 15}, "promotie_anterioara": {"NU": 12, "DA": 3}, "materii": {"LIMBA ROMANA": {"medie": 3.2566666666666664, "reusita": 13.333333333333334, "cnt": 15}, "GENERAL": {"medie": 5.665000000000001, "reusita": 13.333333333333334, "cnt": 15}, "GEOGRAFIE": {"medie": 6.673333333333334, "reusita": 100.0, "cnt": 15}, "MATEMATICA TEHN": {"medie": 6.090000000000001, "reusita": 73.33333333333333, "cnt": 15}, "LIMBA MAGHIARA (REAL)": {"medie": 6.640000000000001, "reusita": 93.33333333333333, "cnt": 15}}, "nume": "LICEUL TEHNOLOGIC \"SOVER ELEK\" JOSENI\tHarghita"}