{"specializari": {"STIINTE ALE NATURII": 23}, "limba_moderna": {"LIMBA ENGLEZA": 23}, "limba_materna": {"LIMBA ROMANA": 23}, "promotie_anterioara": {"NU": 21, "DA": 2}, "materii": {"LIMBA ROMANA": {"medie": 6.471739130434783, "reusita": 86.95652173913044, "cnt": 23}, "GENERAL": {"medie": 5.871014492753623, "reusita": 43.47826086956522, "cnt": 23}, "FIZICA TEO": {"medie": 6.3375, "reusita": 75.0, "cnt": 4}, "MATEMATICA ST-NAT": {"medie": 5.4391304347826095, "reusita": 60.86956521739131, "cnt": 23}, "ANATOMIE SI FIZIOLOGIE UMANA, GENETICA SI ECOLOGIE UMANA": {"medie": 5.568421052631579, "reusita": 68.42105263157895, "cnt": 19}}, "nume": "LICEUL TEORETIC \"CONSTANTIN ROMANU VIVU\" TEACA\tBistri\u021ba-N\u0103s\u0103ud"}