{"specializari": {"FILOLOGIE": 67, "MATEMATICA-INFORMATICA": 54}, "limba_moderna": {"LIMBA SPANIOLA": 43, "LIMBA ENGLEZA": 78}, "limba_materna": {"LIMBA ROMANA": 121}, "promotie_anterioara": {"NU": 117, "DA": 4}, "materii": {"LIMBA ROMANA": {"medie": 7.31198347107438, "reusita": 96.69421487603306, "cnt": 121}, "MATEMATICA MATE-INFO": {"medie": 7.634905660377358, "reusita": 96.29629629629629, "cnt": 54}, "INFORMATICA MI C/C++": {"medie": 7.531818181818182, "reusita": 83.33333333333334, "cnt": 12}, "GENERAL": {"medie": 7.70458333333333, "reusita": 90.9090909090909, "cnt": 121}, "ISTORIE": {"medie": 8.093283582089551, "reusita": 98.50746268656717, "cnt": 67}, "LOGICA, ARGUMENTARE SI COMUNICARE": {"medie": 8.946428571428573, "reusita": 100.0, "cnt": 28}, "CHIMIE ORGANICA TEO NIVEL I/II": {"medie": 8.183333333333332, "reusita": 100.0, "cnt": 3}, "FIZICA TEO": {"medie": 6.504166666666666, "reusita": 91.66666666666666, "cnt": 12}, "GEOGRAFIE": {"medie": 8.4625, "reusita": 100.0, "cnt": 4}, "PSIHOLOGIE": {"medie": 7.97272727272727, "reusita": 100.0, "cnt": 11}, "ANATOMIE SI FIZIOLOGIE UMANA, GENETICA SI ECOLOGIE UMANA": {"medie": 7.5062500000000005, "reusita": 100.0, "cnt": 24}, "CHIMIE ANORGANICA TEO NIVEL I/II": {"medie": 9.15, "reusita": 100.0, "cnt": 1}, "BIOLOGIE VEGETALA SI ANIMALA": {"medie": 7.15, "reusita": 100.0, "cnt": 2}, "SOCIOLOGIE": {"medie": 7.858695652173912, "reusita": 100.0, "cnt": 23}, "ECONOMIE": {"medie": 6.7, "reusita": 100.0, "cnt": 1}}, "nume": "LICEUL TEORETIC BILINGV \"MIGUEL DE CERVANTES\"\tBucure\u0219ti"}