{"specializari": {"MATEMATICA-INFORMATICA": 14, "STIINTE ALE NATURII": 8, "FILOLOGIE": 15}, "limba_moderna": {"LIMBA ENGLEZA": 35, "LIMBA GERMANA MODERNA": 2}, "limba_materna": {"LIMBA MAGHIARA": 37}, "promotie_anterioara": {"NU": 34, "DA": 3}, "materii": {"LIMBA ROMANA": {"medie": 5.637837837837838, "reusita": 70.27027027027027, "cnt": 37}, "MATEMATICA MATE-INFO": {"medie": 7.8, "reusita": 92.85714285714286, "cnt": 14}, "INFORMATICA MI C/C++": {"medie": 7.108333333333333, "reusita": 83.33333333333334, "cnt": 6}, "GENERAL": {"medie": 6.879054054054053, "reusita": 62.16216216216216, "cnt": 37}, "ISTORIE": {"medie": 6.3533333333333335, "reusita": 93.33333333333333, "cnt": 15}, "LOGICA, ARGUMENTARE SI COMUNICARE": {"medie": 5.033333333333333, "reusita": 66.66666666666666, "cnt": 3}, "CHIMIE ORGANICA TEO NIVEL I/II": {"medie": 9.85, "reusita": 100.0, "cnt": 1}, "MATEMATICA ST-NAT": {"medie": 6.406249999999999, "reusita": 87.5, "cnt": 8}, "FIZICA TEO": {"medie": 8.2, "reusita": 100.0, "cnt": 2}, "GEOGRAFIE": {"medie": 7.121428571428571, "reusita": 100.0, "cnt": 7}, "PSIHOLOGIE": {"medie": 6.725, "reusita": 100.0, "cnt": 4}, "ANATOMIE SI FIZIOLOGIE UMANA, GENETICA SI ECOLOGIE UMANA": {"medie": 7.115384615384614, "reusita": 92.3076923076923, "cnt": 13}, "FILOSOFIE": {"medie": 5.9, "reusita": 100.0, "cnt": 1}, "LIMBA MAGHIARA (REAL)": {"medie": 8.722727272727274, "reusita": 100.0, "cnt": 22}, "LIMBA MAGHIARA (UMAN)": {"medie": 6.846666666666667, "reusita": 93.33333333333333, "cnt": 15}}, "nume": "LICEUL TEORETIC \"NEMETH LASZLO\" BAIA MARE\tMaramure\u0219"}