{"specializari": {"STIINTE SOCIALE": 31, "FILOLOGIE": 65, "STIINTE ALE NATURII": 60, "MATEMATICA-INFORMATICA": 22}, "limba_moderna": {"LIMBA ENGLEZA": 176, "LIMBA FRANCEZA": 2}, "limba_materna": {"LIMBA ROMANA": 178}, "promotie_anterioara": {"NU": 157, "DA": 21}, "materii": {"LIMBA ROMANA": {"medie": 6.536723163841808, "reusita": 93.25842696629213, "cnt": 178}, "MATEMATICA MATE-INFO": {"medie": 6.552272727272728, "reusita": 95.45454545454545, "cnt": 22}, "INFORMATICA MI C/C++": {"medie": 6.900000000000001, "reusita": 100.0, "cnt": 6}, "GENERAL": {"medie": 6.944952380952379, "reusita": 75.84269662921348, "cnt": 178}, "ISTORIE": {"medie": 7.314210526315789, "reusita": 92.70833333333334, "cnt": 96}, "LOGICA, ARGUMENTARE SI COMUNICARE": {"medie": 7.721428571428571, "reusita": 100.0, "cnt": 7}, "CHIMIE ORGANICA TEO NIVEL I/II": {"medie": 7.383333333333333, "reusita": 100.0, "cnt": 3}, "MATEMATICA ST-NAT": {"medie": 6.374999999999999, "reusita": 86.66666666666667, "cnt": 60}, "FIZICA TEO": {"medie": 6.55, "reusita": 100.0, "cnt": 1}, "GEOGRAFIE": {"medie": 8.063207547169814, "reusita": 98.11320754716981, "cnt": 53}, "PSIHOLOGIE": {"medie": 8.700000000000001, "reusita": 100.0, "cnt": 3}, "ANATOMIE SI FIZIOLOGIE UMANA, GENETICA SI ECOLOGIE UMANA": {"medie": 7.024637681159419, "reusita": 91.54929577464789, "cnt": 71}, "SOCIOLOGIE": {"medie": 6.830645161290321, "reusita": 81.25, "cnt": 32}, "INFORMATICA SN C/C++": {"medie": 3.15, "reusita": 0.0, "cnt": 1}, "FILOSOFIE": {"medie": 8.2, "reusita": 100.0, "cnt": 1}}, "nume": "LICEUL TEORETIC \"LUCIAN BLAGA\"\tBucure\u0219ti"}