{"specializari": {"MATEMATICA-INFORMATICA": 51, "STIINTE ALE NATURII": 43, "FILOLOGIE": 30}, "limba_moderna": {"LIMBA ENGLEZA": 121, "LIMBA GERMANA MODERNA": 3}, "limba_materna": {"LIMBA ROMANA": 113, "LIMBA GERMANA": 11}, "promotie_anterioara": {"NU": 119, "DA": 5}, "materii": {"LIMBA ROMANA": {"medie": 8.13577235772358, "reusita": 98.38709677419355, "cnt": 124}, "MATEMATICA MATE-INFO": {"medie": 8.428000000000003, "reusita": 98.0392156862745, "cnt": 51}, "INFORMATICA MI C/C++": {"medie": 8.594642857142858, "reusita": 100.0, "cnt": 28}, "GENERAL": {"medie": 8.318989071038251, "reusita": 95.16129032258065, "cnt": 124}, "ISTORIE": {"medie": 8.696666666666667, "reusita": 100.0, "cnt": 30}, "LOGICA, ARGUMENTARE SI COMUNICARE": {"medie": 9.350000000000003, "reusita": 100.0, "cnt": 28}, "GEOGRAFIE": {"medie": 9.275, "reusita": 100.0, "cnt": 2}, "FIZICA TEO": {"medie": 9.15, "reusita": 100.0, "cnt": 1}, "CHIMIE ORGANICA TEO NIVEL I/II": {"medie": 8.3, "reusita": 100.0, "cnt": 1}, "MATEMATICA ST-NAT": {"medie": 7.651162790697673, "reusita": 93.02325581395348, "cnt": 43}, "ANATOMIE SI FIZIOLOGIE UMANA, GENETICA SI ECOLOGIE UMANA": {"medie": 8.145918367346939, "reusita": 94.0, "cnt": 50}, "BIOLOGIE VEGETALA SI ANIMALA": {"medie": 8.177272727272726, "reusita": 91.66666666666666, "cnt": 12}, "INFORMATICA SN C/C++": {"medie": 7.6, "reusita": 100.0, "cnt": 2}, "LIMBA GERMANA": {"medie": 7.419999999999999, "reusita": 81.81818181818183, "cnt": 11}}, "nume": "LICEUL TEORETIC \"CORIOLAN BREDICEANU\" LUGOJ\tTimi\u0219"}