{"specializari": {"STIINTE ALE NATURII": 94, "FILOLOGIE": 32, "MATEMATICA-INFORMATICA": 91}, "limba_moderna": {"LIMBA ENGLEZA": 217}, "limba_materna": {"LIMBA ROMANA": 217}, "promotie_anterioara": {"NU": 213, "DA": 4}, "materii": {"LIMBA ROMANA": {"medie": 7.571527777777775, "reusita": 99.07834101382488, "cnt": 217}, "MATEMATICA MATE-INFO": {"medie": 7.485714285714284, "reusita": 92.3076923076923, "cnt": 91}, "INFORMATICA MI C/C++": {"medie": 8.035714285714286, "reusita": 100.0, "cnt": 21}, "GENERAL": {"medie": 7.804629629629625, "reusita": 93.08755760368663, "cnt": 217}, "ISTORIE": {"medie": 8.4421875, "reusita": 100.0, "cnt": 32}, "LOGICA, ARGUMENTARE SI COMUNICARE": {"medie": 8.526923076923076, "reusita": 92.3076923076923, "cnt": 13}, "GEOGRAFIE": {"medie": 8.5375, "reusita": 100.0, "cnt": 4}, "FIZICA TEO": {"medie": 8.07236842105263, "reusita": 97.36842105263158, "cnt": 38}, "CHIMIE ORGANICA TEO NIVEL I/II": {"medie": 9.087499999999999, "reusita": 100.0, "cnt": 8}, "MATEMATICA ST-NAT": {"medie": 8.174193548387096, "reusita": 96.80851063829788, "cnt": 94}, "PSIHOLOGIE": {"medie": 8.3, "reusita": 100.0, "cnt": 2}, "SOCIOLOGIE": {"medie": 7.554545454545456, "reusita": 100.0, "cnt": 11}, "ANATOMIE SI FIZIOLOGIE UMANA, GENETICA SI ECOLOGIE UMANA": {"medie": 7.651904761904759, "reusita": 95.28301886792453, "cnt": 106}, "CHIMIE ANORGANICA TEO NIVEL I/II": {"medie": 9.05, "reusita": 100.0, "cnt": 1}, "BIOLOGIE VEGETALA SI ANIMALA": {"medie": 8.283333333333333, "reusita": 100.0, "cnt": 3}, "INFORMATICA SN C/C++": {"medie": 8.08125, "reusita": 100.0, "cnt": 8}, "FILOSOFIE": {"medie": 8.1, "reusita": 100.0, "cnt": 1}, "ECONOMIE": {"medie": 7.4, "reusita": 100.0, "cnt": 1}}, "nume": "LICEUL TEORETIC \"C.A. ROSETTI\"\tBucure\u0219ti"}