{"specializari": {"STIINTE SOCIALE": 30, "FILOLOGIE": 30, "MATEMATICA-INFORMATICA": 82, "STIINTE ALE NATURII": 30}, "limba_moderna": {"LIMBA FRANCEZA": 7, "LIMBA ENGLEZA": 165}, "limba_materna": {"LIMBA ROMANA": 172}, "promotie_anterioara": {"NU": 165, "DA": 7}, "materii": {"LIMBA ROMANA": {"medie": 7.7784883720930225, "reusita": 100.0, "cnt": 172}, "MATEMATICA MATE-INFO": {"medie": 7.101829268292682, "reusita": 90.2439024390244, "cnt": 82}, "INFORMATICA MI C/C++": {"medie": 7.580263157894739, "reusita": 97.36842105263158, "cnt": 38}, "GENERAL": {"medie": 7.805329457364343, "reusita": 89.53488372093024, "cnt": 172}, "ISTORIE": {"medie": 8.4175, "reusita": 98.33333333333333, "cnt": 60}, "LOGICA, ARGUMENTARE SI COMUNICARE": {"medie": 8.564285714285715, "reusita": 100.0, "cnt": 28}, "GEOGRAFIE": {"medie": 8.990476190476192, "reusita": 95.23809523809523, "cnt": 21}, "FIZICA TEO": {"medie": 7.344444444444444, "reusita": 100.0, "cnt": 9}, "CHIMIE ORGANICA TEO NIVEL I/II": {"medie": 8.55, "reusita": 100.0, "cnt": 8}, "MATEMATICA ST-NAT": {"medie": 7.970000000000001, "reusita": 96.66666666666667, "cnt": 30}, "SOCIOLOGIE": {"medie": 7.422222222222222, "reusita": 100.0, "cnt": 9}, "ANATOMIE SI FIZIOLOGIE UMANA, GENETICA SI ECOLOGIE UMANA": {"medie": 7.428571428571427, "reusita": 93.87755102040816, "cnt": 49}, "CHIMIE ANORGANICA TEO NIVEL I/II": {"medie": 9.55, "reusita": 100.0, "cnt": 1}, "BIOLOGIE VEGETALA SI ANIMALA": {"medie": 7.529999999999999, "reusita": 80.0, "cnt": 5}, "INFORMATICA SN C/C++": {"medie": 9.05, "reusita": 100.0, "cnt": 2}, "FILOSOFIE": {"medie": 8.5, "reusita": 100.0, "cnt": 1}, "ECONOMIE": {"medie": 7.4, "reusita": 100.0, "cnt": 1}}, "nume": "LICEUL TEORETIC \"STEFAN ODOBLEJA\"\tBucure\u0219ti"}