{"specializari": {"FILOLOGIE": 120, "MATEMATICA-INFORMATICA": 90, "TEHNICIAN PRELUCRARI MECANICE": 2, "STIINTE ALE NATURII": 4}, "limba_moderna": {"LIMBA ENGLEZA": 216}, "limba_materna": {"LIMBA ROMANA": 216}, "promotie_anterioara": {"NU": 193, "DA": 23}, "materii": {"LIMBA ROMANA": {"medie": 7.154739336492891, "reusita": 91.20370370370371, "cnt": 216}, "MATEMATICA MATE-INFO": {"medie": 7.144444444444446, "reusita": 94.44444444444444, "cnt": 90}, "INFORMATICA MI C/C++": {"medie": 7.1448275862068975, "reusita": 93.10344827586206, "cnt": 29}, "GENERAL": {"medie": 7.322089314194581, "reusita": 76.85185185185185, "cnt": 216}, "ISTORIE": {"medie": 7.664655172413795, "reusita": 88.33333333333333, "cnt": 120}, "LOGICA, ARGUMENTARE SI COMUNICARE": {"medie": 8.698529411764707, "reusita": 100.0, "cnt": 34}, "CHIMIE ORGANICA TEO NIVEL I/II": {"medie": 7.408333333333334, "reusita": 100.0, "cnt": 6}, "MATEMATICA ST-NAT": {"medie": 2.375, "reusita": 0.0, "cnt": 4}, "FIZICA TEO": {"medie": 8.283333333333333, "reusita": 91.66666666666666, "cnt": 12}, "GEOGRAFIE": {"medie": 8.020967741935484, "reusita": 90.625, "cnt": 32}, "PSIHOLOGIE": {"medie": 8.407142857142857, "reusita": 100.0, "cnt": 7}, "ANATOMIE SI FIZIOLOGIE UMANA, GENETICA SI ECOLOGIE UMANA": {"medie": 6.771621621621622, "reusita": 89.1891891891892, "cnt": 37}, "BIOLOGIE VEGETALA SI ANIMALA": {"medie": 5.915000000000001, "reusita": 80.0, "cnt": 10}, "SOCIOLOGIE": {"medie": 6.7666666666666675, "reusita": 80.95238095238095, "cnt": 42}, "INFORMATICA SN C/C++": {"medie": "-", "reusita": 0.0, "cnt": 1}, "FILOSOFIE": {"medie": 8.2, "reusita": 100.0, "cnt": 2}, "MATEMATICA TEHN": {"medie": 1.575, "reusita": 0.0, "cnt": 2}, "ECONOMIE": {"medie": 7.366666666666667, "reusita": 100.0, "cnt": 3}, "CHIMIE ORGANICA TEH NIVEL I/II": {"medie": 2.7, "reusita": 0.0, "cnt": 1}}, "nume": "LICEUL TEORETIC \"GEORGE CALINESCU\"\tBucure\u0219ti"}