{"specializari": {"MATEMATICA-INFORMATICA": 27, "FILOLOGIE": 30, "STIINTE ALE NATURII": 57}, "limba_moderna": {"LIMBA ENGLEZA": 111, "LIMBA FRANCEZA": 3}, "limba_materna": {"LIMBA ROMANA": 114}, "promotie_anterioara": {"NU": 109, "DA": 5}, "materii": {"LIMBA ROMANA": {"medie": 7.703947368421052, "reusita": 98.24561403508771, "cnt": 114}, "MATEMATICA MATE-INFO": {"medie": 8.549999999999999, "reusita": 100.0, "cnt": 27}, "INFORMATICA MI C/C++": {"medie": 4.0, "reusita": 0.0, "cnt": 1}, "GENERAL": {"medie": 8.085435435435441, "reusita": 92.10526315789474, "cnt": 114}, "ISTORIE": {"medie": 8.246666666666668, "reusita": 100.0, "cnt": 30}, "LOGICA, ARGUMENTARE SI COMUNICARE": {"medie": 8.226190476190476, "reusita": 95.23809523809523, "cnt": 21}, "GEOGRAFIE": {"medie": 7.941666666666667, "reusita": 100.0, "cnt": 6}, "FIZICA TEO": {"medie": 8.434285714285714, "reusita": 94.5945945945946, "cnt": 37}, "CHIMIE ORGANICA TEO NIVEL I/II": {"medie": 9.1, "reusita": 100.0, "cnt": 1}, "MATEMATICA ST-NAT": {"medie": 8.160714285714286, "reusita": 96.49122807017544, "cnt": 57}, "SOCIOLOGIE": {"medie": 8.4, "reusita": 100.0, "cnt": 3}, "ANATOMIE SI FIZIOLOGIE UMANA, GENETICA SI ECOLOGIE UMANA": {"medie": 8.061627906976742, "reusita": 97.67441860465115, "cnt": 43}, "CHIMIE ANORGANICA TEO NIVEL I/II": {"medie": 9.325, "reusita": 100.0, "cnt": 2}}, "nume": "LICEUL TEORETIC \"PAVEL DAN\" CAMPIA TURZII\tCluj"}