{"specializari": {"FILOLOGIE": 30, "STIINTE ALE NATURII": 29, "MATEMATICA-INFORMATICA": 29, "STIINTE SOCIALE": 31}, "limba_moderna": {"LIMBA ENGLEZA": 119}, "limba_materna": {"LIMBA ROMANA": 119}, "promotie_anterioara": {"NU": 109, "DA": 10}, "materii": {"LIMBA ROMANA": {"medie": 7.255084745762713, "reusita": 99.15966386554622, "cnt": 119}, "MATEMATICA MATE-INFO": {"medie": 4.2844827586206895, "reusita": 41.37931034482759, "cnt": 29}, "GENERAL": {"medie": 7.260028248587569, "reusita": 75.63025210084034, "cnt": 119}, "ISTORIE": {"medie": 7.176229508196725, "reusita": 96.72131147540983, "cnt": 61}, "LOGICA, ARGUMENTARE SI COMUNICARE": {"medie": 8.222115384615384, "reusita": 96.22641509433963, "cnt": 53}, "GEOGRAFIE": {"medie": 8.250000000000002, "reusita": 100.0, "cnt": 8}, "FIZICA TEO": {"medie": 8.379999999999999, "reusita": 100.0, "cnt": 5}, "CHIMIE ORGANICA TEO NIVEL I/II": {"medie": 9.6, "reusita": 100.0, "cnt": 2}, "MATEMATICA ST-NAT": {"medie": 8.693103448275863, "reusita": 100.0, "cnt": 29}, "ANATOMIE SI FIZIOLOGIE UMANA, GENETICA SI ECOLOGIE UMANA": {"medie": 6.978571428571428, "reusita": 85.71428571428571, "cnt": 7}, "CHIMIE ANORGANICA TEO NIVEL I/II": {"medie": 8.029545454545454, "reusita": 95.45454545454545, "cnt": 22}, "BIOLOGIE VEGETALA SI ANIMALA": {"medie": 5.679545454545453, "reusita": 81.81818181818183, "cnt": 22}}, "nume": "LICEUL TEORETIC \"GHEORGHE MUNTEANU MURGOCI\" MACIN\tTulcea"}