{"specializari": {"COREGRAFIE": 30, "ARTA ACTORULUI": 24}, "limba_moderna": {"LIMBA ENGLEZA": 54}, "limba_materna": {"LIMBA ROMANA": 54}, "promotie_anterioara": {"NU": 52, "DA": 2}, "materii": {"LIMBA ROMANA": {"medie": 6.769444444444444, "reusita": 96.29629629629629, "cnt": 54}, "GENERAL": {"medie": 7.162962962962966, "reusita": 83.33333333333334, "cnt": 54}, "ISTORIE": {"medie": 6.875000000000002, "reusita": 90.74074074074075, "cnt": 54}, "LOGICA, ARGUMENTARE SI COMUNICARE": {"medie": 7.779545454545453, "reusita": 95.45454545454545, "cnt": 22}, "GEOGRAFIE": {"medie": 7.814999999999998, "reusita": 100.0, "cnt": 30}, "PSIHOLOGIE": {"medie": 9.0, "reusita": 100.0, "cnt": 2}}, "nume": "LICEUL DE COREGRAFIE SI ARTA DRAMATICA \"OCTAVIAN STROIA\" CLUJ-NAPOCA\tCluj"}