{"specializari": {"STIINTE SOCIALE": 67, "STIINTE ALE NATURII": 59, "MATEMATICA-INFORMATICA": 59}, "limba_moderna": {"LIMBA ENGLEZA": 183, "LIMBA FRANCEZA": 2}, "limba_materna": {"LIMBA ROMANA": 185}, "promotie_anterioara": {"NU": 182, "DA": 3}, "materii": {"LIMBA ROMANA": {"medie": 8.041621621621621, "reusita": 100.0, "cnt": 185}, "MATEMATICA MATE-INFO": {"medie": 7.67627118644068, "reusita": 94.91525423728814, "cnt": 59}, "INFORMATICA MI C/C++": {"medie": 7.921999999999998, "reusita": 96.0, "cnt": 25}, "GENERAL": {"medie": 8.165945945945948, "reusita": 95.13513513513514, "cnt": 185}, "ISTORIE": {"medie": 8.382835820895522, "reusita": 100.0, "cnt": 67}, "LOGICA, ARGUMENTARE SI COMUNICARE": {"medie": 8.841176470588234, "reusita": 100.0, "cnt": 34}, "GEOGRAFIE": {"medie": 8.876923076923077, "reusita": 100.0, "cnt": 13}, "FIZICA TEO": {"medie": 8.075, "reusita": 100.0, "cnt": 16}, "CHIMIE ORGANICA TEO NIVEL I/II": {"medie": 9.245454545454546, "reusita": 100.0, "cnt": 11}, "MATEMATICA ST-NAT": {"medie": 8.129661016949152, "reusita": 100.0, "cnt": 59}, "PSIHOLOGIE": {"medie": 9.1, "reusita": 100.0, "cnt": 3}, "SOCIOLOGIE": {"medie": 8.122727272727273, "reusita": 100.0, "cnt": 11}, "ANATOMIE SI FIZIOLOGIE UMANA, GENETICA SI ECOLOGIE UMANA": {"medie": 8.241379310344826, "reusita": 100.0, "cnt": 58}, "BIOLOGIE VEGETALA SI ANIMALA": {"medie": 8.362499999999999, "reusita": 100.0, "cnt": 8}, "ECONOMIE": {"medie": 7.283333333333332, "reusita": 100.0, "cnt": 6}}, "nume": "LICEUL TEORETIC \"ION BARBU\"\tBucure\u0219ti"}