{"specializari": {"TEHNICIAN IN ACTIVITATI ECONOMICE": 11, "STIINTE SOCIALE": 7}, "limba_moderna": {"LIMBA ENGLEZA": 18}, "limba_materna": {"LIMBA ROMANA": 18}, "promotie_anterioara": {"NU": 13, "DA": 5}, "materii": {"LIMBA ROMANA": {"medie": 4.867647058823529, "reusita": 61.111111111111114, "cnt": 18}, "GENERAL": {"medie": 5.394444444444445, "reusita": 22.22222222222222, "cnt": 18}, "ISTORIE": {"medie": 4.8357142857142845, "reusita": 57.14285714285714, "cnt": 7}, "LOGICA, ARGUMENTARE SI COMUNICARE": {"medie": 7.35, "reusita": 100.0, "cnt": 1}, "GEOGRAFIE": {"medie": 6.1466666666666665, "reusita": 82.35294117647058, "cnt": 17}, "MATEMATICA TEHN": {"medie": 5.300000000000001, "reusita": 45.45454545454545, "cnt": 11}}, "nume": "LICEUL TEHNOLOGIC \"VIRGIL MADGEARU\" SUCEAVA\tSuceava"}