{"specializari": {"MATEMATICA-INFORMATICA": 22, "STIINTE SOCIALE": 27, "STIINTE ALE NATURII": 21}, "limba_moderna": {"LIMBA ENGLEZA": 70}, "limba_materna": {"LIMBA ROMANA": 70}, "promotie_anterioara": {"NU": 58, "DA": 12}, "materii": {"LIMBA ROMANA": {"medie": 6.647142857142855, "reusita": 97.14285714285714, "cnt": 70}, "MATEMATICA MATE-INFO": {"medie": 8.35, "reusita": 95.45454545454545, "cnt": 22}, "GENERAL": {"medie": 7.323284313725492, "reusita": 74.28571428571429, "cnt": 70}, "ISTORIE": {"medie": 8.433333333333332, "reusita": 100.0, "cnt": 27}, "LOGICA, ARGUMENTARE SI COMUNICARE": {"medie": 7.633333333333334, "reusita": 89.47368421052632, "cnt": 19}, "GEOGRAFIE": {"medie": 8.243749999999999, "reusita": 100.0, "cnt": 8}, "FIZICA TEO": {"medie": 7.412500000000001, "reusita": 87.5, "cnt": 8}, "MATEMATICA ST-NAT": {"medie": 5.9642857142857135, "reusita": 85.71428571428571, "cnt": 21}, "ANATOMIE SI FIZIOLOGIE UMANA, GENETICA SI ECOLOGIE UMANA": {"medie": 7.409374999999999, "reusita": 90.9090909090909, "cnt": 33}, "CHIMIE ANORGANICA TEO NIVEL I/II": {"medie": 6.8, "reusita": 100.0, "cnt": 1}, "BIOLOGIE VEGETALA SI ANIMALA": {"medie": 6.35, "reusita": 100.0, "cnt": 1}}, "nume": "LICEUL TEORETIC \"PAUL GEORGESCU\" TANDAREI\tIalomi\u021ba"}