{"specializari": {"STIINTE ALE NATURII": 23}, "limba_moderna": {"LIMBA ENGLEZA": 23}, "limba_materna": {"LIMBA ROMANA": 23}, "promotie_anterioara": {"NU": 14, "DA": 9}, "materii": {"LIMBA ROMANA": {"medie": 6.1409090909090915, "reusita": 73.91304347826086, "cnt": 23}, "GENERAL": {"medie": 5.884126984126984, "reusita": 47.82608695652174, "cnt": 23}, "MATEMATICA ST-NAT": {"medie": 4.7976190476190474, "reusita": 52.17391304347826, "cnt": 23}, "ANATOMIE SI FIZIOLOGIE UMANA, GENETICA SI ECOLOGIE UMANA": {"medie": 6.6380952380952385, "reusita": 78.26086956521739, "cnt": 23}}, "nume": "LICEUL TEORETIC, COM. GRADISTEA\tV\u00e2lcea"}