{"specializari": {"STIINTE ALE NATURII": 29, "STIINTE SOCIALE": 35, "FILOLOGIE": 1}, "limba_moderna": {"LIMBA ENGLEZA": 65}, "limba_materna": {"LIMBA ROMANA": 65}, "promotie_anterioara": {"NU": 58, "DA": 7}, "materii": {"LIMBA ROMANA": {"medie": 6.934920634920633, "reusita": 89.23076923076924, "cnt": 65}, "GENERAL": {"medie": 6.991798941798942, "reusita": 78.46153846153847, "cnt": 65}, "ISTORIE": {"medie": 7.047222222222223, "reusita": 97.22222222222221, "cnt": 36}, "LOGICA, ARGUMENTARE SI COMUNICARE": {"medie": 8.71, "reusita": 96.0, "cnt": 25}, "GEOGRAFIE": {"medie": 7.777272727272726, "reusita": 100.0, "cnt": 11}, "MATEMATICA ST-NAT": {"medie": 5.460714285714286, "reusita": 62.06896551724138, "cnt": 29}, "ANATOMIE SI FIZIOLOGIE UMANA, GENETICA SI ECOLOGIE UMANA": {"medie": 6.644642857142858, "reusita": 79.3103448275862, "cnt": 29}}, "nume": "LICEUL TEORETIC \"LASCAR ROSETTI\", RADUCANENI\tIa\u0219i"}