{"specializari": {"LICEU CU PROGRAM SPORTIV": 44, "MATEMATICA-INFORMATICA": 14, "TEHNICIAN IN ACTIVITATI ECONOMICE": 3}, "limba_moderna": {"LIMBA ENGLEZA": 56, "LIMBA FRANCEZA": 5}, "limba_materna": {"LIMBA ROMANA": 61}, "promotie_anterioara": {"DA": 18, "NU": 43}, "materii": {"LIMBA ROMANA": {"medie": 5.158823529411765, "reusita": 55.73770491803278, "cnt": 61}, "MATEMATICA MATE-INFO": {"medie": 5.0, "reusita": 64.28571428571429, "cnt": 14}, "GENERAL": {"medie": 5.568794326241136, "reusita": 31.147540983606557, "cnt": 61}, "ISTORIE": {"medie": 5.680263157894736, "reusita": 65.9090909090909, "cnt": 44}, "LOGICA, ARGUMENTARE SI COMUNICARE": {"medie": 6.086363636363637, "reusita": 61.53846153846154, "cnt": 13}, "GEOGRAFIE": {"medie": 6.144827586206895, "reusita": 75.75757575757575, "cnt": 33}, "PSIHOLOGIE": {"medie": 8.8, "reusita": 100.0, "cnt": 1}, "ANATOMIE SI FIZIOLOGIE UMANA, GENETICA SI ECOLOGIE UMANA": {"medie": 3.1500000000000004, "reusita": 20.0, "cnt": 5}, "BIOLOGIE VEGETALA SI ANIMALA": {"medie": 6.007142857142858, "reusita": 55.55555555555556, "cnt": 9}, "MATEMATICA TEHN": {"medie": 3.7, "reusita": 0.0, "cnt": 3}}, "nume": "LICEUL TEORETIC \"SERBAN CIOCULESCU\"\tMehedin\u021bi"}