{"specializari": {"FILOLOGIE": 99, "MATEMATICA-INFORMATICA": 22}, "limba_moderna": {"LIMBA ENGLEZA": 120, "LIMBA FRANCEZA": 1}, "limba_materna": {"LIMBA ROMANA": 121}, "promotie_anterioara": {"NU": 106, "DA": 15}, "materii": {"LIMBA ROMANA": {"medie": 5.6591666666666685, "reusita": 73.55371900826447, "cnt": 121}, "MATEMATICA MATE-INFO": {"medie": 5.754545454545455, "reusita": 81.81818181818183, "cnt": 22}, "INFORMATICA MI C/C++": {"medie": 6.533333333333334, "reusita": 100.0, "cnt": 3}, "GENERAL": {"medie": 6.173389355742297, "reusita": 54.54545454545454, "cnt": 121}, "ISTORIE": {"medie": 6.250515463917525, "reusita": 80.8080808080808, "cnt": 99}, "LOGICA, ARGUMENTARE SI COMUNICARE": {"medie": 7.070588235294118, "reusita": 82.35294117647058, "cnt": 17}, "FIZICA TEO": {"medie": 3.825, "reusita": 50.0, "cnt": 2}, "GEOGRAFIE": {"medie": 6.979090909090908, "reusita": 87.27272727272727, "cnt": 55}, "PSIHOLOGIE": {"medie": 6.324999999999999, "reusita": 100.0, "cnt": 4}, "ANATOMIE SI FIZIOLOGIE UMANA, GENETICA SI ECOLOGIE UMANA": {"medie": 6.1433333333333335, "reusita": 86.66666666666667, "cnt": 15}, "BIOLOGIE VEGETALA SI ANIMALA": {"medie": 7.475, "reusita": 100.0, "cnt": 2}, "SOCIOLOGIE": {"medie": 5.988636363636363, "reusita": 81.81818181818183, "cnt": 22}, "FILOSOFIE": {"medie": 7.1, "reusita": 100.0, "cnt": 1}}, "nume": "LICEUL TEORETIC BULGAR \"HRISTO BOTEV\"\tBucure\u0219ti"}