{"specializari": {"LICEU CU PROGRAM SPORTIV": 92}, "limba_moderna": {"LIMBA ENGLEZA": 77, "LIMBA FRANCEZA": 15}, "limba_materna": {"LIMBA ROMANA": 92}, "promotie_anterioara": {"NU": 85, "DA": 7}, "materii": {"LIMBA ROMANA": {"medie": 5.621511627906976, "reusita": 68.47826086956522, "cnt": 92}, "GENERAL": {"medie": 6.1282945736434105, "reusita": 47.82608695652174, "cnt": 92}, "ISTORIE": {"medie": 5.862643678160921, "reusita": 78.26086956521739, "cnt": 92}, "LOGICA, ARGUMENTARE SI COMUNICARE": {"medie": 9.133333333333335, "reusita": 100.0, "cnt": 3}, "GEOGRAFIE": {"medie": 6.86233766233766, "reusita": 85.36585365853658, "cnt": 82}, "PSIHOLOGIE": {"medie": 6.285714285714286, "reusita": 100.0, "cnt": 7}}, "nume": "LICEUL CU PROGRAM SPORTIV, MUNICIPIUL ROMAN\tNeam\u021b"}