{"specializari": {"STIINTE SOCIALE": 63, "FILOLOGIE": 32}, "limba_moderna": {"LIMBA ENGLEZA": 95}, "limba_materna": {"LIMBA ROMANA": 95}, "promotie_anterioara": {"NU": 89, "DA": 6}, "materii": {"LIMBA ROMANA": {"medie": 7.6553191489361705, "reusita": 98.94736842105263, "cnt": 95}, "GENERAL": {"medie": 8.036559139784943, "reusita": 91.57894736842105, "cnt": 95}, "ISTORIE": {"medie": 8.279787234042557, "reusita": 98.94736842105263, "cnt": 95}, "LOGICA, ARGUMENTARE SI COMUNICARE": {"medie": 8.766666666666667, "reusita": 100.0, "cnt": 3}, "GEOGRAFIE": {"medie": 8.33310810810811, "reusita": 98.66666666666667, "cnt": 75}, "PSIHOLOGIE": {"medie": 7.15, "reusita": 100.0, "cnt": 2}, "SOCIOLOGIE": {"medie": 6.9750000000000005, "reusita": 93.33333333333333, "cnt": 15}}, "nume": "LICEUL TEORETIC \"VLAD TEPES\" TIMISOARA\tTimi\u0219"}