{"specializari": {"MUZICA": 34, "ARTE PLASTICE SI DECORATIVE": 31}, "limba_moderna": {"LIMBA ENGLEZA": 65}, "limba_materna": {"LIMBA ROMANA": 65}, "promotie_anterioara": {"NU": 60, "DA": 5}, "materii": {"LIMBA ROMANA": {"medie": 7.383076923076923, "reusita": 98.46153846153847, "cnt": 65}, "GENERAL": {"medie": 7.343846153846151, "reusita": 81.53846153846153, "cnt": 65}, "ISTORIE": {"medie": 7.006923076923076, "reusita": 95.38461538461539, "cnt": 65}, "LOGICA, ARGUMENTARE SI COMUNICARE": {"medie": 7.908108108108107, "reusita": 91.8918918918919, "cnt": 37}, "GEOGRAFIE": {"medie": 7.2892857142857155, "reusita": 100.0, "cnt": 28}}, "nume": "LICEUL DE ARTA \"STEFAN LUCHIAN\" BOTOSANI\tBoto\u0219ani"}