{"specializari": {"STIINTE SOCIALE": 42}, "limba_moderna": {"LIMBA ENGLEZA": 42}, "limba_materna": {"LIMBA ROMANA": 42}, "promotie_anterioara": {"NU": 36, "DA": 6}, "materii": {"LIMBA ROMANA": {"medie": 4.797560975609757, "reusita": 64.28571428571429, "cnt": 42}, "GENERAL": {"medie": 5.187083333333333, "reusita": 16.666666666666664, "cnt": 42}, "ISTORIE": {"medie": 5.11829268292683, "reusita": 64.28571428571429, "cnt": 42}, "LOGICA, ARGUMENTARE SI COMUNICARE": {"medie": 5.976923076923077, "reusita": 73.33333333333333, "cnt": 15}, "GEOGRAFIE": {"medie": 6.428571428571429, "reusita": 85.71428571428571, "cnt": 14}, "SOCIOLOGIE": {"medie": 4.415384615384616, "reusita": 46.15384615384615, "cnt": 13}}, "nume": "LICEUL FEG\tBucure\u0219ti"}