{"specializari": {"FILOLOGIE": 34, "STIINTE ALE NATURII": 29, "MATEMATICA-INFORMATICA": 24, "STIINTE SOCIALE": 2}, "limba_moderna": {"LIMBA ENGLEZA": 84, "LIMBA FRANCEZA": 5}, "limba_materna": {"LIMBA ROMANA": 89}, "promotie_anterioara": {"NU": 73, "DA": 16}, "materii": {"LIMBA ROMANA": {"medie": 5.933333333333333, "reusita": 73.03370786516854, "cnt": 89}, "MATEMATICA MATE-INFO": {"medie": 2.2543478260869567, "reusita": 16.666666666666664, "cnt": 24}, "GENERAL": {"medie": 5.979693486590039, "reusita": 50.56179775280899, "cnt": 89}, "ISTORIE": {"medie": 6.908333333333335, "reusita": 94.44444444444444, "cnt": 36}, "LOGICA, ARGUMENTARE SI COMUNICARE": {"medie": 8.079999999999997, "reusita": 90.0, "cnt": 30}, "MATEMATICA ST-NAT": {"medie": 5.384482758620689, "reusita": 72.41379310344827, "cnt": 29}, "FIZICA TEO": {"medie": 9.05, "reusita": 100.0, "cnt": 1}, "GEOGRAFIE": {"medie": 8.208333333333334, "reusita": 100.0, "cnt": 6}, "ANATOMIE SI FIZIOLOGIE UMANA, GENETICA SI ECOLOGIE UMANA": {"medie": 5.897058823529412, "reusita": 71.15384615384616, "cnt": 52}}, "nume": "LICEUL TEORETIC \"MIHAI VITEAZUL\" BAILESTI\tDolj"}