{"specializari": {"STIINTE ALE NATURII": 52, "TEHNICIAN IN ACTIVITATI ECONOMICE": 59, "TEHNICIAN IN TURISM": 21, "MATEMATICA-INFORMATICA": 26, "TEHNICIAN IN ACHIZITII SI CONTRACTARI": 16, "TEHNICIAN MECATRONIST": 17, "TEHNICIAN MECANIC PENTRU INTRETINERE SI REPARATII": 1}, "limba_moderna": {"LIMBA ENGLEZA": 190, "LIMBA FRANCEZA": 2}, "limba_materna": {"LIMBA ROMANA": 192}, "promotie_anterioara": {"NU": 159, "DA": 33}, "materii": {"LIMBA ROMANA": {"medie": 5.731016042780749, "reusita": 76.04166666666666, "cnt": 192}, "MATEMATICA MATE-INFO": {"medie": 4.268, "reusita": 30.76923076923077, "cnt": 26}, "GENERAL": {"medie": 5.727932960893857, "reusita": 41.14583333333333, "cnt": 192}, "LOGICA, ARGUMENTARE SI COMUNICARE": {"medie": 6.482407407407408, "reusita": 76.36363636363637, "cnt": 55}, "MATEMATICA ST-NAT": {"medie": 5.5299999999999985, "reusita": 65.38461538461539, "cnt": 52}, "GEOGRAFIE": {"medie": 6.593055555555557, "reusita": 83.33333333333334, "cnt": 36}, "PSIHOLOGIE": {"medie": 6.299999999999999, "reusita": 80.0, "cnt": 5}, "ANATOMIE SI FIZIOLOGIE UMANA, GENETICA SI ECOLOGIE UMANA": {"medie": 6.201449275362321, "reusita": 86.11111111111111, "cnt": 72}, "BIOLOGIE VEGETALA SI ANIMALA": {"medie": 2.650000000000001, "reusita": 5.555555555555555, "cnt": 18}, "MATEMATICA TEHN": {"medie": 5.507075471698112, "reusita": 63.1578947368421, "cnt": 114}, "INFORMATICA MI PASCAL": {"medie": 4.85, "reusita": 50.0, "cnt": 6}}, "nume": "LICEUL TEHNOLOGIC \"AL.IOAN CUZA\" SLOBOZIA\tIalomi\u021ba"}