{"specializari": {"ARTE PLASTICE SI DECORATIVE": 34, "ARHITECTURA, ARTE AMBIENTALE SI DESIGN": 30, "ARTA ACTORULUI": 28, "MUZICA": 17}, "limba_moderna": {"LIMBA ENGLEZA": 105, "LIMBA FRANCEZA": 2, "LIMBA RUSA": 2}, "limba_materna": {"LIMBA ROMANA": 109}, "promotie_anterioara": {"NU": 103, "DA": 6}, "materii": {"LIMBA ROMANA": {"medie": 7.480555555555554, "reusita": 96.3302752293578, "cnt": 109}, "GENERAL": {"medie": 7.22165109034268, "reusita": 81.65137614678899, "cnt": 109}, "ISTORIE": {"medie": 6.729166666666665, "reusita": 90.82568807339449, "cnt": 109}, "LOGICA, ARGUMENTARE SI COMUNICARE": {"medie": 7.184999999999999, "reusita": 94.11764705882352, "cnt": 51}, "GEOGRAFIE": {"medie": 7.5861702127659605, "reusita": 95.74468085106383, "cnt": 47}, "PSIHOLOGIE": {"medie": 7.535714285714285, "reusita": 100.0, "cnt": 7}, "FILOSOFIE": {"medie": 7.550000000000001, "reusita": 100.0, "cnt": 3}, "ECONOMIE": {"medie": 7.05, "reusita": 100.0, "cnt": 1}}, "nume": "LICEUL DE ARTE \"HARICLEA DARCLEE\"\tBr\u0103ila"}