{"specializari": {"LICEU CU PROGRAM SPORTIV": 39, "TEHNICIAN MECANIC PENTRU INTRETINERE SI REPARATII": 5, "TEHNICIAN IN INSTALATII ELECTRICE": 2, "TEHNICIAN ECOLOG SI PROTECTIA CALITATII MEDIULUI": 16, "TEHNICIAN TRANSPORTURI": 1, "TEHNICIAN ELECTROMECANIC": 1, "TEHNICIAN OPERATOR TEHNICA DE CALCUL": 1}, "limba_moderna": {"LIMBA ENGLEZA": 64, "LIMBA FRANCEZA": 1}, "limba_materna": {"LIMBA ROMANA": 65}, "promotie_anterioara": {"DA": 18, "NU": 47}, "materii": {"LIMBA ROMANA": {"medie": 4.1443548387096785, "reusita": 33.84615384615385, "cnt": 65}, "GENERAL": {"medie": 4.184722222222223, "reusita": 6.153846153846154, "cnt": 65}, "ISTORIE": {"medie": 4.603947368421053, "reusita": 46.15384615384615, "cnt": 39}, "LOGICA, ARGUMENTARE SI COMUNICARE": {"medie": 5.316666666666666, "reusita": 50.0, "cnt": 4}, "GEOGRAFIE": {"medie": 5.8439999999999985, "reusita": 84.61538461538461, "cnt": 26}, "BIOLOGIE VEGETALA SI ANIMALA": {"medie": 3.6380952380952385, "reusita": 19.047619047619047, "cnt": 21}, "FILOSOFIE": {"medie": 4.294444444444444, "reusita": 44.44444444444444, "cnt": 9}, "MATEMATICA TEHN": {"medie": 2.4859999999999993, "reusita": 15.384615384615385, "cnt": 26}, "FIZICA TEH": {"medie": 1.7000000000000002, "reusita": 0.0, "cnt": 3}, "CHIMIE ANORGANICA TEH NIVEL I/II": {"medie": 3.05, "reusita": 0.0, "cnt": 2}}, "nume": "LICEUL TEHNOLOGIC PETROL MORENI\tD\u00e2mbovi\u021ba"}