{"specializari": {"STIINTE SOCIALE": 30, "FILOLOGIE": 33, "STIINTE ALE NATURII": 27, "LICEU CU PROGRAM SPORTIV": 25, "TEHNICIAN ECOLOG SI PROTECTIA CALITATII MEDIULUI": 22, "MATEMATICA-INFORMATICA": 18, "TEHNICIAN ELECTROMECANIC": 1, "TEHNICIAN MECATRONIST": 5}, "limba_moderna": {"LIMBA ENGLEZA": 148, "LIMBA FRANCEZA": 13}, "limba_materna": {"LIMBA ROMANA": 161}, "promotie_anterioara": {"NU": 117, "DA": 44}, "materii": {"LIMBA ROMANA": {"medie": 5.84811320754717, "reusita": 83.22981366459628, "cnt": 161}, "MATEMATICA MATE-INFO": {"medie": 5.385294117647059, "reusita": 72.22222222222221, "cnt": 18}, "INFORMATICA MI C/C++": {"medie": 5.375, "reusita": 75.0, "cnt": 4}, "GENERAL": {"medie": 6.133769063180827, "reusita": 52.17391304347826, "cnt": 161}, "ISTORIE": {"medie": 6.352906976744188, "reusita": 84.0909090909091, "cnt": 88}, "LOGICA, ARGUMENTARE SI COMUNICARE": {"medie": 7.75, "reusita": 100.0, "cnt": 2}, "GEOGRAFIE": {"medie": 7.383333333333334, "reusita": 92.7710843373494, "cnt": 83}, "MATEMATICA ST-NAT": {"medie": 4.189999999999999, "reusita": 40.74074074074074, "cnt": 27}, "PSIHOLOGIE": {"medie": 7.016666666666667, "reusita": 100.0, "cnt": 3}, "ANATOMIE SI FIZIOLOGIE UMANA, GENETICA SI ECOLOGIE UMANA": {"medie": 5.869166666666667, "reusita": 72.58064516129032, "cnt": 62}, "BIOLOGIE VEGETALA SI ANIMALA": {"medie": 4.691666666666666, "reusita": 57.14285714285714, "cnt": 7}, "MATEMATICA TEHN": {"medie": 5.435185185185184, "reusita": 71.42857142857143, "cnt": 28}}, "nume": "LICEUL \"VOIEVODUL MIRCEA\" TARGOVISTE\tD\u00e2mbovi\u021ba"}