{"specializari": {"ARHITECTURA, ARTE AMBIENTALE SI DESIGN": 103, "ARTE PLASTICE SI DECORATIVE": 33}, "limba_moderna": {"LIMBA ENGLEZA": 136}, "limba_materna": {"LIMBA ROMANA": 136}, "promotie_anterioara": {"NU": 112, "DA": 24}, "materii": {"LIMBA ROMANA": {"medie": 6.356538461538457, "reusita": 86.76470588235294, "cnt": 136}, "GENERAL": {"medie": 6.558136482939636, "reusita": 64.70588235294117, "cnt": 136}, "ISTORIE": {"medie": 6.051136363636363, "reusita": 83.08823529411765, "cnt": 136}, "LOGICA, ARGUMENTARE SI COMUNICARE": {"medie": 7.035555555555556, "reusita": 72.91666666666666, "cnt": 48}, "GEOGRAFIE": {"medie": 7.300649350649355, "reusita": 92.5, "cnt": 80}, "PSIHOLOGIE": {"medie": 4.025, "reusita": 33.33333333333333, "cnt": 3}, "FILOSOFIE": {"medie": 8.775, "reusita": 100.0, "cnt": 4}, "ECONOMIE": {"medie": 5.3, "reusita": 100.0, "cnt": 1}}, "nume": "LICEUL DE ARTE PLASTICE TIMISOARA\tTimi\u0219"}