{"specializari": {"FILOLOGIE": 31, "MATEMATICA-INFORMATICA": 34, "STIINTE ALE NATURII": 29, "STIINTE SOCIALE": 1}, "limba_moderna": {"LIMBA ENGLEZA": 95}, "limba_materna": {"LIMBA ROMANA": 95}, "promotie_anterioara": {"NU": 90, "DA": 5}, "materii": {"LIMBA ROMANA": {"medie": 7.814210526315791, "reusita": 97.89473684210527, "cnt": 95}, "MATEMATICA MATE-INFO": {"medie": 7.751470588235296, "reusita": 94.11764705882352, "cnt": 34}, "INFORMATICA MI C/C++": {"medie": 8.014583333333334, "reusita": 100.0, "cnt": 24}, "GENERAL": {"medie": 7.715957446808511, "reusita": 86.31578947368422, "cnt": 95}, "ISTORIE": {"medie": 8.067187500000001, "reusita": 96.875, "cnt": 32}, "LOGICA, ARGUMENTARE SI COMUNICARE": {"medie": 8.334375, "reusita": 93.75, "cnt": 16}, "GEOGRAFIE": {"medie": 8.760000000000002, "reusita": 100.0, "cnt": 5}, "FIZICA TEO": {"medie": 7.433333333333333, "reusita": 100.0, "cnt": 3}, "CHIMIE ORGANICA TEO NIVEL I/II": {"medie": 9.6, "reusita": 100.0, "cnt": 2}, "MATEMATICA ST-NAT": {"medie": 6.612499999999999, "reusita": 86.20689655172413, "cnt": 29}, "SOCIOLOGIE": {"medie": 8.39090909090909, "reusita": 100.0, "cnt": 11}, "ANATOMIE SI FIZIOLOGIE UMANA, GENETICA SI ECOLOGIE UMANA": {"medie": 5.612500000000001, "reusita": 75.0, "cnt": 4}, "BIOLOGIE VEGETALA SI ANIMALA": {"medie": 6.995000000000001, "reusita": 90.0, "cnt": 30}}, "nume": "LICEUL TEORETIC \"GRIGORE TOCILESCU\", ORASUL MIZIL\tPrahova"}