{"specializari": {"LICEU CU PROGRAM SPORTIV": 93}, "limba_moderna": {"LIMBA ENGLEZA": 93}, "limba_materna": {"LIMBA ROMANA": 93}, "promotie_anterioara": {"NU": 81, "DA": 12}, "materii": {"LIMBA ROMANA": {"medie": 5.404945054945055, "reusita": 72.04301075268818, "cnt": 93}, "GENERAL": {"medie": 6.066666666666668, "reusita": 43.01075268817204, "cnt": 93}, "ISTORIE": {"medie": 5.771978021978023, "reusita": 81.72043010752688, "cnt": 93}, "LOGICA, ARGUMENTARE SI COMUNICARE": {"medie": 7.345833333333332, "reusita": 84.61538461538461, "cnt": 13}, "GEOGRAFIE": {"medie": 6.959615384615388, "reusita": 93.75, "cnt": 80}}, "nume": "LICEUL CU PROGRAM SPORTIV, MUNICIPIUL PIATRA-NEAMT\tNeam\u021b"}