{"specializari": {"FILOLOGIE": 34, "MATEMATICA-INFORMATICA": 30, "TEHNICIAN IN ACTIVITATI ECONOMICE": 32, "STIINTE ALE NATURII": 33, "TEHNICIAN IN TURISM": 5, "LICEU CU PROGRAM SPORTIV": 4}, "limba_moderna": {"LIMBA ENGLEZA": 126, "LIMBA FRANCEZA": 12}, "limba_materna": {"LIMBA ROMANA": 138}, "promotie_anterioara": {"NU": 110, "DA": 28}, "materii": {"LIMBA ROMANA": {"medie": 6.449629629629633, "reusita": 85.5072463768116, "cnt": 138}, "MATEMATICA MATE-INFO": {"medie": 6.084999999999999, "reusita": 73.33333333333333, "cnt": 30}, "INFORMATICA MI C/C++": {"medie": 8.225, "reusita": 100.0, "cnt": 6}, "GENERAL": {"medie": 6.638805970149253, "reusita": 59.42028985507246, "cnt": 138}, "ISTORIE": {"medie": 7.671621621621623, "reusita": 97.36842105263158, "cnt": 38}, "LOGICA, ARGUMENTARE SI COMUNICARE": {"medie": 8.725000000000001, "reusita": 100.0, "cnt": 4}, "CHIMIE ORGANICA TEO NIVEL I/II": {"medie": 9.25, "reusita": 100.0, "cnt": 1}, "MATEMATICA ST-NAT": {"medie": 4.553030303030303, "reusita": 42.42424242424242, "cnt": 33}, "GEOGRAFIE": {"medie": 7.789130434782611, "reusita": 92.95774647887323, "cnt": 71}, "ANATOMIE SI FIZIOLOGIE UMANA, GENETICA SI ECOLOGIE UMANA": {"medie": 6.276363636363637, "reusita": 89.28571428571429, "cnt": 56}, "MATEMATICA TEHN": {"medie": 6.240540540540539, "reusita": 72.97297297297297, "cnt": 37}}, "nume": "LICEUL TEORETIC NOVACI\tGorj"}