{"specializari": {"MUZICA": 27, "ARHITECTURA, ARTE AMBIENTALE SI DESIGN": 5, "ARTE PLASTICE SI DECORATIVE": 29}, "limba_moderna": {"LIMBA ENGLEZA": 61}, "limba_materna": {"LIMBA MAGHIARA": 61}, "promotie_anterioara": {"NU": 53, "DA": 8}, "materii": {"LIMBA ROMANA": {"medie": 4.649166666666669, "reusita": 55.73770491803278, "cnt": 61}, "GENERAL": {"medie": 6.526249999999999, "reusita": 54.09836065573771, "cnt": 61}, "ISTORIE": {"medie": 6.371311475409834, "reusita": 91.80327868852459, "cnt": 61}, "GEOGRAFIE": {"medie": 7.52909090909091, "reusita": 98.21428571428571, "cnt": 56}, "PSIHOLOGIE": {"medie": 7.6, "reusita": 100.0, "cnt": 5}, "LIMBA MAGHIARA (REAL)": {"medie": 7.527868852459015, "reusita": 98.36065573770492, "cnt": 61}}, "nume": "LICEUL DE ARTE \"NAGY ISTVAN\" MIERCUREA CIUC\tHarghita"}