{"specializari": {"FILOLOGIE": 66, "MATEMATICA-INFORMATICA": 62, "STIINTE SOCIALE": 34, "STIINTE ALE NATURII": 61}, "limba_moderna": {"LIMBA ENGLEZA": 215, "LIMBA FRANCEZA": 6, "LIMBA RUSA": 2}, "limba_materna": {"LIMBA ROMANA": 223}, "promotie_anterioara": {"NU": 218, "DA": 5}, "materii": {"LIMBA ROMANA": {"medie": 7.573198198198199, "reusita": 98.65470852017937, "cnt": 223}, "MATEMATICA MATE-INFO": {"medie": 8.057258064516128, "reusita": 96.7741935483871, "cnt": 62}, "INFORMATICA MI C/C++": {"medie": 7.310606060606061, "reusita": 93.93939393939394, "cnt": 33}, "GENERAL": {"medie": 8.003092006033185, "reusita": 92.82511210762333, "cnt": 223}, "ISTORIE": {"medie": 8.563636363636364, "reusita": 99.0, "cnt": 100}, "LOGICA, ARGUMENTARE SI COMUNICARE": {"medie": 9.133333333333333, "reusita": 94.73684210526315, "cnt": 19}, "CHIMIE ORGANICA TEO NIVEL I/II": {"medie": 9.287500000000001, "reusita": 100.0, "cnt": 4}, "MATEMATICA ST-NAT": {"medie": 8.000819672131149, "reusita": 100.0, "cnt": 61}, "FIZICA TEO": {"medie": 9.175, "reusita": 100.0, "cnt": 2}, "GEOGRAFIE": {"medie": 8.612857142857143, "reusita": 98.57142857142858, "cnt": 70}, "PSIHOLOGIE": {"medie": 8.1, "reusita": 100.0, "cnt": 1}, "ANATOMIE SI FIZIOLOGIE UMANA, GENETICA SI ECOLOGIE UMANA": {"medie": 7.684558823529413, "reusita": 100.0, "cnt": 68}, "CHIMIE ANORGANICA TEO NIVEL I/II": {"medie": 8.570833333333331, "reusita": 100.0, "cnt": 12}, "BIOLOGIE VEGETALA SI ANIMALA": {"medie": 7.433333333333334, "reusita": 100.0, "cnt": 3}, "SOCIOLOGIE": {"medie": 8.28125, "reusita": 88.88888888888889, "cnt": 9}, "ECONOMIE": {"medie": 7.8, "reusita": 100.0, "cnt": 1}, "INFORMATICA MI PASCAL": {"medie": 5.5, "reusita": 100.0, "cnt": 1}}, "nume": "LICEUL TEORETIC \"ALEXANDRU IOAN CUZA\", IASI\tIa\u0219i"}