{"specializari": {"LICEU CU PROGRAM SPORTIV": 39, "TEHNICIAN ELECTRICIAN/ELECTRONIST AUTO": 22, "TEHNICIAN TRANSPORTURI": 23, "TEHNICIAN ELECTROTEHNIST": 1, "TEHNICIAN OPERATOR TEHNICA DE CALCUL": 1, "TEHNICIAN MECATRONIST": 1, "TEHNICIAN PROIECTANT CAD": 1}, "limba_moderna": {"LIMBA ENGLEZA": 88}, "limba_materna": {"LIMBA ROMANA": 88}, "promotie_anterioara": {"NU": 65, "DA": 23}, "materii": {"LIMBA ROMANA": {"medie": 4.593749999999998, "reusita": 46.590909090909086, "cnt": 88}, "GENERAL": {"medie": 4.521846846846849, "reusita": 23.863636363636363, "cnt": 88}, "ISTORIE": {"medie": 5.044594594594597, "reusita": 66.66666666666666, "cnt": 39}, "LOGICA, ARGUMENTARE SI COMUNICARE": {"medie": 6.65, "reusita": 70.58823529411765, "cnt": 17}, "GEOGRAFIE": {"medie": 6.264285714285715, "reusita": 72.72727272727273, "cnt": 22}, "BIOLOGIE VEGETALA SI ANIMALA": {"medie": 3.2099999999999995, "reusita": 15.217391304347828, "cnt": 46}, "MATEMATICA TEHN": {"medie": 3.250000000000001, "reusita": 24.489795918367346, "cnt": 49}, "FIZICA TEH": {"medie": 6.325, "reusita": 33.33333333333333, "cnt": 3}}, "nume": "LICEUL TEHNOLOGIC AUTO CRAIOVA\tDolj"}