{"specializari": {"TEOLOGIE ORTODOXA": 18}, "limba_moderna": {"LIMBA ENGLEZA": 17, "LIMBA FRANCEZA": 1}, "limba_materna": {"LIMBA ROMANA": 18}, "promotie_anterioara": {"NU": 15, "DA": 3}, "materii": {"LIMBA ROMANA": {"medie": 5.711764705882353, "reusita": 77.77777777777779, "cnt": 18}, "GENERAL": {"medie": 6.1568627450980395, "reusita": 44.44444444444444, "cnt": 18}, "ISTORIE": {"medie": 6.1235294117647046, "reusita": 77.77777777777779, "cnt": 18}, "GEOGRAFIE": {"medie": 6.635294117647059, "reusita": 83.33333333333334, "cnt": 18}}, "nume": "LICEUL ORTODOX \"SF. NICOLAE\" ZALAU\tS\u0103laj"}