{"specializari": {"MATEMATICA-INFORMATICA": 31, "STIINTE ALE NATURII": 52, "FILOLOGIE": 67, "STIINTE SOCIALE": 29}, "limba_moderna": {"LIMBA ENGLEZA": 179}, "limba_materna": {"LIMBA ROMANA": 179}, "promotie_anterioara": {"NU": 173, "DA": 6}, "materii": {"LIMBA ROMANA": {"medie": 8.095251396648049, "reusita": 99.4413407821229, "cnt": 179}, "MATEMATICA MATE-INFO": {"medie": 8.725806451612904, "reusita": 100.0, "cnt": 31}, "GENERAL": {"medie": 8.195903165735565, "reusita": 94.41340782122904, "cnt": 179}, "ISTORIE": {"medie": 7.961458333333333, "reusita": 98.95833333333334, "cnt": 96}, "LOGICA, ARGUMENTARE SI COMUNICARE": {"medie": 8.713636363636363, "reusita": 95.45454545454545, "cnt": 22}, "GEOGRAFIE": {"medie": 7.984166666666666, "reusita": 98.33333333333333, "cnt": 60}, "FIZICA TEO": {"medie": 8.754999999999999, "reusita": 100.0, "cnt": 30}, "CHIMIE ORGANICA TEO NIVEL I/II": {"medie": 7.89375, "reusita": 100.0, "cnt": 8}, "MATEMATICA ST-NAT": {"medie": 8.60673076923077, "reusita": 100.0, "cnt": 52}, "SOCIOLOGIE": {"medie": 6.7749999999999995, "reusita": 100.0, "cnt": 14}, "ANATOMIE SI FIZIOLOGIE UMANA, GENETICA SI ECOLOGIE UMANA": {"medie": 8.497727272727273, "reusita": 100.0, "cnt": 44}, "INFORMATICA SN C/C++": {"medie": 4.5, "reusita": 0.0, "cnt": 1}}, "nume": "LICEUL TEORETIC \"SPIRU HARET\" MOINESTI\tBac\u0103u"}