{"specializari": {"STIINTE SOCIALE": 86, "STIINTE ALE NATURII": 38, "TEHNICIAN MECANIC PENTRU INTRETINERE SI REPARATII": 43, "TEHNICIAN PRELUCRARI MECANICE": 15, "MATEMATICA-INFORMATICA": 2}, "limba_moderna": {"LIMBA ENGLEZA": 184}, "limba_materna": {"LIMBA ROMANA": 184}, "promotie_anterioara": {"NU": 134, "DA": 50}, "materii": {"LIMBA ROMANA": {"medie": 5.912285714285715, "reusita": 78.26086956521739, "cnt": 184}, "MATEMATICA MATE-INFO": {"medie": 4.574999999999999, "reusita": 50.0, "cnt": 2}, "GENERAL": {"medie": 5.917181069958847, "reusita": 47.82608695652174, "cnt": 184}, "ISTORIE": {"medie": 6.577108433734941, "reusita": 91.86046511627907, "cnt": 86}, "LOGICA, ARGUMENTARE SI COMUNICARE": {"medie": 7.264285714285715, "reusita": 80.0, "cnt": 15}, "GEOGRAFIE": {"medie": 7.4181818181818215, "reusita": 91.48936170212765, "cnt": 47}, "MATEMATICA ST-NAT": {"medie": 5.80142857142857, "reusita": 71.05263157894737, "cnt": 38}, "PSIHOLOGIE": {"medie": 7.3125, "reusita": 100.0, "cnt": 4}, "SOCIOLOGIE": {"medie": 6.739473684210526, "reusita": 90.0, "cnt": 20}, "ANATOMIE SI FIZIOLOGIE UMANA, GENETICA SI ECOLOGIE UMANA": {"medie": 7.510810810810812, "reusita": 97.2972972972973, "cnt": 37}, "BIOLOGIE VEGETALA SI ANIMALA": {"medie": 3.581372549019609, "reusita": 24.137931034482758, "cnt": 58}, "INFORMATICA SN C/C++": {"medie": 6.2, "reusita": 100.0, "cnt": 1}, "MATEMATICA TEHN": {"medie": 2.8040000000000003, "reusita": 24.137931034482758, "cnt": 58}, "FIZICA TEH": {"medie": "-", "reusita": 0.0, "cnt": 1}, "CHIMIE ANORGANICA TEH NIVEL I/II": {"medie": 2.7, "reusita": 0.0, "cnt": 1}}, "nume": "LICEUL TEHNOLOGIC \"DIMITRIE GUSTI\"\tBucure\u0219ti"}