{"specializari": {"STIINTE SOCIALE": 30, "MATEMATICA-INFORMATICA": 57, "STIINTE ALE NATURII": 29, "FILOLOGIE": 1}, "limba_moderna": {"LIMBA ENGLEZA": 117}, "limba_materna": {"LIMBA ROMANA": 117}, "promotie_anterioara": {"NU": 116, "DA": 1}, "materii": {"LIMBA ROMANA": {"medie": 7.876293103448272, "reusita": 96.58119658119658, "cnt": 117}, "MATEMATICA MATE-INFO": {"medie": 8.28571428571429, "reusita": 98.24561403508771, "cnt": 57}, "INFORMATICA MI C/C++": {"medie": 8.636666666666667, "reusita": 100.0, "cnt": 15}, "GENERAL": {"medie": 8.237391304347824, "reusita": 96.58119658119658, "cnt": 117}, "ISTORIE": {"medie": 8.914516129032258, "reusita": 100.0, "cnt": 31}, "LOGICA, ARGUMENTARE SI COMUNICARE": {"medie": 8.91346153846154, "reusita": 100.0, "cnt": 26}, "CHIMIE ORGANICA TEO NIVEL I/II": {"medie": 8.633333333333335, "reusita": 100.0, "cnt": 3}, "MATEMATICA ST-NAT": {"medie": 7.657142857142858, "reusita": 96.55172413793103, "cnt": 29}, "FIZICA TEO": {"medie": 8.65625, "reusita": 100.0, "cnt": 8}, "GEOGRAFIE": {"medie": 7.375, "reusita": 100.0, "cnt": 2}, "PSIHOLOGIE": {"medie": 7.1, "reusita": 100.0, "cnt": 1}, "ANATOMIE SI FIZIOLOGIE UMANA, GENETICA SI ECOLOGIE UMANA": {"medie": 8.392727272727274, "reusita": 96.49122807017544, "cnt": 57}, "SOCIOLOGIE": {"medie": 8.55, "reusita": 100.0, "cnt": 2}, "INFORMATICA SN C/C++": {"medie": 6.666666666666667, "reusita": 100.0, "cnt": 3}}, "nume": "LICEUL TEORETIC \"CALLATIS\" MANGALIA\tConstan\u021ba"}