{"specializari": {"FILOLOGIE": 28}, "limba_moderna": {"LIMBA ENGLEZA": 28}, "limba_materna": {"LIMBA ROMANA": 28}, "promotie_anterioara": {"NU": 28}, "materii": {"LIMBA ROMANA": {"medie": 7.268518518518518, "reusita": 92.85714285714286, "cnt": 28}, "GENERAL": {"medie": 7.5283950617283955, "reusita": 92.85714285714286, "cnt": 28}, "ISTORIE": {"medie": 7.101851851851852, "reusita": 92.85714285714286, "cnt": 28}, "GEOGRAFIE": {"medie": 8.280769230769232, "reusita": 96.29629629629629, "cnt": 27}, "SOCIOLOGIE": {"medie": 6.5, "reusita": 100.0, "cnt": 1}}, "nume": "LICEUL WALDORF TIMISOARA\tTimi\u0219"}