{"specializari": {"INVATATOR - EDUCATOARE": 23, "TEOLOGIE ORTODOXA": 21}, "limba_moderna": {"LIMBA ENGLEZA": 44}, "limba_materna": {"LIMBA ROMANA": 44}, "promotie_anterioara": {"NU": 39, "DA": 5}, "materii": {"LIMBA ROMANA": {"medie": 5.496341463414635, "reusita": 77.27272727272727, "cnt": 44}, "GENERAL": {"medie": 5.834552845528456, "reusita": 43.18181818181818, "cnt": 44}, "ISTORIE": {"medie": 4.980555555555556, "reusita": 52.38095238095239, "cnt": 21}, "GEOGRAFIE": {"medie": 6.709756097560976, "reusita": 79.54545454545455, "cnt": 44}, "MATEMATICA PED": {"medie": 5.5456521739130435, "reusita": 73.91304347826086, "cnt": 23}}, "nume": "LICEUL TEOLOGIC ORTODOX \"SF. CONSTANTIN BRANCOVEANU\" FAGARAS\tBra\u0219ov"}