{"specializari": {"LICEU CU PROGRAM SPORTIV": 131}, "limba_moderna": {"LIMBA ENGLEZA": 131}, "limba_materna": {"LIMBA ROMANA": 131}, "promotie_anterioara": {"NU": 108, "DA": 23}, "materii": {"LIMBA ROMANA": {"medie": 6.059230769230768, "reusita": 89.31297709923665, "cnt": 131}, "GENERAL": {"medie": 6.7510416666666675, "reusita": 67.93893129770993, "cnt": 131}, "ISTORIE": {"medie": 6.656976744186044, "reusita": 89.31297709923665, "cnt": 131}, "LOGICA, ARGUMENTARE SI COMUNICARE": {"medie": 7.093333333333332, "reusita": 80.0, "cnt": 15}, "GEOGRAFIE": {"medie": 7.623584905660376, "reusita": 96.29629629629629, "cnt": 108}, "PSIHOLOGIE": {"medie": 6.375, "reusita": 87.5, "cnt": 8}}, "nume": "LICEUL CU PROGRAM SPORTIV \"BANATUL\" TIMISOARA\tTimi\u0219"}