{"specializari": {"FILOLOGIE": 14}, "limba_moderna": {"LIMBA ENGLEZA": 14}, "limba_materna": {"LIMBA ROMANA": 14}, "promotie_anterioara": {"DA": 7, "NU": 7}, "materii": {"LIMBA ROMANA": {"medie": 4.816666666666666, "reusita": 35.714285714285715, "cnt": 14}, "GENERAL": {"medie": 5.341666666666666, "reusita": 0.0, "cnt": 14}, "ISTORIE": {"medie": 5.021428571428571, "reusita": 42.857142857142854, "cnt": 14}, "GEOGRAFIE": {"medie": 5.257142857142858, "reusita": 28.57142857142857, "cnt": 14}}, "nume": "LICEUL TEORETIC \"HENRI COANDA\" TIMISOARA\tTimi\u0219"}