{"specializari": {"LICEU CU PROGRAM SPORTIV": 78}, "limba_moderna": {"LIMBA ENGLEZA": 76, "LIMBA FRANCEZA": 2}, "limba_materna": {"LIMBA ROMANA": 78}, "promotie_anterioara": {"NU": 65, "DA": 13}, "materii": {"LIMBA ROMANA": {"medie": 6.77051282051282, "reusita": 96.15384615384616, "cnt": 78}, "GENERAL": {"medie": 7.183333333333332, "reusita": 80.76923076923077, "cnt": 78}, "ISTORIE": {"medie": 7.218181818181818, "reusita": 94.87179487179486, "cnt": 78}, "LOGICA, ARGUMENTARE SI COMUNICARE": {"medie": 6.935714285714286, "reusita": 100.0, "cnt": 7}, "GEOGRAFIE": {"medie": 7.585714285714287, "reusita": 98.57142857142858, "cnt": 70}, "FILOSOFIE": {"medie": 5.15, "reusita": 100.0, "cnt": 1}}, "nume": "LICEUL CU PROGRAM SPORTIV FOCSANI\tVrancea"}