{"specializari": {"TEHNICIAN IN TURISM": 24}, "limba_moderna": {"LIMBA ENGLEZA": 24}, "limba_materna": {"LIMBA MAGHIARA": 24}, "promotie_anterioara": {"NU": 17, "DA": 7}, "materii": {"LIMBA ROMANA": {"medie": 3.5437499999999993, "reusita": 29.166666666666668, "cnt": 24}, "GENERAL": {"medie": 5.4103260869565215, "reusita": 25.0, "cnt": 24}, "GEOGRAFIE": {"medie": 6.439583333333334, "reusita": 87.5, "cnt": 24}, "MATEMATICA TEHN": {"medie": 4.821739130434783, "reusita": 58.333333333333336, "cnt": 24}, "LIMBA MAGHIARA (REAL)": {"medie": 6.720833333333334, "reusita": 100.0, "cnt": 24}}, "nume": "LICEUL TEHNOLOGIC CORUND\tHarghita"}