{"specializari": {"INVATATOR - EDUCATOARE": 53, "MUZICA": 17, "INSTRUCTOR PENTRU ACTIVITATI EXTRASCOLARE": 21, "ARTE PLASTICE SI DECORATIVE": 28, "LICEU CU PROGRAM SPORTIV": 22}, "limba_moderna": {"LIMBA ENGLEZA": 131, "LIMBA FRANCEZA": 10}, "limba_materna": {"LIMBA ROMANA": 141}, "promotie_anterioara": {"NU": 129, "DA": 12}, "materii": {"LIMBA ROMANA": {"medie": 6.816911764705885, "reusita": 93.61702127659575, "cnt": 141}, "GENERAL": {"medie": 7.004691358024692, "reusita": 74.46808510638297, "cnt": 141}, "ISTORIE": {"medie": 6.173493975903617, "reusita": 88.63636363636364, "cnt": 88}, "LOGICA, ARGUMENTARE SI COMUNICARE": {"medie": 7.515686274509804, "reusita": 88.23529411764706, "cnt": 51}, "GEOGRAFIE": {"medie": 7.368055555555554, "reusita": 93.42105263157895, "cnt": 76}, "PSIHOLOGIE": {"medie": 8.069230769230769, "reusita": 92.85714285714286, "cnt": 14}, "MATEMATICA PED": {"medie": 7.475961538461538, "reusita": 92.45283018867924, "cnt": 53}}, "nume": "LICEUL PEDAGOGIC \"IOAN POPESCU\", MUN. BARLAD\tVaslui"}