{"specializari": {"ARTE PLASTICE SI DECORATIVE": 54, "MUZICA": 41, "ARHITECTURA, ARTE AMBIENTALE SI DESIGN": 41}, "limba_moderna": {"LIMBA ENGLEZA": 134, "LIMBA FRANCEZA": 2}, "limba_materna": {"LIMBA ROMANA": 94, "LIMBA MAGHIARA": 42}, "promotie_anterioara": {"NU": 127, "DA": 9}, "materii": {"LIMBA ROMANA": {"medie": 6.4363970588235295, "reusita": 84.55882352941177, "cnt": 136}, "GENERAL": {"medie": 7.204442401960788, "reusita": 71.32352941176471, "cnt": 136}, "ISTORIE": {"medie": 6.883823529411765, "reusita": 88.97058823529412, "cnt": 136}, "LOGICA, ARGUMENTARE SI COMUNICARE": {"medie": 8.367499999999998, "reusita": 98.33333333333333, "cnt": 60}, "GEOGRAFIE": {"medie": 7.832539682539681, "reusita": 98.4126984126984, "cnt": 63}, "PSIHOLOGIE": {"medie": 8.3375, "reusita": 100.0, "cnt": 12}, "FILOSOFIE": {"medie": 8.3, "reusita": 100.0, "cnt": 1}, "LIMBA MAGHIARA (REAL)": {"medie": 7.423809523809522, "reusita": 95.23809523809523, "cnt": 42}}, "nume": "LICEUL DE ARTE ORADEA\tBihor"}