{"specializari": {"MATEMATICA-INFORMATICA": 60, "STIINTE ALE NATURII": 32, "FILOLOGIE": 35}, "limba_moderna": {"LIMBA ENGLEZA": 124, "LIMBA FRANCEZA": 3}, "limba_materna": {"LIMBA ROMANA": 127}, "promotie_anterioara": {"NU": 122, "DA": 5}, "materii": {"LIMBA ROMANA": {"medie": 7.505158730158731, "reusita": 93.7007874015748, "cnt": 127}, "MATEMATICA MATE-INFO": {"medie": 7.8144067796610175, "reusita": 93.33333333333333, "cnt": 60}, "INFORMATICA MI C/C++": {"medie": 9.95, "reusita": 100.0, "cnt": 2}, "GENERAL": {"medie": 7.404894179894179, "reusita": 79.52755905511812, "cnt": 127}, "ISTORIE": {"medie": 6.605714285714285, "reusita": 80.0, "cnt": 35}, "LOGICA, ARGUMENTARE SI COMUNICARE": {"medie": 7.8999999999999995, "reusita": 75.0, "cnt": 4}, "CHIMIE ORGANICA TEO NIVEL I/II": {"medie": 8.1875, "reusita": 100.0, "cnt": 4}, "MATEMATICA ST-NAT": {"medie": 6.3859375, "reusita": 81.25, "cnt": 32}, "FIZICA TEO": {"medie": 7.914545454545457, "reusita": 96.42857142857143, "cnt": 56}, "GEOGRAFIE": {"medie": 7.775806451612904, "reusita": 93.54838709677419, "cnt": 31}, "ANATOMIE SI FIZIOLOGIE UMANA, GENETICA SI ECOLOGIE UMANA": {"medie": 6.35, "reusita": 100.0, "cnt": 1}, "BIOLOGIE VEGETALA SI ANIMALA": {"medie": 6.54655172413793, "reusita": 79.3103448275862, "cnt": 29}}, "nume": "LICEUL TEORETIC \"RADU VLADESCU\" ORAS PATARLAGELE\tBuz\u0103u"}