{"specializari": {"INVATATOR - EDUCATOARE": 23, "TEOLOGIE ORTODOXA": 21}, "limba_moderna": {"LIMBA ENGLEZA": 44}, "limba_materna": {"LIMBA ROMANA": 44}, "promotie_anterioara": {"NU": 39, "DA": 5}, "materii": {"LIMBA ROMANA": {"medie": 5.384146341463414, "reusita": 70.45454545454545, "cnt": 44}, "GENERAL": {"medie": 5.758130081300814, "reusita": 38.63636363636363, "cnt": 44}, "ISTORIE": {"medie": 4.8583333333333325, "reusita": 52.38095238095239, "cnt": 21}, "GEOGRAFIE": {"medie": 6.607317073170731, "reusita": 77.27272727272727, "cnt": 44}, "MATEMATICA PED": {"medie": 5.615217391304348, "reusita": 73.91304347826086, "cnt": 23}}, "nume": "LICEUL TEOLOGIC ORTODOX \"SF. CONSTANTIN BRANCOVEANU\" FAGARAS\tBra\u0219ov"}