{"specializari": {"STIINTE ALE NATURII": 63, "FILOLOGIE": 67, "MATEMATICA-INFORMATICA": 53}, "limba_moderna": {"LIMBA ENGLEZA": 182, "LIMBA FRANCEZA": 1}, "limba_materna": {"LIMBA ROMANA": 183}, "promotie_anterioara": {"NU": 176, "DA": 7}, "materii": {"LIMBA ROMANA": {"medie": 7.394999999999997, "reusita": 97.81420765027322, "cnt": 183}, "MATEMATICA MATE-INFO": {"medie": 6.948076923076922, "reusita": 92.45283018867924, "cnt": 53}, "INFORMATICA MI C/C++": {"medie": 7.073999999999997, "reusita": 88.0, "cnt": 25}, "GENERAL": {"medie": 7.7223782771535605, "reusita": 86.88524590163934, "cnt": 183}, "ISTORIE": {"medie": 7.974242424242422, "reusita": 95.52238805970148, "cnt": 67}, "LOGICA, ARGUMENTARE SI COMUNICARE": {"medie": 9.102727272727275, "reusita": 98.18181818181819, "cnt": 55}, "CHIMIE ORGANICA TEO NIVEL I/II": {"medie": 6.175, "reusita": 100.0, "cnt": 2}, "MATEMATICA ST-NAT": {"medie": 7.324590163934427, "reusita": 93.65079365079364, "cnt": 63}, "FIZICA TEO": {"medie": 6.6499999999999995, "reusita": 72.72727272727273, "cnt": 11}, "GEOGRAFIE": {"medie": 8.762500000000001, "reusita": 88.88888888888889, "cnt": 9}, "PSIHOLOGIE": {"medie": 7.625, "reusita": 100.0, "cnt": 2}, "ANATOMIE SI FIZIOLOGIE UMANA, GENETICA SI ECOLOGIE UMANA": {"medie": 8.44765625, "reusita": 94.02985074626866, "cnt": 67}, "CHIMIE ANORGANICA TEO NIVEL I/II": {"medie": 7.6, "reusita": 100.0, "cnt": 4}, "BIOLOGIE VEGETALA SI ANIMALA": {"medie": 6.783333333333332, "reusita": 100.0, "cnt": 6}, "SOCIOLOGIE": {"medie": 8.0, "reusita": 100.0, "cnt": 1}, "INFORMATICA SN C/C++": {"medie": 7.65, "reusita": 100.0, "cnt": 1}}, "nume": "LICEUL TEORETIC \"ION BARBU\" PITESTI\tArge\u0219"}