{"specializari": {"FILOLOGIE": 40, "TEHNICIAN IN ACTIVITATI ECONOMICE": 3}, "limba_moderna": {"LIMBA ENGLEZA": 42, "LIMBA FRANCEZA": 1}, "limba_materna": {"LIMBA ROMANA": 43}, "promotie_anterioara": {"NU": 36, "DA": 7}, "materii": {"LIMBA ROMANA": {"medie": 5.089473684210527, "reusita": 55.81395348837209, "cnt": 43}, "GENERAL": {"medie": 5.375000000000001, "reusita": 25.581395348837212, "cnt": 43}, "ISTORIE": {"medie": 5.104285714285713, "reusita": 55.00000000000001, "cnt": 40}, "LOGICA, ARGUMENTARE SI COMUNICARE": {"medie": 3.172222222222222, "reusita": 18.181818181818183, "cnt": 11}, "GEOGRAFIE": {"medie": 6.777586206896553, "reusita": 84.375, "cnt": 32}, "MATEMATICA TEHN": {"medie": 5.2, "reusita": 100.0, "cnt": 3}}, "nume": "LICEUL TEHNOLOGIC FIERBINTI-TARG\tIalomi\u021ba"}