{"specializari": {"INVATATOR - EDUCATOARE": 30, "MUZICA": 26}, "limba_moderna": {"LIMBA ENGLEZA": 55, "LIMBA ITALIANA": 1}, "limba_materna": {"LIMBA ROMANA": 56}, "promotie_anterioara": {"NU": 53, "DA": 3}, "materii": {"LIMBA ROMANA": {"medie": 7.559090909090912, "reusita": 98.21428571428571, "cnt": 56}, "GENERAL": {"medie": 7.833939393939396, "reusita": 89.28571428571429, "cnt": 56}, "ISTORIE": {"medie": 7.6160000000000005, "reusita": 96.15384615384616, "cnt": 26}, "LOGICA, ARGUMENTARE SI COMUNICARE": {"medie": 8.54375, "reusita": 100.0, "cnt": 8}, "GEOGRAFIE": {"medie": 8.058974358974359, "reusita": 97.5, "cnt": 40}, "PSIHOLOGIE": {"medie": 9.24375, "reusita": 100.0, "cnt": 8}, "MATEMATICA PED": {"medie": 7.661666666666666, "reusita": 96.66666666666667, "cnt": 30}}, "nume": "LICEUL DE MUZICA \"TUDOR JARDA\" BISTRITA\tBistri\u021ba-N\u0103s\u0103ud"}