{"specializari": {"STIINTE ALE NATURII": 56, "FILOLOGIE": 48, "STIINTE SOCIALE": 32}, "limba_moderna": {"LIMBA ENGLEZA": 129, "LIMBA GERMANA MODERNA": 1, "LIMBA FRANCEZA": 6}, "limba_materna": {"LIMBA ROMANA": 105, "LIMBA MAGHIARA": 31}, "promotie_anterioara": {"NU": 131, "DA": 5}, "materii": {"LIMBA ROMANA": {"medie": 6.098888888888886, "reusita": 79.41176470588235, "cnt": 136}, "GENERAL": {"medie": 7.042630597014925, "reusita": 69.85294117647058, "cnt": 136}, "ISTORIE": {"medie": 6.959999999999996, "reusita": 96.25, "cnt": 80}, "LOGICA, ARGUMENTARE SI COMUNICARE": {"medie": 8.627777777777778, "reusita": 100.0, "cnt": 18}, "MATEMATICA ST-NAT": {"medie": 7.185454545454547, "reusita": 82.14285714285714, "cnt": 56}, "GEOGRAFIE": {"medie": 7.548809523809524, "reusita": 95.34883720930233, "cnt": 43}, "PSIHOLOGIE": {"medie": 5.25, "reusita": 100.0, "cnt": 1}, "ANATOMIE SI FIZIOLOGIE UMANA, GENETICA SI ECOLOGIE UMANA": {"medie": 7.691860465116278, "reusita": 93.18181818181817, "cnt": 44}, "BIOLOGIE VEGETALA SI ANIMALA": {"medie": 7.25, "reusita": 100.0, "cnt": 1}, "SOCIOLOGIE": {"medie": 7.047222222222223, "reusita": 94.44444444444444, "cnt": 18}, "INFORMATICA SN C/C++": {"medie": 8.968181818181819, "reusita": 100.0, "cnt": 11}, "LIMBA MAGHIARA (REAL)": {"medie": 6.5249999999999995, "reusita": 84.61538461538461, "cnt": 13}, "LIMBA MAGHIARA (UMAN)": {"medie": 7.230555555555556, "reusita": 100.0, "cnt": 18}}, "nume": "LICEUL TEORETIC \"ANDREI BARSEANU\" TARNAVENI\tMure\u0219"}