{"specializari": {"LICEU CU PROGRAM SPORTIV": 78, "STIINTE ALE NATURII": 16}, "limba_moderna": {"LIMBA ENGLEZA": 91, "LIMBA FRANCEZA": 3}, "limba_materna": {"LIMBA ROMANA": 94}, "promotie_anterioara": {"NU": 81, "DA": 13}, "materii": {"LIMBA ROMANA": {"medie": 6.068478260869566, "reusita": 85.1063829787234, "cnt": 94}, "GENERAL": {"medie": 6.263108614232208, "reusita": 54.25531914893617, "cnt": 94}, "ISTORIE": {"medie": 5.942105263157896, "reusita": 80.76923076923077, "cnt": 78}, "LOGICA, ARGUMENTARE SI COMUNICARE": {"medie": 6.911475409836065, "reusita": 80.3030303030303, "cnt": 66}, "GEOGRAFIE": {"medie": 7.133333333333334, "reusita": 83.33333333333334, "cnt": 12}, "FIZICA TEO": {"medie": 6.4, "reusita": 100.0, "cnt": 1}, "MATEMATICA ST-NAT": {"medie": 5.73125, "reusita": 81.25, "cnt": 16}, "ANATOMIE SI FIZIOLOGIE UMANA, GENETICA SI ECOLOGIE UMANA": {"medie": 5.5633333333333335, "reusita": 80.0, "cnt": 15}}, "nume": "LICEUL CU PROGRAM SPORTIV, LOCALITATEA GALATI\tGala\u021bi"}