{"specializari": {"LICEU CU PROGRAM SPORTIV": 175}, "limba_moderna": {"LIMBA ENGLEZA": 138, "LIMBA FRANCEZA": 37}, "limba_materna": {"LIMBA ROMANA": 175}, "promotie_anterioara": {"NU": 139, "DA": 36}, "materii": {"LIMBA ROMANA": {"medie": 5.921597633136095, "reusita": 81.14285714285714, "cnt": 175}, "GENERAL": {"medie": 6.340890269151135, "reusita": 62.28571428571429, "cnt": 175}, "ISTORIE": {"medie": 5.953353658536586, "reusita": 75.42857142857143, "cnt": 175}, "LOGICA, ARGUMENTARE SI COMUNICARE": {"medie": 6.92422680412371, "reusita": 77.45098039215686, "cnt": 102}, "GEOGRAFIE": {"medie": 7.169852941176471, "reusita": 85.91549295774648, "cnt": 71}, "PSIHOLOGIE": {"medie": 6.6, "reusita": 100.0, "cnt": 2}}, "nume": "LICEUL CU PROGRAM SPORTIV \"VIITORUL\" PITESTI\tArge\u0219"}