{"specializari": {"TEHNICIAN OPERATOR TEHNICA DE CALCUL": 28}, "limba_moderna": {"LIMBA ENGLEZA": 26, "LIMBA FRANCEZA": 2}, "limba_materna": {"LIMBA ROMANA": 28}, "promotie_anterioara": {"NU": 24, "DA": 4}, "materii": {"LIMBA ROMANA": {"medie": 5.680357142857143, "reusita": 82.14285714285714, "cnt": 28}, "GENERAL": {"medie": 5.858974358974359, "reusita": 35.714285714285715, "cnt": 28}, "BIOLOGIE VEGETALA SI ANIMALA": {"medie": 5.926000000000001, "reusita": 80.76923076923077, "cnt": 26}, "MATEMATICA TEHN": {"medie": 5.755555555555556, "reusita": 71.42857142857143, "cnt": 28}, "FIZICA TEH": {"medie": 6.925, "reusita": 50.0, "cnt": 2}}, "nume": "LICEUL TEHNOLOGIC, VLADENI\tIa\u0219i"}