{"specializari": {"STIINTE ALE NATURII": 22, "TEOLOGIE UNITARIANA": 21}, "limba_moderna": {"LIMBA ENGLEZA": 42, "LIMBA GERMANA MODERNA": 1}, "limba_materna": {"LIMBA MAGHIARA": 43}, "promotie_anterioara": {"NU": 29, "DA": 14}, "materii": {"LIMBA ROMANA": {"medie": 4.687804878048781, "reusita": 44.18604651162791, "cnt": 43}, "GENERAL": {"medie": 6.409999999999999, "reusita": 34.883720930232556, "cnt": 43}, "ISTORIE": {"medie": 6.0738095238095235, "reusita": 90.47619047619048, "cnt": 21}, "MATEMATICA ST-NAT": {"medie": 5.281818181818181, "reusita": 68.18181818181817, "cnt": 22}, "GEOGRAFIE": {"medie": 7.277499999999999, "reusita": 95.23809523809523, "cnt": 21}, "ANATOMIE SI FIZIOLOGIE UMANA, GENETICA SI ECOLOGIE UMANA": {"medie": 8.004761904761905, "reusita": 100.0, "cnt": 21}, "LIMBA MAGHIARA (REAL)": {"medie": 7.625581395348835, "reusita": 100.0, "cnt": 43}, "INFORMATICA SN PASCAL": {"medie": 4.3, "reusita": 0.0, "cnt": 1}}, "nume": "LICEUL TEOLOGIC UNITARIAN \"BERDE MOZES\" CRISTURU SECUIESC\tHarghita"}