{"specializari": {"TEHNICIAN IN ACTIVITATI ECONOMICE": 29}, "limba_moderna": {"LIMBA ENGLEZA": 28, "LIMBA FRANCEZA": 1}, "limba_materna": {"LIMBA ROMANA": 29}, "promotie_anterioara": {"NU": 24, "DA": 5}, "materii": {"LIMBA ROMANA": {"medie": 5.89655172413793, "reusita": 89.65517241379311, "cnt": 29}, "GENERAL": {"medie": 6.435714285714289, "reusita": 62.06896551724138, "cnt": 29}, "GEOGRAFIE": {"medie": 6.796551724137931, "reusita": 93.10344827586206, "cnt": 29}, "MATEMATICA TEHN": {"medie": 6.551785714285713, "reusita": 75.86206896551724, "cnt": 29}}, "nume": "LICEUL \"SEXTIL PUSCARIU\" BRAN\tBra\u0219ov"}