{"specializari": {"MATEMATICA-INFORMATICA": 22, "STIINTE SOCIALE": 27, "STIINTE ALE NATURII": 21}, "limba_moderna": {"LIMBA ENGLEZA": 70}, "limba_materna": {"LIMBA ROMANA": 70}, "promotie_anterioara": {"NU": 58, "DA": 12}, "materii": {"LIMBA ROMANA": {"medie": 6.600714285714282, "reusita": 91.42857142857143, "cnt": 70}, "MATEMATICA MATE-INFO": {"medie": 8.356818181818182, "reusita": 95.45454545454545, "cnt": 22}, "GENERAL": {"medie": 7.299754901960786, "reusita": 71.42857142857143, "cnt": 70}, "ISTORIE": {"medie": 8.433333333333332, "reusita": 100.0, "cnt": 27}, "LOGICA, ARGUMENTARE SI COMUNICARE": {"medie": 7.566666666666666, "reusita": 89.47368421052632, "cnt": 19}, "MATEMATICA ST-NAT": {"medie": 5.992857142857142, "reusita": 90.47619047619048, "cnt": 21}, "FIZICA TEO": {"medie": 7.362500000000001, "reusita": 87.5, "cnt": 8}, "GEOGRAFIE": {"medie": 8.23125, "reusita": 100.0, "cnt": 8}, "ANATOMIE SI FIZIOLOGIE UMANA, GENETICA SI ECOLOGIE UMANA": {"medie": 7.390624999999999, "reusita": 90.9090909090909, "cnt": 33}, "CHIMIE ANORGANICA TEO NIVEL I/II": {"medie": 6.8, "reusita": 100.0, "cnt": 1}, "BIOLOGIE VEGETALA SI ANIMALA": {"medie": 6.35, "reusita": 100.0, "cnt": 1}}, "nume": "LICEUL TEORETIC \"PAUL GEORGESCU\" TANDAREI\tIalomi\u021ba"}