{"specializari": {"ARHITECTURA, ARTE AMBIENTALE SI DESIGN": 31, "ARTE PLASTICE SI DECORATIVE": 29, "MUZICA": 34}, "limba_moderna": {"LIMBA ENGLEZA": 94}, "limba_materna": {"LIMBA ROMANA": 94}, "promotie_anterioara": {"NU": 85, "DA": 9}, "materii": {"LIMBA ROMANA": {"medie": 7.1000000000000005, "reusita": 94.68085106382979, "cnt": 94}, "GENERAL": {"medie": 7.182971014492753, "reusita": 82.97872340425532, "cnt": 94}, "ISTORIE": {"medie": 6.791935483870969, "reusita": 94.68085106382979, "cnt": 94}, "LOGICA, ARGUMENTARE SI COMUNICARE": {"medie": 7.324999999999999, "reusita": 100.0, "cnt": 2}, "GEOGRAFIE": {"medie": 7.707594936708857, "reusita": 96.20253164556962, "cnt": 79}, "PSIHOLOGIE": {"medie": 6.795454545454546, "reusita": 90.9090909090909, "cnt": 11}, "FILOSOFIE": {"medie": 7.15, "reusita": 100.0, "cnt": 2}}, "nume": "LICEUL DE ARTE \"SIGISMUND TODUTA\" DEVA\tHunedoara"}