{"specializari": {"TEHNICIAN IN ACTIVITATI ECONOMICE": 22, "MATEMATICA-INFORMATICA": 21, "STIINTE SOCIALE": 31, "FILOLOGIE": 37, "STIINTE ALE NATURII": 4}, "limba_moderna": {"LIMBA ENGLEZA": 106, "LIMBA FRANCEZA": 9}, "limba_materna": {"LIMBA ROMANA": 115}, "promotie_anterioara": {"NU": 102, "DA": 13}, "materii": {"LIMBA ROMANA": {"medie": 6.720434782608696, "reusita": 96.52173913043478, "cnt": 115}, "MATEMATICA MATE-INFO": {"medie": 7.514285714285713, "reusita": 90.47619047619048, "cnt": 21}, "INFORMATICA MI C/C++": {"medie": 6.366666666666667, "reusita": 66.66666666666666, "cnt": 3}, "GENERAL": {"medie": 6.97391304347826, "reusita": 73.04347826086956, "cnt": 115}, "ISTORIE": {"medie": 6.828676470588235, "reusita": 92.64705882352942, "cnt": 68}, "LOGICA, ARGUMENTARE SI COMUNICARE": {"medie": 8.021999999999997, "reusita": 96.0, "cnt": 50}, "GEOGRAFIE": {"medie": 6.66875, "reusita": 87.5, "cnt": 40}, "FIZICA TEO": {"medie": 8.65, "reusita": 100.0, "cnt": 5}, "CHIMIE ORGANICA TEO NIVEL I/II": {"medie": 9.833333333333334, "reusita": 100.0, "cnt": 3}, "MATEMATICA ST-NAT": {"medie": 4.925, "reusita": 75.0, "cnt": 4}, "ANATOMIE SI FIZIOLOGIE UMANA, GENETICA SI ECOLOGIE UMANA": {"medie": 7.119230769230769, "reusita": 84.61538461538461, "cnt": 13}, "BIOLOGIE VEGETALA SI ANIMALA": {"medie": 8.75, "reusita": 100.0, "cnt": 1}, "MATEMATICA TEHN": {"medie": 5.922727272727275, "reusita": 77.27272727272727, "cnt": 22}}, "nume": "LICEUL TEORETIC \"IOAN SLAVICI\" PANCIU\tVrancea"}