{"specializari": {"MUZICA": 50, "ARTA ACTORULUI": 15, "COREGRAFIE": 8}, "limba_moderna": {"LIMBA ENGLEZA": 72, "LIMBA FRANCEZA": 1}, "limba_materna": {"LIMBA ROMANA": 73}, "promotie_anterioara": {"NU": 65, "DA": 8}, "materii": {"LIMBA ROMANA": {"medie": 6.788356164383562, "reusita": 87.67123287671232, "cnt": 73}, "GENERAL": {"medie": 7.119907407407407, "reusita": 76.71232876712328, "cnt": 73}, "ISTORIE": {"medie": 6.790277777777778, "reusita": 86.3013698630137, "cnt": 73}, "LOGICA, ARGUMENTARE SI COMUNICARE": {"medie": 8.744117647058824, "reusita": 100.0, "cnt": 17}, "GEOGRAFIE": {"medie": 7.3778846153846125, "reusita": 96.15384615384616, "cnt": 52}, "PSIHOLOGIE": {"medie": 8.25, "reusita": 100.0, "cnt": 4}}, "nume": "LICEUL DE ARTA \"ION VIDU\" TIMISOARA\tTimi\u0219"}