{"specializari": {"FILOLOGIE": 125, "INVATATOR - EDUCATOARE": 46, "STIINTE SOCIALE": 32}, "limba_moderna": {"LIMBA ENGLEZA": 194, "LIMBA FRANCEZA": 3, "LIMBA GERMANA MODERNA": 6}, "limba_materna": {"LIMBA ROMANA": 169, "LIMBA MAGHIARA": 34}, "promotie_anterioara": {"NU": 198, "DA": 5}, "materii": {"LIMBA ROMANA": {"medie": 7.234482758620695, "reusita": 95.07389162561576, "cnt": 203}, "GENERAL": {"medie": 7.82159277504105, "reusita": 90.14778325123153, "cnt": 203}, "ISTORIE": {"medie": 7.862101910828025, "reusita": 94.90445859872611, "cnt": 157}, "LOGICA, ARGUMENTARE SI COMUNICARE": {"medie": 9.334615384615384, "reusita": 100.0, "cnt": 13}, "GEOGRAFIE": {"medie": 8.448275862068964, "reusita": 100.0, "cnt": 116}, "PSIHOLOGIE": {"medie": 8.127272727272727, "reusita": 100.0, "cnt": 11}, "SOCIOLOGIE": {"medie": 7.645238095238094, "reusita": 96.82539682539682, "cnt": 63}, "MATEMATICA PED": {"medie": 8.297826086956519, "reusita": 100.0, "cnt": 46}, "LIMBA MAGHIARA (UMAN)": {"medie": 7.542647058823529, "reusita": 100.0, "cnt": 34}}, "nume": "LICEUL PEDAGOGIC \"GHEORGHE SINCAI\" ZALAU\tS\u0103laj"}