{"specializari": {"MATEMATICA-INFORMATICA": 25, "GHID TURISM RELIGIOS": 29}, "limba_moderna": {"LIMBA ENGLEZA": 54}, "limba_materna": {"LIMBA ROMANA": 54}, "promotie_anterioara": {"NU": 49, "DA": 5}, "materii": {"LIMBA ROMANA": {"medie": 6.437037037037037, "reusita": 96.29629629629629, "cnt": 54}, "MATEMATICA MATE-INFO": {"medie": 7.343999999999999, "reusita": 92.0, "cnt": 25}, "INFORMATICA MI C/C++": {"medie": 7.052941176470589, "reusita": 70.58823529411765, "cnt": 17}, "GENERAL": {"medie": 6.793827160493829, "reusita": 74.07407407407408, "cnt": 54}, "ISTORIE": {"medie": 6.799999999999999, "reusita": 93.10344827586206, "cnt": 29}, "LOGICA, ARGUMENTARE SI COMUNICARE": {"medie": 6.364285714285715, "reusita": 71.42857142857143, "cnt": 7}, "CHIMIE ORGANICA TEO NIVEL I/II": {"medie": 6.1, "reusita": 100.0, "cnt": 1}, "FIZICA TEO": {"medie": 6.416666666666667, "reusita": 100.0, "cnt": 3}, "GEOGRAFIE": {"medie": 6.7368421052631575, "reusita": 89.47368421052632, "cnt": 19}, "PSIHOLOGIE": {"medie": 5.9, "reusita": 100.0, "cnt": 1}, "ANATOMIE SI FIZIOLOGIE UMANA, GENETICA SI ECOLOGIE UMANA": {"medie": 7.9, "reusita": 100.0, "cnt": 4}, "FILOSOFIE": {"medie": 8.45, "reusita": 100.0, "cnt": 2}}, "nume": "LICEUL GRECO-CATOLIC \"TIMOTEI CIPARIU\"\tBucure\u0219ti"}