{"specializari": {"LICEU CU PROGRAM SPORTIV": 113}, "limba_moderna": {"LIMBA ENGLEZA": 112, "LIMBA FRANCEZA": 1}, "limba_materna": {"LIMBA ROMANA": 113}, "promotie_anterioara": {"NU": 87, "DA": 26}, "materii": {"LIMBA ROMANA": {"medie": 5.689719626168224, "reusita": 78.76106194690266, "cnt": 113}, "GENERAL": {"medie": 6.089096573208721, "reusita": 48.67256637168141, "cnt": 113}, "ISTORIE": {"medie": 5.747272727272725, "reusita": 81.41592920353983, "cnt": 113}, "LOGICA, ARGUMENTARE SI COMUNICARE": {"medie": 7.1499999999999995, "reusita": 84.61538461538461, "cnt": 13}, "GEOGRAFIE": {"medie": 6.722631578947371, "reusita": 87.0, "cnt": 100}}, "nume": "LICEUL CU PROGRAM SPORTIV, IASI\tIa\u0219i"}