{"specializari": {"ARTE PLASTICE SI DECORATIVE": 29, "ARHITECTURA, ARTE AMBIENTALE SI DESIGN": 23, "MUZICA": 25}, "limba_moderna": {"LIMBA ENGLEZA": 75, "LIMBA FRANCEZA": 2}, "limba_materna": {"LIMBA ROMANA": 77}, "promotie_anterioara": {"NU": 76, "DA": 1}, "materii": {"LIMBA ROMANA": {"medie": 7.0092105263157904, "reusita": 93.5064935064935, "cnt": 77}, "GENERAL": {"medie": 7.509777777777776, "reusita": 85.71428571428571, "cnt": 77}, "ISTORIE": {"medie": 7.483552631578948, "reusita": 93.5064935064935, "cnt": 77}, "LOGICA, ARGUMENTARE SI COMUNICARE": {"medie": 7.799999999999999, "reusita": 93.33333333333333, "cnt": 15}, "GEOGRAFIE": {"medie": 8.022916666666665, "reusita": 91.83673469387756, "cnt": 49}, "PSIHOLOGIE": {"medie": 7.5562499999999995, "reusita": 88.88888888888889, "cnt": 9}, "FILOSOFIE": {"medie": 8.4, "reusita": 100.0, "cnt": 4}}, "nume": "LICEUL DE ARTE \"BALASA DOAMNA\" TARGOVISTE\tD\u00e2mbovi\u021ba"}