{"specializari": {"MATEMATICA-INFORMATICA": 34, "FILOLOGIE": 66, "STIINTE SOCIALE": 67, "STIINTE ALE NATURII": 19}, "limba_moderna": {"LIMBA FRANCEZA": 12, "LIMBA ENGLEZA": 174}, "limba_materna": {"LIMBA ROMANA": 186}, "promotie_anterioara": {"NU": 159, "DA": 27}, "materii": {"LIMBA ROMANA": {"medie": 6.586813186813184, "reusita": 84.40860215053763, "cnt": 186}, "MATEMATICA MATE-INFO": {"medie": 5.412121212121211, "reusita": 61.76470588235294, "cnt": 34}, "INFORMATICA MI C/C++": {"medie": 6.3500000000000005, "reusita": 100.0, "cnt": 3}, "GENERAL": {"medie": 6.755400372439477, "reusita": 58.602150537634415, "cnt": 186}, "ISTORIE": {"medie": 6.624031007751939, "reusita": 90.22556390977444, "cnt": 133}, "LOGICA, ARGUMENTARE SI COMUNICARE": {"medie": 7.376470588235293, "reusita": 88.23529411764706, "cnt": 17}, "MATEMATICA ST-NAT": {"medie": 5.526315789473684, "reusita": 57.89473684210527, "cnt": 19}, "FIZICA TEO": {"medie": 9.833333333333334, "reusita": 100.0, "cnt": 3}, "GEOGRAFIE": {"medie": 7.592523364485982, "reusita": 92.03539823008849, "cnt": 113}, "ANATOMIE SI FIZIOLOGIE UMANA, GENETICA SI ECOLOGIE UMANA": {"medie": 6.822826086956521, "reusita": 95.74468085106383, "cnt": 47}, "SOCIOLOGIE": {"medie": 7.8500000000000005, "reusita": 100.0, "cnt": 3}}, "nume": "LICEUL TEORETIC \"IONITA ASAN\" CARACAL\tOlt"}