{"specializari": {"TEHNICIAN IN TURISM": 39, "TEHNICIAN DESENATOR PENTRU CONSTRUCTII SI INSTALATII": 3}, "limba_moderna": {"LIMBA ENGLEZA": 42}, "limba_materna": {"LIMBA ROMANA": 42}, "promotie_anterioara": {"NU": 31, "DA": 11}, "materii": {"LIMBA ROMANA": {"medie": 5.010256410256411, "reusita": 54.761904761904766, "cnt": 42}, "GENERAL": {"medie": 5.126960784313726, "reusita": 21.428571428571427, "cnt": 42}, "GEOGRAFIE": {"medie": 6.3486486486486475, "reusita": 74.35897435897436, "cnt": 39}, "BIOLOGIE VEGETALA SI ANIMALA": {"medie": 6.375, "reusita": 66.66666666666666, "cnt": 3}, "MATEMATICA TEHN": {"medie": 3.751428571428572, "reusita": 33.33333333333333, "cnt": 42}}, "nume": "LICEUL TEHNOLOGIC \"SAVA BRANCOVICI\" INEU\tArad"}