{"specializari": {"COAFOR STILIST": 20, "TEHNICIAN IN GASTRONOMIE": 3, "ORGANIZATOR BANQUETING": 1}, "limba_moderna": {"LIMBA ENGLEZA": 24}, "limba_materna": {"LIMBA ROMANA": 24}, "promotie_anterioara": {"NU": 18, "DA": 6}, "materii": {"LIMBA ROMANA": {"medie": 6.5456521739130435, "reusita": 91.66666666666666, "cnt": 24}, "GENERAL": {"medie": 6.2956521739130435, "reusita": 58.333333333333336, "cnt": 24}, "GEOGRAFIE": {"medie": 6.949999999999999, "reusita": 91.66666666666666, "cnt": 24}, "MATEMATICA TEHN": {"medie": 5.306521739130434, "reusita": 70.83333333333334, "cnt": 24}}, "nume": "LICEUL TEHNOLOGIC DE SERVICII BISTRITA\tBistri\u021ba-N\u0103s\u0103ud"}