{"specializari": {"FILOLOGIE": 28, "ARTE PLASTICE SI DECORATIVE": 32, "ARHITECTURA, ARTE AMBIENTALE SI DESIGN": 33, "MUZICA": 31, "ARTA ACTORULUI": 22}, "limba_moderna": {"LIMBA ENGLEZA": 140, "LIMBA FRANCEZA": 5, "LIMBA ITALIANA": 1}, "limba_materna": {"LIMBA ROMANA": 146}, "promotie_anterioara": {"NU": 137, "DA": 9}, "materii": {"LIMBA ROMANA": {"medie": 6.887676056338027, "reusita": 88.35616438356165, "cnt": 146}, "GENERAL": {"medie": 7.2520094562647754, "reusita": 79.45205479452055, "cnt": 146}, "ISTORIE": {"medie": 6.993661971830986, "reusita": 91.0958904109589, "cnt": 146}, "LOGICA, ARGUMENTARE SI COMUNICARE": {"medie": 7.750000000000001, "reusita": 88.23529411764706, "cnt": 34}, "GEOGRAFIE": {"medie": 8.047252747252749, "reusita": 93.6842105263158, "cnt": 95}, "PSIHOLOGIE": {"medie": 7.181818181818182, "reusita": 90.9090909090909, "cnt": 11}, "SOCIOLOGIE": {"medie": 7.0375, "reusita": 100.0, "cnt": 4}, "FILOSOFIE": {"medie": 7.025, "reusita": 100.0, "cnt": 2}}, "nume": "LICEUL DE ARTA \"GHEORGHE TATTARESCU\" FOCSANI\tVrancea"}