{"specializari": {"TEHNICIAN OPERATOR TEHNICA DE CALCUL": 28}, "limba_moderna": {"LIMBA ENGLEZA": 26, "LIMBA FRANCEZA": 2}, "limba_materna": {"LIMBA ROMANA": 28}, "promotie_anterioara": {"NU": 24, "DA": 4}, "materii": {"LIMBA ROMANA": {"medie": 5.948214285714286, "reusita": 96.42857142857143, "cnt": 28}, "GENERAL": {"medie": 5.959615384615384, "reusita": 42.857142857142854, "cnt": 28}, "BIOLOGIE VEGETALA SI ANIMALA": {"medie": 5.922000000000001, "reusita": 80.76923076923077, "cnt": 26}, "MATEMATICA TEHN": {"medie": 5.753703703703705, "reusita": 71.42857142857143, "cnt": 28}, "FIZICA TEH": {"medie": 7.175, "reusita": 50.0, "cnt": 2}}, "nume": "LICEUL TEHNOLOGIC, VLADENI\tIa\u0219i"}