{"specializari": {"MATEMATICA-INFORMATICA": 34, "FILOLOGIE": 66, "STIINTE SOCIALE": 67, "STIINTE ALE NATURII": 19}, "limba_moderna": {"LIMBA FRANCEZA": 12, "LIMBA ENGLEZA": 174}, "limba_materna": {"LIMBA ROMANA": 186}, "promotie_anterioara": {"NU": 159, "DA": 27}, "materii": {"LIMBA ROMANA": {"medie": 6.676648351648352, "reusita": 89.24731182795699, "cnt": 186}, "MATEMATICA MATE-INFO": {"medie": 5.466666666666666, "reusita": 64.70588235294117, "cnt": 34}, "INFORMATICA MI C/C++": {"medie": 6.3500000000000005, "reusita": 100.0, "cnt": 3}, "GENERAL": {"medie": 6.79702048417132, "reusita": 63.44086021505376, "cnt": 186}, "ISTORIE": {"medie": 6.6317829457364335, "reusita": 90.97744360902256, "cnt": 133}, "LOGICA, ARGUMENTARE SI COMUNICARE": {"medie": 7.461764705882352, "reusita": 94.11764705882352, "cnt": 17}, "GEOGRAFIE": {"medie": 7.595327102803739, "reusita": 92.03539823008849, "cnt": 113}, "FIZICA TEO": {"medie": 9.833333333333334, "reusita": 100.0, "cnt": 3}, "MATEMATICA ST-NAT": {"medie": 5.5131578947368425, "reusita": 57.89473684210527, "cnt": 19}, "SOCIOLOGIE": {"medie": 7.8500000000000005, "reusita": 100.0, "cnt": 3}, "ANATOMIE SI FIZIOLOGIE UMANA, GENETICA SI ECOLOGIE UMANA": {"medie": 6.85978260869565, "reusita": 95.74468085106383, "cnt": 47}}, "nume": "LICEUL TEORETIC \"IONITA ASAN\" CARACAL\tOlt"}