{"specializari": {"LICEU CU PROGRAM SPORTIV": 78}, "limba_moderna": {"LIMBA ENGLEZA": 76, "LIMBA FRANCEZA": 2}, "limba_materna": {"LIMBA ROMANA": 78}, "promotie_anterioara": {"NU": 65, "DA": 13}, "materii": {"LIMBA ROMANA": {"medie": 6.801923076923076, "reusita": 96.15384615384616, "cnt": 78}, "GENERAL": {"medie": 7.2021645021645, "reusita": 82.05128205128204, "cnt": 78}, "ISTORIE": {"medie": 7.221428571428571, "reusita": 96.15384615384616, "cnt": 78}, "LOGICA, ARGUMENTARE SI COMUNICARE": {"medie": 7.078571428571428, "reusita": 100.0, "cnt": 7}, "GEOGRAFIE": {"medie": 7.595714285714288, "reusita": 98.57142857142858, "cnt": 70}, "FILOSOFIE": {"medie": 5.15, "reusita": 100.0, "cnt": 1}}, "nume": "LICEUL CU PROGRAM SPORTIV FOCSANI\tVrancea"}