{"specializari": {"STIINTE ALE NATURII": 65, "FILOLOGIE": 65, "MATEMATICA-INFORMATICA": 27}, "limba_moderna": {"LIMBA ENGLEZA": 151, "LIMBA ITALIANA": 1, "LIMBA FRANCEZA": 5}, "limba_materna": {"LIMBA ROMANA": 157}, "promotie_anterioara": {"NU": 143, "DA": 14}, "materii": {"LIMBA ROMANA": {"medie": 6.947096774193551, "reusita": 92.99363057324841, "cnt": 157}, "MATEMATICA MATE-INFO": {"medie": 6.532692307692306, "reusita": 85.18518518518519, "cnt": 27}, "INFORMATICA MI C/C++": {"medie": 7.56, "reusita": 90.9090909090909, "cnt": 11}, "GENERAL": {"medie": 7.033658008658009, "reusita": 78.343949044586, "cnt": 157}, "ISTORIE": {"medie": 7.213846153846154, "reusita": 96.92307692307692, "cnt": 65}, "LOGICA, ARGUMENTARE SI COMUNICARE": {"medie": 8.533333333333333, "reusita": 100.0, "cnt": 9}, "CHIMIE ORGANICA TEO NIVEL I/II": {"medie": 7.5200000000000005, "reusita": 100.0, "cnt": 5}, "MATEMATICA ST-NAT": {"medie": 6.2423076923076914, "reusita": 80.0, "cnt": 65}, "FIZICA TEO": {"medie": 7.95, "reusita": 100.0, "cnt": 2}, "GEOGRAFIE": {"medie": 8.295833333333334, "reusita": 100.0, "cnt": 48}, "PSIHOLOGIE": {"medie": 7.566666666666666, "reusita": 100.0, "cnt": 6}, "ANATOMIE SI FIZIOLOGIE UMANA, GENETICA SI ECOLOGIE UMANA": {"medie": 6.621323529411766, "reusita": 81.15942028985508, "cnt": 69}, "BIOLOGIE VEGETALA SI ANIMALA": {"medie": 8.65, "reusita": 100.0, "cnt": 2}, "SOCIOLOGIE": {"medie": 8.35, "reusita": 100.0, "cnt": 1}, "INFORMATICA SN C/C++": {"medie": 8.183333333333334, "reusita": 100.0, "cnt": 3}, "ECONOMIE": {"medie": 5.6, "reusita": 100.0, "cnt": 1}}, "nume": "LICEUL TEORETIC \"PETRU CERCEL\" TARGOVISTE\tD\u00e2mbovi\u021ba"}