{"specializari": {"TEOLOGIE PENTICOSTALA": 25, "TEHNICIAN IN ACTIVITATI ECONOMICE": 21}, "limba_moderna": {"LIMBA ENGLEZA": 46}, "limba_materna": {"LIMBA ROMANA": 46}, "promotie_anterioara": {"NU": 45, "DA": 1}, "materii": {"LIMBA ROMANA": {"medie": 6.690000000000001, "reusita": 95.65217391304348, "cnt": 46}, "GENERAL": {"medie": 7.17925925925926, "reusita": 89.13043478260869, "cnt": 46}, "ISTORIE": {"medie": 7.375000000000001, "reusita": 96.0, "cnt": 25}, "LOGICA, ARGUMENTARE SI COMUNICARE": {"medie": 7.856976744186047, "reusita": 95.45454545454545, "cnt": 44}, "GEOGRAFIE": {"medie": 8.2, "reusita": 100.0, "cnt": 2}, "MATEMATICA TEHN": {"medie": 6.519047619047619, "reusita": 95.23809523809523, "cnt": 21}}, "nume": "LICEUL TEOLOGIC PENTICOSTAL BAIA MARE\tMaramure\u0219"}