{"specializari": {"STIINTE ALE NATURII": 23, "TEHNICIAN IN GASTRONOMIE": 29, "TEHNICIAN HORTICULTOR": 9}, "limba_moderna": {"LIMBA ENGLEZA": 43, "LIMBA FRANCEZA": 18}, "limba_materna": {"LIMBA ROMANA": 61}, "promotie_anterioara": {"NU": 54, "DA": 7}, "materii": {"LIMBA ROMANA": {"medie": 5.7872881355932195, "reusita": 75.40983606557377, "cnt": 61}, "GENERAL": {"medie": 5.578531073446327, "reusita": 39.34426229508197, "cnt": 61}, "MATEMATICA ST-NAT": {"medie": 5.86304347826087, "reusita": 69.56521739130434, "cnt": 23}, "GEOGRAFIE": {"medie": 6.739285714285715, "reusita": 82.75862068965517, "cnt": 29}, "ANATOMIE SI FIZIOLOGIE UMANA, GENETICA SI ECOLOGIE UMANA": {"medie": 6.179999999999999, "reusita": 74.19354838709677, "cnt": 31}, "INFORMATICA SN C/C++": {"medie": 8.7, "reusita": 100.0, "cnt": 1}, "MATEMATICA TEHN": {"medie": 3.563888888888889, "reusita": 31.57894736842105, "cnt": 38}}, "nume": "LICEUL TEHNOLOGIC \"STEFAN CEL MARE SI SFANT\" VORONA\tBoto\u0219ani"}