{"specializari": {"LICEU CU PROGRAM SPORTIV": 61}, "limba_moderna": {"LIMBA ENGLEZA": 45, "LIMBA FRANCEZA": 16}, "limba_materna": {"LIMBA ROMANA": 61}, "promotie_anterioara": {"NU": 56, "DA": 5}, "materii": {"LIMBA ROMANA": {"medie": 5.71967213114754, "reusita": 73.77049180327869, "cnt": 61}, "GENERAL": {"medie": 6.2786111111111085, "reusita": 54.09836065573771, "cnt": 61}, "ISTORIE": {"medie": 6.2875000000000005, "reusita": 80.32786885245902, "cnt": 61}, "LOGICA, ARGUMENTARE SI COMUNICARE": {"medie": 6.78305084745763, "reusita": 79.66101694915254, "cnt": 59}, "GEOGRAFIE": {"medie": 7.625, "reusita": 100.0, "cnt": 2}}, "nume": "LICEUL CU PROGRAM SPORTIV CAMPULUNG\tArge\u0219"}