{"specializari": {"ARHITECTURA, ARTE AMBIENTALE SI DESIGN": 17, "ARTA ACTORULUI": 28, "ARTE PLASTICE SI DECORATIVE": 51, "MUZICA": 39}, "limba_moderna": {"LIMBA ENGLEZA": 135}, "limba_materna": {"LIMBA ROMANA": 62, "LIMBA MAGHIARA": 73}, "promotie_anterioara": {"NU": 114, "DA": 21}, "materii": {"LIMBA ROMANA": {"medie": 6.130597014925371, "reusita": 81.48148148148148, "cnt": 135}, "GENERAL": {"medie": 7.158364427860703, "reusita": 74.07407407407408, "cnt": 135}, "ISTORIE": {"medie": 6.933333333333332, "reusita": 94.81481481481482, "cnt": 135}, "LOGICA, ARGUMENTARE SI COMUNICARE": {"medie": 8.333333333333332, "reusita": 94.44444444444444, "cnt": 18}, "GEOGRAFIE": {"medie": 7.763402061855668, "reusita": 96.90721649484536, "cnt": 97}, "PSIHOLOGIE": {"medie": 7.826923076923077, "reusita": 100.0, "cnt": 13}, "FILOSOFIE": {"medie": 7.585714285714286, "reusita": 100.0, "cnt": 7}, "LIMBA MAGHIARA (REAL)": {"medie": 7.947260273972603, "reusita": 100.0, "cnt": 73}}, "nume": "LICEUL VOCATIONAL DE ARTA TIRGU MURES\tMure\u0219"}