{"specializari": {"STIINTE ALE NATURII": 13, "FILOLOGIE": 18}, "limba_moderna": {"LIMBA ENGLEZA": 31}, "limba_materna": {"LIMBA MAGHIARA": 31}, "promotie_anterioara": {"NU": 27, "DA": 4}, "materii": {"LIMBA ROMANA": {"medie": 5.338709677419354, "reusita": 64.51612903225806, "cnt": 31}, "GENERAL": {"medie": 6.27291666666667, "reusita": 48.38709677419355, "cnt": 31}, "ISTORIE": {"medie": 5.858333333333333, "reusita": 100.0, "cnt": 18}, "MATEMATICA ST-NAT": {"medie": 6.361538461538462, "reusita": 84.61538461538461, "cnt": 13}, "FIZICA TEO": {"medie": 8.05, "reusita": 100.0, "cnt": 5}, "GEOGRAFIE": {"medie": 6.893750000000001, "reusita": 87.5, "cnt": 16}, "PSIHOLOGIE": {"medie": 6.7, "reusita": 100.0, "cnt": 2}, "ANATOMIE SI FIZIOLOGIE UMANA, GENETICA SI ECOLOGIE UMANA": {"medie": 7.757142857142857, "reusita": 85.71428571428571, "cnt": 7}, "BIOLOGIE VEGETALA SI ANIMALA": {"medie": 5.0, "reusita": 100.0, "cnt": 1}, "LIMBA MAGHIARA (REAL)": {"medie": 7.479166666666667, "reusita": 92.3076923076923, "cnt": 13}, "LIMBA MAGHIARA (UMAN)": {"medie": 5.311111111111112, "reusita": 72.22222222222221, "cnt": 18}}, "nume": "LICEUL TEORETIC \"JOSIKA MIKLOS\" TURDA\tCluj"}