{"specializari": {"FILOLOGIE": 32, "STIINTE ALE NATURII": 39, "STIINTE SOCIALE": 31, "MATEMATICA-INFORMATICA": 53}, "limba_moderna": {"LIMBA ENGLEZA": 153, "LIMBA FRANCEZA": 2}, "limba_materna": {"LIMBA ROMANA": 155}, "promotie_anterioara": {"NU": 147, "DA": 8}, "materii": {"LIMBA ROMANA": {"medie": 7.510784313725487, "reusita": 98.70967741935483, "cnt": 155}, "MATEMATICA MATE-INFO": {"medie": 6.2576923076923086, "reusita": 83.01886792452831, "cnt": 53}, "INFORMATICA MI C/C++": {"medie": 6.766666666666667, "reusita": 86.66666666666667, "cnt": 15}, "GENERAL": {"medie": 7.581372549019604, "reusita": 84.51612903225806, "cnt": 155}, "ISTORIE": {"medie": 7.823387096774194, "reusita": 96.82539682539682, "cnt": 63}, "LOGICA, ARGUMENTARE SI COMUNICARE": {"medie": 8.758333333333333, "reusita": 98.18181818181819, "cnt": 55}, "GEOGRAFIE": {"medie": 8.58125, "reusita": 100.0, "cnt": 8}, "FIZICA TEO": {"medie": 7.19375, "reusita": 87.5, "cnt": 8}, "CHIMIE ORGANICA TEO NIVEL I/II": {"medie": 9.083333333333332, "reusita": 100.0, "cnt": 3}, "MATEMATICA ST-NAT": {"medie": 7.311538461538462, "reusita": 92.3076923076923, "cnt": 39}, "ANATOMIE SI FIZIOLOGIE UMANA, GENETICA SI ECOLOGIE UMANA": {"medie": 7.399999999999999, "reusita": 92.85714285714286, "cnt": 14}, "BIOLOGIE VEGETALA SI ANIMALA": {"medie": 7.913725490196079, "reusita": 94.23076923076923, "cnt": 52}}, "nume": "LICEUL TEORETIC \"IULIA ZAMFIRESCU\" MIOVENI\tArge\u0219"}