{"specializari": {"LICEU CU PROGRAM SPORTIV": 23, "TEHNICIAN POLIGRAF": 9, "TEHNICIAN PRELUCRARI PE MASINI CU COMANDA NUMERICA": 12, "COAFOR STILIST": 5, "TEHNICIAN IN INDUSTRIA TEXTILA": 1}, "limba_moderna": {"LIMBA ENGLEZA": 50}, "limba_materna": {"LIMBA MAGHIARA": 50}, "promotie_anterioara": {"NU": 34, "DA": 16}, "materii": {"LIMBA ROMANA": {"medie": 3.9755319148936175, "reusita": 38.0, "cnt": 50}, "GENERAL": {"medie": 5.659840425531914, "reusita": 28.000000000000004, "cnt": 50}, "ISTORIE": {"medie": 5.452380952380951, "reusita": 69.56521739130434, "cnt": 23}, "GEOGRAFIE": {"medie": 6.211538461538461, "reusita": 82.14285714285714, "cnt": 28}, "BIOLOGIE VEGETALA SI ANIMALA": {"medie": 5.972727272727272, "reusita": 86.36363636363636, "cnt": 22}, "MATEMATICA TEHN": {"medie": 5.462962962962962, "reusita": 77.77777777777779, "cnt": 27}, "LIMBA MAGHIARA (REAL)": {"medie": 7.130208333333335, "reusita": 96.0, "cnt": 50}}, "nume": "LICEUL TEHNOLOGIC \"BANYAI JANOS\" ODORHEIU SECUIESC\tHarghita"}