{"specializari": {"MATEMATICA-INFORMATICA": 27, "FILOLOGIE": 33, "STIINTE ALE NATURII": 27, "STIINTE SOCIALE": 33, "TEHNICIAN IN TURISM": 44, "TEHNICIAN IN INSTALATII ELECTRICE": 16}, "limba_moderna": {"LIMBA ENGLEZA": 174, "LIMBA FRANCEZA": 6}, "limba_materna": {"LIMBA ROMANA": 180}, "promotie_anterioara": {"NU": 151, "DA": 29}, "materii": {"LIMBA ROMANA": {"medie": 7.023611111111108, "reusita": 94.44444444444444, "cnt": 180}, "MATEMATICA MATE-INFO": {"medie": 8.44074074074074, "reusita": 100.0, "cnt": 27}, "INFORMATICA MI C/C++": {"medie": 8.0625, "reusita": 100.0, "cnt": 4}, "GENERAL": {"medie": 7.099068901303537, "reusita": 76.11111111111111, "cnt": 180}, "ISTORIE": {"medie": 7.6462121212121215, "reusita": 100.0, "cnt": 66}, "LOGICA, ARGUMENTARE SI COMUNICARE": {"medie": 9.35, "reusita": 100.0, "cnt": 3}, "GEOGRAFIE": {"medie": 7.7727848101265815, "reusita": 97.46835443037975, "cnt": 79}, "FIZICA TEO": {"medie": 9.260000000000002, "reusita": 100.0, "cnt": 5}, "CHIMIE ORGANICA TEO NIVEL I/II": {"medie": 9.0, "reusita": 100.0, "cnt": 7}, "MATEMATICA ST-NAT": {"medie": 7.45185185185185, "reusita": 96.29629629629629, "cnt": 27}, "PSIHOLOGIE": {"medie": 7.253846153846155, "reusita": 96.15384615384616, "cnt": 26}, "SOCIOLOGIE": {"medie": 9.625, "reusita": 100.0, "cnt": 2}, "ANATOMIE SI FIZIOLOGIE UMANA, GENETICA SI ECOLOGIE UMANA": {"medie": 7.044444444444445, "reusita": 77.77777777777779, "cnt": 9}, "CHIMIE ANORGANICA TEO NIVEL I/II": {"medie": 9.774999999999999, "reusita": 100.0, "cnt": 2}, "BIOLOGIE VEGETALA SI ANIMALA": {"medie": 6.257142857142856, "reusita": 69.04761904761905, "cnt": 42}, "MATEMATICA TEHN": {"medie": 4.790677966101695, "reusita": 65.0, "cnt": 60}, "FIZICA TEH": {"medie": 3.4, "reusita": 0.0, "cnt": 1}}, "nume": "LICEUL TEORETIC \"I. C. BRATIANU\" HATEG\tHunedoara"}