{"specializari": {"FILOLOGIE": 34, "LICEU CU PROGRAM SPORTIV": 130}, "limba_moderna": {"LIMBA ENGLEZA": 161, "LIMBA FRANCEZA": 3}, "limba_materna": {"LIMBA ROMANA": 164}, "promotie_anterioara": {"NU": 133, "DA": 31}, "materii": {"LIMBA ROMANA": {"medie": 6.119875776397519, "reusita": 94.51219512195121, "cnt": 164}, "GENERAL": {"medie": 6.401886792452828, "reusita": 57.92682926829268, "cnt": 164}, "ISTORIE": {"medie": 6.3380368098159545, "reusita": 87.8048780487805, "cnt": 164}, "LOGICA, ARGUMENTARE SI COMUNICARE": {"medie": 6.480851063829788, "reusita": 77.08333333333334, "cnt": 96}, "GEOGRAFIE": {"medie": 6.988636363636362, "reusita": 92.42424242424242, "cnt": 66}, "PSIHOLOGIE": {"medie": 5.9, "reusita": 50.0, "cnt": 2}}, "nume": "LICEUL CU PROGRAM SPORTIV SUCEAVA\tSuceava"}