{"specializari": {"FILOLOGIE": 67, "STIINTE SOCIALE": 141, "MATEMATICA-INFORMATICA": 31}, "limba_moderna": {"LIMBA ENGLEZA": 237, "LIMBA FRANCEZA": 2}, "limba_materna": {"LIMBA ROMANA": 239}, "promotie_anterioara": {"NU": 190, "DA": 49}, "materii": {"LIMBA ROMANA": {"medie": 6.6841101694915235, "reusita": 90.7949790794979, "cnt": 239}, "MATEMATICA MATE-INFO": {"medie": 5.7064516129032254, "reusita": 87.09677419354838, "cnt": 31}, "INFORMATICA MI C/C++": {"medie": 4.4375, "reusita": 25.0, "cnt": 4}, "GENERAL": {"medie": 6.915362318840581, "reusita": 68.6192468619247, "cnt": 239}, "ISTORIE": {"medie": 6.9168316831683105, "reusita": 89.90384615384616, "cnt": 208}, "LOGICA, ARGUMENTARE SI COMUNICARE": {"medie": 7.955113636363637, "reusita": 92.22222222222223, "cnt": 90}, "GEOGRAFIE": {"medie": 6.971111111111112, "reusita": 86.17021276595744, "cnt": 94}, "PSIHOLOGIE": {"medie": 8.066666666666668, "reusita": 85.71428571428571, "cnt": 7}, "SOCIOLOGIE": {"medie": 6.6433333333333335, "reusita": 87.5, "cnt": 16}, "ANATOMIE SI FIZIOLOGIE UMANA, GENETICA SI ECOLOGIE UMANA": {"medie": 5.3500000000000005, "reusita": 57.14285714285714, "cnt": 7}, "BIOLOGIE VEGETALA SI ANIMALA": {"medie": 6.797499999999999, "reusita": 95.0, "cnt": 20}, "FILOSOFIE": {"medie": 9.3, "reusita": 100.0, "cnt": 1}}, "nume": "LICEUL TEORETIC \"DECEBAL\"\tBucure\u0219ti"}