{"specializari": {"LICEU CU PROGRAM SPORTIV": 39, "TEHNICIAN ELECTRICIAN/ELECTRONIST AUTO": 22, "TEHNICIAN TRANSPORTURI": 23, "TEHNICIAN ELECTROTEHNIST": 1, "TEHNICIAN OPERATOR TEHNICA DE CALCUL": 1, "TEHNICIAN MECATRONIST": 1, "TEHNICIAN PROIECTANT CAD": 1}, "limba_moderna": {"LIMBA ENGLEZA": 88}, "limba_materna": {"LIMBA ROMANA": 88}, "promotie_anterioara": {"NU": 65, "DA": 23}, "materii": {"LIMBA ROMANA": {"medie": 4.514999999999997, "reusita": 38.63636363636363, "cnt": 88}, "GENERAL": {"medie": 4.482882882882884, "reusita": 19.318181818181817, "cnt": 88}, "ISTORIE": {"medie": 4.9391891891891895, "reusita": 58.97435897435898, "cnt": 39}, "LOGICA, ARGUMENTARE SI COMUNICARE": {"medie": 6.616666666666665, "reusita": 70.58823529411765, "cnt": 17}, "GEOGRAFIE": {"medie": 6.261904761904762, "reusita": 72.72727272727273, "cnt": 22}, "BIOLOGIE VEGETALA SI ANIMALA": {"medie": 3.2324999999999995, "reusita": 15.217391304347828, "cnt": 46}, "MATEMATICA TEHN": {"medie": 3.2587500000000005, "reusita": 24.489795918367346, "cnt": 49}, "FIZICA TEH": {"medie": 6.325, "reusita": 33.33333333333333, "cnt": 3}}, "nume": "LICEUL TEHNOLOGIC AUTO CRAIOVA\tDolj"}