{"specializari": {"FILOLOGIE": 32, "STIINTE SOCIALE": 34, "LICEU CU PROGRAM SPORTIV": 105, "STIINTE ALE NATURII": 15, "MATEMATICA-INFORMATICA": 3}, "limba_moderna": {"LIMBA ENGLEZA": 187, "LIMBA FRANCEZA": 2}, "limba_materna": {"LIMBA ROMANA": 189}, "promotie_anterioara": {"NU": 165, "DA": 24}, "materii": {"LIMBA ROMANA": {"medie": 5.649456521739131, "reusita": 76.19047619047619, "cnt": 189}, "MATEMATICA MATE-INFO": {"medie": 5.2, "reusita": 100.0, "cnt": 3}, "GENERAL": {"medie": 6.121666666666666, "reusita": 49.2063492063492, "cnt": 189}, "ISTORIE": {"medie": 5.8926035502958625, "reusita": 78.94736842105263, "cnt": 171}, "LOGICA, ARGUMENTARE SI COMUNICARE": {"medie": 7.386507936507938, "reusita": 82.08955223880598, "cnt": 67}, "MATEMATICA ST-NAT": {"medie": 6.630769230769231, "reusita": 73.33333333333333, "cnt": 15}, "GEOGRAFIE": {"medie": 6.434466019417473, "reusita": 90.29126213592234, "cnt": 103}, "PSIHOLOGIE": {"medie": 6.4, "reusita": 100.0, "cnt": 1}, "ANATOMIE SI FIZIOLOGIE UMANA, GENETICA SI ECOLOGIE UMANA": {"medie": 3.75, "reusita": 0.0, "cnt": 1}, "BIOLOGIE VEGETALA SI ANIMALA": {"medie": 6.083333333333332, "reusita": 70.58823529411765, "cnt": 17}}, "nume": "LICEUL CU PROGRAM SPORTIV \"IOLANDA BALAS SOTER\" MUNICIPIUL BUZAU\tBuz\u0103u"}