{"specializari": {"FILOLOGIE": 22}, "limba_moderna": {"LIMBA ENGLEZA": 22}, "limba_materna": {"LIMBA ROMANA": 22}, "promotie_anterioara": {"NU": 11, "DA": 11}, "materii": {"LIMBA ROMANA": {"medie": 5.568181818181818, "reusita": 95.45454545454545, "cnt": 22}, "GENERAL": {"medie": 6.294696969696971, "reusita": 54.54545454545454, "cnt": 22}, "ISTORIE": {"medie": 6.156818181818182, "reusita": 86.36363636363636, "cnt": 22}, "GEOGRAFIE": {"medie": 7.159090909090907, "reusita": 95.45454545454545, "cnt": 22}}, "nume": "LICEUL TEORETIC \"GEORGE POP DE BASESTI\" VISEU DE SUS\tMaramure\u0219"}