{"specializari": {"TEHNICIAN IN ACTIVITATI DE COMERT": 29, "TEHNICIAN IN GASTRONOMIE": 19, "COAFOR STILIST": 30, "TEHNICIAN IN TURISM": 34, "ORGANIZATOR BANQUETING": 3}, "limba_moderna": {"LIMBA ENGLEZA": 115}, "limba_materna": {"LIMBA ROMANA": 115}, "promotie_anterioara": {"NU": 98, "DA": 17}, "materii": {"LIMBA ROMANA": {"medie": 6.935652173913044, "reusita": 96.52173913043478, "cnt": 115}, "GENERAL": {"medie": 7.153913043478266, "reusita": 82.6086956521739, "cnt": 115}, "LOGICA, ARGUMENTARE SI COMUNICARE": {"medie": 7.615882352941179, "reusita": 88.23529411764706, "cnt": 85}, "GEOGRAFIE": {"medie": 7.4750000000000005, "reusita": 92.85714285714286, "cnt": 14}, "PSIHOLOGIE": {"medie": 7.273076923076923, "reusita": 100.0, "cnt": 13}, "MATEMATICA TEHN": {"medie": 7.020434782608695, "reusita": 93.04347826086956, "cnt": 115}, "ECONOMIE": {"medie": 5.533333333333334, "reusita": 66.66666666666666, "cnt": 3}}, "nume": "LICEUL TEHNOLOGIC DE SERVICII \"SFANTUL APOSTOL ANDREI\", MUNICIPIUL PLOIESTI\tPrahova"}