{"specializari": {"LICEU CU PROGRAM SPORTIV": 89}, "limba_moderna": {"LIMBA ENGLEZA": 89}, "limba_materna": {"LIMBA ROMANA": 89}, "promotie_anterioara": {"NU": 76, "DA": 13}, "materii": {"LIMBA ROMANA": {"medie": 6.104597701149424, "reusita": 84.26966292134831, "cnt": 89}, "GENERAL": {"medie": 6.456704980842912, "reusita": 61.79775280898876, "cnt": 89}, "ISTORIE": {"medie": 6.237931034482759, "reusita": 86.51685393258427, "cnt": 89}, "LOGICA, ARGUMENTARE SI COMUNICARE": {"medie": 7.1933333333333325, "reusita": 87.5, "cnt": 16}, "GEOGRAFIE": {"medie": 7.01056338028169, "reusita": 94.44444444444444, "cnt": 72}, "PSIHOLOGIE": {"medie": 5.75, "reusita": 100.0, "cnt": 1}}, "nume": "LICEUL CU PROGRAM SPORTIV\tBr\u0103ila"}