{"specializari": {"MATEMATICA-INFORMATICA": 47, "FILOLOGIE": 80, "STIINTE ALE NATURII": 25}, "limba_moderna": {"LIMBA ENGLEZA": 149, "LIMBA FRANCEZA": 3}, "limba_materna": {"LIMBA ROMANA": 152}, "promotie_anterioara": {"NU": 142, "DA": 10}, "materii": {"LIMBA ROMANA": {"medie": 7.070529801324504, "reusita": 95.39473684210526, "cnt": 152}, "MATEMATICA MATE-INFO": {"medie": 8.589361702127661, "reusita": 97.87234042553192, "cnt": 47}, "INFORMATICA MI C/C++": {"medie": 8.457142857142857, "reusita": 100.0, "cnt": 14}, "GENERAL": {"medie": 7.625165562913905, "reusita": 86.8421052631579, "cnt": 152}, "ISTORIE": {"medie": 7.545, "reusita": 96.25, "cnt": 80}, "LOGICA, ARGUMENTARE SI COMUNICARE": {"medie": 8.278571428571428, "reusita": 100.0, "cnt": 7}, "CHIMIE ORGANICA TEO NIVEL I/II": {"medie": 9.249999999999998, "reusita": 100.0, "cnt": 13}, "MATEMATICA ST-NAT": {"medie": 7.396, "reusita": 100.0, "cnt": 25}, "FIZICA TEO": {"medie": 8.535714285714286, "reusita": 100.0, "cnt": 14}, "GEOGRAFIE": {"medie": 8.121590909090914, "reusita": 100.0, "cnt": 44}, "PSIHOLOGIE": {"medie": 7.575, "reusita": 100.0, "cnt": 2}, "ANATOMIE SI FIZIOLOGIE UMANA, GENETICA SI ECOLOGIE UMANA": {"medie": 6.590000000000001, "reusita": 80.0, "cnt": 5}, "BIOLOGIE VEGETALA SI ANIMALA": {"medie": 6.986538461538463, "reusita": 88.46153846153845, "cnt": 26}, "SOCIOLOGIE": {"medie": 7.318749999999999, "reusita": 100.0, "cnt": 24}, "ECONOMIE": {"medie": 8.75, "reusita": 100.0, "cnt": 3}}, "nume": "LICEUL TEORETIC \"MIHAI EMINESCU\" CALARASI\tC\u0103l\u0103ra\u0219i"}