{"specializari": {"STIINTE SOCIALE": 28, "STIINTE ALE NATURII": 30, "TEHNICIAN ECOLOG SI PROTECTIA CALITATII MEDIULUI": 25, "TEHNICIAN IN AGRICULTURA": 2, "TEHNICIAN IN PRELUCRAREA LEMNULUI": 1}, "limba_moderna": {"LIMBA ENGLEZA": 86}, "limba_materna": {"LIMBA ROMANA": 86}, "promotie_anterioara": {"NU": 81, "DA": 5}, "materii": {"LIMBA ROMANA": {"medie": 6.627976190476192, "reusita": 83.72093023255815, "cnt": 86}, "GENERAL": {"medie": 6.511788617886179, "reusita": 58.139534883720934, "cnt": 86}, "ISTORIE": {"medie": 6.749999999999999, "reusita": 85.71428571428571, "cnt": 28}, "LOGICA, ARGUMENTARE SI COMUNICARE": {"medie": 7.721153846153846, "reusita": 92.3076923076923, "cnt": 26}, "GEOGRAFIE": {"medie": 7.175000000000001, "reusita": 100.0, "cnt": 2}, "MATEMATICA ST-NAT": {"medie": 6.868965517241379, "reusita": 86.66666666666667, "cnt": 30}, "ANATOMIE SI FIZIOLOGIE UMANA, GENETICA SI ECOLOGIE UMANA": {"medie": 6.034545454545453, "reusita": 70.17543859649122, "cnt": 57}, "BIOLOGIE VEGETALA SI ANIMALA": {"medie": 6.55, "reusita": 100.0, "cnt": 1}, "MATEMATICA TEHN": {"medie": 4.915384615384616, "reusita": 53.57142857142857, "cnt": 28}}, "nume": "LICEUL TEHNOLOGIC \"NICOLAE BALCESCU\" FLAMANZI\tBoto\u0219ani"}