{"specializari": {"STIINTE ALE NATURII": 63, "FILOLOGIE": 67, "MATEMATICA-INFORMATICA": 53}, "limba_moderna": {"LIMBA ENGLEZA": 182, "LIMBA FRANCEZA": 1}, "limba_materna": {"LIMBA ROMANA": 183}, "promotie_anterioara": {"NU": 176, "DA": 7}, "materii": {"LIMBA ROMANA": {"medie": 7.4516666666666636, "reusita": 97.81420765027322, "cnt": 183}, "MATEMATICA MATE-INFO": {"medie": 6.949038461538462, "reusita": 92.45283018867924, "cnt": 53}, "INFORMATICA MI C/C++": {"medie": 7.135999999999997, "reusita": 88.0, "cnt": 25}, "GENERAL": {"medie": 7.764513108614236, "reusita": 89.61748633879782, "cnt": 183}, "ISTORIE": {"medie": 8.099242424242421, "reusita": 97.01492537313433, "cnt": 67}, "LOGICA, ARGUMENTARE SI COMUNICARE": {"medie": 9.102727272727275, "reusita": 98.18181818181819, "cnt": 55}, "GEOGRAFIE": {"medie": 8.8125, "reusita": 88.88888888888889, "cnt": 9}, "FIZICA TEO": {"medie": 6.659090909090907, "reusita": 72.72727272727273, "cnt": 11}, "CHIMIE ORGANICA TEO NIVEL I/II": {"medie": 6.175, "reusita": 100.0, "cnt": 2}, "MATEMATICA ST-NAT": {"medie": 7.351639344262295, "reusita": 93.65079365079364, "cnt": 63}, "PSIHOLOGIE": {"medie": 7.625, "reusita": 100.0, "cnt": 2}, "SOCIOLOGIE": {"medie": 8.0, "reusita": 100.0, "cnt": 1}, "ANATOMIE SI FIZIOLOGIE UMANA, GENETICA SI ECOLOGIE UMANA": {"medie": 8.45234375, "reusita": 94.02985074626866, "cnt": 67}, "CHIMIE ANORGANICA TEO NIVEL I/II": {"medie": 7.6, "reusita": 100.0, "cnt": 4}, "BIOLOGIE VEGETALA SI ANIMALA": {"medie": 6.783333333333332, "reusita": 100.0, "cnt": 6}, "INFORMATICA SN C/C++": {"medie": 7.65, "reusita": 100.0, "cnt": 1}}, "nume": "LICEUL TEORETIC \"ION BARBU\" PITESTI\tArge\u0219"}