{"specializari": {"FILOLOGIE": 57, "MATEMATICA-INFORMATICA": 53, "STIINTE ALE NATURII": 32, "STIINTE SOCIALE": 62}, "limba_moderna": {"LIMBA ENGLEZA": 204}, "limba_materna": {"LIMBA ROMANA": 204}, "promotie_anterioara": {"NU": 172, "DA": 32}, "materii": {"LIMBA ROMANA": {"medie": 7.012182741116749, "reusita": 89.70588235294117, "cnt": 204}, "MATEMATICA MATE-INFO": {"medie": 6.219000000000001, "reusita": 75.47169811320755, "cnt": 53}, "INFORMATICA MI C/C++": {"medie": 6.25, "reusita": 83.33333333333334, "cnt": 6}, "GENERAL": {"medie": 7.05564102564103, "reusita": 69.11764705882352, "cnt": 204}, "ISTORIE": {"medie": 6.237068965517242, "reusita": 83.19327731092437, "cnt": 119}, "LOGICA, ARGUMENTARE SI COMUNICARE": {"medie": 8.134999999999998, "reusita": 95.65217391304348, "cnt": 92}, "GEOGRAFIE": {"medie": 7.8999999999999995, "reusita": 95.83333333333334, "cnt": 24}, "FIZICA TEO": {"medie": 9.492857142857142, "reusita": 100.0, "cnt": 7}, "CHIMIE ORGANICA TEO NIVEL I/II": {"medie": 9.7, "reusita": 100.0, "cnt": 2}, "MATEMATICA ST-NAT": {"medie": 6.798387096774193, "reusita": 81.25, "cnt": 32}, "PSIHOLOGIE": {"medie": 8.416666666666666, "reusita": 100.0, "cnt": 3}, "ANATOMIE SI FIZIOLOGIE UMANA, GENETICA SI ECOLOGIE UMANA": {"medie": 7.149253731343284, "reusita": 88.57142857142857, "cnt": 70}}, "nume": "LICEUL TEORETIC \"ALEXANDRU IOAN CUZA\" CORABIA\tOlt"}