{"specializari": {"ARTE PLASTICE SI DECORATIVE": 34, "ARHITECTURA, ARTE AMBIENTALE SI DESIGN": 33, "MUZICA": 29, "ARTA ACTORULUI": 30}, "limba_moderna": {"LIMBA ENGLEZA": 87, "LIMBA ITALIANA": 39}, "limba_materna": {"LIMBA ROMANA": 126}, "promotie_anterioara": {"NU": 118, "DA": 8}, "materii": {"LIMBA ROMANA": {"medie": 7.271428571428574, "reusita": 95.23809523809523, "cnt": 126}, "GENERAL": {"medie": 7.166666666666664, "reusita": 74.60317460317461, "cnt": 126}, "ISTORIE": {"medie": 6.370634920634918, "reusita": 82.53968253968253, "cnt": 126}, "LOGICA, ARGUMENTARE SI COMUNICARE": {"medie": 7.888207547169811, "reusita": 94.33962264150944, "cnt": 106}, "GEOGRAFIE": {"medie": 7.856250000000001, "reusita": 93.75, "cnt": 16}, "PSIHOLOGIE": {"medie": 7.1000000000000005, "reusita": 75.0, "cnt": 4}}, "nume": "LICEUL DE ARTE \"DINU LIPATTI\" PITESTI\tArge\u0219"}