{"specializari": {"MATEMATICA-INFORMATICA": 53, "STIINTE ALE NATURII": 32, "FILOLOGIE": 57, "STIINTE SOCIALE": 62}, "limba_moderna": {"LIMBA ENGLEZA": 204}, "limba_materna": {"LIMBA ROMANA": 204}, "promotie_anterioara": {"NU": 172, "DA": 32}, "materii": {"LIMBA ROMANA": {"medie": 6.976903553299488, "reusita": 90.19607843137256, "cnt": 204}, "MATEMATICA MATE-INFO": {"medie": 6.175, "reusita": 75.47169811320755, "cnt": 53}, "INFORMATICA MI C/C++": {"medie": 6.25, "reusita": 83.33333333333334, "cnt": 6}, "GENERAL": {"medie": 7.022051282051284, "reusita": 65.68627450980392, "cnt": 204}, "ISTORIE": {"medie": 6.224137931034484, "reusita": 81.5126050420168, "cnt": 119}, "LOGICA, ARGUMENTARE SI COMUNICARE": {"medie": 8.078888888888887, "reusita": 94.56521739130434, "cnt": 92}, "CHIMIE ORGANICA TEO NIVEL I/II": {"medie": 9.7, "reusita": 100.0, "cnt": 2}, "MATEMATICA ST-NAT": {"medie": 6.801612903225806, "reusita": 75.0, "cnt": 32}, "FIZICA TEO": {"medie": 9.492857142857142, "reusita": 100.0, "cnt": 7}, "GEOGRAFIE": {"medie": 7.878260869565218, "reusita": 91.66666666666666, "cnt": 24}, "PSIHOLOGIE": {"medie": 8.416666666666666, "reusita": 100.0, "cnt": 3}, "ANATOMIE SI FIZIOLOGIE UMANA, GENETICA SI ECOLOGIE UMANA": {"medie": 7.096268656716418, "reusita": 88.57142857142857, "cnt": 70}}, "nume": "LICEUL TEORETIC \"ALEXANDRU IOAN CUZA\" CORABIA\tOlt"}