{"specializari": {"ARTE PLASTICE SI DECORATIVE": 21, "MUZICA": 15}, "limba_moderna": {"LIMBA ENGLEZA": 36}, "limba_materna": {"LIMBA ROMANA": 36}, "promotie_anterioara": {"NU": 33, "DA": 3}, "materii": {"LIMBA ROMANA": {"medie": 6.661428571428573, "reusita": 94.44444444444444, "cnt": 36}, "GENERAL": {"medie": 6.9728571428571415, "reusita": 69.44444444444444, "cnt": 36}, "ISTORIE": {"medie": 6.858571428571429, "reusita": 91.66666666666666, "cnt": 36}, "LOGICA, ARGUMENTARE SI COMUNICARE": {"medie": 8.026923076923078, "reusita": 100.0, "cnt": 13}, "GEOGRAFIE": {"medie": 7.052380952380952, "reusita": 90.9090909090909, "cnt": 22}, "PSIHOLOGIE": {"medie": 6.5, "reusita": 100.0, "cnt": 1}}, "nume": "LICEUL DE ARTE \"I.ST.PAULIAN\"\tMehedin\u021bi"}