{"specializari": {"COREGRAFIE": 30, "ARTA ACTORULUI": 24}, "limba_moderna": {"LIMBA ENGLEZA": 54}, "limba_materna": {"LIMBA ROMANA": 54}, "promotie_anterioara": {"NU": 52, "DA": 2}, "materii": {"LIMBA ROMANA": {"medie": 6.734259259259257, "reusita": 92.5925925925926, "cnt": 54}, "GENERAL": {"medie": 7.142283950617285, "reusita": 77.77777777777779, "cnt": 54}, "ISTORIE": {"medie": 6.850925925925929, "reusita": 92.5925925925926, "cnt": 54}, "LOGICA, ARGUMENTARE SI COMUNICARE": {"medie": 7.779545454545453, "reusita": 95.45454545454545, "cnt": 22}, "GEOGRAFIE": {"medie": 7.809999999999999, "reusita": 100.0, "cnt": 30}, "PSIHOLOGIE": {"medie": 9.0, "reusita": 100.0, "cnt": 2}}, "nume": "LICEUL DE COREGRAFIE SI ARTA DRAMATICA \"OCTAVIAN STROIA\" CLUJ-NAPOCA\tCluj"}