{"specializari": {"TEHNICIAN IN ACTIVITATI ECONOMICE": 29}, "limba_moderna": {"LIMBA ENGLEZA": 28, "LIMBA FRANCEZA": 1}, "limba_materna": {"LIMBA ROMANA": 29}, "promotie_anterioara": {"NU": 24, "DA": 5}, "materii": {"LIMBA ROMANA": {"medie": 5.941379310344827, "reusita": 89.65517241379311, "cnt": 29}, "GENERAL": {"medie": 6.474404761904765, "reusita": 65.51724137931035, "cnt": 29}, "GEOGRAFIE": {"medie": 6.870689655172413, "reusita": 96.55172413793103, "cnt": 29}, "MATEMATICA TEHN": {"medie": 6.544642857142856, "reusita": 75.86206896551724, "cnt": 29}}, "nume": "LICEUL \"SEXTIL PUSCARIU\" BRAN\tBra\u0219ov"}