{"specializari": {"FILOLOGIE": 37, "MATEMATICA-INFORMATICA": 19}, "limba_moderna": {"LIMBA ENGLEZA": 54, "LIMBA FRANCEZA": 2}, "limba_materna": {"LIMBA ROMANA": 56}, "promotie_anterioara": {"NU": 47, "DA": 9}, "materii": {"LIMBA ROMANA": {"medie": 7.368181818181822, "reusita": 94.64285714285714, "cnt": 56}, "MATEMATICA MATE-INFO": {"medie": 5.733333333333333, "reusita": 63.1578947368421, "cnt": 19}, "GENERAL": {"medie": 7.092592592592592, "reusita": 78.57142857142857, "cnt": 56}, "ISTORIE": {"medie": 7.019444444444446, "reusita": 94.5945945945946, "cnt": 37}, "LOGICA, ARGUMENTARE SI COMUNICARE": {"medie": 8.649999999999999, "reusita": 100.0, "cnt": 8}, "GEOGRAFIE": {"medie": 7.144230769230769, "reusita": 92.5925925925926, "cnt": 27}, "ANATOMIE SI FIZIOLOGIE UMANA, GENETICA SI ECOLOGIE UMANA": {"medie": 6.987500000000001, "reusita": 75.0, "cnt": 4}, "BIOLOGIE VEGETALA SI ANIMALA": {"medie": 6.85, "reusita": 73.33333333333333, "cnt": 15}, "FILOSOFIE": {"medie": 7.225, "reusita": 100.0, "cnt": 2}}, "nume": "LICEUL TEORETIC BUZIAS\tTimi\u0219"}