{"specializari": {"LICEU CU PROGRAM SPORTIV": 61}, "limba_moderna": {"LIMBA ENGLEZA": 61}, "limba_materna": {"LIMBA ROMANA": 61}, "promotie_anterioara": {"NU": 57, "DA": 4}, "materii": {"LIMBA ROMANA": {"medie": 5.592500000000002, "reusita": 75.40983606557377, "cnt": 61}, "GENERAL": {"medie": 5.988418079096046, "reusita": 50.81967213114754, "cnt": 61}, "ISTORIE": {"medie": 5.779166666666669, "reusita": 86.88524590163934, "cnt": 61}, "LOGICA, ARGUMENTARE SI COMUNICARE": {"medie": 6.531914893617023, "reusita": 70.83333333333334, "cnt": 48}, "GEOGRAFIE": {"medie": 6.75, "reusita": 84.61538461538461, "cnt": 13}}, "nume": "LICEUL CU PROGRAM SPORTIV, MUN. VASLUI\tVaslui"}