{"specializari": {"FILOLOGIE": 30, "STIINTE ALE NATURII": 29, "MATEMATICA-INFORMATICA": 29, "STIINTE SOCIALE": 31}, "limba_moderna": {"LIMBA ENGLEZA": 119}, "limba_materna": {"LIMBA ROMANA": 119}, "promotie_anterioara": {"NU": 109, "DA": 10}, "materii": {"LIMBA ROMANA": {"medie": 7.236440677966104, "reusita": 99.15966386554622, "cnt": 119}, "MATEMATICA MATE-INFO": {"medie": 4.289655172413793, "reusita": 41.37931034482759, "cnt": 29}, "GENERAL": {"medie": 7.255508474576271, "reusita": 74.78991596638656, "cnt": 119}, "ISTORIE": {"medie": 7.179508196721315, "reusita": 96.72131147540983, "cnt": 61}, "LOGICA, ARGUMENTARE SI COMUNICARE": {"medie": 8.21826923076923, "reusita": 96.22641509433963, "cnt": 53}, "CHIMIE ORGANICA TEO NIVEL I/II": {"medie": 9.6, "reusita": 100.0, "cnt": 2}, "MATEMATICA ST-NAT": {"medie": 8.693103448275865, "reusita": 100.0, "cnt": 29}, "FIZICA TEO": {"medie": 8.379999999999999, "reusita": 100.0, "cnt": 5}, "GEOGRAFIE": {"medie": 8.2375, "reusita": 100.0, "cnt": 8}, "ANATOMIE SI FIZIOLOGIE UMANA, GENETICA SI ECOLOGIE UMANA": {"medie": 6.978571428571428, "reusita": 85.71428571428571, "cnt": 7}, "CHIMIE ANORGANICA TEO NIVEL I/II": {"medie": 8.009090909090908, "reusita": 95.45454545454545, "cnt": 22}, "BIOLOGIE VEGETALA SI ANIMALA": {"medie": 5.724999999999998, "reusita": 81.81818181818183, "cnt": 22}}, "nume": "LICEUL TEORETIC \"GHEORGHE MUNTEANU MURGOCI\" MACIN\tTulcea"}