{"specializari": {"FILOLOGIE": 39, "STIINTE ALE NATURII": 24, "MATEMATICA-INFORMATICA": 11}, "limba_moderna": {"LIMBA ENGLEZA": 65, "LIMBA FRANCEZA": 9}, "limba_materna": {"LIMBA ROMANA": 74}, "promotie_anterioara": {"NU": 45, "DA": 29}, "materii": {"LIMBA ROMANA": {"medie": 4.756060606060605, "reusita": 48.64864864864865, "cnt": 74}, "MATEMATICA MATE-INFO": {"medie": 2.772727272727273, "reusita": 36.36363636363637, "cnt": 11}, "GENERAL": {"medie": 5.121666666666667, "reusita": 28.37837837837838, "cnt": 74}, "ISTORIE": {"medie": 5.894117647058823, "reusita": 66.66666666666666, "cnt": 39}, "MATEMATICA ST-NAT": {"medie": 3.7794117647058822, "reusita": 33.33333333333333, "cnt": 24}, "GEOGRAFIE": {"medie": 6.9557142857142855, "reusita": 78.94736842105263, "cnt": 38}, "ANATOMIE SI FIZIOLOGIE UMANA, GENETICA SI ECOLOGIE UMANA": {"medie": 3.971428571428571, "reusita": 31.428571428571427, "cnt": 35}, "SOCIOLOGIE": {"medie": 6.9, "reusita": 100.0, "cnt": 1}}, "nume": "LICEUL TEORETIC CUJMIR\tMehedin\u021bi"}