{"specializari": {"TEOLOGIE ADVENTISTA": 63, "MATEMATICA-INFORMATICA": 33}, "limba_moderna": {"LIMBA ENGLEZA": 96}, "limba_materna": {"LIMBA ROMANA": 96}, "promotie_anterioara": {"NU": 93, "DA": 3}, "materii": {"LIMBA ROMANA": {"medie": 7.334374999999998, "reusita": 94.79166666666666, "cnt": 96}, "MATEMATICA MATE-INFO": {"medie": 7.915151515151515, "reusita": 100.0, "cnt": 33}, "INFORMATICA MI C/C++": {"medie": 7.909999999999999, "reusita": 100.0, "cnt": 10}, "GENERAL": {"medie": 7.811805555555552, "reusita": 91.66666666666666, "cnt": 96}, "ISTORIE": {"medie": 7.1690476190476184, "reusita": 95.23809523809523, "cnt": 63}, "LOGICA, ARGUMENTARE SI COMUNICARE": {"medie": 9.146078431372551, "reusita": 98.0392156862745, "cnt": 51}, "CHIMIE ORGANICA TEO NIVEL I/II": {"medie": 9.0, "reusita": 100.0, "cnt": 1}, "FIZICA TEO": {"medie": 7.771428571428572, "reusita": 100.0, "cnt": 7}, "GEOGRAFIE": {"medie": 8.208333333333334, "reusita": 100.0, "cnt": 12}, "ANATOMIE SI FIZIOLOGIE UMANA, GENETICA SI ECOLOGIE UMANA": {"medie": 8.360000000000001, "reusita": 100.0, "cnt": 15}}, "nume": "LICEUL TEOLOGIC ADVENTIST \"STEFAN DEMETRESCU\"\tBucure\u0219ti"}