{"specializari": {"STIINTE SOCIALE": 31, "FILOLOGIE": 65, "STIINTE ALE NATURII": 60, "MATEMATICA-INFORMATICA": 22}, "limba_moderna": {"LIMBA ENGLEZA": 176, "LIMBA FRANCEZA": 2}, "limba_materna": {"LIMBA ROMANA": 178}, "promotie_anterioara": {"NU": 157, "DA": 21}, "materii": {"LIMBA ROMANA": {"medie": 6.647457627118641, "reusita": 95.50561797752809, "cnt": 178}, "MATEMATICA MATE-INFO": {"medie": 6.570454545454546, "reusita": 95.45454545454545, "cnt": 22}, "INFORMATICA MI C/C++": {"medie": 7.000000000000001, "reusita": 100.0, "cnt": 6}, "GENERAL": {"medie": 7.013999999999995, "reusita": 80.33707865168539, "cnt": 178}, "ISTORIE": {"medie": 7.3705263157894745, "reusita": 92.70833333333334, "cnt": 96}, "LOGICA, ARGUMENTARE SI COMUNICARE": {"medie": 7.721428571428571, "reusita": 100.0, "cnt": 7}, "GEOGRAFIE": {"medie": 8.07735849056604, "reusita": 98.11320754716981, "cnt": 53}, "FIZICA TEO": {"medie": 6.55, "reusita": 100.0, "cnt": 1}, "CHIMIE ORGANICA TEO NIVEL I/II": {"medie": 7.383333333333333, "reusita": 100.0, "cnt": 3}, "MATEMATICA ST-NAT": {"medie": 6.4158333333333335, "reusita": 88.33333333333333, "cnt": 60}, "PSIHOLOGIE": {"medie": 8.700000000000001, "reusita": 100.0, "cnt": 3}, "SOCIOLOGIE": {"medie": 6.851612903225805, "reusita": 81.25, "cnt": 32}, "ANATOMIE SI FIZIOLOGIE UMANA, GENETICA SI ECOLOGIE UMANA": {"medie": 7.118115942028987, "reusita": 92.95774647887323, "cnt": 71}, "INFORMATICA SN C/C++": {"medie": 3.15, "reusita": 0.0, "cnt": 1}, "FILOSOFIE": {"medie": 8.2, "reusita": 100.0, "cnt": 1}}, "nume": "LICEUL TEORETIC \"LUCIAN BLAGA\"\tBucure\u0219ti"}