{"specializari": {"TEHNICIAN IN ACTIVITATI ECONOMICE": 24}, "limba_moderna": {"LIMBA ENGLEZA": 24}, "limba_materna": {"LIMBA ROMANA": 24}, "promotie_anterioara": {"NU": 19, "DA": 5}, "materii": {"LIMBA ROMANA": {"medie": 5.937500000000001, "reusita": 83.33333333333334, "cnt": 24}, "GENERAL": {"medie": 6.718055555555554, "reusita": 70.83333333333334, "cnt": 24}, "LOGICA, ARGUMENTARE SI COMUNICARE": {"medie": 7.566666666666667, "reusita": 100.0, "cnt": 3}, "GEOGRAFIE": {"medie": 7.588095238095238, "reusita": 100.0, "cnt": 21}, "MATEMATICA TEHN": {"medie": 6.6312500000000005, "reusita": 91.66666666666666, "cnt": 24}}, "nume": "LICEUL TEHNOLOGIC \"IOAN LUPAS\" SALISTE\tSibiu"}