{"specializari": {"FILOLOGIE": 29, "TEHNICIAN OPERATOR TEHNICA DE CALCUL": 3, "TEHNICIAN MECANIC PENTRU INTRETINERE SI REPARATII": 14, "MATEMATICA-INFORMATICA": 3, "TEHNICIAN IN INSTALATII ELECTRICE": 2}, "limba_moderna": {"LIMBA ENGLEZA": 51}, "limba_materna": {"LIMBA ROMANA": 51}, "promotie_anterioara": {"NU": 36, "DA": 15}, "materii": {"LIMBA ROMANA": {"medie": 4.438541666666666, "reusita": 45.09803921568628, "cnt": 51}, "MATEMATICA MATE-INFO": {"medie": 2.1333333333333333, "reusita": 0.0, "cnt": 3}, "GENERAL": {"medie": 5.332945736434109, "reusita": 25.49019607843137, "cnt": 51}, "ISTORIE": {"medie": 6.199999999999999, "reusita": 89.65517241379311, "cnt": 29}, "GEOGRAFIE": {"medie": 6.729310344827587, "reusita": 82.75862068965517, "cnt": 29}, "ANATOMIE SI FIZIOLOGIE UMANA, GENETICA SI ECOLOGIE UMANA": {"medie": 4.616666666666666, "reusita": 66.66666666666666, "cnt": 3}, "BIOLOGIE VEGETALA SI ANIMALA": {"medie": 4.113636363636363, "reusita": 26.31578947368421, "cnt": 19}, "MATEMATICA TEHN": {"medie": 4.861538461538462, "reusita": 47.368421052631575, "cnt": 19}}, "nume": "LICEUL TEHNOLOGIC TICLENI\tGorj"}