{"specializari": {"FILOLOGIE": 45, "MATEMATICA-INFORMATICA": 19, "TEHNICIAN ELECTROMECANIC": 1}, "limba_moderna": {"LIMBA ENGLEZA": 52, "LIMBA FRANCEZA": 13}, "limba_materna": {"LIMBA ROMANA": 65}, "promotie_anterioara": {"NU": 58, "DA": 7}, "materii": {"LIMBA ROMANA": {"medie": 6.4039062499999995, "reusita": 84.61538461538461, "cnt": 65}, "MATEMATICA MATE-INFO": {"medie": 6.242105263157893, "reusita": 73.68421052631578, "cnt": 19}, "GENERAL": {"medie": 6.630729166666665, "reusita": 64.61538461538461, "cnt": 65}, "ISTORIE": {"medie": 6.844444444444446, "reusita": 84.44444444444444, "cnt": 45}, "LOGICA, ARGUMENTARE SI COMUNICARE": {"medie": 6.76304347826087, "reusita": 82.6086956521739, "cnt": 23}, "GEOGRAFIE": {"medie": 7.088636363636363, "reusita": 81.81818181818183, "cnt": 22}, "ANATOMIE SI FIZIOLOGIE UMANA, GENETICA SI ECOLOGIE UMANA": {"medie": 6.586842105263158, "reusita": 70.0, "cnt": 20}, "MATEMATICA TEHN": {"medie": "-", "reusita": 0.0, "cnt": 1}}, "nume": "LICEUL TEORETIC \"IOAN BUTEANU\" SOMCUTA MARE\tMaramure\u0219"}