{"specializari": {"MATEMATICA-INFORMATICA": 31, "FILOLOGIE": 31, "STIINTE SOCIALE": 63, "STIINTE ALE NATURII": 104, "TEHNICIAN IN ACTIVITATI ECONOMICE": 30, "TEHNICIAN IN TURISM": 29}, "limba_moderna": {"LIMBA ENGLEZA": 280, "LIMBA FRANCEZA": 8}, "limba_materna": {"LIMBA ROMANA": 288}, "promotie_anterioara": {"NU": 273, "DA": 15}, "materii": {"LIMBA ROMANA": {"medie": 6.834912280701751, "reusita": 93.75, "cnt": 288}, "MATEMATICA MATE-INFO": {"medie": 5.961666666666668, "reusita": 80.64516129032258, "cnt": 31}, "INFORMATICA MI C/C++": {"medie": 6.8625, "reusita": 83.33333333333334, "cnt": 12}, "GENERAL": {"medie": 6.921522781774579, "reusita": 72.22222222222221, "cnt": 288}, "ISTORIE": {"medie": 7.787096774193544, "reusita": 98.93617021276596, "cnt": 94}, "LOGICA, ARGUMENTARE SI COMUNICARE": {"medie": 8.656132075471696, "reusita": 95.41284403669725, "cnt": 109}, "GEOGRAFIE": {"medie": 7.541666666666668, "reusita": 95.34883720930233, "cnt": 43}, "FIZICA TEO": {"medie": 6.4399999999999995, "reusita": 80.0, "cnt": 5}, "CHIMIE ORGANICA TEO NIVEL I/II": {"medie": 9.6, "reusita": 100.0, "cnt": 1}, "MATEMATICA ST-NAT": {"medie": 5.745588235294116, "reusita": 72.11538461538461, "cnt": 104}, "SOCIOLOGIE": {"medie": 9.4, "reusita": 100.0, "cnt": 1}, "ANATOMIE SI FIZIOLOGIE UMANA, GENETICA SI ECOLOGIE UMANA": {"medie": 5.959134615384614, "reusita": 76.14678899082568, "cnt": 109}, "BIOLOGIE VEGETALA SI ANIMALA": {"medie": 4.933333333333333, "reusita": 66.66666666666666, "cnt": 3}, "INFORMATICA SN C/C++": {"medie": 6.090000000000001, "reusita": 80.0, "cnt": 5}, "MATEMATICA TEHN": {"medie": 6.331250000000002, "reusita": 84.7457627118644, "cnt": 59}}, "nume": "LICEUL TEORETIC \"MIHAI EMINESCU\", MUN. BARLAD\tVaslui"}