{"specializari": {"MATEMATICA-INFORMATICA": 21, "TEHNICIAN IN ACTIVITATI ECONOMICE": 22, "STIINTE SOCIALE": 31, "FILOLOGIE": 37, "STIINTE ALE NATURII": 4}, "limba_moderna": {"LIMBA ENGLEZA": 106, "LIMBA FRANCEZA": 9}, "limba_materna": {"LIMBA ROMANA": 115}, "promotie_anterioara": {"NU": 102, "DA": 13}, "materii": {"LIMBA ROMANA": {"medie": 6.723478260869563, "reusita": 95.65217391304348, "cnt": 115}, "MATEMATICA MATE-INFO": {"medie": 7.50952380952381, "reusita": 90.47619047619048, "cnt": 21}, "INFORMATICA MI C/C++": {"medie": 6.3999999999999995, "reusita": 66.66666666666666, "cnt": 3}, "GENERAL": {"medie": 6.964927536231881, "reusita": 71.30434782608695, "cnt": 115}, "ISTORIE": {"medie": 6.797058823529411, "reusita": 89.70588235294117, "cnt": 68}, "LOGICA, ARGUMENTARE SI COMUNICARE": {"medie": 8.019999999999998, "reusita": 96.0, "cnt": 50}, "CHIMIE ORGANICA TEO NIVEL I/II": {"medie": 9.833333333333334, "reusita": 100.0, "cnt": 3}, "MATEMATICA ST-NAT": {"medie": 4.925, "reusita": 75.0, "cnt": 4}, "FIZICA TEO": {"medie": 8.65, "reusita": 100.0, "cnt": 5}, "GEOGRAFIE": {"medie": 6.657500000000001, "reusita": 90.0, "cnt": 40}, "ANATOMIE SI FIZIOLOGIE UMANA, GENETICA SI ECOLOGIE UMANA": {"medie": 7.18076923076923, "reusita": 84.61538461538461, "cnt": 13}, "BIOLOGIE VEGETALA SI ANIMALA": {"medie": 8.75, "reusita": 100.0, "cnt": 1}, "MATEMATICA TEHN": {"medie": 5.8522727272727275, "reusita": 68.18181818181817, "cnt": 22}}, "nume": "LICEUL TEORETIC \"IOAN SLAVICI\" PANCIU\tVrancea"}