{"specializari": {"TEHNICIAN IN TURISM": 39, "TEHNICIAN DESENATOR PENTRU CONSTRUCTII SI INSTALATII": 3}, "limba_moderna": {"LIMBA ENGLEZA": 42}, "limba_materna": {"LIMBA ROMANA": 42}, "promotie_anterioara": {"NU": 31, "DA": 11}, "materii": {"LIMBA ROMANA": {"medie": 5.019230769230772, "reusita": 54.761904761904766, "cnt": 42}, "GENERAL": {"medie": 5.157843137254904, "reusita": 23.809523809523807, "cnt": 42}, "GEOGRAFIE": {"medie": 6.328378378378377, "reusita": 74.35897435897436, "cnt": 39}, "BIOLOGIE VEGETALA SI ANIMALA": {"medie": 6.6, "reusita": 66.66666666666666, "cnt": 3}, "MATEMATICA TEHN": {"medie": 3.8400000000000003, "reusita": 38.095238095238095, "cnt": 42}}, "nume": "LICEUL TEHNOLOGIC \"SAVA BRANCOVICI\" INEU\tArad"}