{"specializari": {"FILOLOGIE": 34, "MATEMATICA-INFORMATICA": 21, "TEHNICIAN MECANIC PENTRU INTRETINERE SI REPARATII": 14}, "limba_moderna": {"LIMBA ENGLEZA": 68, "LIMBA FRANCEZA": 1}, "limba_materna": {"LIMBA ROMANA": 69}, "promotie_anterioara": {"NU": 62, "DA": 7}, "materii": {"LIMBA ROMANA": {"medie": 6.296212121212122, "reusita": 82.6086956521739, "cnt": 69}, "MATEMATICA MATE-INFO": {"medie": 5.702380952380953, "reusita": 80.95238095238095, "cnt": 21}, "GENERAL": {"medie": 6.621538461538464, "reusita": 68.11594202898551, "cnt": 69}, "ISTORIE": {"medie": 7.328787878787879, "reusita": 97.05882352941177, "cnt": 34}, "LOGICA, ARGUMENTARE SI COMUNICARE": {"medie": 8.809615384615386, "reusita": 100.0, "cnt": 26}, "GEOGRAFIE": {"medie": 8.292857142857143, "reusita": 87.5, "cnt": 8}, "ANATOMIE SI FIZIOLOGIE UMANA, GENETICA SI ECOLOGIE UMANA": {"medie": 7.671428571428573, "reusita": 100.0, "cnt": 21}, "BIOLOGIE VEGETALA SI ANIMALA": {"medie": 3.3250000000000006, "reusita": 14.285714285714285, "cnt": 14}, "MATEMATICA TEHN": {"medie": 2.9181818181818175, "reusita": 14.285714285714285, "cnt": 14}}, "nume": "LICEUL TEHNOLOGIC \"MIHAI EMINESCU\" DUMBRAVENI\tSuceava"}