{"specializari": {"STIINTE SOCIALE": 30, "FILOLOGIE": 33, "STIINTE ALE NATURII": 27, "LICEU CU PROGRAM SPORTIV": 25, "TEHNICIAN ECOLOG SI PROTECTIA CALITATII MEDIULUI": 22, "MATEMATICA-INFORMATICA": 18, "TEHNICIAN ELECTROMECANIC": 1, "TEHNICIAN MECATRONIST": 5}, "limba_moderna": {"LIMBA ENGLEZA": 148, "LIMBA FRANCEZA": 13}, "limba_materna": {"LIMBA ROMANA": 161}, "promotie_anterioara": {"NU": 117, "DA": 44}, "materii": {"LIMBA ROMANA": {"medie": 5.755345911949688, "reusita": 75.15527950310559, "cnt": 161}, "MATEMATICA MATE-INFO": {"medie": 5.355882352941177, "reusita": 66.66666666666666, "cnt": 18}, "INFORMATICA MI C/C++": {"medie": 5.525, "reusita": 75.0, "cnt": 4}, "GENERAL": {"medie": 6.069607843137254, "reusita": 42.2360248447205, "cnt": 161}, "ISTORIE": {"medie": 6.245348837209301, "reusita": 73.86363636363636, "cnt": 88}, "LOGICA, ARGUMENTARE SI COMUNICARE": {"medie": 7.75, "reusita": 100.0, "cnt": 2}, "MATEMATICA ST-NAT": {"medie": 4.225999999999999, "reusita": 40.74074074074074, "cnt": 27}, "GEOGRAFIE": {"medie": 7.390123456790122, "reusita": 91.56626506024097, "cnt": 83}, "PSIHOLOGIE": {"medie": 7.016666666666667, "reusita": 100.0, "cnt": 3}, "ANATOMIE SI FIZIOLOGIE UMANA, GENETICA SI ECOLOGIE UMANA": {"medie": 5.765833333333331, "reusita": 69.35483870967742, "cnt": 62}, "BIOLOGIE VEGETALA SI ANIMALA": {"medie": 4.6, "reusita": 42.857142857142854, "cnt": 7}, "MATEMATICA TEHN": {"medie": 5.43148148148148, "reusita": 71.42857142857143, "cnt": 28}}, "nume": "LICEUL \"VOIEVODUL MIRCEA\" TARGOVISTE\tD\u00e2mbovi\u021ba"}