{"specializari": {"ARHITECTURA, ARTE AMBIENTALE SI DESIGN": 31, "ARTE PLASTICE SI DECORATIVE": 29, "MUZICA": 34}, "limba_moderna": {"LIMBA ENGLEZA": 94}, "limba_materna": {"LIMBA ROMANA": 94}, "promotie_anterioara": {"NU": 85, "DA": 9}, "materii": {"LIMBA ROMANA": {"medie": 7.058695652173914, "reusita": 92.5531914893617, "cnt": 94}, "GENERAL": {"medie": 7.1731884057971005, "reusita": 78.72340425531915, "cnt": 94}, "ISTORIE": {"medie": 6.796236559139787, "reusita": 92.5531914893617, "cnt": 94}, "LOGICA, ARGUMENTARE SI COMUNICARE": {"medie": 7.199999999999999, "reusita": 100.0, "cnt": 2}, "GEOGRAFIE": {"medie": 7.727215189873417, "reusita": 98.73417721518987, "cnt": 79}, "PSIHOLOGIE": {"medie": 6.74090909090909, "reusita": 90.9090909090909, "cnt": 11}, "FILOSOFIE": {"medie": 7.15, "reusita": 100.0, "cnt": 2}}, "nume": "LICEUL DE ARTE \"SIGISMUND TODUTA\" DEVA\tHunedoara"}