{"specializari": {"TEHNICIAN MECATRONIST": 33}, "limba_moderna": {"LIMBA ENGLEZA": 33}, "limba_materna": {"LIMBA ROMANA": 33}, "promotie_anterioara": {"NU": 25, "DA": 8}, "materii": {"LIMBA ROMANA": {"medie": 5.916666666666667, "reusita": 84.84848484848484, "cnt": 33}, "GENERAL": {"medie": 6.048958333333331, "reusita": 60.60606060606061, "cnt": 33}, "BIOLOGIE VEGETALA SI ANIMALA": {"medie": 5.898484848484849, "reusita": 69.6969696969697, "cnt": 33}, "MATEMATICA TEHN": {"medie": 6.289062499999999, "reusita": 87.87878787878788, "cnt": 33}}, "nume": "SCOALA PROFESIONALA GERMANA \"KRONSTADT\" BRASOV\tBra\u0219ov"}