{"specializari": {"FILOLOGIE": 33, "TEOLOGIE ORTODOXA": 15}, "limba_moderna": {"LIMBA ENGLEZA": 48}, "limba_materna": {"LIMBA ROMANA": 48}, "promotie_anterioara": {"NU": 45, "DA": 3}, "materii": {"LIMBA ROMANA": {"medie": 6.498936170212766, "reusita": 87.5, "cnt": 48}, "GENERAL": {"medie": 6.410638297872341, "reusita": 58.333333333333336, "cnt": 48}, "ISTORIE": {"medie": 5.876595744680853, "reusita": 77.08333333333334, "cnt": 48}, "LOGICA, ARGUMENTARE SI COMUNICARE": {"medie": 5.554999999999999, "reusita": 60.0, "cnt": 10}, "GEOGRAFIE": {"medie": 7.852631578947368, "reusita": 100.0, "cnt": 19}, "SOCIOLOGIE": {"medie": 6.528571428571428, "reusita": 66.66666666666666, "cnt": 15}, "FILOSOFIE": {"medie": 6.525, "reusita": 75.0, "cnt": 4}}, "nume": "SEMINARUL TEOLOGIC LICEAL ORTODOX \"SF.IOAN IACOB\" DOROHOI\tBoto\u0219ani"}